# Blender 4.5.0
# www.blender.org
o Boss_foot_-1
v -0.426877 0.372013 0.013831
v -0.376728 0.356882 -0.058039
v -0.412178 0.335147 -0.110360
v -0.385746 0.318050 -0.136187
v -0.382222 0.300852 -0.156298
v -0.383877 0.272300 -0.178881
v -0.379953 0.242779 -0.190869
v -0.382656 0.212372 -0.193259
v -0.351835 0.174390 -0.180037
v -0.387181 0.115837 -0.127855
v -0.356704 0.335400 -0.107152
v -0.347371 0.196566 -0.188197
v -0.353228 0.153649 -0.167022
v -0.356861 0.134604 -0.149393
v -0.391085 0.094806 -0.090176
v -0.399155 0.083274 -0.060293
v -0.403174 0.073595 -0.024458
v -0.372848 0.349332 -0.078973
v -0.330811 0.311565 -0.138878
v -0.322238 0.285291 -0.163519
v -0.316878 0.257719 -0.178926
v -0.314410 0.228903 -0.186020
v -0.297359 0.197795 -0.180052
v -0.319717 0.125136 -0.132494
v -0.350246 0.104084 -0.105094
v -0.293071 0.170308 -0.167794
v -0.295298 0.146886 -0.150688
v -0.369291 0.366028 -0.023175
v -0.308662 0.344336 -0.076886
v -0.299469 0.325401 -0.111969
v -0.258945 0.271748 -0.156935
v -0.250842 0.242779 -0.167065
v -0.249268 0.220000 -0.169461
v -0.250842 0.197221 -0.167065
v -0.250367 0.152414 -0.142039
v -0.297243 0.105362 -0.094306
v -0.415144 0.065659 0.036946
v -0.260201 0.298794 -0.134486
v -0.203250 0.213182 -0.150144
v -0.229865 0.167578 -0.145327
v -0.266662 0.127338 -0.119771
v -0.321821 0.086709 -0.057607
v -0.352722 0.073931 -0.018747
v -0.312821 0.363119 -0.014936
v -0.316494 0.356732 -0.043558
v -0.258528 0.334941 -0.076765
v -0.238158 0.318050 -0.098165
v -0.201986 0.272301 -0.132022
v -0.197115 0.244031 -0.144070
v -0.215867 0.139339 -0.111764
v -0.255430 0.345468 -0.047709
v -0.210053 0.302081 -0.106645
v -0.163311 0.227620 -0.127998
v -0.182890 0.192810 -0.135446
v -0.149622 0.169517 -0.098622
v -0.188366 0.167852 -0.124682
v -0.233391 0.113901 -0.081481
v -0.376476 0.067974 0.012664
v -0.367166 0.371982 0.015395
v -0.204633 0.323790 -0.065771
v -0.163256 0.286902 -0.093118
v -0.145635 0.258299 -0.104573
v -0.136028 0.211913 -0.108003
v -0.174252 0.140723 -0.085698
v -0.255009 0.096015 -0.051887
v -0.298749 0.079471 -0.018953
v -0.166300 0.306140 -0.067074
v -0.119543 0.235839 -0.091341
v -0.106524 0.211832 -0.079925
v -0.118646 0.165973 -0.065054
v -0.170206 0.124688 -0.053258
v -0.327874 0.071787 0.006961
v -0.323723 0.368259 0.009782
v -0.213582 0.344267 -0.011925
v -0.177141 0.324905 -0.036175
v -0.125286 0.285854 -0.057471
v -0.108774 0.258983 -0.068235
v -0.114538 0.189560 -0.081024
v -0.132165 0.146890 -0.053319
v -0.191136 0.110263 -0.037825
v -0.201622 0.100388 -0.015533
v -0.276182 0.360391 -0.002262
v -0.126588 0.300942 -0.030600
v -0.084837 0.242179 -0.048405
v -0.080920 0.211715 -0.047461
v -0.091058 0.180232 -0.043739
v -0.248313 0.085973 -0.006747
v -0.153849 0.323790 -0.004767
v -0.093492 0.279394 -0.018837
v -0.078423 0.259768 -0.021436
v -0.099895 0.153098 -0.016232
v -0.134698 0.130364 -0.020933
v -0.238163 0.356587 0.030225
v -0.198744 0.345070 0.019985
v -0.106446 0.299787 0.007264
v -0.057933 0.228285 -0.000576
v -0.061050 0.198484 -0.001130
v -0.072806 0.174952 0.000991
v -0.150064 0.115415 0.006926
v -0.366918 0.065826 0.049704
v -0.375670 0.374229 0.040672
v -0.334506 0.371927 0.043525
v -0.143925 0.324925 0.028362
v -0.071399 0.272301 0.025032
v -0.058608 0.250279 0.021353
v -0.078480 0.160632 0.023603
v -0.099873 0.140723 0.029158
v -0.194791 0.095483 0.024842
v -0.302084 0.071741 0.037471
v -0.117189 0.312423 0.047837
v -0.048007 0.227620 0.047531
v -0.049605 0.204785 0.049803
v -0.058176 0.182272 0.047819
v -0.151750 0.110263 0.044615
v -0.272676 0.076155 0.032191
v -0.264761 0.363119 0.051397
v -0.190297 0.344865 0.061098
v -0.080711 0.286208 0.062869
v -0.058670 0.258963 0.067800
v -0.081477 0.153633 0.071104
v -0.121721 0.124619 0.057400
v -0.192985 0.094382 0.061854
v -0.233814 0.083274 0.047604
v -0.152140 0.329780 0.077866
v -0.119327 0.312423 0.087796
v -0.087528 0.287824 0.099033
v -0.054773 0.242784 0.096926
v -0.051392 0.212380 0.097214
v -0.060957 0.182908 0.095063
v -0.103283 0.139062 0.096139
v -0.332778 0.067926 0.047261
v -0.236057 0.356882 0.076756
v -0.069780 0.259769 0.120922
v -0.083485 0.161125 0.116269
v -0.167618 0.105014 0.093236
v -0.283808 0.073838 0.077303
v -0.298248 0.368678 0.059617
v -0.132252 0.312423 0.126686
v -0.100747 0.286356 0.139342
v -0.068173 0.227620 0.145466
v -0.070857 0.204785 0.147124
v -0.074662 0.183854 0.138141
v -0.132593 0.124775 0.116576
v -0.252461 0.356647 0.115109
v -0.216909 0.349276 0.108134
v -0.191658 0.340921 0.113673
v -0.171200 0.330166 0.129419
v -0.089382 0.257721 0.163445
v -0.099796 0.167699 0.162369
v -0.120112 0.140246 0.142998
v -0.181291 0.105540 0.128446
v -0.217332 0.090435 0.107059
v -0.218333 0.334999 0.169773
v -0.155466 0.312423 0.163014
v -0.127417 0.288011 0.176573
v -0.097707 0.227620 0.190434
v -0.098478 0.195122 0.185178
v -0.134940 0.146890 0.176653
v -0.248062 0.082700 0.105313
v -0.334558 0.371966 0.077285
v -0.279088 0.363511 0.102165
v -0.187378 0.313536 0.192702
v -0.132796 0.272883 0.201399
v -0.121810 0.250886 0.207398
v -0.120881 0.210241 0.214330
v -0.132796 0.167117 0.201399
v -0.167911 0.124620 0.170615
v -0.231352 0.095665 0.151205
v -0.171641 0.293110 0.211643
v -0.141931 0.189721 0.225490
v -0.176489 0.140723 0.207475
v -0.209352 0.110263 0.175509
v -0.253538 0.348509 0.155577
v -0.173237 0.273282 0.233967
v -0.153070 0.242691 0.237748
v -0.159037 0.214527 0.245150
v -0.198830 0.152787 0.237772
v -0.235199 0.115312 0.205449
v -0.287817 0.079291 0.130930
v -0.322701 0.368303 0.108917
v -0.245309 0.323790 0.212314
v -0.208238 0.302901 0.224613
v -0.198416 0.259769 0.257926
v -0.193555 0.235215 0.264102
v -0.195122 0.210241 0.266022
v -0.181085 0.178026 0.247191
v -0.230114 0.128914 0.225215
v -0.322707 0.071601 0.109307
v -0.343909 0.068052 0.090173
v -0.301019 0.360139 0.143059
v -0.276154 0.339612 0.194741
v -0.238583 0.286356 0.258020
v -0.236164 0.257682 0.276021
v -0.222244 0.189705 0.273407
v -0.231688 0.165767 0.264713
v -0.268848 0.099427 0.189295
v -0.284907 0.090724 0.173260
v -0.381374 0.065771 0.082374
v -0.288629 0.324190 0.230215
v -0.272492 0.306140 0.249822
v -0.252824 0.235215 0.289178
v -0.244060 0.214527 0.287540
v -0.285341 0.167709 0.284460
v -0.269623 0.146890 0.263020
v -0.276165 0.127577 0.243469
v -0.371310 0.374188 0.075818
v -0.321313 0.353558 0.176432
v -0.351795 0.329780 0.235961
v -0.295340 0.286356 0.276889
v -0.281953 0.257721 0.291287
v -0.285182 0.197221 0.297297
v -0.307489 0.110263 0.226577
v -0.333567 0.079137 0.155225
v -0.328258 0.312423 0.257339
v -0.314345 0.227620 0.306133
v -0.321861 0.138587 0.268616
v -0.348306 0.115787 0.244620
v -0.337433 0.095858 0.205595
v -0.369628 0.368219 0.131003
v -0.361538 0.348496 0.199220
v -0.347380 0.339729 0.217152
v -0.356119 0.286356 0.287422
v -0.342211 0.259305 0.302082
v -0.347791 0.199090 0.308872
v -0.347633 0.174955 0.299805
v -0.356119 0.153644 0.287422
v -0.383107 0.312423 0.263624
v -0.382955 0.250295 0.308540
v -0.376869 0.225474 0.313186
v -0.382955 0.189705 0.308540
v -0.396850 0.167757 0.298891
v -0.388375 0.139058 0.276543
v -0.400605 0.115238 0.247608
v -0.384513 0.094911 0.209989
v -0.375108 0.083245 0.178340
v -0.379416 0.363257 0.156647
v -0.391771 0.356414 0.180602
v -0.413219 0.329809 0.238716
v -0.417939 0.293110 0.283298
v -0.410275 0.273516 0.298306
v -0.420250 0.235215 0.312069
v -0.434645 0.212357 0.312611
v -0.393923 0.071430 0.133397
v -0.386437 0.068065 0.109094
v -0.419616 0.344046 0.212024
v -0.438605 0.312423 0.262085
v -0.447319 0.257721 0.304043
v -0.447319 0.182279 0.304043
v -0.449699 0.153644 0.286801
v -0.438605 0.127577 0.262085
v -0.432132 0.095169 0.208861
v -0.400645 0.076863 0.157806
v -0.382944 0.372192 0.108230
v -0.469251 0.335286 0.222622
v -0.478099 0.293110 0.276488
v -0.482032 0.274233 0.290444
v -0.488161 0.204785 0.304382
v -0.431997 0.083336 0.177395
v -0.451478 0.353228 0.184803
v -0.492620 0.312423 0.252779
v -0.522946 0.244030 0.294834
v -0.502427 0.227643 0.302891
v -0.516353 0.189705 0.294317
v -0.509140 0.167709 0.285883
v -0.496003 0.138587 0.264714
v -0.480364 0.115718 0.239056
v -0.432565 0.366425 0.141113
v -0.530168 0.312379 0.240968
v -0.538999 0.286356 0.266647
v -0.541498 0.265045 0.280337
v -0.552685 0.204785 0.287302
v -0.542584 0.152176 0.263961
v -0.494022 0.105027 0.216749
v -0.520154 0.329737 0.217164
v -0.580831 0.242126 0.275050
v -0.578529 0.220000 0.278746
v -0.573427 0.182279 0.272428
v -0.543075 0.127577 0.236065
v -0.473697 0.086936 0.179546
v -0.492986 0.356773 0.158778
v -0.515526 0.344863 0.185885
v -0.574405 0.301413 0.235834
v -0.595510 0.272291 0.253346
v -0.622219 0.243309 0.253267
v -0.614348 0.210241 0.260965
v -0.587832 0.154948 0.246569
v -0.535321 0.104236 0.198438
v -0.464165 0.076674 0.145187
v -0.460625 0.368246 0.120212
v -0.565979 0.324689 0.204752
v -0.633926 0.271725 0.229927
v -0.627654 0.182279 0.243986
v -0.618599 0.152554 0.225892
v -0.588032 0.127577 0.212585
v -0.456645 0.071733 0.121720
v -0.445767 0.067818 0.097556
v -0.441387 0.371928 0.100179
v -0.534726 0.353224 0.146448
v -0.619625 0.298255 0.212321
v -0.658491 0.242778 0.228683
v -0.659696 0.214864 0.231782
v -0.665496 0.167117 0.203057
v -0.596769 0.114633 0.180945
v -0.523515 0.087216 0.157230
v -0.572837 0.339612 0.163055
v -0.601770 0.324213 0.179854
v -0.665496 0.272883 0.203057
v -0.677271 0.198257 0.213033
v -0.643179 0.140212 0.189605
v -0.574100 0.100388 0.161947
v -0.400000 0.065120 0.060000
v -0.403799 0.374876 0.073752
v -0.498720 0.363356 0.126425
v -0.641454 0.312423 0.166715
v -0.667835 0.293110 0.173319
v -0.695594 0.250886 0.188643
v -0.703764 0.227619 0.188634
v -0.696399 0.189705 0.187984
v -0.666674 0.140268 0.162457
v -0.625691 0.116210 0.155912
v -0.660073 0.312379 0.140434
v -0.691696 0.285189 0.154959
v -0.703519 0.265045 0.165692
v -0.717750 0.205411 0.167214
v -0.699011 0.167709 0.164158
v -0.642124 0.114597 0.125607
v -0.585202 0.094727 0.128655
v -0.526559 0.079093 0.115686
v -0.560625 0.353643 0.117931
v -0.615452 0.336188 0.125887
v -0.716592 0.272243 0.131517
v -0.725382 0.250295 0.143891
v -0.730228 0.226074 0.148380
v -0.725382 0.189705 0.143891
v -0.719711 0.166484 0.122097
v -0.684961 0.140212 0.133199
v -0.653594 0.324191 0.105439
v -0.693554 0.299788 0.112735
v -0.740667 0.198833 0.115820
v -0.496832 0.071601 0.085836
v -0.531173 0.363166 0.083657
v -0.577704 0.352919 0.087871
v -0.728130 0.272291 0.097179
v -0.741861 0.250295 0.096575
v -0.745799 0.227643 0.109459
v -0.729996 0.169423 0.094736
v -0.700416 0.141254 0.093466
v -0.667189 0.121412 0.097990
v -0.591579 0.091123 0.089207
v -0.430395 0.065795 0.074138
v -0.498006 0.368374 0.082610
v -0.609842 0.344722 0.068433
v -0.661033 0.324191 0.068945
v -0.699421 0.301413 0.074480
v -0.750395 0.235215 0.070197
v -0.747597 0.195102 0.073615
v -0.683929 0.127680 0.062216
v -0.647939 0.110220 0.077293
v -0.621528 0.099877 0.081392
v -0.549126 0.079646 0.075358
v -0.710137 0.293110 0.047084
v -0.730981 0.273516 0.052602
v -0.745203 0.250295 0.047852
v -0.751996 0.212379 0.047568
v -0.740646 0.180439 0.047080
v -0.718355 0.153644 0.046619
v -0.468897 0.371970 0.069231
v -0.550033 0.360201 0.047374
v -0.633821 0.334930 0.032730
v -0.681215 0.311369 0.024802
v -0.737247 0.259561 0.023102
v -0.746426 0.235215 0.020783
v -0.682384 0.128915 0.029667
v -0.633821 0.105070 0.032730
v -0.434581 0.374175 0.067553
v -0.707845 0.288011 0.005418
v -0.743220 0.214526 0.002442
v -0.732678 0.182278 0.002174
v -0.711226 0.155401 0.004497
v -0.593017 0.090668 0.040451
v -0.545676 0.079386 0.036314
v -0.645917 0.324191 -0.003659
v -0.679177 0.299732 -0.023424
v -0.713726 0.272290 -0.018581
v -0.727608 0.242778 -0.026636
v -0.729143 0.204785 -0.027124
v -0.707743 0.167757 -0.029325
v -0.684773 0.140212 -0.013577
v -0.645917 0.115809 -0.003659
v -0.469320 0.068055 0.055084
v -0.571352 0.353564 0.020395
v -0.605475 0.339880 -0.003425
v -0.659365 0.299788 -0.052164
v -0.719175 0.219362 -0.047678
v -0.712469 0.189705 -0.046338
v -0.623943 0.115809 -0.036979
v -0.605475 0.100120 -0.003425
v -0.521982 0.363071 0.017431
v -0.624039 0.325403 -0.033138
v -0.686023 0.271747 -0.062334
v -0.699230 0.242778 -0.069133
v -0.698582 0.211215 -0.074543
v -0.686406 0.167710 -0.061138
v -0.659365 0.140212 -0.052164
v -0.481431 0.370527 0.039913
v -0.569372 0.349031 -0.010801
v -0.624584 0.313895 -0.061190
v -0.662368 0.244196 -0.105059
v -0.678045 0.195928 -0.091185
v -0.649354 0.166719 -0.097127
v -0.612623 0.126464 -0.072702
v -0.569594 0.091231 -0.011698
v -0.542709 0.083243 -0.001586
v -0.495682 0.071626 0.032712
v -0.529772 0.356647 -0.014775
v -0.579845 0.335065 -0.050829
v -0.634302 0.286356 -0.095756
v -0.649744 0.265067 -0.103099
v -0.633661 0.181252 -0.119466
v -0.579845 0.104935 -0.050829
v -0.633221 0.228225 -0.130104
v -0.649197 0.212520 -0.119566
v -0.601043 0.184098 -0.140244
v -0.614543 0.140064 -0.093513
v -0.480278 0.366300 -0.002018
v -0.533027 0.344632 -0.057331
v -0.583296 0.313522 -0.094201
v -0.577527 0.298097 -0.118243
v -0.600428 0.274026 -0.129342
v -0.587597 0.153644 -0.125675
v -0.540242 0.099847 -0.064582
v -0.519051 0.087567 -0.040765
v -0.535869 0.329737 -0.090382
v -0.592013 0.258092 -0.144088
v -0.577751 0.241779 -0.156587
v -0.581158 0.212379 -0.157651
v -0.552026 0.139058 -0.127028
v -0.543173 0.115727 -0.097703
v -0.495330 0.076507 -0.008637
v -0.486552 0.356587 -0.042862
v -0.523835 0.312422 -0.123470
v -0.533682 0.286356 -0.148458
v -0.550982 0.180254 -0.160014
v -0.539012 0.160606 -0.151895
v -0.492824 0.095426 -0.075721
v -0.458366 0.071741 -0.000924
v -0.483755 0.345365 -0.076967
v -0.481856 0.329579 -0.109341
v -0.478926 0.279394 -0.167350
v -0.515180 0.257729 -0.172040
v -0.521006 0.235215 -0.176983
v -0.524094 0.210241 -0.177112
v -0.513593 0.189721 -0.174996
v -0.486246 0.166484 -0.170192
v -0.501665 0.140212 -0.145172
v -0.440566 0.091123 -0.077937
v -0.421333 0.374164 0.039290
v -0.473244 0.299788 -0.151359
v -0.483867 0.219369 -0.186384
v -0.477300 0.116879 -0.121639
v -0.460223 0.079774 -0.040008
v -0.440694 0.067958 0.019145
v -0.420623 0.368328 -0.012946
v -0.431997 0.356664 -0.057395
v -0.442593 0.344678 -0.087973
v -0.452762 0.319587 -0.130979
v -0.418553 0.299394 -0.157785
v -0.446962 0.271387 -0.177341
v -0.449907 0.242178 -0.188902
v -0.419080 0.220631 -0.193303
v -0.452718 0.204154 -0.189583
v -0.451592 0.181649 -0.183279
v -0.449363 0.138586 -0.153126
v -0.445034 0.104780 -0.107028
v -0.431867 0.363464 -0.034009
v -0.403058 0.182317 -0.186120
v -0.412709 0.153644 -0.169423
v -0.415430 0.127009 -0.142920
vn -0.0344 0.9933 -0.1104
vn 0.0315 0.9516 -0.3058
vn -0.0196 0.8740 -0.4856
vn 0.0204 0.8033 -0.5952
vn 0.0332 0.7035 -0.7099
vn 0.0297 0.5011 -0.8649
vn 0.0405 0.2444 -0.9688
vn 0.0370 -0.0859 -0.9956
vn 0.0933 -0.4541 -0.8860
vn 0.0200 -0.8318 -0.5547
vn 0.0671 0.8755 -0.4786
vn 0.1094 -0.2398 -0.9646
vn 0.0812 -0.6192 -0.7810
vn 0.0685 -0.7338 -0.6759
vn 0.0165 -0.9117 -0.4105
vn 0.0067 -0.9511 -0.3088
vn -0.0033 -0.9774 -0.2115
vn 0.0375 0.9270 -0.3732
vn 0.1166 0.7682 -0.6295
vn 0.1413 0.6119 -0.7782
vn 0.1643 0.3830 -0.9090
vn 0.1780 0.0863 -0.9802
vn 0.2083 -0.2297 -0.9507
vn 0.1278 -0.7903 -0.5992
vn 0.0762 -0.8814 -0.4662
vn 0.2064 -0.4848 -0.8499
vn 0.1783 -0.6705 -0.7202
vn 0.0402 0.9771 -0.2091
vn 0.1274 0.9178 -0.3760
vn 0.1621 0.8401 -0.5176
vn 0.2748 0.5148 -0.8121
vn 0.3134 0.2562 -0.9144
vn 0.3198 0.0084 -0.9475
vn 0.3148 -0.2609 -0.9126
vn 0.2740 -0.6459 -0.7126
vn 0.1547 -0.8838 -0.4415
vn -0.0190 -0.9983 -0.0555
vn 0.2426 0.7120 -0.6590
vn 0.4333 -0.0674 -0.8987
vn 0.3360 -0.5100 -0.7919
vn 0.2191 -0.7934 -0.5679
vn 0.1037 -0.9437 -0.3142
vn 0.0616 -0.9765 -0.2063
vn 0.1130 0.9737 -0.1976
vn 0.1133 0.9548 -0.2747
vn 0.2143 0.8901 -0.4023
vn 0.2596 0.8262 -0.5000
vn 0.3955 0.5401 -0.7429
vn 0.4373 0.2791 -0.8549
vn 0.3307 -0.7404 -0.5852
vn 0.2107 0.9328 -0.2924
vn 0.3337 0.7501 -0.5710
vn 0.5451 0.0963 -0.8328
vn 0.4792 -0.3036 -0.8236
vn 0.5290 -0.5476 -0.6484
vn 0.4260 -0.5447 -0.7224
vn 0.2666 -0.8617 -0.4318
vn 0.0279 -0.9930 -0.1144
vn 0.0388 0.9928 -0.1131
vn 0.3125 0.8664 -0.3894
vn 0.4662 0.6655 -0.5829
vn 0.5573 0.4423 -0.7027
vn 0.6205 -0.1233 -0.7744
vn 0.4149 -0.7480 -0.5180
vn 0.2095 -0.9267 -0.3121
vn 0.1386 -0.9691 -0.2043
vn 0.4167 0.7966 -0.4379
vn 0.6837 0.1941 -0.7035
vn 0.7400 -0.0800 -0.6678
vn 0.5987 -0.6146 -0.5137
vn 0.3896 -0.8412 -0.3748
vn 0.0964 -0.9872 -0.1273
vn 0.1011 0.9879 -0.1177
vn 0.2726 0.9387 -0.2112
vn 0.3597 0.8831 -0.3013
vn 0.5656 0.6771 -0.4708
vn 0.6658 0.4837 -0.5682
vn 0.6664 -0.3660 -0.6495
vn 0.5223 -0.7344 -0.4334
vn 0.3284 -0.8959 -0.2991
vn 0.2973 -0.9296 -0.2177
vn 0.1718 0.9723 -0.1585
vn 0.5096 0.7962 -0.3263
vn 0.8048 0.2665 -0.5304
vn 0.8372 -0.1048 -0.5367
vn 0.7425 -0.4813 -0.4659
vn 0.2115 -0.9610 -0.1780
vn 0.4087 0.8888 -0.2076
vn 0.6668 0.6659 -0.3345
vn 0.7803 0.4960 -0.3810
vn 0.6242 -0.7182 -0.3075
vn 0.4790 -0.8336 -0.2750
vn 0.2230 0.9715 -0.0805
vn 0.2990 0.9473 -0.1147
vn 0.5718 0.7983 -0.1888
vn 0.9390 0.1077 -0.3267
vn 0.9067 -0.2816 -0.3140
vn 0.7862 -0.5515 -0.2788
vn 0.4176 -0.8920 -0.1729
vn 0.0414 -0.9988 -0.0252
vn 0.0291 0.9986 -0.0441
vn 0.0840 0.9956 -0.0426
vn 0.4198 0.9022 -0.0989
vn 0.7552 0.6360 -0.1589
vn 0.8942 0.4025 -0.1960
vn 0.7159 -0.6824 -0.1478
vn 0.5793 -0.8063 -0.1192
vn 0.3017 -0.9475 -0.1062
vn 0.1237 -0.9907 -0.0561
vn 0.5193 0.8537 -0.0389
vn 0.9916 0.1103 -0.0674
vn 0.9746 -0.2163 -0.0586
vn 0.8681 -0.4935 -0.0537
vn 0.4019 -0.9146 -0.0445
vn 0.1700 -0.9824 -0.0772
vn 0.1786 0.9836 -0.0265
vn 0.3112 0.9504 0.0024
vn 0.6802 0.7330 0.0100
vn 0.8594 0.5098 0.0397
vn 0.6863 -0.7262 0.0410
vn 0.4928 -0.8701 -0.0052
vn 0.3020 -0.9532 0.0140
vn 0.2288 -0.9731 -0.0278
vn 0.3987 0.9152 0.0579
vn 0.5081 0.8548 0.1061
vn 0.6580 0.7363 0.1576
vn 0.9352 0.2960 0.1944
vn 0.9724 -0.1187 0.2010
vn 0.8626 -0.4768 0.1692
vn 0.5724 -0.8093 0.1318
vn 0.0844 -0.9960 -0.0277
vn 0.2262 0.9732 0.0419
vn 0.8080 0.5152 0.2857
vn 0.6976 -0.6747 0.2410
vn 0.3693 -0.9246 0.0937
vn 0.1531 -0.9872 0.0442
vn 0.1335 0.9910 -0.0040
vn 0.4823 0.8455 0.2293
vn 0.6208 0.7173 0.3163
vn 0.8891 0.1099 0.4443
vn 0.8719 -0.2074 0.4436
vn 0.8107 -0.4529 0.3710
vn 0.4617 -0.8669 0.1878
vn 0.2053 0.9665 0.1540
vn 0.2608 0.9555 0.1381
vn 0.3133 0.9364 0.1583
vn 0.3678 0.9039 0.2183
vn 0.7439 0.4644 0.4806
vn 0.6675 -0.6006 0.4401
vn 0.5379 -0.7848 0.3078
vn 0.3424 -0.9148 0.2141
vn 0.2636 -0.9565 0.1247
vn 0.2813 0.9048 0.3196
vn 0.4294 0.8320 0.3512
vn 0.5445 0.7117 0.4438
vn 0.7649 0.1038 0.6357
vn 0.7440 -0.3141 0.5898
vn 0.5149 -0.7342 0.4425
vn 0.2078 -0.9714 0.1149
vn 0.0829 0.9955 0.0457
vn 0.1589 0.9820 0.1025
vn 0.3637 0.8256 0.4314
vn 0.5733 0.5736 0.5850
vn 0.6526 0.3621 0.6655
vn 0.6786 -0.1037 0.7271
vn 0.5660 -0.5775 0.5884
vn 0.3961 -0.8433 0.3632
vn 0.2433 -0.9364 0.2530
vn 0.4384 0.7138 0.5461
vn 0.5842 -0.3598 0.7275
vn 0.4103 -0.7518 0.5162
vn 0.3031 -0.8862 0.3504
vn 0.2098 0.9429 0.2589
vn 0.4616 0.5630 0.6855
vn 0.5716 0.2644 0.7767
vn 0.5631 -0.0712 0.8233
vn 0.3806 -0.6605 0.6472
vn 0.2620 -0.8562 0.4452
vn 0.1536 -0.9706 0.1853
vn 0.0968 0.9878 0.1220
vn 0.2502 0.8477 0.4677
vn 0.3312 0.7535 0.5680
vn 0.4176 0.4276 0.8017
vn 0.4496 0.1702 0.8769
vn 0.4558 -0.1151 0.8826
vn 0.4686 -0.4497 0.7604
vn 0.2861 -0.7897 0.5426
vn 0.0980 -0.9871 0.1268
vn 0.0723 -0.9951 0.0675
vn 0.1299 0.9679 0.2150
vn 0.1779 0.9075 0.3804
vn 0.3036 0.6310 0.7139
vn 0.3322 0.4061 0.8513
vn 0.3671 -0.3302 0.8696
vn 0.3230 -0.5390 0.7779
vn 0.1919 -0.9081 0.3721
vn 0.1553 -0.9413 0.2998
vn 0.0230 -0.9983 0.0533
vn 0.1748 0.8410 0.5120
vn 0.2202 0.7527 0.6205
vn 0.3160 0.1638 0.9345
vn 0.3328 -0.0592 0.9411
vn 0.2156 -0.5056 0.8354
vn 0.2371 -0.6751 0.6985
vn 0.2060 -0.7849 0.5843
vn 0.0403 0.9985 0.0366
vn 0.1085 0.9447 0.3095
vn 0.0690 0.8537 0.5162
vn 0.1903 0.6159 0.7645
vn 0.2283 0.4001 0.8876
vn 0.2365 -0.2525 0.9382
vn 0.1475 -0.8605 0.4876
vn 0.0867 -0.9656 0.2452
vn 0.1184 0.7697 0.6274
vn 0.1779 0.0864 0.9803
vn 0.1299 -0.7192 0.6826
vn 0.0811 -0.8279 0.5550
vn 0.0926 -0.9136 0.3959
vn 0.0439 0.9828 0.1796
vn 0.0515 0.9273 0.3707
vn 0.0792 0.8957 0.4375
vn 0.0834 0.6133 0.7855
vn 0.1166 0.3948 0.9113
vn 0.1106 -0.2108 0.9713
vn 0.1117 -0.4459 0.8881
vn 0.0839 -0.6110 0.7872
vn 0.0288 0.7688 0.6388
vn 0.0374 0.3076 0.9508
vn 0.0537 0.0485 0.9974
vn 0.0231 -0.2939 0.9556
vn 0.0005 -0.5113 0.8594
vn 0.0180 -0.7094 0.7046
vn -0.0007 -0.8337 0.5522
vn 0.0199 -0.9102 0.4137
vn 0.0355 -0.9498 0.3110
vn 0.0282 0.9688 0.2464
vn 0.0079 0.9492 0.3145
vn -0.0189 0.8534 0.5209
vn -0.0335 0.6592 0.7512
vn -0.0188 0.5196 0.8542
vn -0.0540 0.1657 0.9847
vn -0.0683 -0.0845 0.9941
vn 0.0092 -0.9836 0.1799
vn 0.0175 -0.9926 0.1200
vn -0.0243 0.9080 0.4183
vn -0.0645 0.7757 0.6278
vn -0.1002 0.3635 0.9262
vn -0.0941 -0.3807 0.9199
vn -0.0888 -0.6142 0.7842
vn -0.0654 -0.7700 0.6347
vn -0.0474 -0.9090 0.4141
vn -0.0030 -0.9691 0.2466
vn 0.0191 0.9928 0.1180
vn -0.1032 0.8781 0.4672
vn -0.1356 0.6629 0.7363
vn -0.1556 0.5215 0.8389
vn -0.1825 -0.1642 0.9694
vn -0.0400 -0.9513 0.3057
vn -0.0708 0.9429 0.3254
vn -0.1493 0.7802 0.6074
vn -0.2520 0.2638 0.9311
vn -0.2114 0.0861 0.9736
vn -0.2352 -0.3212 0.9173
vn -0.2065 -0.5169 0.8308
vn -0.1637 -0.7180 0.6765
vn -0.1206 -0.8341 0.5383
vn -0.0418 0.9774 0.2073
vn -0.2189 0.7852 0.5793
vn -0.2542 0.6350 0.7294
vn -0.2814 0.4584 0.8430
vn -0.3239 -0.1573 0.9329
vn -0.2634 -0.6406 0.7212
vn -0.1378 -0.8845 0.4458
vn -0.1815 0.8664 0.4652
vn -0.3855 0.2410 0.8907
vn -0.3857 0.0073 0.9226
vn -0.3589 -0.4046 0.8411
vn -0.2403 -0.7905 0.5634
vn -0.1051 -0.9412 0.3210
vn -0.1203 0.9582 0.2595
vn -0.1660 0.9221 0.3496
vn -0.3123 0.7395 0.5963
vn -0.3932 0.5383 0.7454
vn -0.4921 0.2603 0.8307
vn -0.4849 -0.1094 0.8677
vn -0.3521 -0.6369 0.6859
vn -0.2056 -0.8934 0.3995
vn -0.0853 -0.9728 0.2154
vn -0.0762 0.9864 0.1457
vn -0.2640 0.8549 0.4467
vn -0.4855 0.5478 0.6813
vn -0.4924 -0.4192 0.7627
vn -0.4184 -0.6698 0.6134
vn -0.3189 -0.8052 0.5000
vn -0.0745 -0.9849 0.1561
vn -0.0563 -0.9941 0.0929
vn -0.0501 0.9940 0.0973
vn -0.1895 0.9532 0.2357
vn -0.4043 0.7408 0.5365
vn -0.5966 0.2714 0.7553
vn -0.6137 -0.0516 0.7878
vn -0.5623 -0.5813 0.5882
vn -0.3162 -0.8685 0.3818
vn -0.1717 -0.9503 0.2598
vn -0.2570 0.9208 0.2933
vn -0.3292 0.8665 0.3753
vn -0.5665 0.5807 0.5848
vn -0.6580 -0.2688 0.7034
vn -0.4505 -0.7628 0.4638
vn -0.2581 -0.9205 0.2935
vn 0.0001 -1.0000 0.0007
vn -0.0056 0.9994 0.0337
vn -0.1311 0.9773 0.1662
vn -0.4207 0.8331 0.3590
vn -0.5160 0.7376 0.4356
vn -0.7095 0.3714 0.5989
vn -0.7665 0.0977 0.6347
vn -0.7149 -0.3783 0.5881
vn -0.5052 -0.7774 0.3747
vn -0.3753 -0.8757 0.3037
vn -0.4618 0.8447 0.2707
vn -0.6000 0.7052 0.3777
vn -0.6974 0.5357 0.4762
vn -0.8224 -0.1913 0.5358
vn -0.6574 -0.6081 0.4451
vn -0.3956 -0.8945 0.2082
vn -0.2710 -0.9441 0.1878
vn -0.1710 -0.9741 0.1477
vn -0.2255 0.9613 0.1585
vn -0.3307 0.9231 0.1963
vn -0.7254 0.6160 0.3071
vn -0.8271 0.3867 0.4080
vn -0.8840 0.0852 0.4596
vn -0.8221 -0.3984 0.4067
vn -0.7225 -0.6315 0.2814
vn -0.5467 -0.7915 0.2733
vn -0.4221 0.8953 0.1423
vn -0.5701 0.7981 0.1949
vn -0.9159 -0.2833 0.2842
vn -0.1258 -0.9902 0.0606
vn -0.1755 0.9826 0.0603
vn -0.2530 0.9646 0.0740
vn -0.7598 0.6304 0.1591
vn -0.8870 0.4229 0.1854
vn -0.9615 0.0901 0.2595
vn -0.7771 -0.6120 0.1472
vn -0.6005 -0.7895 0.1271
vn -0.4615 -0.8767 0.1355
vn -0.2690 -0.9595 0.0836
vn -0.0381 -0.9988 0.0321
vn -0.1282 0.9901 0.0573
vn -0.3122 0.9497 0.0239
vn -0.4391 0.8979 0.0294
vn -0.5784 0.8137 0.0577
vn -0.9798 0.1931 0.0518
vn -0.9409 -0.3279 0.0843
vn -0.5112 -0.8595 0.0022
vn -0.4016 -0.9146 0.0474
vn -0.3340 -0.9403 0.0659
vn -0.2023 -0.9785 0.0408
vn -0.6379 0.7687 -0.0476
vn -0.7634 0.6455 -0.0248
vn -0.9117 0.4087 -0.0414
vn -0.9910 -0.1163 -0.0663
vn -0.8539 -0.5148 -0.0768
vn -0.6836 -0.7279 -0.0540
vn -0.0867 0.9959 0.0261
vn -0.2015 0.9791 -0.0265
vn -0.3636 0.9281 -0.0803
vn -0.5065 0.8537 -0.1209
vn -0.8336 0.5156 -0.1979
vn -0.9530 0.2135 -0.2150
vn -0.5104 -0.8524 -0.1137
vn -0.3704 -0.9255 -0.0793
vn -0.0457 0.9988 0.0156
vn -0.6446 0.7337 -0.2147
vn -0.9488 -0.0902 -0.3027
vn -0.8359 -0.4782 -0.2693
vn -0.6690 -0.7099 -0.2201
vn -0.2763 -0.9595 -0.0553
vn -0.1944 -0.9789 -0.0623
vn -0.4145 0.8861 -0.2075
vn -0.5336 0.7884 -0.3062
vn -0.7132 0.6017 -0.3596
vn -0.8472 0.3133 -0.4291
vn -0.8717 -0.2105 -0.4426
vn -0.6873 -0.6158 -0.3852
vn -0.5411 -0.7936 -0.2782
vn -0.4150 -0.8862 -0.2062
vn -0.0881 -0.9961 -0.0107
vn -0.2449 0.9642 -0.1016
vn -0.3116 0.9323 -0.1838
vn -0.4929 0.7686 -0.4078
vn -0.8423 -0.0019 -0.5391
vn -0.7689 -0.3848 -0.5107
vn -0.3715 -0.8767 -0.3056
vn -0.3089 -0.9332 -0.1835
vn -0.1619 0.9809 -0.1077
vn -0.3676 0.8826 -0.2931
vn -0.6280 0.5824 -0.5161
vn -0.7296 0.2924 -0.6182
vn -0.7457 -0.0946 -0.6596
vn -0.6140 -0.5998 -0.5131
vn -0.4909 -0.7697 -0.4081
vn -0.1058 0.9931 -0.0503
vn -0.2399 0.9490 -0.2047
vn -0.3840 0.8276 -0.4095
vn -0.6097 0.2886 -0.7382
vn -0.6558 -0.3114 -0.6878
vn -0.5175 -0.5871 -0.6224
vn -0.3544 -0.8276 -0.4353
vn -0.2440 -0.9489 -0.2000
vn -0.1946 -0.9684 -0.1557
vn -0.1274 -0.9897 -0.0661
vn -0.1760 0.9635 -0.2016
vn -0.2748 0.9038 -0.3281
vn -0.4552 0.6778 -0.5774
vn -0.5410 0.4934 -0.6811
vn -0.5058 -0.4273 -0.7494
vn -0.2738 -0.9046 -0.3268
vn -0.5244 0.1179 -0.8433
vn -0.5857 -0.0959 -0.8048
vn -0.4213 -0.3839 -0.8217
vn -0.3925 -0.7431 -0.5420
vn -0.1034 0.9821 -0.1576
vn -0.1924 0.9268 -0.3224
vn -0.3100 0.8123 -0.4941
vn -0.3192 0.7149 -0.6221
vn -0.4013 0.5558 -0.7281
vn -0.3612 -0.6358 -0.6821
vn -0.2084 -0.9122 -0.3529
vn -0.1671 -0.9483 -0.2699
vn -0.2092 0.8701 -0.4463
vn -0.4014 0.4101 -0.8190
vn -0.3759 0.2207 -0.9000
vn -0.3955 -0.0925 -0.9138
vn -0.2615 -0.7414 -0.6180
vn -0.2272 -0.8446 -0.4848
vn -0.1281 -0.9768 -0.1717
vn -0.1172 0.9568 -0.2662
vn -0.2026 0.7847 -0.5858
vn -0.2500 0.6218 -0.7422
vn -0.3109 -0.4092 -0.8579
vn -0.2661 -0.5775 -0.7718
vn -0.1320 -0.9154 -0.3802
vn -0.0713 -0.9855 -0.1538
vn -0.1206 0.9185 -0.3765
vn -0.1260 0.8596 -0.4952
vn -0.1497 0.5712 -0.8071
vn -0.2316 0.3955 -0.8888
vn -0.2553 0.1620 -0.9532
vn -0.2656 -0.1145 -0.9573
vn -0.2301 -0.3126 -0.9216
vn -0.1600 -0.5310 -0.8321
vn -0.1754 -0.7140 -0.6779
vn -0.0602 -0.9280 -0.3678
vn -0.0277 0.9983 -0.0503
vn -0.1279 0.7052 -0.6974
vn -0.1705 -0.0028 -0.9854
vn -0.1261 -0.8280 -0.5464
vn -0.0791 -0.9623 -0.2603
vn -0.0507 -0.9935 -0.1023
vn -0.0246 0.9840 -0.1763
vn -0.0420 0.9489 -0.3128
vn -0.0571 0.9137 -0.4023
vn -0.0815 0.8081 -0.5834
vn -0.0377 0.6938 -0.7192
vn -0.0825 0.4915 -0.8670
vn -0.0999 0.2438 -0.9647
vn -0.0428 0.0104 -0.9990
vn -0.1061 -0.1690 -0.9799
vn -0.0987 -0.3748 -0.9218
vn -0.0876 -0.7076 -0.7012
vn -0.0654 -0.8763 -0.4774
vn -0.0428 0.9698 -0.2402
vn -0.0032 -0.3788 -0.9255
vn -0.0234 -0.6078 -0.7937
vn -0.0238 -0.7728 -0.6342
vt 0.742257 0.265788
vt 0.715913 0.231863
vt 0.743922 0.200072
vt 0.632707 0.968750
vt 0.672496 0.937500
vt 0.813224 0.937500
vt 0.741483 0.546926
vt 0.742186 0.484378
vt 0.758624 0.500000
vt 0.788071 0.875000
vt 0.781910 0.906250
vt 0.703671 0.889574
vt 0.726199 0.452476
vt 0.750000 0.421859
vt 0.727701 0.812500
vt 0.719296 0.765439
vt 0.757173 0.764690
vt 0.741680 0.718750
vt 0.710938 0.700833
vt 0.726563 0.312500
vt 0.704081 0.291499
vt 0.739785 0.675718
vt 0.710938 0.640291
vt 0.742159 0.608109
vt 0.710957 0.578013
vt 0.710992 0.516962
vt 0.679208 0.172848
vt 0.703125 0.454270
vt 0.727165 0.406250
vt 0.698495 0.395755
vt 0.726600 0.359541
vt 0.685623 0.738677
vt 0.675089 0.668745
vt 0.679447 0.234429
vt 0.679935 0.608655
vt 0.679688 0.548241
vt 0.666286 0.843750
vt 0.727546 0.843750
vt 0.695313 0.343750
vt 0.671667 0.296686
vt 0.679699 0.453197
vt 0.664111 0.390721
vt 0.617873 0.906250
vt 0.679688 0.500000
vt 0.656250 0.485997
vt 0.695362 0.062500
vt 0.564540 0.031250
vt 0.820688 0.031250
vt 0.664062 0.000000
vt 0.679457 0.796713
vt 0.626700 0.800276
vt 0.648436 0.764959
vt 0.671511 0.358702
vt 0.645158 0.325896
vt 0.637435 0.261377
vt 0.629618 0.206631
vt 0.648368 0.609253
vt 0.628670 0.139106
vt 0.687148 0.109844
vt 0.639054 0.875000
vt 0.592431 0.857001
vt 0.639793 0.391218
vt 0.642492 0.445405
vt 0.613762 0.394668
vt 0.616860 0.329113
vt 0.616688 0.733539
vt 0.648945 0.718750
vt 0.641228 0.677427
vt 0.616832 0.641330
vt 0.616857 0.578653
vt 0.651569 0.549879
vt 0.632746 0.516919
vt 0.614414 0.481762
vt 0.595694 0.289559
vt 0.602947 0.687500
vt 0.591778 0.250000
vt 0.587124 0.167754
vt 0.602364 0.531250
vt 0.626654 0.093750
vt 0.540970 0.062500
vt 0.595707 0.437500
vt 0.585553 0.639989
vt 0.577396 0.218750
vt 0.546769 0.125000
vt 0.553470 0.937500
vt 0.593750 0.483225
vt 0.588702 0.386261
vt 0.581050 0.794641
vt 0.588216 0.582481
vt 0.570662 0.545044
vt 0.549222 0.093750
vt 0.568136 0.417006
vt 0.584553 0.343750
vt 0.563681 0.304158
vt 0.585925 0.735598
vt 0.568065 0.675161
vt 0.538314 0.203389
vt 0.500878 0.906250
vt 0.569935 0.483679
vt 0.554332 0.358670
vt 0.555002 0.733415
vt 0.552199 0.583963
vt 0.538717 0.516466
vt 0.514007 0.875000
vt 0.539132 0.454539
vt 0.539052 0.671759
vt 0.546505 0.265734
vt 0.516409 0.156250
vt 0.539062 0.406250
vt 0.524822 0.375000
vt 0.523110 0.329113
vt 0.543403 0.799042
vt 0.526782 0.736243
vt 0.523368 0.609253
vt 0.554607 0.625000
vt 0.539822 0.843750
vt 0.499348 0.797068
vt 0.502023 0.289582
vt 0.508494 0.702176
vt 0.498636 0.639246
vt 0.524822 0.562500
vt 0.507814 0.515609
vt 0.484131 0.750000
vt 0.513653 0.250000
vt 0.497053 0.199565
vt 0.495322 0.581067
vt 0.507812 1.000000
vt 0.396045 0.968750
vt 0.469711 0.109387
vt 0.477571 0.843750
vt 0.507819 0.421950
vt 0.492197 0.359486
vt 0.468379 0.234013
vt 0.473401 0.325432
vt 0.477244 0.703818
vt 0.445306 0.187500
vt 0.428235 0.875000
vt 0.444262 0.812500
vt 0.476900 0.424022
vt 0.461475 0.375000
vt 0.453664 0.290706
vt 0.476558 0.546825
vt 0.458761 0.582995
vt 0.445314 0.515609
vt 0.476564 0.484391
vt 0.397770 0.062500
vt 0.443928 0.468750
vt 0.460938 0.000000
vt 0.336351 0.031250
vt 0.437359 0.328393
vt 0.445246 0.781250
vt 0.436523 0.750000
vt 0.433838 0.237727
vt 0.423827 0.843750
vt 0.444581 0.640597
vt 0.430367 0.579245
vt 0.417621 0.448070
vt 0.449009 0.424675
vt 0.429618 0.390748
vt 0.412678 0.343750
vt 0.414744 0.703817
vt 0.445994 0.702176
vt 0.406496 0.290496
vt 0.437554 0.156250
vt 0.384866 0.137846
vt 0.414064 0.515609
vt 0.443945 0.937500
vt 0.385187 0.906250
vt 0.382882 0.812500
vt 0.388653 0.250000
vt 0.398207 0.203288
vt 0.415841 0.645501
vt 0.398772 0.609948
vt 0.395069 0.480194
vt 0.398772 0.390052
vt 0.382485 0.329113
vt 0.389751 0.765193
vt 0.385986 0.705718
vt 0.399030 0.562500
vt 0.374752 0.546810
vt 0.384197 0.437500
vt 0.360415 0.858111
vt 0.350471 0.218750
vt 0.381428 0.656250
vt 0.370417 0.611895
vt 0.350519 0.187500
vt 0.289654 0.937500
vt 0.370558 0.488576
vt 0.361265 0.414208
vt 0.358228 0.358609
vt 0.358309 0.265065
vt 0.343026 0.781250
vt 0.351063 0.733540
vt 0.350178 0.531250
vt 0.348194 0.480194
vt 0.335977 0.437500
vt 0.320410 0.827934
vt 0.333398 0.384938
vt 0.360570 0.680005
vt 0.335206 0.640598
vt 0.323953 0.138075
vt 0.297506 0.906250
vt 0.384630 0.093750
vt 0.281218 0.062500
vt 0.318928 0.343750
vt 0.320156 0.734260
vt 0.328125 0.578139
vt 0.349386 0.582995
vt 0.323683 0.488576
vt 0.304007 0.453304
vt 0.287653 0.781250
vt 0.321697 0.687500
vt 0.303956 0.640598
vt 0.310528 0.250000
vt 0.299537 0.206135
vt 0.259428 0.093750
vt 0.274248 0.875000
vt 0.305351 0.390867
vt 0.292739 0.323645
vt 0.281005 0.750000
vt 0.320945 0.297134
vt 0.280990 0.266120
vt 0.289695 0.702866
vt 0.273910 0.156250
vt 0.318928 0.531250
vt 0.305401 0.578144
vt 0.289064 0.515609
vt 0.272706 0.640598
vt 0.249215 0.125000
vt 0.275090 0.458430
vt 0.257826 0.843750
vt 0.274822 0.406250
vt 0.272706 0.359402
vt 0.262097 0.201498
vt 0.255565 0.324839
vt 0.258445 0.702866
vt 0.245330 0.612241
vt 0.277310 0.581655
vt 0.261355 0.510489
vt 0.257852 0.562500
vt 0.240803 0.531250
vt 0.210859 0.890061
vt 0.234369 0.484391
vt 0.257852 0.437500
vt 0.250000 0.390610
vt 0.236777 0.793598
vt 0.281284 0.812500
vt 0.240803 0.656250
vt 0.227276 0.421855
vt 0.225831 0.359402
vt 0.241533 0.750000
vt 0.227195 0.702865
vt 0.249244 0.264935
vt 0.226341 0.202551
vt 0.135428 0.062500
vt 0.203404 0.828351
vt 0.201668 0.765772
vt 0.227195 0.297134
vt 0.201755 0.266941
vt 0.209553 0.656250
vt 0.227276 0.578145
vt 0.203119 0.515609
vt 0.210938 0.000000
vt 0.093202 0.031250
vt 0.195976 0.390867
vt 0.198989 0.323645
vt 0.195945 0.702865
vt 0.186280 0.235514
vt 0.208398 0.615061
vt 0.192181 0.549877
vt 0.219157 0.156250
vt 0.170887 0.125000
vt 0.209553 0.468750
vt 0.195352 0.437500
vt 0.175781 0.356011
vt 0.178956 0.640598
vt 0.250338 0.982811
vt 0.148456 0.937500
vt 0.157034 0.093750
vt 0.178303 0.468750
vt 0.181072 0.593750
vt 0.163721 0.545951
vt 0.164776 0.421854
vt 0.155210 0.843750
vt 0.164695 0.297135
vt 0.169903 0.750000
vt 0.171875 0.703158
vt 0.152464 0.232177
vt 0.130112 0.173495
vt 0.181040 0.172975
vt 0.149101 0.609133
vt 0.165447 0.500000
vt 0.145069 0.480193
vt 0.150090 0.906250
vt 0.119627 0.875000
vt 0.151651 0.364157
vt 0.139559 0.734935
vt 0.140625 0.548025
vt 0.133492 0.420754
vt 0.156609 0.797949
vt 0.116794 0.828847
vt 0.128781 0.356620
vt 0.133445 0.297135
vt 0.113212 0.262595
vt 0.121380 0.667776
vt 0.125000 0.608233
vt 0.086851 0.136912
vt 0.118592 0.490780
vt 0.104771 0.455963
vt 0.101897 0.390053
vt 0.101552 0.328240
vt 0.110077 0.781250
vt 0.109114 0.733881
vt 0.101897 0.609947
vt 0.056407 0.093750
vt 0.085438 0.266460
vt 0.086570 0.702865
vt 0.084553 0.656250
vt 0.108686 0.218750
vt 0.075362 0.200740
vt 0.086531 0.562500
vt 0.117199 0.546801
vt 0.085249 0.515490
vt 0.054238 0.968750
vt 0.034920 0.937500
vt 0.074104 0.829865
vt 0.064882 0.769052
vt 0.067128 0.637547
vt 0.069747 0.468750
vt 0.085978 0.437500
vt 0.070976 0.390867
vt 0.071697 0.593750
vt 0.054728 0.562500
vt 0.049354 0.906250
vt 0.039061 0.875000
vt 0.054727 0.437500
vt 0.078125 0.328096
vt 0.054677 0.328240
vt 0.062500 0.703158
vt 0.046875 0.609389
vt 0.057571 0.511535
vt 0.031244 0.515610
vt 0.035216 0.456784
vt 0.042205 0.387759
vt 0.038906 0.734261
vt 0.057592 0.262036
vt 0.031036 0.281250
vt 0.021216 0.218750
vt 0.015611 0.062500
vt 0.032504 0.827093
vt 0.010020 0.796552
vt 0.025612 0.331657
vt 0.015363 0.250000
vt 0.039052 0.671760
vt 0.024101 0.609133
vt 0.010260 0.447181
vt 0.007656 0.734261
vt 0.023478 0.562500
vt 0.006428 0.531250
vt 0.000000 0.859323
vt 0.000000 0.406250
vt 0.021745 0.395796
vt 0.000000 0.359402
vt 0.000000 0.187500
vt 0.033217 0.187500
vt 0.000000 0.485701
vt 0.996514 0.796552
vt 0.975786 0.765627
vt 1.000000 0.734261
vt 0.991456 0.359402
vt 0.974734 0.301582
vt 0.996306 0.297993
vt 0.973010 0.698681
vt 1.000000 0.687500
vt 1.000000 0.250000
vt 0.975786 0.234373
vt 0.977771 0.187500
vt 0.964460 0.138411
vt 1.000000 0.141170
vt 1.000000 0.531250
vt 0.992228 0.562500
vt 0.975178 0.531250
vt 0.983449 0.937500
vt 0.938686 0.920563
vt 1.000000 0.906250
vt 0.992132 0.485701
vt 0.990490 0.416724
vt 1.000000 0.437500
vt 0.990803 0.656250
vt 0.962716 0.645502
vt 0.995330 0.612240
vt 0.964309 0.488575
vt 0.990901 0.031250
vt 0.977296 0.062500
vt 0.976562 0.000000
vt 0.983194 0.859323
vt 0.949598 0.829127
vt 0.945156 0.265739
vt 0.935531 0.218750
vt 0.945976 0.609132
vt 0.974865 0.583276
vt 0.944632 0.546694
vt 0.974488 0.968750
vt 0.928165 0.875000
vt 0.935531 0.781250
vt 0.963372 0.365045
vt 0.945302 0.328240
vt 0.945156 0.734261
vt 0.937500 0.671905
vt 0.915506 0.187500
vt 0.945312 1.000000
vt 0.851235 0.968750
vt 0.930262 0.500000
vt 0.943928 0.468750
vt 0.929727 0.437500
vt 0.961651 0.421854
vt 0.914062 0.156250
vt 0.875057 0.125000
vt 0.940006 0.093750
vt 0.848974 0.062500
vt 0.910267 0.482097
vt 0.914726 0.390868
vt 0.937500 0.390611
vt 0.916967 0.737964
vt 0.913906 0.265739
vt 0.888952 0.235747
vt 0.914814 0.546876
vt 0.896180 0.448667
vt 0.892577 0.843750
vt 0.916301 0.812500
vt 0.888952 0.764253
vt 0.886042 0.388106
vt 0.885987 0.294283
vt 0.914052 0.671760
vt 0.895694 0.708159
vt 0.882081 0.640598
vt 0.914310 0.608652
vt 0.846084 0.093750
vt 0.859354 0.796641
vt 0.863061 0.705774
vt 0.870399 0.419236
vt 0.874729 0.484400
vt 0.848791 0.426519
vt 0.871168 0.891468
vt 0.836697 0.843750
vt 0.850831 0.359402
vt 0.841778 0.750000
vt 0.875074 0.328305
vt 0.843703 0.265621
vt 0.847919 0.667231
vt 0.854327 0.613736
vt 0.882753 0.593750
vt 0.833690 0.324839
vt 0.844377 0.577584
vt 0.833746 0.543403
vt 0.864462 0.518410
vt 0.835936 0.484390
vt 0.820232 0.375000
vt 0.820945 0.702865
vt 0.819581 0.640598
vt 0.821104 0.203102
vt 0.858415 0.218750
vt 0.863196 0.174513
vt 0.823692 0.417797
vt 0.816320 0.799527
vt 0.804681 0.578053
vt 0.804677 0.328240
vt 0.803303 0.750000
vt 0.798925 0.270027
vt 0.780893 0.233889
vt 0.810775 0.143209
vt 0.755637 0.107863
vt 0.808234 0.479257
vt 0.806072 0.531250
vt 0.788251 0.500000
vt 0.780843 0.843750
vt 0.803303 0.437500
vt 0.792205 0.387760
vt 0.781193 0.718750
vt 0.788982 0.625000
vt 0.771218 0.605997
vt 0.783217 0.187500
vt 0.749168 0.156250
vt 0.773064 0.546300
vt 0.774021 0.468750
vt 0.773788 0.421110
vt 0.781376 0.796570
vt 0.777114 0.323645
vt 0.757132 0.360547
vt 0.758663 0.295175
vt 0.760701 0.669550
vt 0.789052 0.671760
vt 0.757812 1.000000
vt 0.506428 0.468750
vt 0.472656 0.643989
vt 0.349733 0.301581
vt 0.152114 0.676355
vt 0.022975 0.141170
vt 0.011489 0.676355
vt 0.004928 0.297993
vt 0.000000 0.612240
vt 0.000000 0.656250
vt 0.000000 0.562500
vt 1.000000 0.093750
vt 1.000000 0.218750
vt 0.914052 0.328240
vt 0.885343 0.552159
s 1
f 10/1/10 25/2/25 15/3/15
f 101/4/101 59/5/59 1/6/1
f 7/7/7 8/8/8 470/9/470
f 475/10/475 463/11/463 28/12/28
f 8/8/8 12/13/12 476/14/476
f 18/15/18 11/16/11 3/17/3
f 4/18/4 11/16/11 19/19/19
f 14/20/14 24/21/24 10/1/10
f 4/18/4 19/19/19 5/22/5
f 5/22/5 19/19/19 20/23/20
f 6/24/6 20/23/20 21/25/21
f 7/7/7 22/26/22 8/8/8
f 59/5/59 28/12/28 463/11/463
f 15/3/15 25/2/25 42/27/42
f 22/26/22 23/28/23 12/13/12
f 9/29/9 26/30/26 13/31/13
f 19/19/19 30/32/30 38/33/38
f 24/21/24 36/34/36 25/2/25
f 19/19/19 38/33/38 20/23/20
f 20/23/20 31/35/31 21/25/21
f 21/25/21 31/35/31 32/36/32
f 28/12/28 45/37/45 2/38/2
f 24/21/24 27/39/27 41/40/41
f 34/41/34 40/42/40 26/30/26
f 59/5/59 73/43/73 28/12/28
f 33/44/33 39/45/39 34/41/34
f 58/46/58 100/47/100 37/48/37
f 311/49/311 37/48/37 100/47/100
f 29/50/29 45/37/45 51/51/51
f 29/50/29 46/52/46 30/32/30
f 35/53/35 50/54/50 41/40/41
f 36/34/36 41/40/41 57/55/57
f 36/34/36 57/55/57 65/56/65
f 38/33/38 48/57/48 31/35/31
f 41/40/41 50/54/50 57/55/57
f 42/27/42 66/58/66 43/59/43
f 44/60/44 82/61/82 45/37/45
f 56/62/56 54/63/54 55/64/55
f 50/54/50 56/62/56 64/65/64
f 46/52/46 51/51/51 60/66/60
f 46/52/46 60/66/60 47/67/47
f 52/68/52 61/69/61 48/57/48
f 48/57/48 62/70/62 49/71/49
f 53/72/53 63/73/63 54/63/54
f 64/65/64 71/74/71 57/55/57
f 60/66/60 67/75/67 52/68/52
f 57/55/57 71/74/71 80/76/80
f 65/56/65 87/77/87 66/58/66
f 62/70/62 68/78/68 53/72/53
f 72/79/72 131/80/131 58/46/58
f 63/73/63 78/81/78 54/63/54
f 61/69/61 67/75/67 76/82/76
f 80/76/80 81/83/81 65/56/65
f 66/58/66 87/77/87 115/84/115
f 101/4/101 102/85/102 59/5/59
f 63/73/63 68/78/68 69/86/69
f 73/43/73 82/61/82 44/60/44
f 55/64/55 78/81/78 70/87/70
f 82/61/82 74/88/74 51/51/51
f 77/89/77 84/90/84 68/78/68
f 115/84/115 109/91/109 72/79/72
f 70/87/70 78/81/78 86/92/86
f 79/93/79 92/94/92 71/74/71
f 75/95/75 83/96/83 67/75/67
f 81/83/81 108/97/108 87/77/87
f 102/85/102 137/98/137 73/43/73
f 85/99/85 86/92/86 78/81/78
f 70/87/70 86/92/86 91/100/91
f 75/95/75 74/88/74 88/101/88
f 84/90/84 90/102/90 96/103/96
f 84/90/84 96/103/96 85/99/85
f 82/61/82 137/98/137 116/104/116
f 85/99/85 97/105/97 86/92/86
f 88/101/88 95/106/95 83/96/83
f 81/83/81 99/107/99 108/97/108
f 108/97/108 123/108/123 87/77/87
f 98/109/98 106/110/106 91/100/91
f 91/100/91 106/110/106 107/111/107
f 94/112/94 103/113/103 88/101/88
f 91/100/91 107/111/107 92/94/92
f 95/106/95 104/114/104 89/115/89
f 89/115/89 104/114/104 90/102/90
f 93/116/93 117/117/117 94/112/94
f 107/111/107 121/118/121 99/107/99
f 103/113/103 110/119/110 95/106/95
f 95/106/95 110/119/110 118/120/118
f 96/103/96 105/121/105 111/122/111
f 117/117/117 124/123/124 103/113/103
f 108/97/108 114/124/114 122/125/122
f 104/114/104 119/126/119 105/121/105
f 101/4/101 312/127/312 206/128/206
f 115/84/115 136/129/136 109/91/109
f 116/104/116 132/130/132 93/116/93
f 113/131/113 120/132/120 106/110/106
f 114/124/114 121/118/121 135/133/135
f 123/108/123 136/129/136 115/84/115
f 120/132/120 130/134/130 121/118/121
f 124/123/124 125/135/125 110/119/110
f 122/125/122 135/133/135 152/136/152
f 137/98/137 161/137/161 116/104/116
f 117/117/117 132/130/132 145/138/145
f 129/139/129 134/140/134 120/132/120
f 120/132/120 134/140/134 130/134/130
f 130/134/130 143/141/143 121/118/121
f 127/142/127 133/143/133 140/144/140
f 127/142/127 140/144/140 128/145/128
f 136/129/136 189/146/189 131/80/131
f 128/145/128 140/144/140 141/147/141
f 311/148/311 100/47/100 198/149/198
f 130/134/130 134/140/134 150/150/150
f 146/151/146 147/152/147 124/123/124
f 135/133/135 143/141/143 151/153/151
f 161/137/161 144/154/144 132/130/132
f 139/155/139 148/156/148 133/143/133
f 141/147/141 157/157/157 142/158/142
f 150/150/150 149/159/149 158/160/158
f 147/152/147 154/161/154 138/162/138
f 143/141/143 150/150/150 167/163/167
f 159/164/159 179/165/179 136/129/136
f 140/144/140 148/156/148 156/166/156
f 160/167/160 180/168/180 137/98/137
f 145/138/145 144/154/144 173/169/173
f 158/160/158 167/163/167 150/150/150
f 151/153/151 167/163/167 172/170/172
f 151/153/151 168/171/168 152/136/152
f 155/172/155 163/173/163 148/156/148
f 157/157/157 156/166/156 165/174/165
f 149/159/149 157/157/157 166/175/166
f 158/160/158 171/176/171 167/163/167
f 153/177/153 162/178/162 154/161/154
f 168/171/168 179/165/179 159/164/159
f 156/166/156 164/179/164 175/180/175
f 165/174/165 170/181/170 157/157/157
f 161/137/161 190/182/190 144/154/144
f 158/160/158 166/175/166 171/176/171
f 168/171/168 172/170/172 196/183/196
f 169/184/169 174/185/174 163/173/163
f 168/171/168 196/183/196 197/186/197
f 206/128/206 253/187/253 160/167/160
f 175/180/175 176/188/176 165/174/165
f 161/137/161 180/168/180 190/182/190
f 170/181/170 186/189/186 166/175/166
f 166/175/166 186/189/186 177/190/177
f 167/163/167 171/176/171 178/191/178
f 153/177/153 173/169/173 191/192/191
f 153/177/153 191/192/191 181/193/181
f 153/177/153 181/193/181 162/178/162
f 184/194/184 185/195/185 176/188/176
f 185/195/185 194/196/194 186/189/186
f 190/182/190 207/197/207 173/169/173
f 177/190/177 186/189/186 195/198/195
f 182/199/182 192/200/192 174/185/174
f 179/165/179 197/186/197 213/201/213
f 253/187/253 219/202/219 180/168/180
f 189/146/189 188/203/188 244/204/244
f 194/196/194 195/198/195 186/189/186
f 177/190/177 195/198/195 204/205/204
f 191/192/191 199/206/199 181/193/181
f 192/200/192 193/207/193 183/208/183
f 202/209/202 211/210/211 194/196/194
f 191/192/191 207/197/207 221/211/221
f 192/200/192 200/212/200 209/213/209
f 196/183/196 212/214/212 218/215/218
f 196/183/196 218/215/218 197/186/197
f 213/201/213 243/216/243 188/203/188
f 219/202/219 236/217/236 190/182/190
f 204/205/204 203/218/203 216/219/216
f 221/211/221 208/220/208 199/206/199
f 204/205/204 216/219/216 205/221/205
f 205/221/205 216/219/216 217/222/217
f 199/206/199 214/223/214 200/212/200
f 218/215/218 235/224/235 213/201/213
f 201/225/201 210/226/210 215/227/215
f 201/225/201 215/227/215 202/209/202
f 209/213/209 214/223/214 222/228/222
f 235/224/235 252/229/252 213/201/213
f 211/210/211 215/227/215 224/230/224
f 207/197/207 236/217/236 237/231/237
f 203/218/203 225/232/225 226/233/226
f 217/222/217 234/234/234 218/215/218
f 226/233/226 232/235/232 216/219/216
f 208/220/208 227/236/227 214/223/214
f 222/228/222 240/237/240 223/238/223
f 229/239/229 228/240/228 241/241/241
f 253/187/253 267/242/267 219/202/219
f 224/230/224 229/239/229 242/243/242
f 230/244/230 231/245/231 225/232/225
f 237/231/237 245/246/245 220/247/220
f 220/247/220 245/246/245 221/211/221
f 226/233/226 231/245/231 232/235/232
f 222/228/222 227/236/227 239/248/239
f 241/241/241 242/243/242 229/239/229
f 242/243/242 248/249/248 230/244/230
f 230/244/230 248/249/248 231/245/231
f 231/245/231 248/249/248 249/250/249
f 238/251/238 246/252/246 227/236/227
f 234/234/234 233/253/233 251/254/251
f 243/216/243 296/255/296 244/204/244
f 237/231/237 259/256/259 245/246/245
f 238/251/238 245/246/245 254/257/254
f 233/253/233 250/258/250 266/259/266
f 239/248/239 246/252/246 255/260/255
f 241/241/241 247/261/247 262/262/262
f 311/263/311 198/149/198 350/264/350
f 245/246/245 259/256/259 254/257/254
f 249/250/249 264/265/264 265/266/265
f 249/250/249 265/266/265 250/258/250
f 254/257/254 260/267/260 246/252/246
f 250/258/250 265/266/265 266/259/266
f 266/259/266 273/268/273 251/254/251
f 247/261/247 256/269/256 261/270/261
f 252/229/252 258/271/258 288/272/288
f 198/149/198 296/255/296 350/264/350
f 257/273/257 263/274/263 248/249/248
f 265/266/265 264/265/264 272/275/272
f 255/260/255 260/267/260 269/276/269
f 255/260/255 269/276/269 256/269/256
f 312/277/312 297/278/297 253/187/253
f 288/272/288 295/279/295 243/216/243
f 257/273/257 262/262/262 271/280/271
f 261/270/261 270/281/270 275/282/275
f 271/280/271 277/283/277 263/274/263
f 267/242/267 280/284/280 259/256/259
f 263/274/263 277/283/277 264/265/264
f 264/265/264 277/283/277 272/275/272
f 272/275/272 278/285/278 265/266/265
f 274/286/274 268/287/268 260/267/260
f 287/288/287 304/289/304 279/290/279
f 269/276/269 283/291/283 270/281/270
f 271/280/271 276/292/276 285/293/285
f 289/294/289 313/295/313 267/242/267
f 272/275/272 277/283/277 286/296/286
f 274/286/274 290/297/290 268/287/268
f 273/268/273 278/285/278 287/288/287
f 283/291/283 284/298/284 275/282/275
f 285/293/285 292/299/292 277/283/277
f 274/286/274 281/300/281 290/297/290
f 280/284/280 313/295/313 298/301/298
f 280/284/280 298/301/298 281/300/281
f 292/299/292 293/302/293 286/296/286
f 287/288/287 294/303/294 303/304/303
f 299/305/299 291/306/291 283/291/283
f 304/289/304 328/307/328 288/272/288
f 301/308/301 308/309/308 292/299/292
f 292/299/292 308/309/308 302/310/302
f 293/302/293 302/310/302 309/311/309
f 290/297/290 305/312/305 306/313/306
f 293/302/293 309/311/309 294/303/294
f 294/303/294 309/311/309 303/304/303
f 299/305/299 307/314/307 291/306/291
f 328/307/328 340/315/340 295/279/295
f 303/304/303 309/311/309 320/316/320
f 306/313/306 314/317/314 299/305/299
f 299/305/299 314/317/314 315/318/315
f 310/319/310 327/320/327 304/289/304
f 304/289/304 327/320/327 328/307/328
f 307/314/307 316/321/316 300/322/300
f 300/322/300 316/321/316 317/323/317
f 297/278/297 375/324/375 367/325/367
f 298/301/298 313/295/313 329/326/329
f 305/312/305 330/327/330 306/313/306
f 310/319/310 320/316/320 327/320/327
f 315/318/315 322/328/322 307/314/307
f 317/323/317 324/329/324 308/309/308
f 318/330/318 325/331/325 302/310/302
f 329/326/329 330/327/330 305/312/305
f 316/321/316 323/332/323 332/333/332
f 351/334/351 341/335/341 313/295/313
f 324/329/324 334/336/334 318/330/318
f 319/337/319 325/331/325 336/338/336
f 330/327/330 321/339/321 314/317/314
f 322/328/322 331/340/331 323/332/323
f 333/341/333 332/333/332 345/342/345
f 324/329/324 333/341/333 339/343/339
f 334/336/334 335/344/335 325/331/325
f 330/327/330 337/345/337 321/339/321
f 326/346/326 336/338/336 348/347/348
f 327/320/327 326/346/326 359/348/359
f 340/315/340 390/349/390 296/255/296
f 329/326/329 341/335/341 342/350/342
f 330/327/330 342/350/342 352/351/352
f 336/338/336 335/344/335 347/352/347
f 326/346/326 348/347/348 358/353/358
f 338/354/338 343/355/343 331/340/331
f 339/343/339 345/342/345 356/356/356
f 352/351/352 353/357/353 337/345/337
f 345/342/345 344/358/344 355/359/355
f 341/335/341 368/360/368 342/350/342
f 356/356/356 365/361/365 346/362/346
f 346/362/346 365/361/365 366/363/366
f 359/348/359 380/364/380 349/365/349
f 355/359/355 364/366/364 345/342/345
f 341/335/341 351/334/351 368/360/368
f 352/367/352 369/368/369 353/369/353
f 366/370/366 373/371/373 357/372/357
f 353/369/353 370/373/370 354/374/354
f 358/375/358 357/372/357 374/376/374
f 380/377/380 381/378/381 360/379/360
f 355/380/355 363/381/363 372/382/372
f 367/383/367 405/384/405 351/385/351
f 364/386/364 365/387/365 356/388/356
f 361/389/361 370/373/370 376/390/376
f 361/389/361 376/390/376 362/391/362
f 372/382/372 377/392/377 364/386/364
f 350/393/350 390/394/390 37/48/37
f 311/395/311 350/393/350 37/48/37
f 368/396/368 391/397/391 352/367/352
f 374/376/374 389/398/389 397/399/397
f 376/390/376 384/400/384 371/401/371
f 371/401/371 384/400/384 385/402/385
f 375/403/375 405/384/405 367/383/367
f 368/396/368 405/384/405 398/404/398
f 369/368/369 391/397/391 392/405/392
f 379/406/379 388/407/388 373/371/373
f 369/368/369 382/408/382 370/373/370
f 373/371/373 388/407/388 389/398/389
f 382/408/382 383/409/383 370/373/370
f 397/399/397 412/410/412 380/377/380
f 375/403/375 312/411/312 457/412/457
f 385/402/385 394/413/394 377/392/377
f 386/414/386 395/415/395 378/416/378
f 381/378/381 413/417/413 439/418/439
f 390/394/390 414/419/414 462/420/462
f 386/414/386 394/413/394 402/421/402
f 395/415/395 403/422/403 387/423/387
f 392/405/392 399/424/399 382/408/382
f 397/399/397 396/425/396 420/426/420
f 401/427/401 402/421/402 394/413/394
f 402/421/402 409/428/409 395/415/395
f 398/404/398 415/429/415 391/397/391
f 392/405/392 406/430/406 416/431/416
f 409/428/409 410/432/410 403/422/403
f 396/425/396 411/433/411 420/426/420
f 393/434/393 407/435/407 417/436/417
f 393/434/393 417/436/417 400/437/400
f 457/412/457 1/6/1 405/384/405
f 439/418/439 446/438/446 414/419/414
f 415/429/415 426/439/426 406/430/406
f 416/431/416 427/440/427 407/435/407
f 419/441/419 422/442/422 423/443/423
f 425/444/425 440/445/440 415/429/415
f 410/432/410 419/441/419 430/446/430
f 416/431/416 426/439/426 433/447/433
f 411/433/411 424/448/424 438/449/438
f 417/436/417 427/440/427 428/450/428
f 417/436/417 429/451/429 418/452/418
f 430/446/430 437/453/437 424/448/424
f 434/454/434 435/455/435 421/456/421
f 421/456/421 435/455/435 436/457/436
f 421/456/421 436/457/436 422/442/422
f 430/446/430 444/458/444 437/453/437
f 433/447/433 441/459/441 427/440/427
f 427/440/427 441/459/441 428/450/428
f 428/450/428 441/459/441 442/460/442
f 438/449/438 445/461/445 431/462/431
f 428/450/428 442/460/442 429/451/429
f 431/462/431 445/461/445 432/463/432
f 1/6/1 463/11/463 425/444/425
f 425/444/425 463/11/463 475/10/475
f 423/443/423 436/457/436 443/464/443
f 440/445/440 447/465/447 426/439/426
f 442/460/442 450/466/450 434/454/434
f 437/453/437 444/458/444 455/467/455
f 433/447/433 447/465/447 448/468/448
f 460/469/460 474/470/474 445/461/445
f 461/471/461 17/472/17 446/438/446
f 452/473/452 451/474/451 459/475/459
f 475/10/475 464/476/464 440/445/440
f 453/477/453 454/478/454 443/464/443
f 448/468/448 466/479/466 441/459/441
f 449/480/449 468/481/468 450/466/450
f 456/482/456 16/483/16 461/471/461
f 450/466/450 468/481/468 469/484/469
f 450/466/450 469/484/469 451/474/451
f 459/475/459 471/485/471 452/473/452
f 453/477/453 472/486/472 454/478/454
f 464/476/464 465/487/465 447/465/447
f 455/467/455 454/478/454 473/488/473
f 448/468/448 465/487/465 3/17/3
f 469/484/469 470/9/470 459/475/459
f 462/420/462 17/472/17 58/46/58
f 454/478/454 472/486/472 477/489/477
f 460/469/460 473/488/473 478/490/478
f 466/479/466 467/491/467 458/492/458
f 16/483/16 17/472/17 461/471/461
f 470/9/470 8/8/8 471/485/471
f 475/10/475 2/38/2 464/476/464
f 477/489/477 478/490/478 473/488/473
f 466/479/466 3/17/3 4/18/4
f 478/490/478 10/1/10 474/470/474
f 468/481/468 467/491/467 6/24/6
f 457/412/457 312/493/312 101/4/101
f 6/24/6 467/491/467 5/22/5
f 463/11/463 1/6/1 59/5/59
f 2/38/2 475/10/475 28/12/28
f 476/14/476 12/13/12 9/29/9
f 14/20/14 478/490/478 477/489/477 13/31/13
f 27/39/27 24/21/24 14/20/14 13/31/13
f 4/18/4 3/17/3 11/16/11
f 478/490/478 14/20/14 10/1/10
f 10/1/10 24/21/24 25/2/25
f 6/24/6 5/22/5 20/23/20
f 7/7/7 6/24/6 21/25/21
f 7/7/7 21/25/21 22/26/22
f 17/472/17 43/59/43 58/46/58
f 8/8/8 22/26/22 12/13/12
f 43/59/43 17/472/17 16/483/16 42/27/42
f 19/19/19 11/16/11 30/32/30
f 16/483/16 15/3/15 42/27/42
f 26/30/26 9/29/9 12/13/12 23/28/23
f 33/44/33 34/41/34 23/28/23 22/26/22
f 13/31/13 26/30/26 27/39/27
f 20/23/20 38/33/38 31/35/31
f 25/2/25 36/34/36 42/27/42
f 22/26/22 21/25/21 32/36/32
f 22/26/22 32/36/32 33/44/33
f 45/37/45 29/50/29 18/15/18 2/38/2
f 23/28/23 34/41/34 26/30/26
f 49/71/49 32/36/32 31/35/31 48/57/48
f 11/16/11 18/15/18 29/50/29
f 27/39/27 26/30/26 35/53/35
f 30/32/30 11/16/11 29/50/29
f 28/12/28 44/60/44 45/37/45
f 35/53/35 26/30/26 40/42/40
f 27/39/27 35/53/35 41/40/41
f 36/34/36 24/21/24 41/40/41
f 49/71/49 39/45/39 33/44/33 32/36/32
f 54/63/54 56/62/56 40/42/40 34/41/34
f 43/59/43 72/79/72 58/46/58
f 44/60/44 28/12/28 73/43/73
f 34/41/34 39/45/39 54/63/54
f 47/67/47 52/68/52 38/33/38 30/32/30
f 29/50/29 51/51/51 46/52/46
f 30/32/30 46/52/46 47/67/47
f 50/54/50 35/53/35 40/42/40 56/62/56
f 36/34/36 65/56/65 42/27/42
f 39/45/39 49/71/49 53/72/53
f 39/45/39 53/72/53 54/63/54
f 76/82/76 77/89/77 62/70/62 61/69/61
f 48/57/48 38/33/38 52/68/52
f 42/27/42 65/56/65 66/58/66
f 43/59/43 66/58/66 72/79/72
f 51/51/51 45/37/45 82/61/82
f 50/54/50 64/65/64 57/55/57
f 47/67/47 60/66/60 52/68/52
f 48/57/48 61/69/61 62/70/62
f 49/71/49 62/70/62 53/72/53
f 64/65/64 56/62/56 55/64/55
f 61/69/61 52/68/52 67/75/67
f 57/55/57 80/76/80 65/56/65
f 53/72/53 68/78/68 63/73/63
f 100/47/100 58/46/58 131/80/131
f 55/64/55 54/63/54 78/81/78
f 64/65/64 79/93/79 71/74/71
f 60/66/60 75/95/75 67/75/67
f 65/56/65 81/83/81 87/77/87
f 70/87/70 79/93/79 64/65/64 55/64/55
f 62/70/62 77/89/77 68/78/68
f 72/79/72 66/58/66 115/84/115
f 59/5/59 102/85/102 73/43/73
f 78/81/78 63/73/63 69/86/69
f 75/95/75 60/66/60 51/51/51 74/88/74
f 84/90/84 85/99/85 69/86/69 68/78/68
f 76/82/76 67/75/67 83/96/83
f 90/102/90 77/89/77 76/82/76 89/115/89
f 131/80/131 72/79/72 109/91/109
f 69/86/69 85/99/85 78/81/78
f 93/116/93 94/112/94 74/88/74 82/61/82
f 77/89/77 90/102/90 84/90/84
f 73/43/73 137/98/137 82/61/82
f 92/94/92 99/107/99 80/76/80 71/74/71
f 79/93/79 70/87/70 91/100/91
f 79/93/79 91/100/91 92/94/92
f 83/96/83 75/95/75 88/101/88
f 111/122/111 112/494/112 97/105/97 96/103/96
f 80/76/80 99/107/99 81/83/81
f 76/82/76 83/96/83 89/115/89
f 115/84/115 87/77/87 123/108/123
f 85/99/85 96/103/96 97/105/97
f 82/61/82 116/104/116 93/116/93
f 86/92/86 97/105/97 98/109/98
f 91/100/91 86/92/86 98/109/98
f 74/88/74 94/112/94 88/101/88
f 83/96/83 95/106/95 89/115/89
f 92/94/92 107/111/107 99/107/99
f 95/106/95 88/101/88 103/113/103
f 99/107/99 114/124/114 108/97/108
f 90/102/90 104/114/104 105/121/105
f 96/103/96 90/102/90 105/121/105
f 98/109/98 97/105/97 113/131/113
f 98/109/98 113/131/113 106/110/106
f 94/112/94 117/117/117 103/113/103
f 114/124/114 99/107/99 121/118/121
f 95/106/95 118/120/118 104/114/104
f 123/108/123 108/97/108 122/125/122
f 160/167/160 102/85/102 101/4/101 206/128/206
f 97/105/97 112/494/112 113/131/113
f 107/111/107 106/110/106 120/132/120
f 107/111/107 120/132/120 121/118/121
f 103/113/103 124/123/124 110/119/110
f 104/114/104 118/120/118 119/126/119
f 111/122/111 105/121/105 119/126/119
f 125/135/125 126/495/126 118/120/118 110/119/110
f 102/85/102 160/167/160 137/98/137
f 131/80/131 109/91/109 136/129/136
f 93/116/93 132/130/132 117/117/117
f 129/139/129 113/131/113 112/494/112 128/145/128
f 114/124/114 135/133/135 122/125/122
f 111/122/111 119/126/119 127/142/127
f 111/122/111 127/142/127 128/145/128
f 112/494/112 111/122/111 128/145/128
f 133/143/133 119/126/119 118/120/118 126/495/126
f 113/131/113 129/139/129 120/132/120
f 152/136/152 159/164/159 123/108/123 122/125/122
f 198/149/198 100/47/100 131/80/131 189/146/189
f 119/126/119 133/143/133 127/142/127
f 136/129/136 123/108/123 159/164/159
f 116/104/116 161/137/161 132/130/132
f 117/117/117 145/138/145 146/151/146
f 117/117/117 146/151/146 124/123/124
f 135/133/135 121/118/121 143/141/143
f 142/158/142 129/139/129 128/145/128 141/147/141
f 138/162/138 125/135/125 124/123/124 147/152/147
f 134/140/134 129/139/129 142/158/142
f 130/134/130 150/150/150 143/141/143
f 138/162/138 139/155/139 126/495/126 125/135/125
f 154/161/154 155/172/155 139/155/139 138/162/138
f 126/495/126 139/155/139 133/143/133
f 136/129/136 188/203/188 189/146/189
f 145/138/145 132/130/132 144/154/144
f 134/140/134 142/158/142 149/159/149
f 150/150/150 134/140/134 149/159/149
f 152/136/152 135/133/135 151/153/151
f 140/144/140 133/143/133 148/156/148
f 161/137/161 137/98/137 180/168/180
f 149/159/149 142/158/142 157/157/157
f 151/153/151 143/141/143 167/163/167
f 156/166/156 157/157/157 141/147/141 140/144/140
f 139/155/139 155/172/155 148/156/148
f 136/129/136 179/165/179 188/203/188
f 173/169/173 153/177/153 146/151/146 145/138/145
f 162/178/162 169/184/169 155/172/155 154/161/154
f 158/160/158 149/159/149 166/175/166
f 147/152/147 146/151/146 153/177/153
f 147/152/147 153/177/153 154/161/154
f 151/153/151 172/170/172 168/171/168
f 152/136/152 168/171/168 159/164/159
f 148/156/148 163/173/163 164/179/164
f 156/166/156 148/156/148 164/179/164
f 174/185/174 175/180/175 164/179/164 163/173/163
f 155/172/155 169/184/169 163/173/163
f 156/166/156 175/180/175 165/174/165
f 166/175/166 157/157/157 170/181/170
f 173/169/173 144/154/144 190/182/190
f 172/170/172 167/163/167 178/191/178
f 169/184/169 162/178/162 182/199/182
f 168/171/168 197/186/197 179/165/179
f 186/189/186 170/181/170 176/188/176 185/195/185
f 160/167/160 253/187/253 180/168/180
f 165/174/165 176/188/176 170/181/170
f 171/176/171 166/175/166 177/190/177
f 169/184/169 182/199/182 174/185/174
f 174/185/174 183/208/183 175/180/175
f 175/180/175 184/194/184 176/188/176
f 202/209/202 185/195/185 184/194/184 201/225/201
f 171/176/171 177/190/177 187/496/187
f 178/191/178 171/176/171 187/496/187
f 162/178/162 181/193/181 182/199/182
f 172/170/172 178/191/178 196/183/196
f 184/194/184 175/180/175 183/208/183
f 188/203/188 179/165/179 213/201/213
f 173/169/173 207/197/207 191/192/191
f 174/185/174 192/200/192 183/208/183
f 205/221/205 187/496/187 177/190/177 204/205/204
f 190/182/190 180/168/180 219/202/219
f 189/146/189 244/204/244 198/149/198
f 185/195/185 202/209/202 194/196/194
f 200/212/200 182/199/182 181/193/181 199/206/199
f 205/221/205 212/214/212 178/191/178 187/496/187
f 193/207/193 201/225/201 184/194/184 183/208/183
f 192/200/192 182/199/182 200/212/200
f 178/191/178 212/214/212 196/183/196
f 203/218/203 195/198/195 194/196/194 211/210/211
f 207/197/207 190/182/190 236/217/236
f 210/226/210 193/207/193 192/200/192 209/213/209
f 204/205/204 195/198/195 203/218/203
f 191/192/191 221/211/221 199/206/199
f 223/238/223 210/226/210 209/213/209 222/228/222
f 197/186/197 218/215/218 213/201/213
f 201/225/201 193/207/193 210/226/210
f 244/204/244 188/203/188 243/216/243
f 221/211/221 207/197/207 220/247/220
f 199/206/199 208/220/208 214/223/214
f 212/214/212 205/221/205 217/222/217
f 209/213/209 200/212/200 214/223/214
f 211/210/211 202/209/202 215/227/215
f 212/214/212 217/222/217 218/215/218
f 225/232/225 203/218/203 211/210/211 224/230/224
f 218/215/218 234/234/234 235/224/235
f 215/227/215 210/226/210 223/238/223
f 206/128/206 312/277/312 253/187/253
f 213/201/213 252/229/252 243/216/243
f 228/240/228 229/239/229 215/227/215 223/238/223
f 220/247/220 207/197/207 237/231/237
f 216/219/216 203/218/203 226/233/226
f 222/228/222 214/223/214 227/236/227
f 232/235/232 233/253/233 217/222/217 216/219/216
f 224/230/224 215/227/215 229/239/229
f 224/230/224 230/244/230 225/232/225
f 238/251/238 208/220/208 221/211/221 245/246/245
f 228/240/228 223/238/223 240/237/240
f 219/202/219 267/242/267 236/217/236
f 224/230/224 242/243/242 230/244/230
f 226/233/226 225/232/225 231/245/231
f 258/271/258 235/224/235 234/234/234 251/254/251
f 208/220/208 238/251/238 227/236/227
f 234/234/234 217/222/217 233/253/233
f 222/228/222 239/248/239 240/237/240
f 235/224/235 258/271/258 252/229/252
f 241/241/241 228/240/228 247/261/247
f 232/235/232 231/245/231 249/250/249
f 232/235/232 249/250/249 250/258/250
f 233/253/233 232/235/232 250/258/250
f 239/248/239 227/236/227 246/252/246
f 259/256/259 237/231/237 236/217/236 267/242/267
f 228/240/228 240/237/240 247/261/247
f 198/149/198 244/204/244 296/255/296
f 242/243/242 257/273/257 248/249/248
f 256/269/256 240/237/240 239/248/239 255/260/255
f 238/251/238 254/257/254 246/252/246
f 233/253/233 266/259/266 251/254/251
f 297/278/297 289/294/289 267/242/267 253/187/253
f 240/237/240 256/269/256 247/261/247
f 241/241/241 262/262/262 242/243/242
f 248/249/248 263/274/263 264/265/264
f 249/250/249 248/249/248 264/265/264
f 255/260/255 246/252/246 260/267/260
f 251/254/251 273/268/273 279/290/279
f 251/254/251 279/290/279 258/271/258
f 262/262/262 247/261/247 261/270/261
f 252/229/252 288/272/288 243/216/243
f 257/273/257 242/243/242 262/262/262
f 254/257/254 274/286/274 260/267/260
f 256/269/256 269/276/269 270/281/270
f 261/270/261 256/269/256 270/281/270
f 258/271/258 279/290/279 288/272/288
f 276/292/276 262/262/262 261/270/261 275/282/275
f 243/216/243 295/279/295 296/255/296
f 257/273/257 271/280/271 263/274/263
f 266/259/266 265/266/265 278/285/278
f 273/268/273 266/259/266 278/285/278
f 269/276/269 260/267/260 268/287/268
f 273/268/273 287/288/287 279/290/279
f 285/293/285 276/292/276 275/282/275 284/298/284
f 271/280/271 262/262/262 276/292/276
f 259/256/259 280/284/280 281/300/281
f 254/257/254 259/256/259 281/300/281
f 254/257/254 281/300/281 274/286/274
f 269/276/269 282/497/282 283/291/283
f 275/282/275 270/281/270 283/291/283
f 271/280/271 285/293/285 277/283/277
f 280/284/280 267/242/267 313/295/313
f 272/275/272 286/296/286 278/285/278
f 268/287/268 290/297/290 282/497/282
f 269/276/269 268/287/268 282/497/282
f 288/272/288 279/290/279 304/289/304
f 297/278/297 312/277/312 375/324/375
f 294/303/294 278/285/278 286/296/286 293/302/293
f 286/296/286 277/283/277 292/299/292
f 301/308/301 285/293/285 284/298/284 300/322/300
f 287/288/287 278/285/278 294/303/294
f 282/497/282 299/305/299 283/291/283
f 288/272/288 328/307/328 295/279/295
f 299/305/299 282/497/282 290/297/290 306/313/306
f 285/293/285 301/308/301 292/299/292
f 281/300/281 298/301/298 305/312/305
f 290/297/290 281/300/281 305/312/305
f 291/306/291 300/322/300 284/298/284 283/291/283
f 287/288/287 303/304/303 310/319/310
f 287/288/287 310/319/310 304/289/304
f 351/334/351 289/294/289 297/278/297 367/325/367
f 293/302/293 292/299/292 302/310/302
f 291/306/291 307/314/307 300/322/300
f 295/279/295 340/315/340 296/255/296
f 305/312/305 298/301/298 329/326/329
f 303/304/303 320/316/320 310/319/310
f 299/305/299 315/318/315 307/314/307
f 301/308/301 300/322/300 317/323/317
f 325/331/325 319/337/319 309/311/309 302/310/302
f 301/308/301 317/323/317 308/309/308
f 313/295/313 289/294/289 351/334/351
f 308/309/308 318/330/318 302/310/302
f 306/313/306 330/327/330 314/317/314
f 320/316/320 309/311/309 319/337/319
f 307/314/307 322/328/322 323/332/323
f 316/321/316 307/314/307 323/332/323
f 308/309/308 324/329/324 318/330/318
f 321/339/321 322/328/322 315/318/315 314/317/314
f 332/333/332 333/341/333 317/323/317 316/321/316
f 327/320/327 320/316/320 326/346/326
f 336/338/336 326/346/326 320/316/320 319/337/319
f 317/323/317 333/341/333 324/329/324
f 329/326/329 313/295/313 341/335/341
f 318/330/318 334/336/334 325/331/325
f 349/365/349 360/498/360 328/307/328 327/320/327
f 322/328/322 338/354/338 331/340/331
f 327/320/327 359/348/359 349/365/349
f 343/355/343 344/358/344 332/333/332 331/340/331
f 332/333/332 323/332/323 331/340/331
f 328/307/328 360/498/360 340/315/340
f 324/329/324 339/343/339 334/336/334
f 330/327/330 329/326/329 342/350/342
f 336/338/336 325/331/325 335/344/335
f 321/339/321 337/345/337 338/354/338
f 322/328/322 321/339/321 338/354/338
f 346/362/346 335/344/335 334/336/334 339/343/339
f 345/342/345 332/333/332 344/358/344
f 339/343/339 333/341/333 345/342/345
f 350/264/350 296/255/296 390/349/390
f 354/499/354 338/354/338 337/345/337 353/357/353
f 330/327/330 352/351/352 337/345/337
f 348/347/348 336/338/336 347/352/347
f 359/348/359 326/346/326 358/353/358
f 9/29/9 13/31/13 477/489/477 476/14/476
f 339/343/339 356/356/356 346/362/346
f 347/352/347 335/344/335 346/362/346
f 348/347/348 347/352/347 357/500/357
f 362/501/362 343/355/343 354/499/354 361/502/361
f 338/354/338 354/499/354 343/355/343
f 342/350/342 368/360/368 352/351/352
f 347/352/347 346/362/346 366/363/366
f 347/352/347 366/363/366 357/500/357
f 358/353/358 348/347/348 357/500/357
f 362/501/362 363/503/363 344/358/344 343/355/343
f 360/498/360 349/365/349 380/364/380
f 414/419/414 340/504/340 360/379/360 381/378/381
f 355/359/355 344/358/344 363/503/363
f 356/356/356 345/342/345 364/366/364
f 353/369/353 369/368/369 370/373/370
f 361/389/361 354/374/354 370/373/370
f 359/505/359 358/375/358 374/376/374
f 359/505/359 374/376/374 380/377/380
f 363/381/363 362/391/362 371/401/371
f 378/416/378 365/387/365 364/386/364 377/392/377
f 355/380/355 372/382/372 364/386/364
f 390/394/390 340/504/340 414/419/414
f 368/396/368 351/385/351 405/384/405
f 366/370/366 379/406/379 373/371/373
f 374/376/374 357/372/357 373/371/373
f 362/391/362 376/390/376 371/401/371
f 372/382/372 363/381/363 371/401/371
f 378/416/378 379/406/379 366/370/366 365/387/365
f 413/417/413 381/378/381 380/377/380 412/410/412
f 369/368/369 352/367/352 391/397/391
f 374/376/374 373/371/373 389/398/389
f 374/376/374 397/399/397 380/377/380
f 372/382/372 371/401/371 385/402/385
f 372/382/372 385/402/385 377/392/377
f 377/392/377 386/414/386 378/416/378
f 368/396/368 398/404/398 391/397/391
f 369/368/369 392/405/392 382/408/382
f 379/406/379 378/416/378 387/423/387
f 392/405/392 391/397/391 406/430/406
f 388/407/388 379/406/379 387/423/387
f 376/390/376 370/373/370 383/409/383
f 376/390/376 383/409/383 384/400/384
f 404/506/404 396/425/396 389/398/389 388/407/388
f 375/403/375 457/412/457 405/384/405
f 386/414/386 377/392/377 394/413/394
f 378/416/378 395/415/395 387/423/387
f 393/434/393 383/409/383 382/408/382 399/424/399
f 400/437/400 384/400/384 383/409/383 393/434/393
f 397/399/397 389/398/389 396/425/396
f 400/437/400 401/427/401 385/402/385 384/400/384
f 403/422/403 404/506/404 388/407/388 387/423/387
f 381/378/381 439/418/439 414/419/414
f 385/402/385 401/427/401 394/413/394
f 390/394/390 462/420/462 37/48/37
f 386/414/386 402/421/402 395/415/395
f 408/507/408 401/427/401 400/437/400 418/452/418
f 397/399/397 420/426/420 412/410/412
f 405/384/405 425/444/425 398/404/398
f 395/415/395 409/428/409 403/422/403
f 406/430/406 391/397/391 415/429/415
f 392/405/392 416/431/416 399/424/399
f 399/424/399 407/435/407 393/434/393
f 400/437/400 417/436/417 418/452/418
f 408/507/408 422/442/422 402/421/402 401/427/401
f 410/432/410 424/448/424 404/506/404 403/422/403
f 402/421/402 422/442/422 409/428/409
f 398/404/398 425/444/425 415/429/415
f 432/463/432 412/410/412 420/426/420 431/462/431
f 404/506/404 424/448/424 411/433/411
f 399/424/399 416/431/416 407/435/407
f 396/425/396 404/506/404 411/433/411
f 413/417/413 432/463/432 439/418/439
f 422/442/422 408/507/408 421/456/421
f 405/384/405 1/6/1 425/444/425
f 462/420/462 414/419/414 446/438/446
f 409/428/409 422/442/422 419/441/419
f 410/432/410 409/428/409 419/441/419
f 416/431/416 406/430/406 426/439/426
f 417/436/417 407/435/407 427/440/427
f 434/454/434 408/507/408 418/452/418 429/451/429
f 413/417/413 412/410/412 432/463/432
f 426/439/426 415/429/415 440/445/440
f 424/448/424 410/432/410 430/446/430
f 416/431/416 433/447/433 427/440/427
f 420/426/420 411/433/411 438/449/438
f 420/426/420 438/449/438 431/462/431
f 417/436/417 428/450/428 429/451/429
f 443/464/443 444/458/444 430/446/430 423/443/423
f 408/507/408 434/454/434 421/456/421
f 430/446/430 419/441/419 423/443/423
f 438/449/438 424/448/424 437/453/437
f 432/463/432 461/471/461 439/418/439
f 423/443/423 422/442/422 436/457/436
f 426/439/426 447/465/447 433/447/433
f 429/451/429 442/460/442 434/454/434
f 461/471/461 432/463/432 445/461/445
f 425/444/425 475/10/475 440/445/440
f 455/467/455 460/469/460 438/449/438 437/453/437
f 433/447/433 448/468/448 441/459/441
f 451/474/451 452/473/452 436/457/436 435/455/435
f 438/449/438 460/469/460 445/461/445
f 435/455/435 434/454/434 450/466/450
f 435/455/435 450/466/450 451/474/451
f 446/438/446 439/418/439 461/471/461
f 452/473/452 453/477/453 443/464/443 436/457/436
f 471/485/471 472/486/472 453/477/453 452/473/452
f 442/460/442 441/459/441 458/492/458
f 442/460/442 458/492/458 449/480/449
f 445/461/445 474/470/474 456/482/456
f 442/460/442 449/480/449 450/466/450
f 461/471/461 445/461/445 456/482/456
f 462/420/462 446/438/446 17/472/17
f 440/445/440 464/476/464 447/465/447
f 444/458/444 443/464/443 454/478/454
f 455/467/455 444/458/444 454/478/454
f 447/465/447 465/487/465 448/468/448
f 441/459/441 466/479/466 458/492/458
f 459/475/459 451/474/451 469/484/469
f 468/481/468 449/480/449 458/492/458 467/491/467
f 448/468/448 3/17/3 466/479/466
f 460/469/460 455/467/455 473/488/473
f 459/475/459 470/9/470 471/485/471
f 462/420/462 58/46/58 37/48/37
f 473/488/473 454/478/454 477/489/477
f 474/470/474 460/469/460 478/490/478
f 476/14/476 472/486/472 471/485/471 8/8/8
f 474/470/474 15/3/15 456/482/456
f 18/15/18 465/487/465 464/476/464 2/38/2
f 4/18/4 5/22/5 467/491/467 466/479/466
f 477/489/477 472/486/472 476/14/476
f 3/17/3 465/487/465 18/15/18
f 6/24/6 7/7/7 469/484/469 468/481/468
f 474/470/474 10/1/10 15/3/15
f 16/483/16 456/482/456 15/3/15
f 1/6/1 457/412/457 101/4/101
f 469/484/469 7/7/7 470/9/470
o Boss_foot_1
v 0.373123 0.372013 0.013831
v 0.380920 0.220631 -0.193303
v 0.408915 0.094806 -0.090176
v 0.379377 0.368328 -0.012946
v 0.387822 0.335147 -0.110360
v 0.414254 0.318050 -0.136187
v 0.417778 0.300852 -0.156298
v 0.416123 0.272300 -0.178881
v 0.420047 0.242779 -0.190869
v 0.417344 0.212372 -0.193259
v 0.412819 0.115837 -0.127855
v 0.452629 0.196566 -0.188197
v 0.448165 0.174390 -0.180037
v 0.446772 0.153649 -0.167022
v 0.443139 0.134604 -0.149393
v 0.400845 0.083274 -0.060293
v 0.396826 0.073595 -0.024458
v 0.423272 0.356882 -0.058039
v 0.427152 0.349332 -0.078973
v 0.443296 0.335400 -0.107152
v 0.469189 0.311565 -0.138878
v 0.477762 0.285291 -0.163519
v 0.483122 0.257719 -0.178926
v 0.485590 0.228903 -0.186020
v 0.502641 0.197795 -0.180052
v 0.449754 0.104084 -0.105094
v 0.506929 0.170308 -0.167794
v 0.504702 0.146886 -0.150688
v 0.480283 0.125136 -0.132494
v 0.432834 0.371982 0.015395
v 0.430709 0.366028 -0.023175
v 0.491338 0.344336 -0.076886
v 0.500531 0.325401 -0.111969
v 0.541055 0.271748 -0.156935
v 0.549158 0.242779 -0.167065
v 0.550732 0.220000 -0.169461
v 0.549158 0.197221 -0.167065
v 0.549633 0.152414 -0.142039
v 0.502757 0.105362 -0.094306
v 0.384856 0.065659 0.036946
v 0.539799 0.298794 -0.134486
v 0.596750 0.213182 -0.150144
v 0.570135 0.167578 -0.145327
v 0.533338 0.127338 -0.119771
v 0.478179 0.086709 -0.057607
v 0.447278 0.073931 -0.018747
v 0.483506 0.356732 -0.043558
v 0.541472 0.334941 -0.076765
v 0.561842 0.318050 -0.098165
v 0.598014 0.272301 -0.132022
v 0.602885 0.244031 -0.144070
v 0.584133 0.139339 -0.111764
v 0.589947 0.302081 -0.106645
v 0.636689 0.227620 -0.127998
v 0.617110 0.192810 -0.135446
v 0.611634 0.167852 -0.124682
v 0.566609 0.113901 -0.081481
v 0.423524 0.067974 0.012664
v 0.487179 0.363119 -0.014936
v 0.544570 0.345468 -0.047709
v 0.595367 0.323790 -0.065771
v 0.633700 0.306140 -0.067074
v 0.636744 0.286902 -0.093118
v 0.654365 0.258299 -0.104573
v 0.663972 0.211913 -0.108003
v 0.650378 0.169517 -0.098622
v 0.625748 0.140723 -0.085698
v 0.544991 0.096015 -0.051887
v 0.501251 0.079471 -0.018953
v 0.680457 0.235839 -0.091341
v 0.693476 0.211832 -0.079925
v 0.681354 0.165973 -0.065054
v 0.629794 0.124688 -0.053258
v 0.598378 0.100388 -0.015533
v 0.472126 0.071787 0.006961
v 0.476277 0.368259 0.009782
v 0.586418 0.344267 -0.011925
v 0.622859 0.324905 -0.036175
v 0.674714 0.285854 -0.057471
v 0.691226 0.258983 -0.068235
v 0.715163 0.242179 -0.048405
v 0.685462 0.189560 -0.081024
v 0.667835 0.146890 -0.053319
v 0.608864 0.110263 -0.037825
v 0.551687 0.085973 -0.006747
v 0.465494 0.371927 0.043525
v 0.523818 0.360391 -0.002262
v 0.673412 0.300942 -0.030600
v 0.719080 0.211715 -0.047461
v 0.708942 0.180232 -0.043739
v 0.497916 0.071741 0.037471
v 0.646151 0.323790 -0.004767
v 0.706508 0.279394 -0.018837
v 0.721577 0.259768 -0.021436
v 0.700105 0.153098 -0.016232
v 0.665302 0.130364 -0.020933
v 0.601256 0.345070 0.019985
v 0.693554 0.299787 0.007264
v 0.742067 0.228285 -0.000576
v 0.738950 0.198484 -0.001130
v 0.727194 0.174952 0.000991
v 0.721520 0.160632 0.023603
v 0.649936 0.115415 0.006926
v 0.424330 0.374229 0.040672
v 0.561837 0.356587 0.030225
v 0.656075 0.324925 0.028362
v 0.728601 0.272301 0.025032
v 0.741392 0.250279 0.021353
v 0.700127 0.140723 0.029158
v 0.605209 0.095483 0.024842
v 0.682811 0.312423 0.047837
v 0.751993 0.227620 0.047531
v 0.750395 0.204785 0.049803
v 0.741824 0.182272 0.047819
v 0.648250 0.110263 0.044615
v 0.527324 0.076155 0.032191
v 0.535239 0.363119 0.051397
v 0.609703 0.344865 0.061098
v 0.719289 0.286208 0.062869
v 0.741330 0.258963 0.067800
v 0.718523 0.153633 0.071104
v 0.678279 0.124619 0.057400
v 0.607015 0.094382 0.061854
v 0.566186 0.083274 0.047604
v 0.647860 0.329780 0.077866
v 0.680673 0.312423 0.087796
v 0.712472 0.287824 0.099033
v 0.745227 0.242784 0.096926
v 0.748608 0.212380 0.097214
v 0.739043 0.182908 0.095063
v 0.696717 0.139062 0.096139
v 0.632382 0.105014 0.093236
v 0.467222 0.067926 0.047261
v 0.433082 0.065826 0.049704
v 0.501752 0.368678 0.059617
v 0.563943 0.356882 0.076756
v 0.730220 0.259769 0.120922
v 0.716515 0.161125 0.116269
v 0.516192 0.073838 0.077303
v 0.547539 0.356647 0.115109
v 0.667748 0.312423 0.126686
v 0.699253 0.286356 0.139342
v 0.731827 0.227620 0.145466
v 0.729143 0.204785 0.147124
v 0.725338 0.183854 0.138141
v 0.667407 0.124775 0.116576
v 0.583091 0.349276 0.108134
v 0.608342 0.340921 0.113673
v 0.628800 0.330166 0.129419
v 0.710618 0.257721 0.163445
v 0.700204 0.167699 0.162369
v 0.679888 0.140246 0.142998
v 0.618709 0.105540 0.128446
v 0.582668 0.090435 0.107059
v 0.644534 0.312423 0.163014
v 0.672583 0.288011 0.176573
v 0.702293 0.227620 0.190434
v 0.701522 0.195122 0.185178
v 0.665060 0.146890 0.176653
v 0.551938 0.082700 0.105313
v 0.465442 0.371966 0.077285
v 0.520912 0.363511 0.102165
v 0.628359 0.293110 0.211643
v 0.667204 0.272883 0.201399
v 0.678190 0.250886 0.207398
v 0.679119 0.210241 0.214330
v 0.667204 0.167117 0.201399
v 0.632089 0.124620 0.170615
v 0.590648 0.110263 0.175509
v 0.568648 0.095665 0.151205
v 0.581667 0.334999 0.169773
v 0.612622 0.313536 0.192702
v 0.658069 0.189721 0.225490
v 0.623511 0.140723 0.207475
v 0.546462 0.348509 0.155577
v 0.626763 0.273282 0.233967
v 0.646930 0.242691 0.237748
v 0.606445 0.235215 0.264102
v 0.640963 0.214527 0.245150
v 0.601170 0.152787 0.237772
v 0.564801 0.115312 0.205449
v 0.512183 0.079291 0.130930
v 0.477299 0.368303 0.108917
v 0.554691 0.323790 0.212314
v 0.591762 0.302901 0.224613
v 0.601584 0.259769 0.257926
v 0.604878 0.210241 0.266022
v 0.618915 0.178026 0.247191
v 0.569886 0.128914 0.225215
v 0.477293 0.071601 0.109307
v 0.456091 0.068052 0.090173
v 0.498981 0.360139 0.143059
v 0.523846 0.339612 0.194741
v 0.561417 0.286356 0.258020
v 0.563836 0.257682 0.276021
v 0.577756 0.189705 0.273407
v 0.568312 0.165767 0.264713
v 0.531152 0.099427 0.189295
v 0.515093 0.090724 0.173260
v 0.418626 0.065771 0.082374
v 0.511371 0.324190 0.230215
v 0.527508 0.306140 0.249822
v 0.547176 0.235215 0.289178
v 0.555940 0.214527 0.287540
v 0.514659 0.167709 0.284460
v 0.530377 0.146890 0.263020
v 0.523835 0.127577 0.243469
v 0.428690 0.374188 0.075818
v 0.478687 0.353558 0.176432
v 0.448205 0.329780 0.235961
v 0.504660 0.286356 0.276889
v 0.518047 0.257721 0.291287
v 0.514818 0.197221 0.297297
v 0.492511 0.110263 0.226577
v 0.466433 0.079137 0.155225
v 0.471742 0.312423 0.257339
v 0.485655 0.227620 0.306133
v 0.478139 0.138587 0.268616
v 0.451694 0.115787 0.244620
v 0.462567 0.095858 0.205595
v 0.430373 0.368219 0.131003
v 0.438462 0.348496 0.199220
v 0.452620 0.339729 0.217152
v 0.443881 0.286356 0.287422
v 0.457789 0.259305 0.302082
v 0.452209 0.199090 0.308872
v 0.452367 0.174955 0.299805
v 0.443881 0.153644 0.287422
v 0.416893 0.312423 0.263624
v 0.417045 0.250295 0.308540
v 0.423131 0.225474 0.313186
v 0.417045 0.189705 0.308540
v 0.403150 0.167757 0.298891
v 0.411625 0.139058 0.276543
v 0.399395 0.115238 0.247608
v 0.415487 0.094911 0.209989
v 0.424892 0.083245 0.178340
v 0.417056 0.372192 0.108230
v 0.420584 0.363257 0.156647
v 0.408229 0.356414 0.180602
v 0.386781 0.329809 0.238716
v 0.382061 0.293110 0.283298
v 0.389725 0.273516 0.298306
v 0.379750 0.235215 0.312069
v 0.365355 0.212357 0.312611
v 0.406077 0.071430 0.133397
v 0.413563 0.068065 0.109094
v 0.380384 0.344046 0.212024
v 0.361395 0.312423 0.262085
v 0.352681 0.257721 0.304043
v 0.352681 0.182279 0.304043
v 0.350301 0.153644 0.286801
v 0.361395 0.127577 0.262085
v 0.367868 0.095169 0.208861
v 0.399355 0.076863 0.157806
v 0.367435 0.366425 0.141113
v 0.321901 0.293110 0.276488
v 0.317968 0.274233 0.290444
v 0.311839 0.204785 0.304382
v 0.368003 0.083336 0.177395
v 0.348522 0.353228 0.184803
v 0.330749 0.335286 0.222622
v 0.307380 0.312423 0.252779
v 0.277054 0.244030 0.294834
v 0.297573 0.227643 0.302891
v 0.283647 0.189705 0.294317
v 0.290860 0.167709 0.285883
v 0.303997 0.138587 0.264714
v 0.319636 0.115718 0.239056
v 0.269832 0.312379 0.240968
v 0.261001 0.286356 0.266647
v 0.258502 0.265045 0.280337
v 0.247315 0.204785 0.287302
v 0.257416 0.152176 0.263961
v 0.305978 0.105027 0.216749
v 0.279846 0.329737 0.217164
v 0.219169 0.242126 0.275050
v 0.221471 0.220000 0.278746
v 0.226573 0.182279 0.272428
v 0.256925 0.127577 0.236065
v 0.326303 0.086936 0.179546
v 0.307014 0.356773 0.158778
v 0.284474 0.344863 0.185885
v 0.225595 0.301413 0.235834
v 0.204490 0.272291 0.253346
v 0.177781 0.243309 0.253267
v 0.185652 0.210241 0.260965
v 0.212168 0.154948 0.246569
v 0.264679 0.104236 0.198438
v 0.335835 0.076674 0.145187
v 0.339375 0.368246 0.120212
v 0.234021 0.324689 0.204752
v 0.166074 0.271725 0.229927
v 0.140304 0.214864 0.231782
v 0.172346 0.182279 0.243986
v 0.181401 0.152554 0.225892
v 0.211968 0.127577 0.212585
v 0.343355 0.071733 0.121720
v 0.354233 0.067818 0.097556
v 0.358613 0.371928 0.100179
v 0.265274 0.353224 0.146448
v 0.180375 0.298255 0.212321
v 0.141509 0.242778 0.228683
v 0.203231 0.114633 0.180945
v 0.276485 0.087216 0.157230
v 0.227163 0.339612 0.163055
v 0.198230 0.324213 0.179854
v 0.134504 0.272883 0.203057
v 0.122729 0.198257 0.213033
v 0.134504 0.167117 0.203057
v 0.156821 0.140212 0.189605
v 0.225900 0.100388 0.161947
v 0.400000 0.065120 0.060000
v 0.396201 0.374876 0.073752
v 0.301280 0.363356 0.126425
v 0.158546 0.312423 0.166715
v 0.132165 0.293110 0.173319
v 0.104406 0.250886 0.188643
v 0.096236 0.227619 0.188634
v 0.103601 0.189705 0.187984
v 0.133326 0.140268 0.162457
v 0.174309 0.116210 0.155912
v 0.139927 0.312379 0.140434
v 0.108304 0.285189 0.154959
v 0.096481 0.265045 0.165692
v 0.082250 0.205411 0.167214
v 0.100989 0.167709 0.164158
v 0.157876 0.114597 0.125607
v 0.214798 0.094727 0.128655
v 0.273441 0.079093 0.115686
v 0.239375 0.353643 0.117931
v 0.184548 0.336188 0.125887
v 0.083408 0.272243 0.131517
v 0.074618 0.250295 0.143891
v 0.069772 0.226074 0.148380
v 0.074618 0.189705 0.143891
v 0.080289 0.166484 0.122097
v 0.115039 0.140212 0.133199
v 0.223659 0.086192 0.082396
v 0.146406 0.324191 0.105439
v 0.106446 0.299788 0.112735
v 0.059100 0.235215 0.119220
v 0.059333 0.198833 0.115820
v 0.268827 0.363166 0.083657
v 0.222296 0.352919 0.087871
v 0.071870 0.272291 0.097179
v 0.058139 0.250295 0.096575
v 0.051891 0.220000 0.099407
v 0.070004 0.169423 0.094736
v 0.099584 0.141254 0.093466
v 0.132811 0.121412 0.097990
v 0.301994 0.368374 0.082610
v 0.190158 0.344722 0.068433
v 0.138967 0.324191 0.068945
v 0.100579 0.301413 0.074480
v 0.049605 0.235215 0.070197
v 0.052403 0.195102 0.073615
v 0.116071 0.127680 0.062216
v 0.152061 0.110220 0.077293
v 0.178472 0.099877 0.081392
v 0.303168 0.071601 0.085836
v 0.089863 0.293110 0.047084
v 0.069019 0.273516 0.052602
v 0.054797 0.250295 0.047852
v 0.048004 0.212379 0.047568
v 0.059354 0.180439 0.047080
v 0.081645 0.153644 0.046619
v 0.369605 0.065795 0.074138
v 0.331103 0.371970 0.069231
v 0.249967 0.360201 0.047374
v 0.166179 0.334930 0.032730
v 0.118785 0.311369 0.024802
v 0.062753 0.259561 0.023102
v 0.053574 0.235215 0.020783
v 0.117616 0.128915 0.029667
v 0.166179 0.105070 0.032730
v 0.264959 0.076644 0.063290
v 0.365419 0.374175 0.067553
v 0.092155 0.288011 0.005418
v 0.056780 0.214526 0.002442
v 0.067322 0.182278 0.002174
v 0.088774 0.155401 0.004497
v 0.217790 0.087567 0.040456
v 0.154083 0.324191 -0.003659
v 0.120823 0.299732 -0.023424
v 0.086274 0.272290 -0.018581
v 0.072392 0.242778 -0.026636
v 0.070857 0.204785 -0.027124
v 0.092257 0.167757 -0.029325
v 0.115227 0.140212 -0.013577
v 0.154083 0.115809 -0.003659
v 0.330680 0.068055 0.055084
v 0.228648 0.353564 0.020395
v 0.194525 0.339880 -0.003425
v 0.080825 0.219362 -0.047678
v 0.087531 0.189705 -0.046338
v 0.194525 0.100120 -0.003425
v 0.278018 0.363071 0.017431
v 0.270228 0.356647 -0.014775
v 0.175961 0.325403 -0.033138
v 0.140635 0.299788 -0.052164
v 0.113977 0.271747 -0.062334
v 0.100770 0.242778 -0.069133
v 0.101418 0.211215 -0.074543
v 0.113594 0.167710 -0.061138
v 0.140635 0.140212 -0.052164
v 0.176057 0.115809 -0.036979
v 0.318569 0.370527 0.039913
v 0.230628 0.349031 -0.010801
v 0.175416 0.313895 -0.061190
v 0.121955 0.195928 -0.091185
v 0.150646 0.166719 -0.097127
v 0.187377 0.126464 -0.072702
v 0.230406 0.091231 -0.011698
v 0.268163 0.079776 0.006085
v 0.304318 0.071626 0.032712
v 0.220155 0.335065 -0.050829
v 0.165698 0.286356 -0.095756
v 0.150256 0.265067 -0.103099
v 0.137632 0.244196 -0.105059
v 0.166339 0.181252 -0.119466
v 0.220155 0.104935 -0.050829
v 0.216704 0.313522 -0.094201
v 0.166779 0.228225 -0.130104
v 0.150803 0.212520 -0.119566
v 0.185457 0.140064 -0.093513
v 0.259758 0.099847 -0.064582
v 0.319722 0.366300 -0.002018
v 0.266973 0.344632 -0.057331
v 0.222473 0.298097 -0.118243
v 0.199572 0.274026 -0.129342
v 0.207987 0.258092 -0.144088
v 0.198957 0.184098 -0.140244
v 0.212403 0.153644 -0.125675
v 0.280949 0.087567 -0.040765
v 0.264131 0.329737 -0.090382
v 0.222249 0.241779 -0.156587
v 0.218842 0.212379 -0.157651
v 0.247974 0.139058 -0.127028
v 0.256827 0.115727 -0.097703
v 0.312820 0.076881 -0.014936
v 0.341634 0.071741 -0.000924
v 0.313448 0.356587 -0.042862
v 0.276165 0.312422 -0.123470
v 0.266318 0.286356 -0.148458
v 0.275906 0.210241 -0.177112
v 0.249018 0.180254 -0.160014
v 0.260988 0.160606 -0.151895
v 0.307176 0.095426 -0.075721
v 0.316245 0.345365 -0.076967
v 0.318144 0.329579 -0.109341
v 0.284820 0.257729 -0.172040
v 0.278994 0.235215 -0.176983
v 0.286407 0.189721 -0.174996
v 0.313754 0.166484 -0.170192
v 0.298335 0.140212 -0.145172
v 0.326756 0.299788 -0.151359
v 0.321074 0.279394 -0.167350
v 0.316133 0.219369 -0.186384
v 0.322700 0.116879 -0.121639
v 0.339777 0.079774 -0.040008
v 0.359306 0.067958 0.019145
v 0.378667 0.374164 0.039290
v 0.368003 0.356664 -0.057395
v 0.357407 0.344678 -0.087973
v 0.347238 0.319587 -0.130979
v 0.381447 0.299394 -0.157785
v 0.353038 0.271387 -0.177341
v 0.350093 0.242178 -0.188902
v 0.347282 0.204154 -0.189583
v 0.348408 0.181649 -0.183279
v 0.350637 0.138586 -0.153126
v 0.354966 0.104780 -0.107028
v 0.359434 0.091123 -0.077937
v 0.368133 0.363464 -0.034009
v 0.396942 0.182317 -0.186120
v 0.387291 0.153644 -0.169423
v 0.384571 0.127009 -0.142920
vn -0.0344 0.9933 -0.1104
vn -0.0428 0.0104 -0.9990
vn 0.0165 -0.9117 -0.4105
vn -0.0246 0.9840 -0.1763
vn -0.0196 0.8740 -0.4856
vn 0.0204 0.8033 -0.5952
vn 0.0332 0.7035 -0.7099
vn 0.0297 0.5011 -0.8649
vn 0.0405 0.2444 -0.9688
vn 0.0370 -0.0859 -0.9956
vn 0.0200 -0.8318 -0.5547
vn 0.1094 -0.2398 -0.9646
vn 0.0933 -0.4541 -0.8860
vn 0.0812 -0.6192 -0.7810
vn 0.0685 -0.7338 -0.6759
vn 0.0067 -0.9511 -0.3088
vn -0.0033 -0.9774 -0.2115
vn 0.0315 0.9516 -0.3058
vn 0.0375 0.9270 -0.3732
vn 0.0671 0.8755 -0.4786
vn 0.1166 0.7682 -0.6295
vn 0.1413 0.6119 -0.7782
vn 0.1643 0.3830 -0.9090
vn 0.1780 0.0863 -0.9802
vn 0.2083 -0.2297 -0.9507
vn 0.0762 -0.8814 -0.4662
vn 0.2064 -0.4848 -0.8499
vn 0.1783 -0.6705 -0.7202
vn 0.1278 -0.7903 -0.5992
vn 0.0388 0.9928 -0.1131
vn 0.0402 0.9771 -0.2091
vn 0.1274 0.9178 -0.3760
vn 0.1621 0.8401 -0.5176
vn 0.2748 0.5148 -0.8121
vn 0.3134 0.2562 -0.9144
vn 0.3198 0.0084 -0.9475
vn 0.3148 -0.2609 -0.9126
vn 0.2740 -0.6459 -0.7126
vn 0.1547 -0.8838 -0.4415
vn -0.0190 -0.9983 -0.0555
vn 0.2426 0.7120 -0.6590
vn 0.4333 -0.0674 -0.8987
vn 0.3360 -0.5100 -0.7919
vn 0.2191 -0.7934 -0.5679
vn 0.1037 -0.9437 -0.3142
vn 0.0616 -0.9765 -0.2063
vn 0.1133 0.9548 -0.2747
vn 0.2143 0.8901 -0.4023
vn 0.2596 0.8262 -0.5000
vn 0.3955 0.5401 -0.7429
vn 0.4373 0.2791 -0.8549
vn 0.3307 -0.7404 -0.5852
vn 0.3337 0.7501 -0.5710
vn 0.5451 0.0963 -0.8328
vn 0.4792 -0.3036 -0.8236
vn 0.4260 -0.5447 -0.7224
vn 0.2666 -0.8617 -0.4318
vn 0.0279 -0.9930 -0.1144
vn 0.1130 0.9737 -0.1976
vn 0.2107 0.9328 -0.2924
vn 0.3125 0.8664 -0.3894
vn 0.4167 0.7966 -0.4379
vn 0.4662 0.6655 -0.5829
vn 0.5573 0.4423 -0.7027
vn 0.6205 -0.1233 -0.7744
vn 0.5290 -0.5476 -0.6484
vn 0.4149 -0.7480 -0.5180
vn 0.2095 -0.9267 -0.3121
vn 0.1386 -0.9691 -0.2043
vn 0.6837 0.1941 -0.7035
vn 0.7400 -0.0800 -0.6678
vn 0.5987 -0.6146 -0.5137
vn 0.3896 -0.8412 -0.3748
vn 0.2973 -0.9296 -0.2177
vn 0.0964 -0.9872 -0.1273
vn 0.1011 0.9879 -0.1177
vn 0.2726 0.9387 -0.2112
vn 0.3597 0.8831 -0.3013
vn 0.5656 0.6771 -0.4708
vn 0.6658 0.4837 -0.5682
vn 0.8048 0.2665 -0.5304
vn 0.6664 -0.3660 -0.6495
vn 0.5223 -0.7344 -0.4334
vn 0.3284 -0.8959 -0.2991
vn 0.2115 -0.9610 -0.1780
vn 0.0840 0.9956 -0.0426
vn 0.1718 0.9723 -0.1585
vn 0.5096 0.7962 -0.3263
vn 0.8372 -0.1048 -0.5367
vn 0.7425 -0.4813 -0.4659
vn 0.1237 -0.9907 -0.0561
vn 0.4087 0.8888 -0.2076
vn 0.6668 0.6659 -0.3345
vn 0.7803 0.4960 -0.3810
vn 0.6242 -0.7182 -0.3075
vn 0.4790 -0.8336 -0.2750
vn 0.2990 0.9473 -0.1147
vn 0.5718 0.7983 -0.1888
vn 0.9390 0.1077 -0.3267
vn 0.9067 -0.2816 -0.3140
vn 0.7862 -0.5515 -0.2788
vn 0.7159 -0.6824 -0.1478
vn 0.4176 -0.8920 -0.1729
vn 0.0291 0.9986 -0.0441
vn 0.2230 0.9715 -0.0805
vn 0.4198 0.9022 -0.0989
vn 0.7552 0.6360 -0.1589
vn 0.8942 0.4025 -0.1960
vn 0.5793 -0.8063 -0.1192
vn 0.3017 -0.9475 -0.1062
vn 0.5193 0.8537 -0.0389
vn 0.9916 0.1103 -0.0674
vn 0.9746 -0.2163 -0.0586
vn 0.8681 -0.4935 -0.0537
vn 0.4019 -0.9146 -0.0445
vn 0.1700 -0.9824 -0.0772
vn 0.1786 0.9836 -0.0265
vn 0.3112 0.9504 0.0024
vn 0.6802 0.7330 0.0100
vn 0.8594 0.5098 0.0397
vn 0.6863 -0.7262 0.0410
vn 0.4928 -0.8701 -0.0052
vn 0.3020 -0.9532 0.0140
vn 0.2288 -0.9731 -0.0278
vn 0.3987 0.9152 0.0579
vn 0.5081 0.8548 0.1061
vn 0.6580 0.7363 0.1576
vn 0.9352 0.2960 0.1944
vn 0.9724 -0.1187 0.2010
vn 0.8626 -0.4768 0.1692
vn 0.5724 -0.8093 0.1318
vn 0.3693 -0.9246 0.0937
vn 0.0844 -0.9960 -0.0277
vn 0.0414 -0.9988 -0.0252
vn 0.1335 0.9910 -0.0040
vn 0.2262 0.9732 0.0419
vn 0.8080 0.5152 0.2857
vn 0.6976 -0.6747 0.2410
vn 0.1531 -0.9872 0.0442
vn 0.2053 0.9665 0.1540
vn 0.4823 0.8455 0.2293
vn 0.6208 0.7173 0.3163
vn 0.8891 0.1099 0.4443
vn 0.8719 -0.2074 0.4436
vn 0.8107 -0.4529 0.3710
vn 0.4617 -0.8669 0.1878
vn 0.2608 0.9555 0.1381
vn 0.3133 0.9364 0.1583
vn 0.3678 0.9039 0.2183
vn 0.7439 0.4644 0.4806
vn 0.6675 -0.6006 0.4401
vn 0.5379 -0.7848 0.3078
vn 0.3424 -0.9148 0.2141
vn 0.2636 -0.9565 0.1247
vn 0.4294 0.8320 0.3512
vn 0.5445 0.7117 0.4438
vn 0.7649 0.1038 0.6357
vn 0.7440 -0.3141 0.5898
vn 0.5149 -0.7342 0.4425
vn 0.2078 -0.9714 0.1149
vn 0.0829 0.9955 0.0457
vn 0.1589 0.9820 0.1025
vn 0.4384 0.7138 0.5461
vn 0.5733 0.5736 0.5850
vn 0.6526 0.3621 0.6655
vn 0.6786 -0.1037 0.7271
vn 0.5660 -0.5775 0.5884
vn 0.3961 -0.8433 0.3632
vn 0.3031 -0.8862 0.3504
vn 0.2433 -0.9364 0.2530
vn 0.2813 0.9048 0.3196
vn 0.3637 0.8256 0.4314
vn 0.5842 -0.3598 0.7275
vn 0.4103 -0.7518 0.5162
vn 0.2098 0.9429 0.2589
vn 0.4616 0.5630 0.6855
vn 0.5716 0.2644 0.7767
vn 0.4496 0.1702 0.8769
vn 0.5631 -0.0712 0.8233
vn 0.3806 -0.6605 0.6472
vn 0.2620 -0.8562 0.4452
vn 0.1536 -0.9706 0.1853
vn 0.0968 0.9878 0.1220
vn 0.2502 0.8477 0.4677
vn 0.3312 0.7535 0.5680
vn 0.4176 0.4276 0.8017
vn 0.4558 -0.1151 0.8826
vn 0.4686 -0.4497 0.7604
vn 0.2861 -0.7897 0.5426
vn 0.0980 -0.9871 0.1268
vn 0.0723 -0.9951 0.0675
vn 0.1299 0.9679 0.2150
vn 0.1779 0.9075 0.3804
vn 0.3036 0.6310 0.7139
vn 0.3322 0.4061 0.8513
vn 0.3671 -0.3302 0.8696
vn 0.3230 -0.5390 0.7779
vn 0.1919 -0.9081 0.3721
vn 0.1553 -0.9413 0.2998
vn 0.0230 -0.9983 0.0533
vn 0.1748 0.8410 0.5120
vn 0.2202 0.7527 0.6205
vn 0.3160 0.1638 0.9345
vn 0.3328 -0.0592 0.9411
vn 0.2156 -0.5056 0.8354
vn 0.2371 -0.6751 0.6985
vn 0.2060 -0.7849 0.5843
vn 0.0403 0.9985 0.0366
vn 0.1085 0.9447 0.3095
vn 0.0690 0.8537 0.5162
vn 0.1903 0.6159 0.7645
vn 0.2283 0.4001 0.8876
vn 0.2365 -0.2525 0.9382
vn 0.1475 -0.8605 0.4876
vn 0.0867 -0.9656 0.2452
vn 0.1184 0.7697 0.6274
vn 0.1779 0.0864 0.9803
vn 0.1299 -0.7192 0.6826
vn 0.0811 -0.8279 0.5550
vn 0.0926 -0.9136 0.3959
vn 0.0439 0.9828 0.1796
vn 0.0515 0.9273 0.3707
vn 0.0792 0.8957 0.4375
vn 0.0834 0.6133 0.7855
vn 0.1166 0.3948 0.9113
vn 0.1106 -0.2108 0.9713
vn 0.1117 -0.4459 0.8881
vn 0.0839 -0.6110 0.7872
vn 0.0288 0.7688 0.6388
vn 0.0374 0.3076 0.9508
vn 0.0537 0.0485 0.9974
vn 0.0231 -0.2939 0.9556
vn 0.0005 -0.5113 0.8594
vn 0.0180 -0.7094 0.7046
vn -0.0007 -0.8337 0.5522
vn 0.0199 -0.9102 0.4137
vn 0.0355 -0.9498 0.3110
vn 0.0191 0.9928 0.1180
vn 0.0282 0.9688 0.2464
vn 0.0079 0.9492 0.3145
vn -0.0189 0.8534 0.5209
vn -0.0335 0.6592 0.7512
vn -0.0188 0.5196 0.8542
vn -0.0540 0.1657 0.9847
vn -0.0683 -0.0845 0.9941
vn 0.0092 -0.9836 0.1799
vn 0.0175 -0.9926 0.1200
vn -0.0243 0.9080 0.4183
vn -0.0645 0.7757 0.6278
vn -0.1002 0.3635 0.9262
vn -0.0941 -0.3807 0.9199
vn -0.0888 -0.6142 0.7842
vn -0.0654 -0.7700 0.6347
vn -0.0474 -0.9090 0.4141
vn -0.0030 -0.9691 0.2466
vn -0.0418 0.9774 0.2073
vn -0.1356 0.6629 0.7363
vn -0.1556 0.5215 0.8389
vn -0.1825 -0.1642 0.9694
vn -0.0400 -0.9513 0.3057
vn -0.0708 0.9429 0.3254
vn -0.1032 0.8781 0.4672
vn -0.1493 0.7802 0.6074
vn -0.2520 0.2638 0.9311
vn -0.2114 0.0861 0.9736
vn -0.2352 -0.3212 0.9173
vn -0.2065 -0.5169 0.8308
vn -0.1637 -0.7180 0.6765
vn -0.1206 -0.8341 0.5383
vn -0.2189 0.7852 0.5793
vn -0.2542 0.6350 0.7294
vn -0.2814 0.4584 0.8430
vn -0.3239 -0.1573 0.9329
vn -0.2634 -0.6406 0.7212
vn -0.1378 -0.8845 0.4458
vn -0.1815 0.8664 0.4652
vn -0.3855 0.2410 0.8907
vn -0.3857 0.0073 0.9226
vn -0.3589 -0.4046 0.8411
vn -0.2403 -0.7905 0.5634
vn -0.1051 -0.9412 0.3210
vn -0.1203 0.9582 0.2595
vn -0.1660 0.9221 0.3496
vn -0.3123 0.7395 0.5963
vn -0.3932 0.5383 0.7454
vn -0.4921 0.2603 0.8307
vn -0.4849 -0.1094 0.8677
vn -0.3521 -0.6369 0.6859
vn -0.2056 -0.8934 0.3995
vn -0.0853 -0.9728 0.2154
vn -0.0762 0.9864 0.1457
vn -0.2640 0.8549 0.4467
vn -0.4855 0.5478 0.6813
vn -0.6137 -0.0516 0.7878
vn -0.4924 -0.4192 0.7627
vn -0.4184 -0.6698 0.6134
vn -0.3189 -0.8052 0.5000
vn -0.0745 -0.9849 0.1561
vn -0.0563 -0.9941 0.0929
vn -0.0501 0.9940 0.0973
vn -0.1895 0.9532 0.2357
vn -0.4043 0.7408 0.5365
vn -0.5966 0.2714 0.7553
vn -0.3162 -0.8685 0.3818
vn -0.1717 -0.9503 0.2598
vn -0.2570 0.9208 0.2933
vn -0.3292 0.8665 0.3753
vn -0.5665 0.5807 0.5848
vn -0.6580 -0.2688 0.7034
vn -0.5623 -0.5813 0.5882
vn -0.4505 -0.7628 0.4638
vn -0.2581 -0.9205 0.2935
vn 0.0001 -1.0000 0.0007
vn -0.0056 0.9994 0.0337
vn -0.1311 0.9773 0.1662
vn -0.4207 0.8331 0.3590
vn -0.5160 0.7376 0.4356
vn -0.7095 0.3714 0.5989
vn -0.7665 0.0977 0.6347
vn -0.7149 -0.3783 0.5881
vn -0.5052 -0.7774 0.3747
vn -0.3753 -0.8757 0.3037
vn -0.4618 0.8447 0.2707
vn -0.6000 0.7052 0.3777
vn -0.6974 0.5357 0.4762
vn -0.8224 -0.1913 0.5358
vn -0.6574 -0.6081 0.4451
vn -0.3956 -0.8945 0.2082
vn -0.2724 -0.9434 0.1892
vn -0.1701 -0.9746 0.1458
vn -0.2255 0.9613 0.1585
vn -0.3307 0.9231 0.1963
vn -0.7254 0.6160 0.3071
vn -0.8219 0.3940 0.4113
vn -0.8847 0.0764 0.4600
vn -0.8221 -0.3984 0.4067
vn -0.7225 -0.6315 0.2814
vn -0.5467 -0.7915 0.2733
vn -0.2466 -0.9669 0.0659
vn -0.4221 0.8953 0.1423
vn -0.5701 0.7981 0.1949
vn -0.9283 0.2111 0.3063
vn -0.9121 -0.2889 0.2908
vn -0.1755 0.9826 0.0603
vn -0.2530 0.9646 0.0740
vn -0.7598 0.6304 0.1591
vn -0.8900 0.4186 0.1809
vn -0.9774 -0.0073 0.2115
vn -0.7771 -0.6120 0.1472
vn -0.6005 -0.7895 0.1271
vn -0.4615 -0.8767 0.1355
vn -0.1282 0.9901 0.0573
vn -0.3122 0.9497 0.0239
vn -0.4391 0.8979 0.0294
vn -0.5784 0.8137 0.0577
vn -0.9765 0.2088 0.0533
vn -0.9357 -0.3436 0.0796
vn -0.5112 -0.8595 0.0022
vn -0.4016 -0.9146 0.0474
vn -0.3318 -0.9410 0.0659
vn -0.1248 -0.9901 0.0647
vn -0.6379 0.7687 -0.0476
vn -0.7634 0.6455 -0.0248
vn -0.9117 0.4087 -0.0414
vn -0.9902 -0.1179 -0.0752
vn -0.8539 -0.5148 -0.0768
vn -0.6836 -0.7279 -0.0540
vn -0.0381 -0.9988 0.0321
vn -0.0867 0.9959 0.0261
vn -0.2015 0.9791 -0.0265
vn -0.3636 0.9281 -0.0803
vn -0.5065 0.8537 -0.1209
vn -0.8336 0.5156 -0.1979
vn -0.9530 0.2135 -0.2150
vn -0.5104 -0.8524 -0.1137
vn -0.3668 -0.9270 -0.0781
vn -0.1783 -0.9840 0.0043
vn -0.0457 0.9988 0.0156
vn -0.6446 0.7337 -0.2147
vn -0.9488 -0.0902 -0.3027
vn -0.8359 -0.4782 -0.2693
vn -0.6690 -0.7099 -0.2201
vn -0.2581 -0.9644 -0.0581
vn -0.4145 0.8861 -0.2075
vn -0.5336 0.7884 -0.3062
vn -0.7132 0.6017 -0.3596
vn -0.8472 0.3133 -0.4291
vn -0.8717 -0.2105 -0.4426
vn -0.6873 -0.6158 -0.3852
vn -0.5411 -0.7936 -0.2782
vn -0.4150 -0.8862 -0.2062
vn -0.0881 -0.9961 -0.0107
vn -0.2449 0.9642 -0.1016
vn -0.3116 0.9323 -0.1838
vn -0.8423 -0.0019 -0.5391
vn -0.7689 -0.3848 -0.5107
vn -0.3091 -0.9334 -0.1824
vn -0.1619 0.9809 -0.1077
vn -0.1760 0.9635 -0.2016
vn -0.3676 0.8826 -0.2931
vn -0.4929 0.7686 -0.4078
vn -0.6280 0.5824 -0.5161
vn -0.7296 0.2924 -0.6182
vn -0.7457 -0.0946 -0.6596
vn -0.6140 -0.5998 -0.5131
vn -0.4909 -0.7697 -0.4081
vn -0.3715 -0.8767 -0.3056
vn -0.1058 0.9931 -0.0503
vn -0.2399 0.9490 -0.2047
vn -0.3840 0.8276 -0.4095
vn -0.6558 -0.3114 -0.6878
vn -0.5175 -0.5871 -0.6224
vn -0.3544 -0.8276 -0.4353
vn -0.2413 -0.9495 -0.2006
vn -0.1789 -0.9744 -0.1362
vn -0.1260 -0.9897 -0.0684
vn -0.2748 0.9038 -0.3281
vn -0.4552 0.6778 -0.5774
vn -0.5410 0.4934 -0.6811
vn -0.6097 0.2886 -0.7382
vn -0.5058 -0.4273 -0.7494
vn -0.2738 -0.9046 -0.3268
vn -0.3100 0.8123 -0.4941
vn -0.5244 0.1179 -0.8433
vn -0.5857 -0.0959 -0.8048
vn -0.3925 -0.7431 -0.5420
vn -0.2084 -0.9122 -0.3529
vn -0.1034 0.9821 -0.1576
vn -0.1924 0.9268 -0.3224
vn -0.3192 0.7149 -0.6221
vn -0.4013 0.5558 -0.7281
vn -0.4014 0.4101 -0.8190
vn -0.4213 -0.3839 -0.8217
vn -0.3612 -0.6358 -0.6821
vn -0.1675 -0.9488 -0.2677
vn -0.2092 0.8701 -0.4463
vn -0.3759 0.2207 -0.9000
vn -0.3955 -0.0925 -0.9138
vn -0.2615 -0.7414 -0.6180
vn -0.2272 -0.8446 -0.4848
vn -0.1185 -0.9752 -0.1871
vn -0.0737 -0.9855 -0.1528
vn -0.1172 0.9568 -0.2662
vn -0.2026 0.7847 -0.5858
vn -0.2500 0.6218 -0.7422
vn -0.2656 -0.1145 -0.9573
vn -0.3109 -0.4092 -0.8579
vn -0.2661 -0.5775 -0.7718
vn -0.1320 -0.9154 -0.3802
vn -0.1206 0.9185 -0.3765
vn -0.1260 0.8596 -0.4952
vn -0.2316 0.3955 -0.8888
vn -0.2553 0.1620 -0.9532
vn -0.2301 -0.3126 -0.9216
vn -0.1600 -0.5310 -0.8321
vn -0.1754 -0.7140 -0.6779
vn -0.1279 0.7052 -0.6974
vn -0.1497 0.5712 -0.8071
vn -0.1705 -0.0028 -0.9854
vn -0.1261 -0.8280 -0.5464
vn -0.0785 -0.9621 -0.2613
vn -0.0507 -0.9935 -0.1023
vn -0.0277 0.9983 -0.0503
vn -0.0420 0.9489 -0.3128
vn -0.0571 0.9137 -0.4023
vn -0.0815 0.8081 -0.5834
vn -0.0377 0.6938 -0.7192
vn -0.0825 0.4915 -0.8670
vn -0.0999 0.2438 -0.9647
vn -0.1061 -0.1690 -0.9799
vn -0.0987 -0.3748 -0.9218
vn -0.0876 -0.7076 -0.7012
vn -0.0654 -0.8763 -0.4774
vn -0.0602 -0.9280 -0.3678
vn -0.0428 0.9698 -0.2402
vn -0.0032 -0.3788 -0.9255
vn -0.0234 -0.6078 -0.7937
vn -0.0238 -0.7728 -0.6342
vt 0.632707 0.968750
vt 0.672496 0.937500
vt 0.813224 0.937500
vt 0.741483 0.546926
vt 0.742186 0.484378
vt 0.758624 0.500000
vt 0.788071 0.875000
vt 0.781910 0.906250
vt 0.703671 0.889574
vt 0.726199 0.452476
vt 0.750000 0.421859
vt 0.742257 0.265788
vt 0.715913 0.231863
vt 0.743922 0.200072
vt 0.741680 0.718750
vt 0.719296 0.765439
vt 0.710938 0.700833
vt 0.726563 0.312500
vt 0.704081 0.291499
vt 0.739785 0.675718
vt 0.710938 0.640291
vt 0.742159 0.608109
vt 0.710957 0.578013
vt 0.710992 0.516962
vt 0.727701 0.812500
vt 0.757173 0.764690
vt 0.679208 0.172848
vt 0.703125 0.454270
vt 0.727165 0.406250
vt 0.698495 0.395755
vt 0.726600 0.359541
vt 0.679935 0.608655
vt 0.679688 0.548241
vt 0.666286 0.843750
vt 0.727546 0.843750
vt 0.695313 0.343750
vt 0.671667 0.296686
vt 0.685623 0.738677
vt 0.675089 0.668745
vt 0.679447 0.234429
vt 0.679699 0.453197
vt 0.664111 0.390721
vt 0.617873 0.906250
vt 0.679688 0.500000
vt 0.656250 0.485997
vt 0.695362 0.062500
vt 0.564540 0.031250
vt 0.820688 0.031250
vt 0.664062 0.000000
vt 0.679457 0.796713
vt 0.626700 0.800276
vt 0.648436 0.764959
vt 0.671511 0.358702
vt 0.645158 0.325896
vt 0.637435 0.261377
vt 0.629618 0.206631
vt 0.648368 0.609253
vt 0.628670 0.139106
vt 0.687148 0.109844
vt 0.639793 0.391218
vt 0.616860 0.329113
vt 0.616688 0.733539
vt 0.648945 0.718750
vt 0.641228 0.677427
vt 0.616832 0.641330
vt 0.616857 0.578653
vt 0.651569 0.549879
vt 0.632746 0.516919
vt 0.614414 0.481762
vt 0.642492 0.445405
vt 0.639054 0.875000
vt 0.592431 0.857001
vt 0.613762 0.394668
vt 0.595694 0.289559
vt 0.602947 0.687500
vt 0.591778 0.250000
vt 0.587124 0.167754
vt 0.602364 0.531250
vt 0.626654 0.093750
vt 0.540970 0.062500
vt 0.595707 0.437500
vt 0.585553 0.639989
vt 0.577396 0.218750
vt 0.546769 0.125000
vt 0.553470 0.937500
vt 0.593750 0.483225
vt 0.588702 0.386261
vt 0.581050 0.794641
vt 0.588216 0.582481
vt 0.570662 0.545044
vt 0.549222 0.093750
vt 0.568136 0.417006
vt 0.584553 0.343750
vt 0.563681 0.304158
vt 0.585925 0.735598
vt 0.568065 0.675161
vt 0.500878 0.906250
vt 0.569935 0.483679
vt 0.554332 0.358670
vt 0.555002 0.733415
vt 0.538314 0.203389
vt 0.514007 0.875000
vt 0.539132 0.454539
vt 0.539052 0.671759
vt 0.546505 0.265734
vt 0.516409 0.156250
vt 0.552199 0.583963
vt 0.538717 0.516466
vt 0.539062 0.406250
vt 0.524822 0.375000
vt 0.523110 0.329113
vt 0.543403 0.799042
vt 0.526782 0.736243
vt 0.523368 0.609253
vt 0.554607 0.625000
vt 0.502023 0.289582
vt 0.508494 0.702176
vt 0.498636 0.639246
vt 0.524822 0.562500
vt 0.507814 0.515609
vt 0.539822 0.843750
vt 0.499348 0.797068
vt 0.513653 0.250000
vt 0.497053 0.199565
vt 0.495322 0.581067
vt 0.507812 1.000000
vt 0.396045 0.968750
vt 0.469711 0.109387
vt 0.477571 0.843750
vt 0.507819 0.421950
vt 0.492197 0.359486
vt 0.484131 0.750000
vt 0.473401 0.325432
vt 0.477244 0.703818
vt 0.468379 0.234013
vt 0.428235 0.875000
vt 0.444262 0.812500
vt 0.476900 0.424022
vt 0.461475 0.375000
vt 0.453664 0.290706
vt 0.445306 0.187500
vt 0.476558 0.546825
vt 0.458761 0.582995
vt 0.445314 0.515609
vt 0.476564 0.484391
vt 0.397770 0.062500
vt 0.443928 0.468750
vt 0.460938 0.000000
vt 0.336351 0.031250
vt 0.437359 0.328393
vt 0.445246 0.781250
vt 0.436523 0.750000
vt 0.433838 0.237727
vt 0.423827 0.843750
vt 0.444581 0.640597
vt 0.430367 0.579245
vt 0.429618 0.390748
vt 0.412678 0.343750
vt 0.414744 0.703817
vt 0.445994 0.702176
vt 0.406496 0.290496
vt 0.437554 0.156250
vt 0.384866 0.137846
vt 0.414064 0.515609
vt 0.443945 0.937500
vt 0.385187 0.906250
vt 0.417621 0.448070
vt 0.449009 0.424675
vt 0.388653 0.250000
vt 0.398207 0.203288
vt 0.415841 0.645501
vt 0.398772 0.609948
vt 0.395069 0.480194
vt 0.398772 0.390052
vt 0.382882 0.812500
vt 0.399030 0.562500
vt 0.374752 0.546810
vt 0.384197 0.437500
vt 0.360415 0.858111
vt 0.382485 0.329113
vt 0.389751 0.765193
vt 0.385986 0.705718
vt 0.350471 0.218750
vt 0.381428 0.656250
vt 0.370417 0.611895
vt 0.350519 0.187500
vt 0.289654 0.937500
vt 0.370558 0.488576
vt 0.361265 0.414208
vt 0.358228 0.358609
vt 0.358309 0.265065
vt 0.343026 0.781250
vt 0.351063 0.733540
vt 0.350178 0.531250
vt 0.348194 0.480194
vt 0.335977 0.437500
vt 0.320410 0.827934
vt 0.333398 0.384938
vt 0.360570 0.680005
vt 0.335206 0.640598
vt 0.323953 0.138075
vt 0.297506 0.906250
vt 0.384630 0.093750
vt 0.281218 0.062500
vt 0.318928 0.343750
vt 0.320156 0.734260
vt 0.328125 0.578139
vt 0.349386 0.582995
vt 0.323683 0.488576
vt 0.304007 0.453304
vt 0.287653 0.781250
vt 0.321697 0.687500
vt 0.303956 0.640598
vt 0.310528 0.250000
vt 0.299537 0.206135
vt 0.259428 0.093750
vt 0.274248 0.875000
vt 0.305351 0.390867
vt 0.292739 0.323645
vt 0.281005 0.750000
vt 0.320945 0.297134
vt 0.280990 0.266120
vt 0.289695 0.702866
vt 0.273910 0.156250
vt 0.318928 0.531250
vt 0.305401 0.578144
vt 0.289064 0.515609
vt 0.272706 0.640598
vt 0.249215 0.125000
vt 0.275090 0.458430
vt 0.257826 0.843750
vt 0.274822 0.406250
vt 0.272706 0.359402
vt 0.262097 0.201498
vt 0.255565 0.324839
vt 0.258445 0.702866
vt 0.245330 0.612241
vt 0.277310 0.581655
vt 0.261355 0.510489
vt 0.257852 0.562500
vt 0.240803 0.531250
vt 0.210859 0.890061
vt 0.234369 0.484391
vt 0.257852 0.437500
vt 0.250000 0.390610
vt 0.236777 0.793598
vt 0.281284 0.812500
vt 0.240803 0.656250
vt 0.227276 0.421855
vt 0.225831 0.359402
vt 0.241533 0.750000
vt 0.227195 0.702865
vt 0.249244 0.264935
vt 0.226341 0.202551
vt 0.135428 0.062500
vt 0.203404 0.828351
vt 0.201668 0.765772
vt 0.227195 0.297134
vt 0.201755 0.266941
vt 0.209553 0.656250
vt 0.227276 0.578145
vt 0.203119 0.515609
vt 0.210938 0.000000
vt 0.093202 0.031250
vt 0.195976 0.390867
vt 0.198989 0.323645
vt 0.195945 0.702865
vt 0.186280 0.235514
vt 0.208398 0.615061
vt 0.192181 0.549877
vt 0.219157 0.156250
vt 0.170887 0.125000
vt 0.209553 0.468750
vt 0.195352 0.437500
vt 0.175781 0.356011
vt 0.178956 0.640598
vt 0.250338 0.982811
vt 0.148456 0.937500
vt 0.157034 0.093750
vt 0.178303 0.468750
vt 0.169903 0.750000
vt 0.171875 0.703158
vt 0.181072 0.593750
vt 0.163721 0.545951
vt 0.164776 0.421854
vt 0.155210 0.843750
vt 0.164695 0.297135
vt 0.152464 0.232177
vt 0.130112 0.173495
vt 0.181040 0.172975
vt 0.149101 0.609133
vt 0.165447 0.500000
vt 0.145069 0.480193
vt 0.150090 0.906250
vt 0.119627 0.875000
vt 0.151651 0.364157
vt 0.139559 0.734935
vt 0.140625 0.548025
vt 0.133492 0.420754
vt 0.156609 0.797949
vt 0.116794 0.828847
vt 0.128781 0.356620
vt 0.133445 0.297135
vt 0.113212 0.262595
vt 0.121380 0.667776
vt 0.125000 0.608233
vt 0.086851 0.136912
vt 0.118592 0.490780
vt 0.104771 0.455963
vt 0.101897 0.390053
vt 0.101552 0.328240
vt 0.110077 0.781250
vt 0.109114 0.733881
vt 0.101897 0.609947
vt 0.056407 0.093750
vt 0.085438 0.266460
vt 0.086570 0.702865
vt 0.084553 0.656250
vt 0.108686 0.218750
vt 0.075362 0.200740
vt 0.086531 0.562500
vt 0.117199 0.546801
vt 0.085249 0.515490
vt 0.054238 0.968750
vt 0.034920 0.937500
vt 0.074104 0.829865
vt 0.064882 0.769052
vt 0.067128 0.637547
vt 0.069747 0.468750
vt 0.085978 0.437500
vt 0.070976 0.390867
vt 0.071697 0.593750
vt 0.054728 0.562500
vt 0.049354 0.906250
vt 0.039061 0.875000
vt 0.054727 0.437500
vt 0.078125 0.328096
vt 0.054677 0.328240
vt 0.062500 0.703158
vt 0.057592 0.262036
vt 0.021216 0.218750
vt 0.046875 0.609389
vt 0.027744 0.170003
vt 0.022474 0.125000
vt 0.057571 0.511535
vt 0.037678 0.531250
vt 0.035216 0.456784
vt 0.042205 0.387759
vt 0.038906 0.734261
vt 0.031036 0.281250
vt 0.024822 0.500000
vt 0.015611 0.062500
vt 0.032504 0.827093
vt 0.010020 0.796552
vt 0.025612 0.331657
vt 0.015363 0.250000
vt 0.039052 0.671760
vt 0.024101 0.609133
vt 0.010260 0.447181
vt 0.007656 0.734261
vt 0.023478 0.562500
vt 0.006428 0.531250
vt 0.000000 0.859323
vt 0.000000 0.406250
vt 0.021745 0.395796
vt 0.000000 0.359402
vt 0.000000 0.187500
vt 0.000000 0.485701
vt 0.996514 0.796552
vt 0.975786 0.765627
vt 1.000000 0.734261
vt 0.991456 0.359402
vt 0.974734 0.301582
vt 0.996306 0.297993
vt 0.973010 0.698681
vt 1.000000 0.687500
vt 1.000000 0.250000
vt 0.975786 0.234373
vt 1.000000 0.531250
vt 0.992228 0.562500
vt 0.975178 0.531250
vt 0.991221 0.125000
vt 0.940006 0.093750
vt 1.000000 0.093750
vt 0.983449 0.937500
vt 0.938686 0.920563
vt 1.000000 0.906250
vt 0.992132 0.485701
vt 0.990490 0.416724
vt 1.000000 0.437500
vt 0.990803 0.656250
vt 0.962716 0.645502
vt 0.995330 0.612240
vt 0.964309 0.488575
vt 0.990901 0.031250
vt 0.977296 0.062500
vt 0.976562 0.000000
vt 0.983194 0.859323
vt 0.949598 0.829127
vt 0.945156 0.265739
vt 0.935531 0.218750
vt 0.945976 0.609132
vt 0.974865 0.583276
vt 0.944632 0.546694
vt 0.974867 0.175691
vt 0.920682 0.142152
vt 0.974488 0.968750
vt 0.928165 0.875000
vt 0.935531 0.781250
vt 0.963372 0.365045
vt 0.945302 0.328240
vt 0.945156 0.734261
vt 0.945312 1.000000
vt 0.851235 0.968750
vt 0.930262 0.500000
vt 0.943928 0.468750
vt 0.929727 0.437500
vt 0.961651 0.421854
vt 0.937500 0.671905
vt 0.915506 0.187500
vt 0.848974 0.062500
vt 0.910267 0.482097
vt 0.914726 0.390868
vt 0.937500 0.390611
vt 0.916967 0.737964
vt 0.896180 0.448667
vt 0.892577 0.843750
vt 0.916301 0.812500
vt 0.888952 0.764253
vt 0.913906 0.265739
vt 0.888952 0.235747
vt 0.914814 0.546876
vt 0.885987 0.294283
vt 0.914052 0.671760
vt 0.895694 0.708159
vt 0.882081 0.640598
vt 0.914310 0.608652
vt 0.886042 0.388106
vt 0.863061 0.705774
vt 0.860949 0.125000
vt 0.846084 0.093750
vt 0.859354 0.796641
vt 0.847919 0.667231
vt 0.854327 0.613736
vt 0.882753 0.593750
vt 0.870399 0.419236
vt 0.874729 0.484400
vt 0.848791 0.426519
vt 0.871168 0.891468
vt 0.836697 0.843750
vt 0.850831 0.359402
vt 0.841778 0.750000
vt 0.875074 0.328305
vt 0.843703 0.265621
vt 0.844377 0.577584
vt 0.833746 0.543403
vt 0.864462 0.518410
vt 0.835936 0.484390
vt 0.833690 0.324839
vt 0.823692 0.417797
vt 0.816320 0.799527
vt 0.820232 0.375000
vt 0.820945 0.702865
vt 0.819581 0.640598
vt 0.821104 0.203102
vt 0.858415 0.218750
vt 0.863196 0.174513
vt 0.804677 0.328240
vt 0.803303 0.750000
vt 0.804681 0.578053
vt 0.780843 0.843750
vt 0.803303 0.437500
vt 0.792205 0.387760
vt 0.781193 0.718750
vt 0.798925 0.270027
vt 0.780893 0.233889
vt 0.810775 0.143209
vt 0.755637 0.107863
vt 0.808234 0.479257
vt 0.806072 0.531250
vt 0.788251 0.500000
vt 0.777114 0.323645
vt 0.781376 0.796570
vt 0.788982 0.625000
vt 0.771218 0.605997
vt 0.783217 0.187500
vt 0.749168 0.156250
vt 0.773064 0.546300
vt 0.774021 0.468750
vt 0.773788 0.421110
vt 0.758663 0.295175
vt 0.760701 0.669550
vt 0.789052 0.671760
vt 0.757132 0.360547
vt 0.757812 1.000000
vt 0.506428 0.468750
vt 0.472656 0.643989
vt 0.349733 0.301581
vt 0.152114 0.676355
vt 0.011489 0.676355
vt 0.004928 0.297993
vt 0.000000 0.612240
vt 0.000000 0.656250
vt 0.000000 0.562500
vt 1.000000 0.218750
vt 1.000000 0.156250
vt 0.914052 0.328240
vt 0.885343 0.552159
s 1
f 582/508/582 508/509/508 479/510/479
f 487/511/487 488/512/488 480/513/480
f 953/514/953 482/515/482 509/516/509
f 488/512/488 490/517/490 954/518/954
f 489/519/489 504/520/504 481/521/481
f 484/522/484 498/523/498 499/524/499
f 493/525/493 507/526/507 489/519/489
f 484/522/484 499/524/499 485/527/485
f 485/527/485 499/524/499 500/528/500
f 486/529/486 500/528/500 501/530/501
f 487/511/487 502/531/502 488/512/488
f 508/509/508 509/516/509 482/515/482
f 497/532/497 498/523/498 483/533/483
f 481/521/481 504/520/504 523/534/523
f 502/531/502 503/535/503 490/517/490
f 491/536/491 505/537/505 492/538/492
f 500/528/500 512/539/512 501/530/501
f 501/530/501 512/539/512 513/540/513
f 509/516/509 525/541/525 496/542/496
f 507/526/507 506/543/506 522/544/522
f 499/524/499 511/545/511 519/546/519
f 507/526/507 517/547/517 504/520/504
f 499/524/499 519/546/519 500/528/500
f 515/548/515 521/549/521 505/537/505
f 508/509/508 554/550/554 509/516/509
f 514/551/514 520/552/520 515/548/515
f 536/553/536 612/554/612 518/555/518
f 791/556/791 518/555/518 612/554/612
f 510/557/510 525/541/525 538/558/538
f 510/557/510 526/559/526 511/545/511
f 516/560/516 530/561/530 522/544/522
f 517/547/517 522/544/522 535/562/535
f 517/547/517 535/562/535 546/563/546
f 519/546/519 528/564/528 512/539/512
f 522/544/522 530/561/530 535/562/535
f 523/534/523 547/565/547 524/566/524
f 530/561/530 534/567/534 545/568/545
f 526/559/526 538/558/538 539/569/539
f 526/559/526 539/569/539 527/570/527
f 531/571/531 541/572/541 528/564/528
f 528/564/528 542/573/542 529/574/529
f 532/575/532 543/576/543 533/577/533
f 537/578/537 565/579/565 525/541/525
f 534/567/534 533/577/533 544/580/544
f 545/568/545 551/581/551 535/562/535
f 539/569/539 540/582/540 531/571/531
f 535/562/535 551/581/551 562/583/562
f 546/563/546 563/584/563 547/565/547
f 542/573/542 548/585/548 532/575/532
f 553/586/553 611/587/611 536/553/536
f 543/576/543 560/588/560 533/577/533
f 541/572/541 540/582/540 557/589/557
f 562/583/562 552/590/552 546/563/546
f 547/565/547 563/584/563 594/591/594
f 582/508/582 564/592/564 508/509/508
f 543/576/543 548/585/548 549/593/549
f 554/550/554 565/579/565 537/578/537
f 544/580/544 560/588/560 550/594/550
f 565/579/565 555/595/555 538/558/538
f 558/596/558 559/597/559 548/585/548
f 594/591/594 569/598/569 553/586/553
f 550/594/550 560/588/560 568/599/568
f 561/600/561 574/601/574 551/581/551
f 556/602/556 566/603/566 540/582/540
f 564/592/564 613/604/613 554/550/554
f 567/605/567 568/599/568 560/588/560
f 550/594/550 568/599/568 573/606/573
f 556/602/556 555/595/555 570/607/570
f 552/590/552 588/608/588 563/584/563
f 565/579/565 613/604/613 595/609/595
f 567/605/567 578/610/578 568/599/568
f 570/607/570 576/611/576 566/603/566
f 552/590/552 581/612/581 588/608/588
f 588/608/588 602/613/602 563/584/563
f 559/597/559 572/614/572 577/615/577
f 559/597/559 577/615/577 567/605/567
f 579/616/579 580/617/580 573/606/573
f 573/606/573 580/617/580 587/618/587
f 575/619/575 584/620/584 570/607/570
f 573/606/573 587/618/587 574/601/574
f 576/611/576 585/621/585 571/622/571
f 571/622/571 585/621/585 572/614/572
f 587/618/587 600/623/600 581/612/581
f 584/620/584 589/624/589 576/611/576
f 576/611/576 589/624/589 597/625/597
f 577/615/577 586/626/586 590/627/590
f 583/628/583 596/629/596 575/619/575
f 588/608/588 593/630/593 601/631/601
f 585/621/585 598/632/598 586/626/586
f 582/508/582 792/633/792 686/634/686
f 594/591/594 617/635/617 569/598/569
f 595/609/595 614/636/614 583/628/583
f 592/637/592 599/638/599 580/617/580
f 596/629/596 603/639/603 584/620/584
f 602/613/602 617/635/617 594/591/594
f 599/638/599 609/640/609 600/623/600
f 603/639/603 604/641/604 589/624/589
f 593/630/593 600/623/600 610/642/610
f 613/604/613 640/643/640 595/609/595
f 596/629/596 614/636/614 625/644/625
f 608/645/608 616/646/616 599/638/599
f 599/638/599 616/646/616 609/640/609
f 609/640/609 624/647/624 600/623/600
f 601/631/601 610/642/610 632/648/632
f 606/649/606 615/650/615 621/651/621
f 606/649/606 621/651/621 607/652/607
f 617/635/617 669/653/669 611/587/611
f 607/652/607 621/651/621 622/654/622
f 791/655/791 612/554/612 678/656/678
f 609/640/609 616/646/616 630/657/630
f 626/658/626 627/659/627 603/639/603
f 610/642/610 624/647/624 631/660/631
f 640/643/640 618/661/618 614/636/614
f 620/662/620 628/663/628 615/650/615
f 630/657/630 629/664/629 637/665/637
f 627/659/627 633/666/633 619/667/619
f 624/647/624 630/657/630 646/668/646
f 638/669/638 660/670/660 617/635/617
f 621/651/621 628/663/628 635/671/635
f 639/672/639 661/673/661 613/604/613
f 622/654/622 636/674/636 623/675/623
f 637/665/637 646/668/646 630/657/630
f 631/660/631 646/668/646 647/676/647
f 631/660/631 648/677/648 632/648/632
f 634/678/634 642/679/642 628/663/628
f 636/674/636 635/671/635 644/680/644
f 629/664/629 636/674/636 645/681/645
f 625/644/625 618/661/618 653/682/653
f 648/677/648 660/670/660 638/669/638
f 635/671/635 643/683/643 655/684/655
f 644/680/644 651/685/651 636/674/636
f 640/643/640 670/686/670 618/661/618
f 637/665/637 645/681/645 652/687/652
f 637/665/637 652/687/652 646/668/646
f 649/688/649 650/689/650 633/666/633
f 648/677/648 647/676/647 676/690/676
f 641/691/641 654/692/654 642/679/642
f 648/677/648 676/690/676 677/693/677
f 686/634/686 716/694/716 639/672/639
f 655/684/655 657/695/657 644/680/644
f 640/643/640 661/673/661 670/686/670
f 651/685/651 666/696/666 645/681/645
f 645/681/645 666/696/666 658/697/658
f 646/668/646 652/687/652 659/698/659
f 649/688/649 653/682/653 671/699/671
f 649/688/649 671/699/671 662/700/662
f 649/688/649 662/700/662 650/689/650
f 656/701/656 665/702/665 657/695/657
f 665/702/665 674/703/674 666/696/666
f 670/686/670 687/704/687 653/682/653
f 658/697/658 666/696/666 675/705/675
f 663/706/663 672/707/672 654/692/654
f 660/670/660 677/693/677 693/708/693
f 716/694/716 699/709/699 661/673/661
f 669/653/669 668/710/668 725/711/725
f 674/703/674 675/705/675 666/696/666
f 658/697/658 675/705/675 684/712/684
f 671/699/671 679/713/679 662/700/662
f 672/707/672 673/714/673 664/715/664
f 682/716/682 691/717/691 674/703/674
f 671/699/671 687/704/687 701/718/701
f 672/707/672 680/719/680 689/720/689
f 676/690/676 692/721/692 698/722/698
f 676/690/676 698/722/698 677/693/677
f 693/708/693 724/723/724 668/710/668
f 699/709/699 717/724/717 670/686/670
f 684/712/684 683/725/683 696/726/696
f 701/718/701 688/727/688 679/713/679
f 684/712/684 696/726/696 685/728/685
f 685/728/685 696/726/696 697/729/697
f 679/713/679 694/730/694 680/719/680
f 698/722/698 715/731/715 693/708/693
f 681/732/681 690/733/690 695/734/695
f 681/732/681 695/734/695 682/716/682
f 689/720/689 694/730/694 702/735/702
f 715/731/715 733/736/733 693/708/693
f 691/717/691 695/734/695 704/737/704
f 687/704/687 717/724/717 718/738/718
f 683/725/683 705/739/705 706/740/706
f 697/729/697 714/741/714 698/722/698
f 706/740/706 712/742/712 696/726/696
f 688/727/688 707/743/707 694/730/694
f 702/735/702 721/744/721 703/745/703
f 709/746/709 708/747/708 722/748/722
f 716/694/716 734/749/734 699/709/699
f 704/737/704 709/746/709 723/750/723
f 710/751/710 711/752/711 705/739/705
f 718/738/718 726/753/726 700/754/700
f 700/754/700 726/753/726 701/718/701
f 706/740/706 711/752/711 712/742/712
f 702/735/702 707/743/707 720/755/720
f 722/748/722 723/750/723 709/746/709
f 723/750/723 729/756/729 710/751/710
f 710/751/710 729/756/729 711/752/711
f 711/752/711 729/756/729 730/757/730
f 719/758/719 727/759/727 707/743/707
f 714/741/714 713/760/713 732/761/732
f 724/723/724 777/762/777 725/711/725
f 718/738/718 739/763/739 726/753/726
f 719/758/719 726/753/726 740/764/740
f 713/760/713 731/765/731 747/766/747
f 720/755/720 727/759/727 735/767/735
f 722/748/722 728/768/728 743/769/743
f 791/770/791 678/656/678 846/771/846
f 726/753/726 739/763/739 740/764/740
f 730/757/730 745/772/745 746/773/746
f 730/757/730 746/773/746 731/765/731
f 740/764/740 741/774/741 727/759/727
f 731/765/731 746/773/746 747/766/747
f 747/766/747 753/775/753 732/761/732
f 728/768/728 736/776/736 742/777/742
f 733/736/733 738/778/738 768/779/768
f 678/656/678 777/762/777 846/771/846
f 737/780/737 744/781/744 729/756/729
f 746/773/746 745/772/745 752/782/752
f 735/767/735 741/774/741 749/783/749
f 735/767/735 749/783/749 736/776/736
f 792/784/792 778/785/778 716/694/716
f 768/779/768 776/786/776 724/723/724
f 737/780/737 743/769/743 751/787/751
f 754/788/754 748/789/748 741/774/741
f 742/777/742 750/790/750 755/791/755
f 751/787/751 757/792/757 744/781/744
f 734/749/734 760/793/760 739/763/739
f 744/781/744 757/792/757 745/772/745
f 745/772/745 757/792/757 752/782/752
f 752/782/752 758/794/758 746/773/746
f 767/795/767 783/796/783 759/797/759
f 749/783/749 763/798/763 750/790/750
f 751/787/751 756/799/756 765/800/765
f 769/801/769 793/802/793 734/749/734
f 752/782/752 757/792/757 766/803/766
f 754/788/754 770/804/770 748/789/748
f 753/775/753 758/794/758 767/795/767
f 763/798/763 764/805/764 755/791/755
f 765/800/765 773/806/773 757/792/757
f 754/788/754 761/807/761 770/804/770
f 760/793/760 793/802/793 779/808/779
f 760/793/760 779/808/779 761/807/761
f 773/806/773 774/809/774 766/803/766
f 767/795/767 775/810/775 782/811/782
f 780/812/780 771/813/771 763/798/763
f 783/796/783 808/814/808 768/779/768
f 772/815/772 787/816/787 773/806/773
f 773/806/773 787/816/787 788/817/788
f 774/809/774 788/817/788 789/818/789
f 770/804/770 784/819/784 785/820/785
f 774/809/774 789/818/789 775/810/775
f 775/810/775 789/818/789 782/811/782
f 780/812/780 786/821/786 771/813/771
f 808/814/808 839/822/839 776/786/776
f 782/811/782 789/818/789 800/823/800
f 785/820/785 794/824/794 780/812/780
f 780/812/780 794/824/794 795/825/795
f 790/826/790 807/827/807 783/796/783
f 783/796/783 807/827/807 808/814/808
f 786/821/786 796/828/796 781/829/781
f 781/829/781 796/828/796 797/830/797
f 778/785/778 856/831/856 847/832/847
f 779/808/779 793/802/793 809/833/809
f 784/819/784 810/834/810 785/820/785
f 790/826/790 800/823/800 807/827/807
f 795/825/795 802/835/802 786/821/786
f 797/830/797 804/836/804 787/816/787
f 798/837/798 805/838/805 788/817/788
f 809/833/809 810/834/810 784/819/784
f 796/828/796 803/839/803 812/840/812
f 830/841/830 822/842/822 793/802/793
f 804/836/804 814/843/814 798/837/798
f 799/844/799 805/838/805 816/845/816
f 810/834/810 801/846/801 794/824/794
f 807/827/807 806/847/806 838/848/838
f 802/835/802 811/849/811 803/839/803
f 808/814/808 817/850/817 855/851/855
f 813/852/813 812/840/812 820/853/820
f 804/836/804 813/852/813 821/854/821
f 814/843/814 815/855/815 805/838/805
f 810/834/810 818/856/818 801/846/801
f 806/847/806 816/845/816 829/857/829
f 820/853/820 826/858/826 813/852/813
f 839/822/839 870/859/870 777/762/777
f 809/833/809 822/842/822 823/860/823
f 810/834/810 823/860/823 831/861/831
f 816/845/816 815/855/815 828/862/828
f 806/847/806 829/857/829 837/863/837
f 819/864/819 824/865/824 811/849/811
f 821/854/821 826/858/826 835/866/835
f 831/861/831 832/867/832 818/856/818
f 820/853/820 825/868/825 834/869/834
f 822/842/822 848/870/848 823/860/823
f 835/866/835 844/871/844 827/872/827
f 827/872/827 844/871/844 845/873/845
f 838/848/838 861/874/861 817/850/817
f 834/869/834 843/875/843 826/858/826
f 822/842/822 830/841/830 848/870/848
f 831/876/831 849/877/849 832/878/832
f 845/879/845 853/880/853 836/881/836
f 832/878/832 850/882/850 833/883/833
f 837/884/837 836/881/836 854/885/854
f 834/886/834 842/887/842 852/888/852
f 855/889/855 894/890/894 839/891/839
f 847/892/847 886/893/886 830/894/830
f 843/895/843 844/896/844 835/897/835
f 840/898/840 850/882/850 857/899/857
f 840/898/840 857/899/857 841/900/841
f 852/888/852 858/901/858 843/895/843
f 846/902/846 870/903/870 518/555/518
f 791/904/791 846/902/846 518/555/518
f 848/905/848 871/906/871 831/876/831
f 854/885/854 869/907/869 875/908/875
f 857/899/857 864/909/864 851/910/851
f 851/910/851 864/909/864 865/911/865
f 855/889/855 861/912/861 893/913/893
f 856/914/856 886/893/886 847/892/847
f 848/905/848 886/893/886 876/915/876
f 849/877/849 871/906/871 872/916/872
f 860/917/860 868/918/868 853/880/853
f 849/877/849 862/919/862 850/882/850
f 853/880/853 868/918/868 869/907/869
f 856/914/856 792/920/792 941/921/941
f 865/911/865 873/922/873 858/901/858
f 866/923/866 874/924/874 859/925/859
f 862/919/862 863/926/863 850/882/850
f 875/908/875 892/927/892 861/912/861
f 870/903/870 894/890/894 940/928/940
f 866/923/866 873/922/873 882/929/882
f 874/924/874 883/930/883 867/931/867
f 872/916/872 878/932/878 862/919/862
f 882/929/882 889/933/889 874/924/874
f 876/915/876 877/934/877 871/906/871
f 872/916/872 887/935/887 895/936/895
f 875/908/875 885/937/885 900/938/900
f 881/939/881 882/929/882 873/922/873
f 885/937/885 891/940/891 900/938/900
f 879/941/879 888/942/888 896/943/896
f 879/941/879 896/943/896 880/944/880
f 889/933/889 890/945/890 883/930/883
f 895/936/895 901/946/901 888/942/888
f 941/921/941 479/510/479 886/893/886
f 919/947/919 920/948/920 894/890/894
f 877/934/877 907/949/907 887/935/887
f 896/943/896 901/946/901 908/950/908
f 896/943/896 909/951/909 897/952/897
f 899/953/899 903/954/903 911/955/911
f 906/956/906 921/957/921 877/934/877
f 890/945/890 899/953/899 912/958/912
f 895/936/895 907/949/907 914/959/914
f 891/940/891 904/960/904 918/961/918
f 910/962/910 915/963/915 902/964/902
f 902/964/902 915/963/915 916/965/916
f 902/964/902 916/965/916 903/954/903
f 912/958/912 917/966/917 904/960/904
f 479/510/479 482/515/482 906/956/906
f 906/956/906 482/515/482 953/514/953
f 911/955/911 916/965/916 925/967/925
f 921/957/921 928/968/928 907/949/907
f 912/958/912 926/969/926 917/966/917
f 914/959/914 922/970/922 901/946/901
f 901/946/901 922/970/922 908/950/908
f 908/950/908 922/970/922 923/971/923
f 918/961/918 927/972/927 905/973/905
f 908/950/908 923/971/923 909/951/909
f 905/973/905 927/972/927 913/974/913
f 917/966/917 926/969/926 934/975/934
f 914/959/914 928/968/928 929/976/929
f 923/971/923 930/977/930 910/962/910
f 953/514/953 942/978/942 921/957/921
f 932/979/932 933/980/933 925/967/925
f 929/976/929 944/981/944 922/970/922
f 938/982/938 951/983/951 927/972/927
f 939/984/939 495/985/495 920/948/920
f 924/986/924 931/987/931 937/988/937
f 934/975/934 933/980/933 950/989/950
f 929/976/929 943/990/943 483/533/483
f 936/991/936 946/992/946 930/977/930
f 952/993/952 494/994/494 939/984/939
f 930/977/930 946/992/946 947/995/947
f 930/977/930 947/995/947 931/987/931
f 937/988/937 948/996/948 924/986/924
f 932/979/932 949/997/949 933/980/933
f 942/978/942 943/990/943 928/968/928
f 938/982/938 950/989/950 956/998/956
f 944/981/944 945/999/945 935/1000/935
f 494/994/494 495/985/495 939/984/939
f 947/995/947 480/513/480 937/988/937
f 940/928/940 495/985/495 536/553/536
f 933/980/933 949/997/949 955/1001/955
f 956/998/956 489/519/489 951/983/951
f 946/992/946 945/999/945 486/529/486
f 941/921/941 792/1002/792 582/508/582
f 480/513/480 488/512/488 948/996/948
f 953/514/953 496/542/496 942/978/942
f 955/1001/955 956/998/956 950/989/950
f 944/981/944 483/533/483 484/522/484
f 482/515/482 479/510/479 508/509/508
f 496/542/496 953/514/953 509/516/509
f 954/518/954 490/517/490 491/536/491
f 493/525/493 956/998/956 955/1001/955 492/538/492
f 524/566/524 495/985/495 494/994/494 523/534/523
f 484/522/484 483/533/483 498/523/498
f 956/998/956 493/525/493 489/519/489
f 486/529/486 945/999/945 485/527/485
f 489/519/489 507/526/507 504/520/504
f 486/529/486 485/527/485 500/528/500
f 487/511/487 486/529/486 501/530/501
f 487/511/487 501/530/501 502/531/502
f 495/985/495 524/566/524 536/553/536
f 488/512/488 502/531/502 490/517/490
f 494/994/494 481/521/481 523/534/523
f 505/537/505 491/536/491 490/517/490 503/535/503
f 506/543/506 507/526/507 493/525/493 492/538/492
f 492/538/492 505/537/505 506/543/506
f 514/551/514 515/548/515 503/535/503 502/531/502
f 499/524/499 498/523/498 511/545/511
f 500/528/500 519/546/519 512/539/512
f 504/520/504 517/547/517 523/534/523
f 502/531/502 501/530/501 513/540/513
f 502/531/502 513/540/513 514/551/514
f 525/541/525 510/557/510 497/532/497 496/542/496
f 503/535/503 515/548/515 505/537/505
f 529/574/529 520/552/520 514/551/514 513/540/513
f 498/523/498 497/532/497 510/557/510
f 506/543/506 505/537/505 516/560/516
f 511/545/511 498/523/498 510/557/510
f 509/516/509 537/578/537 525/541/525
f 516/560/516 505/537/505 521/549/521
f 506/543/506 516/560/516 522/544/522
f 517/547/517 507/526/507 522/544/522
f 533/577/533 534/567/534 521/549/521 515/548/515
f 524/566/524 553/586/553 536/553/536
f 537/578/537 509/516/509 554/550/554
f 515/548/515 520/552/520 533/577/533
f 527/570/527 531/571/531 519/546/519 511/545/511
f 510/557/510 538/558/538 526/559/526
f 511/545/511 526/559/526 527/570/527
f 529/574/529 513/540/513 512/539/512 528/564/528
f 517/547/517 546/563/546 523/534/523
f 530/561/530 516/560/516 521/549/521 534/567/534
f 557/589/557 558/596/558 542/573/542 541/572/541
f 528/564/528 519/546/519 531/571/531
f 523/534/523 546/563/546 547/565/547
f 524/566/524 547/565/547 553/586/553
f 520/552/520 529/574/529 532/575/532
f 520/552/520 532/575/532 533/577/533
f 530/561/530 545/568/545 535/562/535
f 527/570/527 539/569/539 531/571/531
f 528/564/528 541/572/541 542/573/542
f 529/574/529 542/573/542 532/575/532
f 538/558/538 525/541/525 565/579/565
f 541/572/541 531/571/531 540/582/540
f 535/562/535 562/583/562 546/563/546
f 532/575/532 548/585/548 543/576/543
f 612/554/612 536/553/536 611/587/611
f 544/580/544 533/577/533 560/588/560
f 545/568/545 534/567/534 544/580/544
f 546/563/546 552/590/552 563/584/563
f 550/594/550 561/600/561 545/568/545 544/580/544
f 542/573/542 558/596/558 548/585/548
f 553/586/553 547/565/547 594/591/594
f 508/509/508 564/592/564 554/550/554
f 560/588/560 543/576/543 549/593/549
f 556/602/556 539/569/539 538/558/538 555/595/555
f 559/597/559 567/605/567 549/593/549 548/585/548
f 545/568/545 561/600/561 551/581/551
f 539/569/539 556/602/556 540/582/540
f 583/628/583 575/619/575 555/595/555 565/579/565
f 611/587/611 553/586/553 569/598/569
f 549/593/549 567/605/567 560/588/560
f 557/589/557 540/582/540 566/603/566
f 554/550/554 613/604/613 565/579/565
f 574/601/574 581/612/581 562/583/562 551/581/551
f 561/600/561 550/594/550 573/606/573
f 561/600/561 573/606/573 574/601/574
f 566/603/566 556/602/556 570/607/570
f 572/614/572 558/596/558 557/589/557 571/622/571
f 562/583/562 581/612/581 552/590/552
f 557/589/557 566/603/566 571/622/571
f 590/627/590 591/1003/591 578/610/578 577/615/577
f 558/596/558 572/614/572 559/597/559
f 567/605/567 577/615/577 578/610/578
f 565/579/565 595/609/595 583/628/583
f 568/599/568 578/610/578 579/616/579
f 573/606/573 568/599/568 579/616/579
f 555/595/555 575/619/575 570/607/570
f 566/603/566 576/611/576 571/622/571
f 594/591/594 563/584/563 602/613/602
f 574/601/574 587/618/587 581/612/581
f 576/611/576 570/607/570 584/620/584
f 581/612/581 593/630/593 588/608/588
f 572/614/572 585/621/585 586/626/586
f 577/615/577 572/614/572 586/626/586
f 575/619/575 596/629/596 584/620/584
f 593/630/593 581/612/581 600/623/600
f 576/611/576 597/625/597 585/621/585
f 602/613/602 588/608/588 601/631/601
f 639/672/639 564/592/564 582/508/582 686/634/686
f 578/610/578 591/1003/591 592/637/592
f 579/616/579 578/610/578 592/637/592
f 579/616/579 592/637/592 580/617/580
f 584/620/584 603/639/603 589/624/589
f 585/621/585 597/625/597 598/632/598
f 590/627/590 586/626/586 598/632/598
f 604/641/604 605/1004/605 597/625/597 589/624/589
f 564/592/564 639/672/639 613/604/613
f 611/587/611 569/598/569 617/635/617
f 583/628/583 614/636/614 596/629/596
f 587/618/587 580/617/580 599/638/599
f 587/618/587 599/638/599 600/623/600
f 608/645/608 592/637/592 591/1003/591 607/652/607
f 593/630/593 610/642/610 601/631/601
f 590/627/590 598/632/598 606/649/606
f 590/627/590 606/649/606 607/652/607
f 591/1003/591 590/627/590 607/652/607
f 615/650/615 598/632/598 597/625/597 605/1004/605
f 592/637/592 608/645/608 599/638/599
f 632/648/632 638/669/638 602/613/602 601/631/601
f 678/656/678 612/554/612 611/587/611 669/653/669
f 598/632/598 615/650/615 606/649/606
f 617/635/617 602/613/602 638/669/638
f 595/609/595 640/643/640 614/636/614
f 596/629/596 625/644/625 626/658/626
f 596/629/596 626/658/626 603/639/603
f 610/642/610 600/623/600 624/647/624
f 623/675/623 608/645/608 607/652/607 622/654/622
f 619/667/619 604/641/604 603/639/603 627/659/627
f 616/646/616 608/645/608 623/675/623
f 609/640/609 630/657/630 624/647/624
f 619/667/619 620/662/620 605/1004/605 604/641/604
f 633/666/633 634/678/634 620/662/620 619/667/619
f 605/1004/605 620/662/620 615/650/615
f 625/644/625 614/636/614 618/661/618
f 616/646/616 623/675/623 629/664/629
f 630/657/630 616/646/616 629/664/629
f 632/648/632 610/642/610 631/660/631
f 621/651/621 615/650/615 628/663/628
f 617/635/617 668/710/668 669/653/669
f 629/664/629 623/675/623 636/674/636
f 631/660/631 624/647/624 646/668/646
f 635/671/635 636/674/636 622/654/622 621/651/621
f 620/662/620 634/678/634 628/663/628
f 617/635/617 660/670/660 668/710/668
f 653/682/653 649/688/649 626/658/626 625/644/625
f 640/643/640 613/604/613 661/673/661
f 637/665/637 629/664/629 645/681/645
f 627/659/627 626/658/626 649/688/649
f 627/659/627 649/688/649 633/666/633
f 631/660/631 647/676/647 648/677/648
f 632/648/632 648/677/648 638/669/638
f 628/663/628 642/679/642 643/683/643
f 635/671/635 628/663/628 643/683/643
f 650/689/650 641/691/641 634/678/634 633/666/633
f 654/692/654 655/684/655 643/683/643 642/679/642
f 634/678/634 641/691/641 642/679/642
f 635/671/635 655/684/655 644/680/644
f 645/681/645 636/674/636 651/685/651
f 653/682/653 618/661/618 670/686/670
f 648/677/648 677/693/677 660/670/660
f 666/696/666 651/685/651 657/695/657 665/702/665
f 639/672/639 716/694/716 661/673/661
f 644/680/644 657/695/657 651/685/651
f 652/687/652 645/681/645 658/697/658
f 647/676/647 646/668/646 659/698/659
f 641/691/641 650/689/650 663/706/663
f 654/692/654 664/715/664 655/684/655
f 655/684/655 656/701/656 657/695/657
f 682/716/682 665/702/665 656/701/656 681/732/681
f 652/687/652 658/697/658 667/1005/667
f 659/698/659 652/687/652 667/1005/667
f 650/689/650 662/700/662 663/706/663
f 647/676/647 659/698/659 676/690/676
f 641/691/641 663/706/663 654/692/654
f 668/710/668 660/670/660 693/708/693
f 653/682/653 687/704/687 671/699/671
f 654/692/654 672/707/672 664/715/664
f 656/701/656 655/684/655 664/715/664
f 685/728/685 667/1005/667 658/697/658 684/712/684
f 670/686/670 661/673/661 699/709/699
f 669/653/669 725/711/725 678/656/678
f 665/702/665 682/716/682 674/703/674
f 680/719/680 663/706/663 662/700/662 679/713/679
f 685/728/685 692/721/692 659/698/659 667/1005/667
f 673/714/673 681/732/681 656/701/656 664/715/664
f 672/707/672 663/706/663 680/719/680
f 659/698/659 692/721/692 676/690/676
f 683/725/683 675/705/675 674/703/674 691/717/691
f 687/704/687 670/686/670 717/724/717
f 690/733/690 673/714/673 672/707/672 689/720/689
f 684/712/684 675/705/675 683/725/683
f 671/699/671 701/718/701 679/713/679
f 703/745/703 690/733/690 689/720/689 702/735/702
f 677/693/677 698/722/698 693/708/693
f 681/732/681 673/714/673 690/733/690
f 725/711/725 668/710/668 724/723/724
f 701/718/701 687/704/687 700/754/700
f 679/713/679 688/727/688 694/730/694
f 692/721/692 685/728/685 697/729/697
f 689/720/689 680/719/680 694/730/694
f 691/717/691 682/716/682 695/734/695
f 692/721/692 697/729/697 698/722/698
f 705/739/705 683/725/683 691/717/691 704/737/704
f 698/722/698 714/741/714 715/731/715
f 695/734/695 690/733/690 703/745/703
f 686/634/686 792/784/792 716/694/716
f 693/708/693 733/736/733 724/723/724
f 708/747/708 709/746/709 695/734/695 703/745/703
f 700/754/700 687/704/687 718/738/718
f 696/726/696 683/725/683 706/740/706
f 702/735/702 694/730/694 707/743/707
f 712/742/712 713/760/713 697/729/697 696/726/696
f 704/737/704 695/734/695 709/746/709
f 704/737/704 710/751/710 705/739/705
f 719/758/719 688/727/688 701/718/701 726/753/726
f 708/747/708 703/745/703 721/744/721
f 699/709/699 734/749/734 717/724/717
f 704/737/704 723/750/723 710/751/710
f 706/740/706 705/739/705 711/752/711
f 738/778/738 715/731/715 714/741/714 732/761/732
f 688/727/688 719/758/719 707/743/707
f 714/741/714 697/729/697 713/760/713
f 702/735/702 720/755/720 721/744/721
f 715/731/715 738/778/738 733/736/733
f 722/748/722 708/747/708 728/768/728
f 712/742/712 711/752/711 730/757/730
f 712/742/712 730/757/730 731/765/731
f 713/760/713 712/742/712 731/765/731
f 720/755/720 707/743/707 727/759/727
f 739/763/739 718/738/718 717/724/717 734/749/734
f 708/747/708 721/744/721 728/768/728
f 678/656/678 725/711/725 777/762/777
f 723/750/723 737/780/737 729/756/729
f 736/776/736 721/744/721 720/755/720 735/767/735
f 719/758/719 740/764/740 727/759/727
f 713/760/713 747/766/747 732/761/732
f 778/785/778 769/801/769 734/749/734 716/694/716
f 721/744/721 736/776/736 728/768/728
f 722/748/722 743/769/743 723/750/723
f 729/756/729 744/781/744 745/772/745
f 730/757/730 729/756/729 745/772/745
f 735/767/735 727/759/727 741/774/741
f 732/761/732 753/775/753 759/797/759
f 732/761/732 759/797/759 738/778/738
f 743/769/743 728/768/728 742/777/742
f 733/736/733 768/779/768 724/723/724
f 737/780/737 723/750/723 743/769/743
f 740/764/740 754/788/754 741/774/741
f 736/776/736 749/783/749 750/790/750
f 742/777/742 736/776/736 750/790/750
f 738/778/738 759/797/759 768/779/768
f 491/536/491 492/538/492 955/1001/955 954/518/954
f 756/799/756 743/769/743 742/777/742 755/791/755
f 724/723/724 776/786/776 777/762/777
f 737/780/737 751/787/751 744/781/744
f 747/766/747 746/773/746 758/794/758
f 753/775/753 747/766/747 758/794/758
f 749/783/749 741/774/741 748/789/748
f 753/775/753 767/795/767 759/797/759
f 765/800/765 756/799/756 755/791/755 764/805/764
f 751/787/751 743/769/743 756/799/756
f 739/763/739 760/793/760 761/807/761
f 740/764/740 739/763/739 761/807/761
f 740/764/740 761/807/761 754/788/754
f 749/783/749 748/789/748 762/1006/762
f 749/783/749 762/1006/762 763/798/763
f 755/791/755 750/790/750 763/798/763
f 751/787/751 765/800/765 757/792/757
f 760/793/760 734/749/734 793/802/793
f 752/782/752 766/803/766 758/794/758
f 748/789/748 770/804/770 762/1006/762
f 768/779/768 759/797/759 783/796/783
f 778/785/778 792/784/792 856/831/856
f 775/810/775 758/794/758 766/803/766 774/809/774
f 766/803/766 757/792/757 773/806/773
f 772/815/772 765/800/765 764/805/764 781/829/781
f 767/795/767 758/794/758 775/810/775
f 762/1006/762 780/812/780 763/798/763
f 768/779/768 808/814/808 776/786/776
f 780/812/780 762/1006/762 770/804/770 785/820/785
f 765/800/765 772/815/772 773/806/773
f 761/807/761 779/808/779 784/819/784
f 770/804/770 761/807/761 784/819/784
f 771/813/771 781/829/781 764/805/764 763/798/763
f 767/795/767 782/811/782 790/826/790
f 767/795/767 790/826/790 783/796/783
f 830/841/830 769/801/769 778/785/778 847/832/847
f 774/809/774 773/806/773 788/817/788
f 771/813/771 786/821/786 781/829/781
f 776/786/776 839/822/839 777/762/777
f 787/816/787 798/837/798 788/817/788
f 784/819/784 779/808/779 809/833/809
f 782/811/782 800/823/800 790/826/790
f 780/812/780 795/825/795 786/821/786
f 772/815/772 781/829/781 797/830/797
f 805/838/805 799/844/799 789/818/789 788/817/788
f 772/815/772 797/830/797 787/816/787
f 793/802/793 769/801/769 830/841/830
f 816/845/816 806/847/806 800/823/800 799/844/799
f 785/820/785 810/834/810 794/824/794
f 800/823/800 789/818/789 799/844/799
f 786/821/786 802/835/802 803/839/803
f 796/828/796 786/821/786 803/839/803
f 787/816/787 804/836/804 798/837/798
f 801/846/801 802/835/802 795/825/795 794/824/794
f 812/840/812 813/852/813 797/830/797 796/828/796
f 807/827/807 800/823/800 806/847/806
f 824/865/824 825/868/825 812/840/812 811/849/811
f 797/830/797 813/852/813 804/836/804
f 809/833/809 793/802/793 822/842/822
f 798/837/798 814/843/814 805/838/805
f 802/835/802 819/864/819 811/849/811
f 807/827/807 838/848/838 817/850/817
f 808/814/808 807/827/807 817/850/817
f 812/840/812 803/839/803 811/849/811
f 808/814/808 855/851/855 839/822/839
f 804/836/804 821/854/821 814/843/814
f 810/834/810 809/833/809 823/860/823
f 816/845/816 805/838/805 815/855/815
f 801/846/801 818/856/818 819/864/819
f 802/835/802 801/846/801 819/864/819
f 827/872/827 815/855/815 814/843/814 821/854/821
f 820/853/820 812/840/812 825/868/825
f 821/854/821 813/852/813 826/858/826
f 846/771/846 777/762/777 870/859/870
f 833/1007/833 819/864/819 818/856/818 832/867/832
f 810/834/810 831/861/831 818/856/818
f 829/857/829 816/845/816 828/862/828
f 838/848/838 806/847/806 837/863/837
f 820/853/820 834/869/834 826/858/826
f 821/854/821 835/866/835 827/872/827
f 828/862/828 815/855/815 827/872/827
f 829/857/829 828/862/828 836/1008/836
f 841/1009/841 824/865/824 833/1007/833 840/1010/840
f 819/864/819 833/1007/833 824/865/824
f 823/860/823 848/870/848 831/861/831
f 828/862/828 827/872/827 845/873/845
f 828/862/828 845/873/845 836/1008/836
f 837/863/837 829/857/829 836/1008/836
f 841/1009/841 842/1011/842 825/868/825 824/865/824
f 859/925/859 844/896/844 843/895/843 858/901/858
f 834/869/834 825/868/825 842/1011/842
f 835/866/835 826/858/826 843/875/843
f 832/878/832 849/877/849 850/882/850
f 840/898/840 833/883/833 850/882/850
f 838/1012/838 837/884/837 854/885/854
f 838/1012/838 854/885/854 861/912/861
f 842/887/842 841/900/841 851/910/851
f 817/1013/817 861/912/861 855/889/855
f 834/886/834 852/888/852 843/895/843
f 870/903/870 839/891/839 894/890/894
f 848/905/848 830/894/830 886/893/886
f 845/879/845 860/917/860 853/880/853
f 854/885/854 836/881/836 853/880/853
f 841/900/841 857/899/857 851/910/851
f 852/888/852 842/887/842 851/910/851
f 859/925/859 860/917/860 845/879/845 844/896/844
f 883/930/883 884/1014/884 868/918/868 867/931/867
f 849/877/849 831/876/831 871/906/871
f 854/885/854 853/880/853 869/907/869
f 854/885/854 875/908/875 861/912/861
f 852/888/852 851/910/851 865/911/865
f 855/889/855 893/913/893 894/890/894
f 852/888/852 865/911/865 858/901/858
f 858/901/858 866/923/866 859/925/859
f 848/905/848 876/915/876 871/906/871
f 849/877/849 872/916/872 862/919/862
f 861/912/861 892/927/892 893/913/893
f 856/914/856 941/921/941 886/893/886
f 866/923/866 858/901/858 873/922/873
f 859/925/859 874/924/874 867/931/867
f 860/917/860 859/925/859 867/931/867
f 872/916/872 871/906/871 887/935/887
f 868/918/868 860/917/860 867/931/867
f 857/899/857 850/882/850 863/926/863
f 857/899/857 863/926/863 864/909/864
f 865/911/865 881/939/881 873/922/873
f 870/903/870 940/928/940 518/555/518
f 866/923/866 882/929/882 874/924/874
f 884/1014/884 885/937/885 869/907/869 868/918/868
f 879/941/879 863/926/863 862/919/862 878/932/878
f 880/944/880 864/909/864 863/926/863 879/941/879
f 875/908/875 869/907/869 885/937/885
f 880/944/880 881/939/881 865/911/865 864/909/864
f 890/945/890 904/960/904 884/1014/884 883/930/883
f 886/893/886 906/956/906 876/915/876
f 874/924/874 889/933/889 883/930/883
f 887/935/887 871/906/871 877/934/877
f 872/916/872 895/936/895 878/932/878
f 878/932/878 888/942/888 879/941/879
f 875/908/875 900/938/900 892/927/892
f 898/1015/898 881/939/881 880/944/880 897/952/897
f 884/1014/884 904/960/904 891/940/891
f 878/932/878 895/936/895 888/942/888
f 885/937/885 884/1014/884 891/940/891
f 880/944/880 896/943/896 897/952/897
f 898/1015/898 903/954/903 882/929/882 881/939/881
f 893/913/893 919/947/919 894/890/894
f 913/974/913 892/927/892 900/938/900 905/973/905
f 882/929/882 903/954/903 889/933/889
f 876/915/876 906/956/906 877/934/877
f 896/943/896 888/942/888 901/946/901
f 910/962/910 898/1015/898 897/952/897 909/951/909
f 893/913/893 892/927/892 913/974/913
f 893/913/893 913/974/913 919/947/919
f 903/954/903 898/1015/898 902/964/902
f 886/893/886 479/510/479 906/956/906
f 940/928/940 894/890/894 920/948/920
f 889/933/889 903/954/903 899/953/899
f 890/945/890 889/933/889 899/953/899
f 895/936/895 887/935/887 907/949/907
f 900/938/900 891/940/891 918/961/918
f 900/938/900 918/961/918 905/973/905
f 896/943/896 908/950/908 909/951/909
f 925/967/925 926/969/926 912/958/912 911/955/911
f 898/1015/898 910/962/910 902/964/902
f 907/949/907 877/934/877 921/957/921
f 904/960/904 890/945/890 912/958/912
f 895/936/895 914/959/914 901/946/901
f 913/974/913 939/984/939 919/947/919
f 911/955/911 903/954/903 916/965/916
f 912/958/912 899/953/899 911/955/911
f 918/961/918 904/960/904 917/966/917
f 906/956/906 953/514/953 921/957/921
f 931/987/931 924/986/924 916/965/916 915/963/915
f 907/949/907 928/968/928 914/959/914
f 909/951/909 923/971/923 910/962/910
f 939/984/939 913/974/913 927/972/927
f 924/986/924 932/979/932 925/967/925 916/965/916
f 934/975/934 938/982/938 918/961/918 917/966/917
f 914/959/914 929/976/929 922/970/922
f 948/996/948 949/997/949 932/979/932 924/986/924
f 918/961/918 938/982/938 927/972/927
f 915/963/915 910/962/910 930/977/930
f 915/963/915 930/977/930 931/987/931
f 920/948/920 919/947/919 939/984/939
f 921/957/921 942/978/942 928/968/928
f 926/969/926 925/967/925 933/980/933
f 934/975/934 926/969/926 933/980/933
f 928/968/928 943/990/943 929/976/929
f 922/970/922 944/981/944 935/1000/935
f 923/971/923 922/970/922 935/1000/935
f 923/971/923 935/1000/935 936/991/936
f 927/972/927 951/983/951 952/993/952
f 923/971/923 936/991/936 930/977/930
f 939/984/939 927/972/927 952/993/952
f 940/928/940 920/948/920 495/985/495
f 929/976/929 483/533/483 944/981/944
f 938/982/938 934/975/934 950/989/950
f 937/988/937 931/987/931 947/995/947
f 946/992/946 936/991/936 935/1000/935 945/999/945
f 951/983/951 938/982/938 956/998/956
f 486/529/486 487/511/487 947/995/947 946/992/946
f 951/983/951 481/521/481 952/993/952
f 937/988/937 480/513/480 948/996/948
f 940/928/940 536/553/536 518/555/518
f 950/989/950 933/980/933 955/1001/955
f 951/983/951 489/519/489 481/521/481
f 494/994/494 952/993/952 481/521/481
f 954/518/954 949/997/949 948/996/948 488/512/488
f 479/510/479 941/921/941 582/508/582
f 947/995/947 487/511/487 480/513/480
f 497/532/497 943/990/943 942/978/942 496/542/496
f 484/522/484 485/527/485 945/999/945 944/981/944
f 955/1001/955 949/997/949 954/518/954
f 483/533/483 943/990/943 497/532/497
o Boss_armored_torso
v -0.025920 1.571132 -0.516596
v -0.049621 1.197713 -0.603580
v -0.033997 0.734677 -0.518993
v -0.053426 0.358577 -0.111986
v 0.030728 1.658880 -0.469154
v 0.038192 1.384647 -0.578616
v 0.045553 1.274647 -0.597952
v 0.035882 0.989191 -0.592846
v 0.037233 0.871813 -0.568418
v 0.044677 0.603981 -0.445820
v 0.004075 0.527250 -0.385301
v 0.044415 1.880855 -0.255712
v 0.022221 1.819096 -0.339220
v 0.106095 1.774168 -0.375788
v 0.043149 1.739546 -0.413365
v 0.107149 1.495462 -0.541757
v 0.118412 1.110336 -0.598705
v 0.152842 0.953756 -0.576291
v 0.097993 0.732250 -0.513664
v -0.003126 0.404834 -0.233259
v 0.115913 1.631015 -0.479694
v 0.184526 1.420758 -0.553637
v 0.194445 1.268631 -0.581670
v 0.100891 0.497356 -0.348943
v -0.013922 0.376453 -0.175151
v 0.047102 1.921717 -0.173737
v 0.225805 1.625575 -0.459271
v 0.239862 1.530677 -0.502778
v 0.305717 1.268484 -0.553346
v 0.268047 1.153285 -0.571007
v 0.266639 1.034519 -0.565828
v 0.269046 0.887893 -0.536357
v 0.218909 0.801463 -0.522275
v 0.192246 0.657951 -0.459345
v 0.211933 0.578643 -0.397514
v 0.094738 0.438842 -0.278066
v 0.190239 1.802394 -0.328037
v 0.211933 1.721357 -0.397514
v 0.290034 1.423049 -0.527923
v 0.373194 1.027490 -0.528854
v 0.220840 0.460164 -0.269689
v 0.138587 1.882084 -0.234454
v 0.327772 1.631212 -0.420154
v 0.371168 1.530655 -0.455421
v 0.388967 1.422863 -0.489846
v 0.401103 1.307650 -0.511935
v 0.410234 1.195108 -0.521391
v 0.377768 0.867744 -0.491862
v 0.360328 0.737236 -0.445312
v 0.315817 0.612986 -0.385864
v 0.240518 0.525652 -0.338997
v -0.017400 0.346881 -0.060648
v 0.475814 1.356931 -0.464338
v 0.470098 1.121504 -0.492261
v 0.544668 1.070783 -0.442916
v 0.466827 0.953571 -0.472443
v 0.093491 0.357620 -0.096325
v 0.021203 1.952669 -0.059619
v 0.302354 1.823380 -0.246452
v 0.344117 1.747186 -0.317211
v 0.467257 1.567752 -0.382676
v 0.495910 1.459105 -0.417600
v 0.551362 1.200806 -0.441169
v 0.490232 0.804457 -0.406244
v 0.158634 0.404116 -0.200721
v 0.132164 0.378283 -0.146993
v 0.073161 1.941384 -0.106702
v 0.441792 1.663310 -0.330429
v 0.580749 1.346429 -0.395060
v 0.580749 0.953571 -0.395060
v 0.453846 0.673100 -0.352467
v 0.408570 0.578643 -0.298973
v 0.240001 1.881049 -0.185656
v 0.560118 1.562764 -0.307996
v 0.595007 1.459105 -0.337015
v 0.651079 1.346204 -0.326438
v 0.648444 1.189671 -0.360743
v 0.649414 1.070783 -0.354711
v 0.586485 0.804457 -0.326709
v 0.496232 0.606402 -0.251488
v 0.378431 0.524300 -0.258413
v 0.398483 1.799145 -0.202946
v 0.503633 1.698125 -0.236453
v 0.688081 1.422313 -0.243746
v 0.672354 0.953571 -0.302495
v 0.325030 0.453208 -0.186939
v 0.177070 1.922657 -0.117665
v 0.626849 1.565423 -0.221828
v 0.722870 1.268632 -0.256276
v 0.729821 1.110329 -0.258932
v 0.660200 0.804457 -0.234618
v 0.577951 0.674944 -0.230486
v 0.234143 0.389312 -0.103765
v 0.149861 1.941028 -0.040216
v 0.319249 1.877434 -0.111543
v 0.662527 1.567658 -0.147489
v 0.727501 1.422036 -0.165309
v 0.771662 1.189620 -0.175587
v 0.738120 0.953571 -0.198306
v 0.698297 0.804756 -0.159152
v 0.416695 0.479922 -0.127883
v 0.430876 1.821012 -0.093699
v 0.478540 1.777323 -0.131119
v 0.575391 1.692905 -0.126161
v 0.766280 1.307651 -0.149276
v 0.780970 1.070783 -0.141320
v 0.775520 0.953570 -0.086495
v 0.627895 0.668789 -0.123266
v 0.502157 0.542838 -0.136374
v 0.687563 1.562765 -0.073600
v 0.752794 1.422313 -0.083445
v 0.798614 1.189672 -0.088891
v 0.722580 0.804457 -0.080781
v 0.369133 0.437968 -0.070243
v 0.480640 1.798663 -0.018708
v 0.598306 1.692415 -0.016786
v 0.790386 1.307651 -0.034287
v 0.800204 1.042399 -0.019588
v 0.647894 0.668788 -0.029026
v 0.568717 0.578643 -0.036714
v 0.478872 0.500849 -0.032472
v 0.692256 1.565424 0.025986
v 0.760035 1.422313 0.028305
v 0.806391 1.189672 0.029668
v 0.762409 0.883464 0.024458
v 0.695260 0.741756 0.037265
v 0.340370 0.417099 -0.019545
v 0.234358 1.922412 -0.009603
v 0.336767 1.884964 -0.006375
v 0.506533 1.773595 0.056353
v 0.591968 1.692333 0.065858
v 0.784117 1.307651 0.082019
v 0.790712 1.027987 0.085400
v 0.749567 0.871456 0.088403
v 0.592338 0.607523 0.065205
v 0.237435 0.378401 -0.008748
v 0.708795 1.495542 0.132758
v 0.750164 1.346954 0.171461
v 0.783179 1.189672 0.147088
v 0.670685 0.734639 0.131242
v 0.469948 0.496893 0.060497
v 0.298230 0.404740 0.066692
v 0.408075 1.841361 0.070769
v 0.634440 1.615994 0.137587
v 0.759592 1.110287 0.203956
v 0.747716 0.992349 0.195173
v 0.716353 0.877687 0.192556
v 0.604825 0.663634 0.167764
v 0.537771 0.580593 0.145727
v 0.160158 0.358907 0.004430
v 0.640685 1.530655 0.232396
v 0.689686 1.432256 0.233751
v 0.723234 1.229217 0.262340
v 0.690774 0.953796 0.276768
v 0.650380 0.795203 0.241320
v 0.361234 0.438915 0.094124
v 0.489472 1.756021 0.163251
v 0.525535 1.696012 0.211383
v 0.671700 1.343387 0.304622
v 0.713011 1.110668 0.284823
v 0.587102 0.804458 0.326085
v 0.575696 0.701354 0.258345
v 0.513979 0.607524 0.230250
v 0.081790 0.347009 -0.010075
v 0.551781 1.616701 0.271715
v 0.587102 1.495542 0.326085
v 0.641098 1.070783 0.363121
v 0.629924 0.953570 0.350120
v 0.426566 0.507418 0.182478
v 0.287374 1.886057 0.128566
v 0.360465 1.822057 0.200505
v 0.381136 1.772775 0.257512
v 0.557746 1.412107 0.391680
v 0.618892 1.268999 0.380336
v 0.594933 1.184303 0.409761
v 0.564641 1.031515 0.423590
v 0.537327 0.877965 0.403273
v 0.262314 0.417901 0.164657
v 0.200183 0.377500 0.092002
v 0.423655 1.692879 0.317741
v 0.460435 1.565362 0.388583
v 0.486663 0.735696 0.372012
v 0.424546 0.607014 0.317372
v 0.328211 0.478185 0.229436
v 0.255973 1.862043 0.211817
v 0.359448 1.557678 0.448408
v 0.452988 1.422313 0.458593
v 0.476161 1.268633 0.481738
v 0.486514 1.150000 0.483160
v 0.476161 1.031367 0.481738
v 0.452988 0.877687 0.458593
v 0.325064 0.525707 0.297069
v 0.080290 1.953400 0.011978
v 0.135021 1.942354 0.062937
v 0.182603 1.923653 0.111383
v 0.266710 1.802633 0.296197
v 0.313792 1.692414 0.382431
v 0.375843 1.384866 0.507612
v 0.369339 0.953796 0.517954
v 0.362011 0.795204 0.471649
v 0.369009 0.683324 0.410531
v 0.285056 1.569088 0.471871
v 0.350364 1.195866 0.545338
v 0.337166 1.070783 0.546902
v 0.272487 0.661549 0.437207
v 0.265988 0.580619 0.380338
v 0.211302 0.497583 0.320564
v 0.144844 1.895824 0.205235
v 0.192368 1.775780 0.354558
v 0.220472 1.633597 0.456148
v 0.255985 1.422313 0.537467
v 0.273184 1.307651 0.557311
v 0.278560 1.150000 0.568276
v 0.264407 0.953571 0.553590
v 0.246607 0.804458 0.515763
v 0.109131 0.378314 0.157092
v 0.132817 1.844871 0.293204
v 0.164778 1.721584 0.409767
v 0.152962 1.346204 0.576061
v 0.188427 1.229217 0.585727
v 0.195787 1.110266 0.586942
v 0.160916 0.666660 0.470485
v 0.167586 0.435811 0.255583
v 0.104254 0.403364 0.218528
v 0.120876 1.663310 0.459080
v 0.136653 1.565251 0.509889
v 0.115810 1.459106 0.552430
v 0.117150 1.031367 0.593201
v 0.116754 0.883465 0.565591
v 0.086907 0.741754 0.518695
v 0.100133 0.551243 0.400514
v 0.081581 0.357494 0.102083
v 0.038757 1.346430 0.587317
v 0.039673 1.189672 0.604789
v 0.043055 0.840894 0.558283
v 0.066953 0.477996 0.332565
v 0.020676 1.799979 0.360344
v -0.000916 1.721584 0.427997
v -0.024990 1.631212 0.486426
v -0.007923 1.513419 0.541745
v -0.046390 1.070783 0.601529
v -0.038185 0.953570 0.587338
v -0.048378 0.795204 0.543004
v -0.006138 0.663905 0.484603
v 0.024265 1.922796 0.175014
v -0.002705 1.896389 0.231278
v -0.139247 1.637949 0.471297
v -0.112055 1.422312 0.564507
v -0.117491 1.268633 0.593163
v -0.111510 1.150000 0.599659
v -0.183976 0.947312 0.570449
v -0.056846 0.578416 0.425869
v -0.027614 0.418881 0.258136
v -0.031720 1.862751 0.284607
v -0.208971 1.099194 0.584009
v -0.174881 0.840894 0.543618
v -0.168595 0.742322 0.507699
v -0.082186 0.524566 0.379054
v -0.086541 0.478855 0.330038
v -0.114030 1.798812 0.351442
v -0.177610 1.702927 0.421799
v -0.272021 1.564305 0.479575
v -0.213756 1.496289 0.523894
v -0.257641 1.352688 0.554177
v -0.260231 0.992349 0.560787
v -0.186080 0.665457 0.465220
v -0.202061 0.600877 0.417536
v -0.141374 0.438534 0.265168
v -0.024433 0.377418 0.175755
v 0.000000 1.956400 0.000000
v -0.023361 1.942213 0.118116
v -0.358567 1.422035 0.502707
v -0.305518 1.268969 0.554384
v -0.345139 1.110328 0.547402
v -0.311889 0.804460 0.495483
v -0.212650 0.501390 0.323877
v -0.114738 1.910688 0.184933
v -0.246974 1.774168 0.336509
v -0.301779 1.692413 0.387832
v -0.344461 1.598645 0.431772
v -0.423131 1.197712 0.514766
v -0.370572 0.953046 0.518362
v -0.315664 0.662050 0.420687
v 0.013433 0.347009 0.061343
v -0.217520 1.843568 0.265415
v -0.434781 1.495540 0.440327
v -0.460948 1.352012 0.474448
v -0.475814 0.943069 0.464339
v -0.438946 0.840895 0.452044
v -0.418328 0.734636 0.414499
v -0.334517 0.595005 0.362598
v -0.369743 1.748394 0.297885
v -0.419028 1.637950 0.366417
v -0.534073 1.455720 0.394141
v -0.527632 1.279047 0.448553
v -0.512540 1.110212 0.468158
v -0.515813 0.804758 0.387241
v -0.310342 0.501149 0.276585
v 0.000000 0.343600 0.000000
v -0.598177 1.225992 0.402424
v -0.584234 1.023473 0.407382
v -0.574873 0.918338 0.388093
v -0.496744 0.701355 0.338186
v -0.442125 0.609610 0.304643
v -0.252615 0.437143 0.212318
v -0.184407 0.403803 0.186483
v -0.077646 0.358616 0.104904
v -0.440125 1.748394 0.238062
v -0.507778 1.624618 0.310012
v -0.586486 1.495540 0.326709
v -0.630927 1.349666 0.347832
v -0.648444 1.110329 0.360742
v -0.586486 0.804460 0.326709
v -0.209076 1.910414 0.132759
v -0.294335 1.863682 0.178815
v -0.360373 1.823088 0.197751
v -0.643482 1.495242 0.258267
v -0.692981 1.343397 0.274981
v -0.693732 1.200871 0.308298
v -0.672353 0.953569 0.302495
v -0.553590 0.666659 0.252065
v -0.393785 0.497197 0.200770
v -0.343768 0.437968 0.122904
v -0.493593 1.748395 0.169089
v -0.583766 1.631212 0.212770
v -0.729203 1.070783 0.252874
v -0.723482 0.953795 0.224901
v -0.503711 0.578416 0.201151
v -0.179029 0.375385 0.110194
v -0.035205 1.953307 0.055825
v -0.298681 1.895851 0.058038
v -0.687684 1.495540 0.184955
v -0.738387 1.349666 0.195493
v -0.759054 1.192854 0.206264
v -0.770077 1.020461 0.155104
v -0.675758 0.817550 0.221612
v -0.654871 0.734636 0.170335
v -0.444451 0.500294 0.136417
v -0.140733 1.941120 0.056418
v -0.398414 1.841729 0.093638
v -0.528092 1.748395 0.093619
v -0.627894 1.631212 0.123267
v -0.715735 1.495241 0.107051
v -0.744094 0.887894 0.130206
v -0.680654 0.734893 0.095493
v -0.597653 0.639553 0.139753
v -0.528092 0.551605 0.093619
v -0.284427 0.404264 0.092077
v -0.777566 1.332831 0.091621
v -0.798082 1.186194 0.091441
v -0.795678 1.070783 0.083228
v -0.150505 0.358990 0.038456
v -0.542297 1.748395 0.014551
v -0.647894 1.631212 0.029026
v -0.729659 1.495540 0.027273
v -0.806340 1.189617 0.005104
v -0.798014 1.025123 0.024826
v -0.771758 0.915470 0.023396
v -0.729659 0.804460 0.027273
v -0.647893 0.668787 0.029026
v -0.542297 0.551605 0.014551
v -0.447381 0.479934 0.035786
v -0.447160 1.822093 0.002147
v -0.688306 1.565107 -0.056807
v -0.756472 1.422035 -0.056077
v -0.783913 1.348022 -0.001302
v -0.349696 1.878066 -0.015590
v -0.800909 1.182995 -0.076408
v -0.790884 1.031366 -0.088118
v -0.750461 0.867745 -0.073532
v -0.690197 0.742321 -0.076074
v -0.593234 0.607588 -0.060689
v -0.380548 0.437091 0.000971
v -0.307963 0.404117 -0.033106
v -0.234940 1.923139 0.007598
v -0.501051 1.774168 -0.079571
v -0.586036 1.697462 -0.077365
v -0.670683 1.565364 -0.131242
v -0.738068 1.422312 -0.138968
v -0.775559 1.268634 -0.145834
v -0.665206 0.728586 -0.135795
v -0.235407 0.377793 -0.007712
v -0.589045 1.661989 -0.153756
v -0.762427 1.150000 -0.199013
v -0.752766 1.031366 -0.202145
v -0.728670 0.877023 -0.164682
v -0.566049 0.607588 -0.146323
v -0.465044 0.496893 -0.078990
v -0.072498 1.952884 -0.030153
v -0.425566 1.820449 -0.110962
v -0.487408 1.748395 -0.178895
v -0.623122 1.573941 -0.218010
v -0.676779 1.459105 -0.234695
v -0.706431 1.349665 -0.253354
v -0.732092 1.193129 -0.254375
v -0.695335 0.915470 -0.252220
v -0.650380 0.795205 -0.241321
v -0.606687 0.701355 -0.214780
v -0.081047 0.347116 0.013071
v -0.188496 1.922207 -0.106044
v -0.279976 1.895851 -0.097247
v -0.539568 1.634543 -0.268597
v -0.651277 1.346204 -0.326216
v -0.685719 1.031366 -0.308404
v -0.517111 0.607588 -0.226334
v -0.422311 0.499464 -0.169831
v -0.147555 0.358750 -0.047451
v -0.152332 1.941384 -0.036650
v -0.339218 1.861663 -0.132817
v -0.606397 1.496289 -0.305492
v -0.671442 1.189788 -0.336666
v -0.627911 0.952980 -0.351207
v -0.602726 0.840894 -0.329210
v -0.554440 0.726059 -0.304995
v -0.336224 0.437091 -0.133685
v -0.371727 1.798911 -0.230023
v -0.440547 1.721584 -0.272049
v -0.459333 1.634543 -0.342384
v -0.581134 1.346430 -0.394742
v -0.590554 1.070783 -0.408501
v -0.448300 0.607588 -0.297648
v -0.391875 0.525832 -0.247321
v -0.515281 1.496289 -0.388349
v -0.494790 1.343396 -0.456103
v -0.567096 1.207294 -0.430346
v -0.551078 0.951679 -0.418590
v -0.515281 0.803711 -0.388349
v -0.452507 0.728585 -0.390086
v -0.480990 1.110329 -0.486333
v -0.257095 0.524566 -0.332117
v -0.282395 0.456198 -0.227879
v -0.199721 1.895166 -0.178824
v -0.249367 1.821091 -0.279903
v -0.341335 1.699518 -0.364051
v -0.345881 1.637950 -0.407104
v -0.399749 1.493751 -0.459919
v -0.402906 1.346385 -0.504156
v -0.410430 1.232505 -0.517863
v -0.438804 0.954236 -0.488164
v -0.385072 0.872514 -0.490739
v -0.350509 0.734635 -0.448485
v -0.338071 0.607098 -0.371294
v -0.215536 0.401057 -0.161652
v -0.177070 0.377342 -0.117665
v -0.061191 1.941326 -0.110797
v -0.211542 1.863038 -0.237447
v -0.260508 1.773381 -0.332628
v -0.290208 1.565365 -0.472092
v -0.302731 1.349039 -0.541242
v -0.264068 1.229216 -0.569055
v -0.345243 1.110329 -0.547365
v -0.215287 0.479934 -0.296300
v -0.064654 1.881830 -0.253016
v -0.213725 1.697886 -0.415360
v -0.254174 1.461727 -0.524752
v -0.234116 1.110380 -0.578746
v -0.273184 0.992349 -0.557311
v -0.255985 0.877688 -0.537467
v -0.227113 0.734635 -0.491153
v -0.208285 0.607588 -0.420997
v -0.131206 0.419674 -0.239188
v -0.108952 1.800914 -0.350205
v -0.160918 1.629128 -0.472917
v -0.194165 1.343120 -0.570217
v -0.154130 1.186718 -0.593848
v -0.127323 0.734892 -0.510491
v -0.078757 1.922733 -0.165083
v -0.080693 1.700850 -0.438900
v -0.134704 1.511536 -0.532994
v -0.083731 1.346189 -0.583991
v -0.113817 1.067534 -0.596112
v -0.118709 0.956879 -0.581744
v -0.112078 0.843463 -0.553819
v -0.091399 0.605731 -0.442621
v -0.033682 1.461763 -0.557956
v 0.006805 1.110378 -0.604755
v -0.079225 0.492728 -0.348347
v -0.053314 0.437309 -0.281684
vn -0.0215 0.4215 -0.9066
vn -0.0463 0.0491 -0.9977
vn -0.0271 -0.4132 -0.9102
vn -0.0714 -0.9651 -0.2520
vn 0.0201 0.5184 -0.8549
vn 0.0456 0.2211 -0.9742
vn 0.0508 0.1150 -0.9921
vn 0.0278 -0.1488 -0.9885
vn 0.0371 -0.2717 -0.9617
vn 0.0504 -0.5632 -0.8248
vn 0.0079 -0.6737 -0.7390
vn 0.0527 0.8442 -0.5335
vn 0.0261 0.7474 -0.6639
vn 0.1223 0.6776 -0.7252
vn 0.0437 0.6222 -0.7816
vn 0.1030 0.3434 -0.9335
vn 0.1148 -0.0324 -0.9929
vn 0.1465 -0.1892 -0.9710
vn 0.0928 -0.4105 -0.9071
vn 0.0061 -0.8733 -0.4872
vn 0.1193 0.4850 -0.8663
vn 0.1722 0.2496 -0.9529
vn 0.1767 0.1146 -0.9776
vn 0.1089 -0.7166 -0.6890
vn -0.0189 -0.9286 -0.3707
vn 0.0562 0.9262 -0.3728
vn 0.2315 0.4833 -0.8443
vn 0.2401 0.3831 -0.8919
vn 0.2959 0.1210 -0.9475
vn 0.2574 0.0005 -0.9663
vn 0.2597 -0.1099 -0.9594
vn 0.2681 -0.2529 -0.9296
vn 0.2147 -0.3475 -0.9128
vn 0.2024 -0.5024 -0.8406
vn 0.2133 -0.6139 -0.7600
vn 0.0990 -0.8143 -0.5720
vn 0.2150 0.7382 -0.6393
vn 0.2305 0.6092 -0.7588
vn 0.2844 0.2625 -0.9221
vn 0.3679 -0.1193 -0.9222
vn 0.2607 -0.7917 -0.5524
vn 0.1667 0.8516 -0.4970
vn 0.3498 0.5126 -0.7841
vn 0.3819 0.3935 -0.8362
vn 0.3926 0.2804 -0.8759
vn 0.4042 0.1538 -0.9016
vn 0.4036 0.0421 -0.9140
vn 0.3771 -0.2843 -0.8815
vn 0.3682 -0.4266 -0.8261
vn 0.3473 -0.5774 -0.7389
vn 0.2753 -0.6962 -0.6630
vn -0.0217 -0.9908 -0.1335
vn 0.4948 0.2011 -0.8454
vn 0.4713 -0.0339 -0.8813
vn 0.5749 -0.0839 -0.8139
vn 0.4775 -0.2014 -0.8552
vn 0.1168 -0.9719 -0.2045
vn 0.0323 0.9908 -0.1312
vn 0.3458 0.7869 -0.5111
vn 0.3869 0.6664 -0.6373
vn 0.5035 0.4445 -0.7408
vn 0.5269 0.3308 -0.7829
vn 0.5743 0.0586 -0.8165
vn 0.5220 -0.3639 -0.7714
vn 0.1897 -0.8861 -0.4229
vn 0.1546 -0.9338 -0.3227
vn 0.0881 0.9688 -0.2316
vn 0.4924 0.5758 -0.6527
vn 0.6208 0.2051 -0.7567
vn 0.6224 -0.2162 -0.7522
vn 0.5053 -0.5179 -0.6903
vn 0.4493 -0.6432 -0.6200
vn 0.2881 0.8679 -0.4046
vn 0.6359 0.4653 -0.6157
vn 0.6628 0.3484 -0.6628
vn 0.7322 0.2143 -0.6465
vn 0.7108 0.0462 -0.7019
vn 0.7118 -0.0853 -0.6972
vn 0.6541 -0.3888 -0.6488
vn 0.5795 -0.6341 -0.5119
vn 0.4357 -0.7292 -0.5277
vn 0.4731 0.7686 -0.4307
vn 0.5913 0.6376 -0.4939
vn 0.8005 0.3222 -0.5053
vn 0.7630 -0.2259 -0.6056
vn 0.3905 -0.8325 -0.3931
vn 0.2199 0.9414 -0.2556
vn 0.7357 0.4882 -0.4694
vn 0.8369 0.1381 -0.5296
vn 0.8439 -0.0497 -0.5342
vn 0.7724 -0.4037 -0.4903
vn 0.6822 -0.5512 -0.4803
vn 0.2906 -0.9293 -0.2280
vn 0.1835 0.9791 -0.0881
vn 0.3908 0.8880 -0.2425
vn 0.8045 0.5003 -0.3199
vn 0.8717 0.3333 -0.3593
vn 0.9228 0.0455 -0.3825
vn 0.8767 -0.2362 -0.4190
vn 0.8425 -0.4159 -0.3423
vn 0.5048 -0.8129 -0.2904
vn 0.5188 0.8322 -0.1959
vn 0.5913 0.7565 -0.2795
vn 0.7035 0.6572 -0.2705
vn 0.9261 0.1931 -0.3241
vn 0.9469 -0.0978 -0.3064
vn 0.9497 -0.2480 -0.1912
vn 0.7628 -0.5845 -0.2767
vn 0.6106 -0.7306 -0.3055
vn 0.8487 0.5059 -0.1541
vn 0.9230 0.3431 -0.1742
vn 0.9819 0.0455 -0.1841
vn 0.8896 -0.4228 -0.1730
vn 0.4557 -0.8761 -0.1573
vn 0.6003 0.7985 -0.0456
vn 0.7396 0.6711 -0.0512
vn 0.9781 0.1945 -0.0746
vn 0.9908 -0.1286 -0.0421
vn 0.8051 -0.5898 -0.0629
vn 0.7020 -0.7076 -0.0812
vn 0.5932 -0.8024 -0.0657
vn 0.8572 0.5120 0.0549
vn 0.9374 0.3417 0.0668
vn 0.9968 0.0432 0.0665
vn 0.9445 -0.3267 0.0335
vn 0.8601 -0.5040 0.0786
vn 0.4267 -0.9039 -0.0301
vn 0.2935 0.9559 -0.0141
vn 0.4148 0.9099 -0.0085
vn 0.6305 0.7653 0.1298
vn 0.7283 0.6685 0.1506
vn 0.9640 0.1990 0.1762
vn 0.9696 -0.1488 0.1942
vn 0.9162 -0.3399 0.2122
vn 0.7303 -0.6690 0.1382
vn 0.2878 -0.9573 -0.0276
vn 0.8650 0.4156 0.2812
vn 0.9003 0.2349 0.3665
vn 0.9485 0.0478 0.3131
vn 0.8178 -0.5010 0.2832
vn 0.5813 -0.8033 0.1294
vn 0.3647 -0.9199 0.1442
vn 0.4999 0.8506 0.1633
vn 0.7659 0.5680 0.3013
vn 0.9052 -0.0504 0.4221
vn 0.8957 -0.1858 0.4039
vn 0.8573 -0.3246 0.3996
vn 0.7296 -0.5815 0.3599
vn 0.6479 -0.6976 0.3058
vn 0.1973 -0.9803 0.0069
vn 0.7509 0.4533 0.4803
vn 0.8070 0.3285 0.4907
vn 0.8345 0.0985 0.5421
vn 0.7916 -0.2276 0.5671
vn 0.7607 -0.4102 0.5031
vn 0.4517 -0.8661 0.2141
vn 0.5888 0.7302 0.3466
vn 0.6248 0.6404 0.4466
vn 0.7609 0.2196 0.6106
vn 0.8058 -0.0441 0.5905
vn 0.6613 -0.3821 0.6455
vn 0.6600 -0.5204 0.5419
vn 0.5953 -0.6327 0.4952
vn 0.1037 -0.9944 -0.0195
vn 0.6336 0.5332 0.5605
vn 0.6555 0.3854 0.6495
vn 0.7086 -0.0772 0.7014
vn 0.6978 -0.2225 0.6809
vn 0.5090 -0.7670 0.3905
vn 0.3545 0.8973 0.2632
vn 0.4365 0.7982 0.4152
vn 0.4470 0.7151 0.5374
vn 0.5968 0.2763 0.7533
vn 0.6690 0.1325 0.7313
vn 0.6314 0.0289 0.7749
vn 0.5913 -0.1271 0.7964
vn 0.5734 -0.2852 0.7680
vn 0.3156 -0.8793 0.3567
vn 0.2426 -0.9490 0.2013
vn 0.4739 0.6076 0.6373
vn 0.5000 0.4499 0.7400
vn 0.5303 -0.4527 0.7168
vn 0.4803 -0.6114 0.6289
vn 0.3866 -0.7896 0.4765
vn 0.2949 0.8429 0.4500
vn 0.3797 0.4217 0.8234
vn 0.4791 0.2821 0.8312
vn 0.4864 0.1246 0.8648
vn 0.4892 -0.0025 0.8722
vn 0.4820 -0.1165 0.8684
vn 0.4679 -0.2800 0.8382
vn 0.3764 -0.7064 0.5995
vn 0.0967 0.9949 0.0280
vn 0.1585 0.9772 0.1410
vn 0.2243 0.9436 0.2436
vn 0.3104 0.7374 0.5999
vn 0.3435 0.5848 0.7349
vn 0.3704 0.2335 0.8991
vn 0.3666 -0.2008 0.9085
vn 0.3679 -0.3600 0.8574
vn 0.3903 -0.4926 0.7778
vn 0.2878 0.4159 0.8626
vn 0.3500 0.0489 0.9355
vn 0.3333 -0.0796 0.9395
vn 0.2731 -0.5057 0.8183
vn 0.2851 -0.6168 0.7336
vn 0.2364 -0.7285 0.6430
vn 0.1689 0.8861 0.4316
vn 0.2089 0.6862 0.6967
vn 0.2351 0.5021 0.8322
vn 0.2491 0.2786 0.9276
vn 0.2668 0.1458 0.9526
vn 0.2609 0.0023 0.9654
vn 0.2513 -0.1925 0.9486
vn 0.2455 -0.3430 0.9067
vn 0.1403 -0.9290 0.3423
vn 0.1466 0.7931 0.5912
vn 0.1721 0.6141 0.7702
vn 0.1435 0.1811 0.9729
vn 0.1707 0.0763 0.9824
vn 0.1810 -0.0420 0.9826
vn 0.1643 -0.4973 0.8519
vn 0.1974 -0.8267 0.5269
vn 0.1175 -0.8785 0.4630
vn 0.1118 0.5286 0.8415
vn 0.1364 0.4068 0.9033
vn 0.1131 0.2979 0.9479
vn 0.1055 -0.1129 0.9880
vn 0.1186 -0.2509 0.9607
vn 0.0912 -0.3999 0.9120
vn 0.1084 -0.6323 0.7671
vn 0.0987 -0.9711 0.2175
vn 0.0307 0.1820 0.9828
vn 0.0392 0.0383 0.9985
vn 0.0350 -0.2960 0.9545
vn 0.0697 -0.7514 0.6562
vn 0.0305 0.7090 0.7046
vn -0.0047 0.6022 0.7983
vn -0.0315 0.4794 0.8770
vn -0.0155 0.3541 0.9351
vn -0.0428 -0.0768 0.9961
vn -0.0392 -0.1841 0.9821
vn -0.0523 -0.3427 0.9380
vn -0.0075 -0.4932 0.8699
vn 0.0432 0.9300 0.3651
vn 0.0020 0.8741 0.4858
vn -0.1375 0.4856 0.8633
vn -0.1044 0.2594 0.9601
vn -0.1143 0.1117 0.9871
vn -0.1123 0.0061 0.9937
vn -0.1725 -0.1981 0.9649
vn -0.0537 -0.5951 0.8019
vn -0.0295 -0.8460 0.5324
vn -0.0439 0.8148 0.5781
vn -0.1947 -0.0409 0.9800
vn -0.1761 -0.2912 0.9403
vn -0.1663 -0.4044 0.8993
vn -0.0876 -0.6776 0.7302
vn -0.0922 -0.7546 0.6497
vn -0.1278 0.7129 0.6895
vn -0.1856 0.5833 0.7908
vn -0.2773 0.4227 0.8628
vn -0.1999 0.3415 0.9184
vn -0.2426 0.1991 0.9495
vn -0.2586 -0.1611 0.9525
vn -0.1890 -0.4922 0.8497
vn -0.2141 -0.5951 0.7746
vn -0.1699 -0.8243 0.5401
vn -0.0360 -0.9272 0.3728
vn -0.0006 1.0000 0.0001
vn -0.0249 0.9668 0.2543
vn -0.3550 0.2701 0.8950
vn -0.2932 0.1063 0.9501
vn -0.3379 -0.0414 0.9403
vn -0.3125 -0.3419 0.8862
vn -0.2379 -0.7222 0.6495
vn -0.1441 0.9057 0.3987
vn -0.2766 0.6952 0.6635
vn -0.3248 0.5828 0.7449
vn -0.3614 0.4710 0.8047
vn -0.4218 0.0521 0.9052
vn -0.3628 -0.1933 0.9116
vn -0.3328 -0.5038 0.7971
vn 0.0137 -0.9903 0.1384
vn -0.2489 0.8037 0.5405
vn -0.4524 0.3692 0.8118
vn -0.4628 0.2033 0.8629
vn -0.4856 -0.2083 0.8490
vn -0.4525 -0.3176 0.8333
vn -0.4393 -0.4465 0.7796
vn -0.3703 -0.6092 0.7012
vn -0.4164 0.6793 0.6042
vn -0.4656 0.5290 0.7095
vn -0.5704 0.3283 0.7529
vn -0.5510 0.1331 0.8238
vn -0.5204 -0.0437 0.8528
vn -0.5536 -0.3667 0.7477
vn -0.3603 -0.7421 0.5652
vn -0.0000 -1.0000 0.0001
vn -0.6423 0.0781 0.7624
vn -0.6232 -0.1322 0.7708
vn -0.6204 -0.2519 0.7427
vn -0.5473 -0.5012 0.6703
vn -0.4959 -0.6159 0.6121
vn -0.3077 -0.8406 0.4459
vn -0.2131 -0.8938 0.3947
vn -0.0909 -0.9670 0.2380
vn -0.5205 0.6882 0.5055
vn -0.5762 0.5348 0.6181
vn -0.6599 0.3930 0.6403
vn -0.6933 0.2187 0.6867
vn -0.7093 -0.0478 0.7032
vn -0.6660 -0.3880 0.6371
vn -0.2557 0.9235 0.2861
vn -0.3456 0.8588 0.3781
vn -0.4333 0.7948 0.4249
vn -0.7453 0.3982 0.5347
vn -0.7969 0.2255 0.5604
vn -0.7867 0.0644 0.6140
vn -0.7551 -0.2219 0.6169
vn -0.6500 -0.5531 0.5212
vn -0.4632 -0.7697 0.4394
vn -0.4180 -0.8687 0.2656
vn -0.5960 0.7133 0.3688
vn -0.6876 0.5698 0.4500
vn -0.8459 -0.0879 0.5260
vn -0.8531 -0.2340 0.4664
vn -0.5955 -0.6788 0.4297
vn -0.2214 -0.9447 0.2419
vn -0.0402 0.9919 0.1205
vn -0.3697 0.9177 0.1457
vn -0.8252 0.4086 0.3901
vn -0.8813 0.2349 0.4101
vn -0.9032 0.0528 0.4260
vn -0.9330 -0.1512 0.3265
vn -0.7920 -0.3921 0.4679
vn -0.7855 -0.4963 0.3697
vn -0.5398 -0.7936 0.2807
vn -0.1735 0.9756 0.1348
vn -0.4909 0.8464 0.2067
vn -0.6508 0.7297 0.2096
vn -0.7663 0.5875 0.2601
vn -0.8801 0.4172 0.2268
vn -0.9068 -0.3203 0.2740
vn -0.8390 -0.5006 0.2133
vn -0.7241 -0.6242 0.2935
vn -0.6549 -0.7274 0.2048
vn -0.3470 -0.9177 0.1931
vn -0.9504 0.2268 0.2127
vn -0.9764 0.0499 0.2103
vn -0.9757 -0.0936 0.1980
vn -0.1948 -0.9772 0.0849
vn -0.6740 0.7375 0.0429
vn -0.8002 0.5963 0.0636
vn -0.9017 0.4276 0.0644
vn -0.9988 0.0481 0.0069
vn -0.9866 -0.1565 0.0467
vn -0.9575 -0.2832 0.0545
vn -0.9011 -0.4293 0.0605
vn -0.7986 -0.5989 0.0592
vn -0.6760 -0.7363 0.0315
vn -0.5548 -0.8274 0.0867
vn -0.5551 0.8318 0.0077
vn -0.8511 0.5110 -0.1209
vn -0.9319 0.3361 -0.1363
vn -0.9710 0.2389 -0.0068
vn -0.4369 0.8986 -0.0409
vn -0.9847 0.0355 -0.1708
vn -0.9704 -0.1457 -0.1928
vn -0.9269 -0.3399 -0.1591
vn -0.8513 -0.5023 -0.1515
vn -0.7337 -0.6662 -0.1337
vn -0.4736 -0.8807 0.0077
vn -0.3804 -0.9209 -0.0854
vn -0.2901 0.9569 0.0139
vn -0.6175 0.7673 -0.1727
vn -0.7257 0.6678 -0.1653
vn -0.8198 0.4979 -0.2829
vn -0.8950 0.3292 -0.3010
vn -0.9385 0.1520 -0.3099
vn -0.8063 -0.5103 -0.2992
vn -0.2913 -0.9566 -0.0106
vn -0.7069 0.6204 -0.3397
vn -0.9117 -0.0079 -0.4107
vn -0.8971 -0.1366 -0.4202
vn -0.8786 -0.3268 -0.3483
vn -0.6827 -0.6610 -0.3114
vn -0.5741 -0.8004 -0.1724
vn -0.0910 0.9939 -0.0628
vn -0.5183 0.8208 -0.2399
vn -0.5880 0.7128 -0.3824
vn -0.7423 0.4955 -0.4511
vn -0.7969 0.3625 -0.4832
vn -0.8245 0.2263 -0.5186
vn -0.8468 0.0527 -0.5292
vn -0.8052 -0.2710 -0.5275
vn -0.7614 -0.4068 -0.5048
vn -0.7148 -0.5336 -0.4520
vn -0.0986 -0.9947 0.0284
vn -0.2293 0.9465 -0.2270
vn -0.3399 0.9183 -0.2028
vn -0.6242 0.5562 -0.5486
vn -0.7262 0.2158 -0.6527
vn -0.7774 -0.1243 -0.6166
vn -0.6068 -0.6394 -0.4723
vn -0.5152 -0.7753 -0.3653
vn -0.1822 -0.9776 -0.1052
vn -0.1910 0.9781 -0.0832
vn -0.4091 0.8617 -0.3001
vn -0.6805 0.3878 -0.6217
vn -0.7425 0.0451 -0.6683
vn -0.6961 -0.2240 -0.6821
vn -0.6780 -0.3428 -0.6503
vn -0.6240 -0.4857 -0.6121
vn -0.4085 -0.8699 -0.2764
vn -0.4293 0.7639 -0.4819
vn -0.4995 0.6624 -0.5583
vn -0.5102 0.5222 -0.6834
vn -0.6264 0.2136 -0.7497
vn -0.6319 -0.0797 -0.7710
vn -0.5029 -0.6122 -0.6102
vn -0.4502 -0.7241 -0.5225
vn -0.5499 0.3726 -0.7475
vn -0.5115 0.2006 -0.8355
vn -0.5927 0.0653 -0.8028
vn -0.5747 -0.2121 -0.7904
vn -0.5477 -0.3628 -0.7539
vn -0.4811 -0.4577 -0.7477
vn -0.4851 -0.0416 -0.8735
vn -0.2893 -0.6919 -0.6615
vn -0.3348 -0.8100 -0.4815
vn -0.2427 0.8929 -0.3793
vn -0.2863 0.7682 -0.5726
vn -0.3753 0.6114 -0.6967
vn -0.3714 0.5032 -0.7803
vn -0.4134 0.3510 -0.8402
vn -0.4078 0.1981 -0.8913
vn -0.4095 0.0783 -0.9089
vn -0.4402 -0.1936 -0.8768
vn -0.3851 -0.2901 -0.8761
vn -0.3620 -0.4270 -0.8286
vn -0.3703 -0.5853 -0.7213
vn -0.2554 -0.9027 -0.3464
vn -0.2140 -0.9433 -0.2536
vn -0.0735 0.9685 -0.2379
vn -0.2467 0.8330 -0.4952
vn -0.2919 0.6941 -0.6581
vn -0.2914 0.4236 -0.8577
vn -0.3007 0.1967 -0.9332
vn -0.2593 0.0791 -0.9626
vn -0.3409 -0.0428 -0.9391
vn -0.2308 -0.7686 -0.5967
vn -0.0824 0.8474 -0.5245
vn -0.2263 0.5833 -0.7801
vn -0.2554 0.3056 -0.9173
vn -0.2180 -0.0452 -0.9749
vn -0.2659 -0.1516 -0.9520
vn -0.2519 -0.2695 -0.9295
vn -0.2357 -0.4203 -0.8763
vn -0.2190 -0.5703 -0.7917
vn -0.1575 -0.8565 -0.4915
vn -0.1231 0.7164 -0.6867
vn -0.1636 0.4821 -0.8607
vn -0.1751 0.1855 -0.9669
vn -0.1440 0.0420 -0.9887
vn -0.1338 -0.4167 -0.8991
vn -0.0939 0.9257 -0.3664
vn -0.0825 0.5778 -0.8120
vn -0.1389 0.3488 -0.9269
vn -0.0807 0.1835 -0.9797
vn -0.1071 -0.0807 -0.9910
vn -0.1119 -0.1782 -0.9776
vn -0.1086 -0.2968 -0.9487
vn -0.0979 -0.5624 -0.8211
vn -0.0356 0.2963 -0.9544
vn 0.0045 -0.0403 -0.9992
vn -0.0931 -0.7236 -0.6839
vn -0.0572 -0.8082 -0.5861
vt 0.754794 0.675425
vt 0.720135 0.700991
vt 0.726600 0.640459
vt 0.748745 0.218750
vt 0.716200 0.200648
vt 0.778810 0.197484
vt 0.708474 0.968750
vt 0.674480 0.937500
vt 0.812564 0.937500
vt 0.759502 0.093750
vt 0.649938 0.062500
vt 0.804672 0.062500
vt 0.739133 0.757563
vt 0.742170 0.812500
vt 0.716780 0.781250
vt 0.742217 0.389386
vt 0.726955 0.326727
vt 0.757860 0.328298
vt 0.742188 0.718750
vt 0.742781 0.437500
vt 0.718750 0.421874
vt 0.702061 0.357247
vt 0.700535 0.291557
vt 0.738424 0.263769
vt 0.711089 0.609072
vt 0.742127 0.593750
vt 0.726566 0.484400
vt 0.689451 0.750000
vt 0.689455 0.250000
vt 0.695313 0.656250
vt 0.710179 0.156250
vt 0.664873 0.125000
vt 0.751636 0.125000
vt 0.710983 0.545540
vt 0.696124 0.500000
vt 0.718114 0.906250
vt 0.683513 0.861165
vt 0.731322 0.859991
vt 0.695662 0.454955
vt 0.691905 0.394749
vt 0.672160 0.218750
vt 0.687524 0.609241
vt 0.687500 0.546882
vt 0.655598 0.093750
vt 0.692321 0.699467
vt 0.665447 0.562500
vt 0.666263 0.519069
vt 0.615368 0.906250
vt 0.663735 0.329113
vt 0.664695 0.702867
vt 0.651808 0.488577
vt 0.671875 0.451497
vt 0.683730 0.799696
vt 0.641054 0.763970
vt 0.662678 0.656250
vt 0.664156 0.609188
vt 0.626005 0.859604
vt 0.526194 0.031250
vt 0.784170 0.031250
vt 0.648438 0.000000
vt 0.648444 0.421952
vt 0.632823 0.359487
vt 0.667454 0.386633
vt 0.624793 0.718750
vt 0.660854 0.268417
vt 0.628321 0.302091
vt 0.623044 0.250000
vt 0.631428 0.468750
vt 0.617194 0.421952
vt 0.660533 0.174709
vt 0.617522 0.218750
vt 0.604422 0.169913
vt 0.644859 0.583085
vt 0.634197 0.625000
vt 0.617194 0.578048
vt 0.601573 0.359487
vt 0.631603 0.812500
vt 0.593610 0.796320
vt 0.589282 0.736967
vt 0.632463 0.672295
vt 0.601235 0.670887
vt 0.617188 1.000000
vt 0.468463 0.968750
vt 0.585528 0.109571
vt 0.629266 0.520741
vt 0.601564 0.515607
vt 0.576095 0.301117
vt 0.602947 0.625000
vt 0.593750 0.578137
vt 0.554766 0.937500
vt 0.600178 0.468750
vt 0.585944 0.421952
vt 0.593534 0.266022
vt 0.555179 0.229046
vt 0.567713 0.856960
vt 0.570323 0.359487
vt 0.570302 0.671760
vt 0.561794 0.187500
vt 0.539535 0.156250
vt 0.570314 0.484392
vt 0.554694 0.421952
vt 0.544908 0.812500
vt 0.555771 0.781250
vt 0.545231 0.734277
vt 0.511981 0.137485
vt 0.570308 0.546827
vt 0.540447 0.562500
vt 0.546875 0.515627
vt 0.508693 0.906250
vt 0.537678 0.468750
vt 0.546875 0.359353
vt 0.546875 0.673040
vt 0.505178 0.863569
vt 0.523444 0.421952
vt 0.523110 0.670887
vt 0.539814 0.296906
vt 0.513653 0.250000
vt 0.515500 0.203429
vt 0.523439 0.515608
vt 0.507819 0.796805
vt 0.523448 0.359487
vt 0.508564 0.296906
vt 0.523429 0.609277
vt 0.509197 0.562500
vt 0.504266 0.458243
vt 0.494335 0.394249
vt 0.488302 0.331590
vt 0.507049 0.734356
vt 0.492177 0.671760
vt 0.492189 0.515608
vt 0.411495 0.937500
vt 0.492179 0.609277
vt 0.477947 0.562500
vt 0.476910 0.452326
vt 0.454747 0.695170
vt 0.460948 0.640513
vt 0.453091 0.578043
vt 0.472879 0.201711
vt 0.446787 0.156250
vt 0.461603 0.515745
vt 0.474365 0.387171
vt 0.460294 0.328387
vt 0.476493 0.734211
vt 0.507788 0.093750
vt 0.453922 0.125000
vt 0.412490 0.093750
vt 0.391320 0.906250
vt 0.445310 0.484379
vt 0.476563 0.781250
vt 0.464795 0.826668
vt 0.434825 0.770558
vt 0.442854 0.293258
vt 0.476557 0.266441
vt 0.428303 0.531250
vt 0.445304 0.390723
vt 0.426049 0.354708
vt 0.421117 0.735141
vt 0.428303 0.656250
vt 0.444817 0.250000
vt 0.418119 0.208988
vt 0.421923 0.483596
vt 0.421875 0.421863
vt 0.446697 0.437500
vt 0.415744 0.865027
vt 0.398437 0.812500
vt 0.414184 0.312500
vt 0.407431 0.695842
vt 0.433293 0.614204
vt 0.413686 0.577525
vt 0.335917 0.062500
vt 0.494010 0.062500
vt 0.398448 0.640513
vt 0.390635 0.546818
vt 0.398448 0.359488
vt 0.373765 0.329227
vt 0.374057 0.734287
vt 0.379234 0.604417
vt 0.380621 0.512153
vt 0.276292 0.031250
vt 0.398438 0.000000
vt 0.383295 0.781250
vt 0.366544 0.671614
vt 0.375021 0.265680
vt 0.359383 0.218750
vt 0.397053 0.468750
vt 0.375000 0.453117
vt 0.398444 0.421952
vt 0.375000 0.390608
vt 0.351554 0.609277
vt 0.380590 0.187500
vt 0.322805 0.156250
vt 0.387812 0.139356
vt 0.326419 0.093750
vt 0.327499 0.875000
vt 0.367187 0.843750
vt 0.346330 0.799610
vt 0.304693 0.125000
vt 0.351554 0.390723
vt 0.332299 0.354708
vt 0.336557 0.734128
vt 0.343865 0.306092
vt 0.326894 0.250000
vt 0.323528 0.201344
vt 0.337712 0.666984
vt 0.317507 0.674268
vt 0.328125 0.593739
vt 0.351558 0.546827
vt 0.322463 0.519238
vt 0.352947 0.500000
vt 0.301319 0.829665
vt 0.320312 1.000000
vt 0.179285 0.968750
vt 0.318928 0.468750
vt 0.304694 0.421952
vt 0.328125 0.421863
vt 0.311514 0.781250
vt 0.296632 0.750000
vt 0.306072 0.562500
vt 0.287678 0.531250
vt 0.306072 0.500000
vt 0.289054 0.484392
vt 0.304698 0.359488
vt 0.289453 0.296367
vt 0.318419 0.292386
vt 0.281043 0.718750
vt 0.305370 0.704490
vt 0.281108 0.671608
vt 0.304679 0.609277
vt 0.281250 0.578137
vt 0.233529 0.093750
vt 0.266467 0.906250
vt 0.248600 0.875000
vt 0.273433 0.453173
vt 0.275585 0.394249
vt 0.256230 0.797408
vt 0.269552 0.331590
vt 0.274822 0.625000
vt 0.257814 0.515608
vt 0.236741 0.843750
vt 0.249750 0.750000
vt 0.257819 0.578048
vt 0.273852 0.187500
vt 0.234708 0.141143
vt 0.259197 0.375000
vt 0.238549 0.354708
vt 0.242820 0.702867
vt 0.280164 0.234637
vt 0.247745 0.293491
vt 0.234125 0.250000
vt 0.224341 0.218750
vt 0.240803 0.468750
vt 0.242194 0.421952
vt 0.219089 0.187500
vt 0.169406 0.062500
vt 0.210454 0.795721
vt 0.199314 0.742328
vt 0.212712 0.333016
vt 0.227947 0.500000
vt 0.207391 0.479259
vt 0.212322 0.375000
vt 0.204222 0.296239
vt 0.192486 0.260863
vt 0.226554 0.609277
vt 0.203064 0.640476
vt 0.197490 0.581646
vt 0.189456 0.156250
vt 0.226558 0.546827
vt 0.187520 0.546826
vt 0.226575 0.937500
vt 0.180013 0.891181
vt 0.196697 0.437500
vt 0.213115 0.418354
vt 0.179006 0.202756
vt 0.148426 0.125000
vt 0.179689 0.484392
vt 0.163877 0.827753
vt 0.171841 0.421957
vt 0.109242 0.093750
vt 0.169905 0.781250
vt 0.164682 0.734128
vt 0.179698 0.359488
vt 0.168013 0.293725
vt 0.152480 0.257091
vt 0.186265 0.670774
vt 0.171875 0.609392
vt 0.160891 0.520745
vt 0.140618 0.484392
vt 0.149822 0.375000
vt 0.147794 0.328385
vt 0.164184 0.687500
vt 0.148448 0.640512
vt 0.139516 0.203315
vt 0.151154 0.581033
vt 0.145058 0.417801
vt 0.148438 0.000000
vt 0.048789 0.031250
vt 0.132036 0.765627
vt 0.135516 0.551582
vt 0.110201 0.890257
vt 0.078193 0.937500
vt 0.772455 0.156250
vt 0.120382 0.448076
vt 0.108379 0.843750
vt 0.100549 0.812500
vt 0.125000 0.623333
vt 0.107409 0.698789
vt 0.101573 0.640512
vt 0.117502 0.266588
vt 0.096219 0.200676
vt 0.101213 0.578885
vt 0.116366 0.531250
vt 0.101564 0.484393
vt 0.116641 0.406250
vt 0.101573 0.359488
vt 0.125000 0.359354
vt 0.100786 0.765627
vt 0.086328 0.296367
vt 0.077882 0.250000
vt 0.070797 0.156250
vt 0.134034 0.156250
vt 0.084474 0.521011
vt 0.052324 0.062500
vt 0.085944 0.421952
vt 0.117309 0.312500
vt 0.068928 0.468750
vt 0.066175 0.367832
vt 0.069536 0.765628
vt 0.061662 0.202540
vt 0.018985 0.906250
vt 0.062500 0.421863
vt 0.054044 0.328385
vt 0.078125 0.640646
vt 0.071064 0.703095
vt 0.054698 0.640512
vt 0.055056 0.516130
vt 0.042621 0.448068
vt 0.035484 0.395583
vt 0.047512 0.828067
vt 0.038286 0.765628
vt 0.048121 0.281250
vt 0.038286 0.234372
vt 0.039814 0.703095
vt 0.031250 0.640646
vt 0.016899 0.187500
vt 0.039062 1.000000
vt 0.011215 0.968750
vt 0.064839 0.125000
vt 0.017038 0.093750
vt 0.031250 0.328095
vt 0.008564 0.296905
vt 0.009595 0.156250
vt 0.007813 0.125000
vt 0.007812 0.937500
vt 0.022053 0.468750
vt 0.005651 0.449550
vt 0.040326 0.875000
vt 0.004442 0.856573
vt 0.000000 0.062500
vt 1.000000 0.234372
vt 0.977182 0.265873
vt 0.964705 0.200751
vt 1.000000 0.187500
vt 0.996476 0.578064
vt 0.980512 0.512467
vt 1.000000 0.515627
vt 1.000000 0.406250
vt 0.980168 0.385796
vt 1.000000 0.359488
vt 1.000000 0.765628
vt 0.994848 0.812500
vt 0.966781 0.781250
vt 0.978337 0.333016
vt 1.000000 0.296905
vt 0.972483 0.736803
vt 1.000000 0.703095
vt 0.984375 0.671905
vt 0.976484 0.451887
vt 0.953172 0.390740
vt 0.987277 0.856573
vt 0.946756 0.812500
vt 0.960294 0.671615
vt 0.960859 0.548113
vt 0.946697 0.500000
vt 0.976569 0.906250
vt 0.930951 0.875000
vt 0.923392 0.843750
vt 0.957776 0.325431
vt 0.945932 0.265873
vt 0.922360 0.156250
vt 0.984773 0.156250
vt 0.921204 0.202382
vt 0.960929 0.609277
vt 0.931072 0.625000
vt 0.929338 0.578885
vt 0.974420 0.125000
vt 0.884477 0.093750
vt 0.984674 0.093750
vt 0.949100 0.937500
vt 0.897589 0.906250
vt 0.945357 0.454459
vt 0.928303 0.406250
vt 0.928911 0.765628
vt 0.926049 0.354708
vt 0.946697 0.718750
vt 0.932354 0.677160
vt 0.875036 0.125000
vt 0.930670 0.517590
vt 0.906243 0.515608
vt 0.907347 0.703761
vt 0.929809 0.312500
vt 0.914682 0.265873
vt 0.935625 0.062500
vt 0.963228 0.031250
vt 0.914062 0.000000
vt 0.914058 0.453173
vt 0.898336 0.422077
vt 0.890594 0.796642
vt 0.899822 0.375000
vt 0.901104 0.322840
vt 0.888656 0.218750
vt 0.860993 0.875000
vt 0.874939 0.359524
vt 0.890363 0.750000
vt 0.876097 0.703761
vt 0.883432 0.265873
vt 0.906189 0.640476
vt 0.874939 0.640476
vt 0.867172 0.172123
vt 0.906250 0.578137
vt 0.882819 0.578048
vt 0.881428 0.468750
vt 0.874372 0.422419
vt 0.864026 0.325431
vt 0.915980 0.968750
vt 0.843750 0.843750
vt 0.847460 0.742281
vt 0.844639 0.266122
vt 0.842737 0.639280
vt 0.859375 0.576982
vt 0.843758 0.812500
vt 0.834524 0.781250
vt 0.833716 0.218750
vt 0.829429 0.187500
vt 0.804689 0.906250
vt 0.851564 0.484392
vt 0.844358 0.421533
vt 0.833664 0.387429
vt 0.811847 0.140323
vt 0.835354 0.531250
vt 0.820314 0.484392
vt 0.782083 0.859725
vt 0.806072 0.437500
vt 0.788032 0.795694
vt 0.807874 0.736861
vt 0.839888 0.706275
vt 0.819669 0.671615
vt 0.805458 0.625000
vt 0.803303 0.531250
vt 0.796875 0.484373
vt 0.789457 0.702486
vt 0.780545 0.647125
vt 0.805307 0.265873
vt 0.812500 0.579280
vt 0.789402 0.577172
vt 0.804688 1.000000
vt 0.770615 0.738711
vt 0.781250 0.514477
vt 0.772636 0.468750
vt 0.781250 0.328095
vt 0.773975 0.375000
vt 0.773774 0.265186
vt 0.757201 0.625000
vt 0.765625 0.578136
vt 0.760701 0.519693
vt 0.750000 0.484372
vt 0.773777 0.422828
vt 0.739758 0.551349
vt 0.570304 0.609277
vt 0.546875 0.609393
vt 0.414072 0.265728
vt 0.351558 0.453173
vt 0.248625 0.648955
vt 0.214640 0.705654
vt 0.136763 0.706275
vt 0.078125 0.576983
vt 0.054338 0.578885
vt 0.026260 0.572258
vt 0.023781 0.514742
vt 0.009197 0.812500
vt 0.007036 0.765628
vt 0.008564 0.703095
vt 0.007823 0.359488
vt 0.007036 0.234372
vt 0.007823 0.640512
vt 0.003201 0.578064
vt 0.006428 0.406250
vt 0.000000 0.515627
vt 1.000000 0.449550
vt 1.000000 0.640512
vt 0.984375 0.609392
vt 0.874207 0.523788
vt 0.835918 0.578012
vt 0.835294 0.328385
vt 0.804679 0.390723
vt 0.804044 0.328385
s 1
f 957/1016/957 977/1017/977 972/1018/972
f 967/1019/967 980/1020/980 1433/1021/1433
f 1014/1022/1014 1023/1023/1023 1401/1024/1401
f 981/1025/981 1013/1026/1013 960/1027/960
f 971/1028/971 969/1029/969 970/1030/970
f 965/1031/965 975/1032/975 959/1033/959
f 961/1034/961 977/1017/977 957/1016/957
f 964/1035/964 974/1036/974 965/1031/965
f 965/1031/965 974/1036/974 989/1037/989
f 971/1028/971 977/1017/977 961/1034/961
f 975/1032/975 990/1038/990 966/1039/966
f 967/1019/967 966/1039/966 980/1020/980
f 972/1018/972 978/1040/978 962/1041/962
f 973/1042/973 974/1036/974 964/1035/964
f 970/1030/970 994/1043/994 971/1028/971
f 975/1032/975 989/1037/989 990/1038/990
f 990/1038/990 991/1044/991 966/1039/966
f 972/1018/972 984/1045/984 978/1040/978
f 992/1046/992 1021/1047/1021 976/1048/976
f 979/1049/979 986/1050/986 973/1042/973
f 982/1051/982 998/1052/998 968/1053/968
f 974/1036/974 987/1054/987 988/1055/988
f 991/1044/991 1007/1056/1007 980/1020/980
f 984/1045/984 995/1057/995 978/1040/978
f 995/1057/995 985/1058/985 979/1049/979
f 1021/1047/1021 1022/1059/1022 981/1025/981
f 994/1043/994 983/1060/983 977/1017/977
f 985/1058/985 1002/1061/1002 1003/1062/1003
f 985/1058/985 1003/1062/1003 986/1050/986
f 982/1051/982 1023/1023/1023 1043/1063/1043
f 989/1037/989 1005/1064/1005 990/1038/990
f 994/1043/994 999/1065/999 983/1060/983
f 1003/1062/1003 1010/1066/1010 996/1067/996
f 993/1068/993 1016/1069/1016 994/1043/994
f 1000/1070/1000 1001/1071/1001 995/1057/995
f 1043/1063/1043 1029/1072/1029 998/1052/998
f 1013/1026/1013 1120/1073/1120 1008/1074/1008
f 1255/1075/1255 1008/1074/1008 1120/1073/1120
f 1012/1076/1012 1020/1077/1020 1004/1078/1004
f 1016/1069/1016 1024/1079/1024 999/1065/999
f 1006/1080/1006 1027/1081/1027 1028/1082/1028
f 1011/1083/1011 1026/1084/1026 1012/1076/1012
f 997/1085/997 1037/1086/1037 1042/1087/1042
f 1009/1088/1009 1018/1089/1018 1025/1090/1025
f 1026/1084/1026 1035/1091/1035 1020/1077/1020
f 1015/1092/1015 1038/1093/1038 1016/1069/1016
f 1016/1069/1016 1038/1093/1038 1039/1094/1039
f 1017/1095/1017 1024/1079/1024 1030/1096/1030
f 1014/1022/1014 1226/1097/1226 1149/1098/1149
f 1021/1047/1021 1042/1087/1042 1049/1099/1049
f 1019/1100/1019 1025/1090/1025 1033/1101/1033
f 1035/1091/1035 1048/1102/1048 1027/1081/1027
f 1025/1090/1025 1031/1103/1031 1032/1104/1032
f 1149/1098/1149 1050/1105/1050 1023/1023/1023
f 1034/1106/1034 1041/1107/1041 1026/1084/1026
f 1036/1108/1036 1065/1109/1065 1037/1086/1037
f 1043/1063/1043 1051/1110/1051 1029/1072/1029
f 1041/1107/1041 1047/1111/1047 1035/1091/1035
f 1039/1094/1039 1044/1112/1044 1030/1096/1030
f 1057/1113/1057 1070/1114/1070 1042/1087/1042
f 1046/1115/1046 1055/1116/1055 1041/1107/1041
f 1038/1093/1038 1051/1110/1051 1058/1117/1058
f 1039/1094/1039 1059/1118/1059 1060/1119/1060
f 1036/1108/1036 1048/1102/1048 1065/1109/1065
f 1070/1114/1070 1083/1120/1083 1049/1099/1049
f 1045/1121/1045 1061/1122/1061 1054/1123/1054
f 1045/1121/1045 1054/1123/1054 1046/1115/1046
f 1050/1105/1050 1084/1124/1084 1043/1063/1043
f 1046/1115/1046 1054/1123/1054 1062/1125/1062
f 1055/1116/1055 1056/1126/1056 1047/1111/1047
f 1060/1119/1060 1052/1127/1052 1044/1112/1044
f 1084/1124/1084 1085/1128/1085 1051/1110/1051
f 1062/1125/1062 1063/1129/1063 1055/1116/1055
f 1052/1127/1052 1060/1119/1060 1066/1130/1066
f 1065/1109/1065 1064/1131/1064 1076/1132/1076
f 1057/1113/1057 1065/1109/1065 1077/1133/1077
f 1054/1123/1054 1061/1122/1061 1068/1134/1068
f 1058/1117/1058 1085/1128/1085 1071/1135/1071
f 1058/1117/1058 1071/1135/1071 1059/1118/1059
f 1069/1136/1069 1075/1137/1075 1064/1131/1064
f 1076/1132/1076 1077/1133/1077 1065/1109/1065
f 1067/1138/1067 1073/1139/1073 1061/1122/1061
f 1062/1125/1062 1068/1134/1068 1074/1140/1074
f 1069/1136/1069 1081/1141/1081 1082/1142/1082
f 1072/1143/1072 1078/1144/1078 1066/1130/1066
f 1068/1134/1068 1073/1139/1073 1080/1145/1080
f 1050/1105/1050 1149/1098/1149 1150/1146/1150
f 1063/1129/1063 1074/1140/1074 1081/1141/1081
f 1063/1129/1063 1081/1141/1081 1069/1136/1069
f 1079/1147/1079 1088/1148/1088 1073/1139/1073
f 1074/1140/1074 1080/1145/1080 1089/1149/1089
f 1078/1144/1078 1100/1150/1100 1093/1151/1093
f 1078/1144/1078 1093/1151/1093 1079/1147/1079
f 1079/1147/1079 1093/1151/1093 1094/1152/1094
f 1097/1153/1097 1112/1154/1112 1083/1120/1083
f 1080/1145/1080 1088/1148/1088 1095/1155/1095
f 1081/1141/1081 1089/1149/1089 1090/1156/1090
f 1082/1142/1082 1090/1156/1090 1096/1157/1096
f 1087/1158/1087 1100/1150/1100 1078/1144/1078
f 1092/1159/1092 1098/1160/1098 1135/1161/1135
f 1150/1146/1150 1151/1162/1151 1084/1124/1084
f 1095/1155/1095 1101/1163/1101 1089/1149/1089
f 1086/1164/1086 1099/1165/1099 1113/1166/1113
f 1086/1164/1086 1113/1166/1113 1087/1158/1087
f 1096/1157/1096 1104/1167/1104 1091/1168/1091
f 1095/1155/1095 1094/1152/1094 1109/1169/1109
f 1096/1157/1096 1103/1170/1103 1111/1171/1111
f 1113/1166/1113 1114/1172/1114 1100/1150/1100
f 1093/1151/1093 1100/1150/1100 1107/1173/1107
f 1105/1174/1105 1125/1175/1125 1097/1153/1097
f 1116/1176/1116 1110/1177/1110 1102/1178/1102
f 1126/1179/1126 1127/1180/1127 1099/1165/1099
f 1111/1171/1111 1118/1181/1118 1104/1167/1104
f 1114/1172/1114 1121/1182/1121 1100/1150/1100
f 1108/1183/1108 1115/1184/1115 1094/1152/1094
f 1109/1169/1109 1116/1176/1116 1101/1163/1101
f 1135/1161/1135 1188/1185/1188 1106/1186/1106
f 1107/1173/1107 1121/1182/1121 1122/1187/1122
f 1107/1173/1107 1122/1187/1122 1108/1183/1108
f 1109/1169/1109 1115/1184/1115 1130/1188/1130
f 1117/1189/1117 1138/1190/1138 1118/1181/1118
f 1114/1172/1114 1136/1191/1136 1121/1182/1121
f 1115/1184/1115 1122/1187/1122 1129/1192/1129
f 1130/1188/1130 1131/1193/1131 1116/1176/1116
f 1188/1185/1188 1240/1194/1240 1120/1073/1120
f 1255/1195/1255 1120/1073/1120 1240/1194/1240
f 1127/1180/1127 1128/1196/1128 1113/1166/1113
f 1121/1182/1121 1136/1191/1136 1137/1197/1137
f 1139/1198/1139 1148/1199/1148 1125/1175/1125
f 1123/1200/1123 1131/1193/1131 1132/1201/1132
f 1123/1200/1123 1132/1201/1132 1124/1202/1124
f 1124/1202/1124 1132/1201/1132 1133/1203/1133
f 1124/1202/1124 1133/1203/1133 1117/1189/1117
f 1117/1189/1117 1133/1203/1133 1138/1190/1138
f 1137/1197/1137 1143/1204/1143 1129/1192/1129
f 1140/1205/1140 1179/1206/1179 1134/1207/1134
f 1135/1161/1135 1134/1207/1134 1172/1208/1172
f 1151/1162/1151 1164/1209/1164 1126/1179/1126
f 1127/1180/1127 1141/1210/1141 1152/1211/1152
f 1127/1180/1127 1152/1211/1152 1128/1196/1128
f 1179/1206/1179 1180/1212/1180 1134/1207/1134
f 1138/1190/1138 1147/1213/1147 1156/1214/1156
f 1152/1211/1152 1153/1215/1153 1136/1191/1136
f 1139/1198/1139 1157/1216/1157 1162/1217/1162
f 1140/1205/1140 1148/1199/1148 1163/1218/1163
f 1142/1219/1142 1153/1215/1153 1158/1220/1158
f 1148/1199/1148 1162/1217/1162 1163/1218/1163
f 1142/1219/1142 1154/1221/1154 1143/1204/1143
f 1143/1204/1143 1154/1221/1154 1144/1222/1144
f 1144/1222/1144 1154/1221/1154 1159/1223/1159
f 1144/1222/1144 1159/1223/1159 1145/1224/1145
f 1141/1210/1141 1164/1209/1164 1173/1225/1173
f 1149/1098/1149 1226/1226/1226 1286/1227/1286
f 1160/1228/1160 1170/1229/1170 1155/1230/1155
f 1165/1231/1165 1174/1232/1174 1153/1215/1153
f 1159/1223/1159 1168/1233/1168 1176/1234/1176
f 1160/1228/1160 1169/1235/1169 1177/1236/1177
f 1171/1237/1171 1178/1238/1178 1161/1239/1161
f 1174/1232/1174 1181/1240/1181 1166/1241/1166
f 1158/1220/1158 1166/1241/1166 1182/1242/1182
f 1167/1243/1167 1175/1244/1175 1168/1233/1168
f 1172/1208/1172 1180/1212/1180 1225/1245/1225
f 1176/1234/1176 1177/1236/1177 1169/1235/1169
f 1201/1246/1201 1202/1247/1202 1164/1209/1164
f 1177/1236/1177 1184/1248/1184 1170/1229/1170
f 1170/1229/1170 1184/1248/1184 1185/1249/1185
f 1170/1229/1170 1185/1249/1185 1171/1237/1171
f 1165/1231/1165 1173/1225/1173 1193/1250/1193
f 1171/1237/1171 1185/1249/1185 1186/1251/1186
f 1166/1241/1166 1181/1240/1181 1182/1242/1182
f 1182/1242/1182 1183/1252/1183 1167/1243/1167
f 1167/1243/1167 1183/1252/1183 1175/1244/1175
f 1176/1234/1176 1190/1253/1190 1177/1236/1177
f 1202/1247/1202 1210/1254/1210 1173/1225/1173
f 1173/1225/1173 1210/1254/1210 1193/1250/1193
f 1193/1250/1193 1194/1255/1194 1174/1232/1174
f 1175/1244/1175 1183/1252/1183 1189/1256/1189
f 1192/1257/1192 1209/1258/1209 1179/1206/1179
f 1186/1251/1186 1191/1259/1191 1199/1260/1199
f 1194/1255/1194 1195/1261/1195 1181/1240/1181
f 1181/1240/1181 1195/1261/1195 1182/1242/1182
f 1187/1262/1187 1200/1263/1200 1208/1264/1208
f 1187/1262/1187 1208/1264/1208 1214/1265/1214
f 1184/1248/1184 1190/1253/1190 1197/1266/1197
f 1198/1267/1198 1199/1260/1199 1191/1259/1191
f 1214/1265/1214 1215/1268/1215 1192/1257/1192
f 1188/1185/1188 1225/1245/1225 1263/1269/1263
f 1216/1270/1216 1217/1271/1217 1194/1255/1194
f 1199/1260/1199 1213/1272/1213 1200/1263/1200
f 1197/1266/1197 1206/1273/1206 1211/1274/1211
f 1193/1250/1193 1210/1254/1210 1216/1270/1216
f 1199/1260/1199 1212/1275/1212 1213/1272/1213
f 1208/1264/1208 1222/1276/1222 1223/1277/1223
f 1204/1278/1204 1219/1279/1219 1220/1280/1220
f 1215/1268/1215 1224/1281/1224 1209/1258/1209
f 1204/1278/1204 1220/1280/1220 1205/1282/1205
f 1205/1282/1205 1220/1280/1220 1229/1283/1229
f 1227/1284/1227 1233/1285/1233 1201/1246/1201
f 1211/1274/1211 1221/1286/1221 1207/1287/1207
f 1214/1265/1214 1232/1288/1232 1215/1268/1215
f 1209/1258/1209 1224/1281/1224 1262/1289/1262
f 1229/1283/1229 1230/1290/1230 1211/1274/1211
f 1233/1285/1233 1241/1291/1241 1210/1254/1210
f 1207/1287/1207 1221/1286/1221 1238/1292/1238
f 1214/1265/1214 1223/1277/1223 1232/1288/1232
f 1225/1245/1225 1262/1289/1262 1285/1293/1285
f 1230/1290/1230 1238/1292/1238 1221/1286/1221
f 1234/1294/1234 1235/1295/1235 1217/1271/1217
f 1231/1296/1231 1239/1297/1239 1222/1276/1222
f 1222/1276/1222 1239/1297/1239 1223/1277/1223
f 1223/1277/1223 1239/1297/1239 1247/1298/1247
f 1218/1299/1218 1228/1300/1228 1219/1279/1219
f 1230/1290/1230 1237/1301/1237 1252/1302/1252
f 1231/1296/1231 1245/1303/1245 1246/1304/1246
f 1231/1296/1231 1246/1304/1246 1239/1297/1239
f 1218/1299/1218 1236/1305/1236 1242/1306/1242
f 1232/1288/1232 1247/1298/1247 1254/1307/1254
f 1218/1299/1218 1242/1306/1242 1228/1300/1228
f 1228/1300/1228 1242/1306/1242 1243/1308/1243
f 1228/1300/1228 1243/1308/1243 1229/1283/1229
f 1252/1302/1252 1244/1309/1244 1238/1292/1238
f 1255/1310/1255 1240/1194/1240 1355/1311/1355
f 1234/1294/1234 1241/1291/1241 1248/1312/1248
f 1234/1294/1234 1248/1312/1248 1235/1295/1235
f 1246/1304/1246 1247/1298/1247 1239/1297/1239
f 1243/1308/1243 1251/1313/1251 1237/1301/1237
f 1227/1284/1227 1270/1314/1270 1233/1285/1233
f 1263/1269/1263 1355/1311/1355 1240/1194/1240
f 1286/1227/1286 1295/1315/1295 1227/1284/1227
f 992/1046/992 1434/1316/1434 1433/1021/1433 980/1020/980
f 1252/1302/1252 1257/1317/1257 1244/1309/1244
f 1241/1291/1241 1271/1318/1271 1272/1319/1272
f 1250/1320/1250 1265/1321/1265 1266/1322/1266
f 1254/1307/1254 1260/1323/1260 1278/1324/1278
f 1250/1320/1250 1266/1322/1266 1267/1325/1267
f 1250/1320/1250 1267/1325/1267 1251/1313/1251
f 1256/1326/1256 1268/1327/1268 1252/1302/1252
f 1258/1328/1258 1269/1329/1269 1253/1330/1253
f 1248/1312/1248 1272/1319/1272 1264/1331/1264
f 1260/1323/1260 1277/1332/1277 1284/1333/1284
f 1278/1324/1278 1279/1334/1279 1261/1335/1261
f 1267/1325/1267 1275/1336/1275 1256/1326/1256
f 1263/1269/1263 1285/1293/1285 1308/1337/1308
f 1268/1327/1268 1276/1338/1276 1257/1317/1257
f 1269/1329/1269 1277/1332/1277 1259/1339/1259
f 1259/1339/1259 1277/1332/1277 1260/1323/1260
f 1268/1327/1268 1275/1336/1275 1282/1340/1282
f 1276/1338/1276 1292/1341/1292 1269/1329/1269
f 1264/1331/1264 1272/1319/1272 1280/1342/1280
f 1278/1324/1278 1284/1333/1284 1294/1343/1294
f 1295/1315/1295 1331/1344/1331 1270/1314/1270
f 1282/1340/1282 1283/1345/1283 1276/1338/1276
f 1292/1341/1292 1293/1346/1293 1277/1332/1277
f 1273/1347/1273 1281/1348/1281 1288/1349/1288
f 1282/1340/1282 1290/1350/1290 1291/1351/1291
f 1282/1340/1282 1291/1351/1291 1283/1345/1283
f 1283/1345/1283 1291/1351/1291 1300/1352/1300
f 1280/1342/1280 1296/1353/1296 1297/1354/1297
f 1284/1333/1284 1302/1355/1302 1303/1356/1303
f 1288/1349/1288 1298/1357/1298 1299/1358/1299
f 1303/1356/1303 1318/1359/1318 1294/1343/1294
f 1286/1227/1286 1226/1360/1226 1345/1361/1345
f 1304/1362/1304 1338/1363/1338 1285/1293/1285
f 1301/1364/1301 1316/1365/1316 1302/1355/1302
f 1329/1366/1329 1330/1367/1330 1304/1362/1304
f 1295/1315/1295 1345/1361/1345 1364/1368/1364
f 1307/1369/1307 1313/1370/1313 1291/1351/1291
f 1287/1371/1287 1323/1372/1323 1296/1353/1296
f 1308/1337/1308 1338/1363/1338 1363/1373/1363
f 1287/1371/1287 1331/1344/1331 1323/1372/1323
f 1317/1374/1317 1328/1375/1328 1344/1376/1344
f 1317/1374/1317 1344/1376/1344 1318/1377/1318
f 1322/1378/1322 1324/1379/1324 1312/1380/1312
f 1314/1381/1314 1326/1382/1326 1315/1383/1315
f 1309/1384/1309 1319/1385/1319 1332/1386/1332
f 1315/1383/1315 1326/1382/1326 1327/1387/1327
f 1315/1383/1315 1327/1387/1327 1316/1388/1316
f 1309/1384/1309 1333/1389/1333 1310/1390/1310
f 1310/1390/1310 1333/1389/1333 1320/1391/1320
f 1326/1382/1326 1325/1392/1325 1342/1393/1342
f 1319/1385/1319 1323/1394/1323 1346/1395/1346
f 1320/1391/1320 1333/1389/1333 1334/1396/1334
f 1336/1397/1336 1340/1398/1340 1324/1379/1324
f 1331/1399/1331 1357/1400/1357 1323/1394/1323
f 1323/1394/1323 1357/1400/1357 1365/1401/1365
f 1337/1402/1337 1343/1403/1343 1328/1375/1328
f 1344/1376/1344 1371/1404/1371 1329/1405/1329
f 1344/1376/1344 1343/1403/1343 1362/1406/1362
f 1335/1407/1335 1349/1408/1349 1350/1409/1350
f 1335/1407/1335 1350/1409/1350 1336/1397/1336
f 1330/1410/1330 1400/1411/1400 1338/1412/1338
f 1364/1413/1364 1356/1414/1356 1331/1399/1331
f 1342/1393/1342 1341/1415/1341 1352/1416/1352
f 1332/1386/1332 1346/1395/1346 1347/1417/1347
f 1337/1402/1337 1342/1393/1342 1353/1418/1353
f 1332/1386/1332 1347/1417/1347 1333/1389/1333
f 1334/1396/1334 1339/1419/1339 1348/1420/1348
f 1330/1410/1330 1371/1404/1371 1399/1421/1399
f 1351/1422/1351 1350/1409/1350 1367/1423/1367
f 1352/1416/1352 1353/1418/1353 1342/1393/1342
f 1347/1417/1347 1358/1424/1358 1339/1419/1339
f 1354/1425/1354 1361/1426/1361 1343/1403/1343
f 1363/1427/1363 1008/1074/1008 1355/1428/1355
f 1255/1429/1255 1355/1428/1355 1008/1074/1008
f 1352/1416/1352 1360/1430/1360 1368/1431/1368
f 1365/1401/1365 1372/1432/1372 1346/1395/1346
f 1353/1418/1353 1369/1433/1369 1370/1434/1370
f 1353/1418/1353 1370/1434/1370 1354/1425/1354
f 1362/1406/1362 1361/1426/1361 1378/1435/1378
f 1357/1400/1357 1356/1414/1356 1388/1436/1388
f 1370/1434/1370 1369/1433/1369 1383/1437/1383
f 1373/1438/1373 1374/1439/1374 1358/1424/1358
f 1370/1434/1370 1377/1440/1377 1361/1426/1361
f 1366/1441/1366 1358/1424/1358 1379/1442/1379
f 1378/1435/1378 1387/1443/1387 1362/1406/1362
f 1359/1444/1359 1366/1441/1366 1375/1445/1375
f 1360/1430/1360 1367/1423/1367 1376/1446/1376
f 1382/1447/1382 1383/1437/1383 1369/1433/1369
f 1383/1437/1383 1384/1448/1384 1370/1434/1370
f 1364/1413/1364 1345/1449/1345 1401/1024/1401
f 1376/1446/1376 1382/1447/1382 1368/1431/1368
f 1388/1436/1388 1402/1450/1402 1365/1401/1365
f 1373/1438/1373 1390/1451/1390 1374/1439/1374
f 1384/1448/1384 1398/1452/1398 1377/1440/1377
f 1379/1442/1379 1374/1439/1374 1392/1453/1392
f 1375/1445/1375 1379/1442/1379 1380/1454/1380
f 1363/1427/1363 1400/1411/1400 960/1027/960
f 1402/1450/1402 1389/1455/1389 1372/1432/1372
f 1372/1432/1372 1389/1455/1389 1403/1456/1403
f 1386/1457/1386 1408/1458/1408 1387/1443/1387
f 1401/1024/1401 1423/1459/1423 1356/1414/1356
f 1385/1460/1385 1395/1461/1395 1382/1447/1382
f 1395/1461/1395 1396/1462/1396 1383/1437/1383
f 1387/1443/1387 1408/1458/1408 1417/1463/1417
f 1394/1464/1394 1407/1465/1407 1385/1460/1385
f 1423/1459/1423 1409/1466/1409 1388/1436/1388
f 1407/1465/1407 1413/1467/1413 1395/1461/1395
f 1389/1455/1389 1402/1450/1402 1418/1468/1418
f 1403/1456/1403 1410/1469/1410 1390/1451/1390
f 1390/1451/1390 1410/1469/1410 1391/1470/1391
f 1404/1471/1404 1411/1472/1411 1392/1453/1392
f 1406/1473/1406 1412/1474/1412 1407/1465/1407
f 1404/1471/1404 1419/1475/1419 1425/1476/1425
f 1386/1457/1386 1416/1477/1416 1433/1021/1433
f 1386/1457/1386 1433/1021/1433 1408/1458/1408
f 1405/1478/1405 1411/1472/1411 1420/1479/1420
f 1345/1449/1345 1226/1480/1226 1014/1022/1014
f 1418/1468/1418 1424/1481/1424 1410/1469/1410
f 1434/1316/1434 976/1048/976 1417/1463/1417
f 1406/1473/1406 1420/1479/1420 1421/1482/1421
f 1406/1473/1406 1421/1482/1421 1412/1474/1412
f 1412/1474/1412 1421/1482/1421 1427/1483/1427
f 1422/1484/1422 1429/1485/1429 959/1033/959
f 1419/1475/1419 1424/1481/1424 957/1016/957
f 1433/1021/1433 1430/1486/1430 967/1019/967
f 1418/1468/1418 1409/1466/1409 969/1029/969
f 1424/1481/1424 971/1028/971 961/1034/961
f 959/1033/959 966/1039/966 1430/1486/1430
f 1431/1487/1431 962/1041/962 1426/1488/1426
f 1423/1459/1423 1401/1024/1401 982/1051/982
f 958/1489/958 1432/1490/1432 1427/1483/1427
f 1428/1491/1428 964/1035/964 965/1031/965
f 1418/1468/1418 969/1029/969 971/1028/971
f 1431/1487/1431 957/1016/957 972/1018/972
f 1431/1487/1431 972/1018/972 962/1041/962
f 963/1492/963 973/1042/973 1432/1490/1432 958/1489/958
f 1434/1316/1434 992/1046/992 976/1048/976
f 979/1049/979 963/1492/963 962/1041/962 978/1040/978
f 982/1051/982 1401/1024/1401 1023/1023/1023
f 960/1027/960 1013/1026/1013 1008/1074/1008
f 1432/1490/1432 973/1042/973 964/1035/964
f 969/1029/969 1409/1466/1409 968/1053/968
f 966/1039/966 959/1033/959 975/1032/975
f 965/1031/965 989/1037/989 975/1032/975
f 984/1045/984 972/1018/972 977/1017/977 983/1060/983
f 963/1492/963 979/1049/979 973/1042/973
f 977/1017/977 971/1028/971 994/1043/994
f 993/1068/993 969/1029/969 968/1053/968 998/1052/998
f 980/1020/980 966/1039/966 991/1044/991
f 978/1040/978 995/1057/995 979/1049/979
f 981/1025/981 976/1048/976 1021/1047/1021
f 973/1042/973 986/1050/986 987/1054/987
f 974/1036/974 973/1042/973 987/1054/987
f 1002/1061/1002 985/1058/985 995/1057/995 1001/1071/1001
f 974/1036/974 988/1055/988 989/1037/989
f 969/1029/969 993/1068/993 970/1030/970
f 980/1020/980 1007/1056/1007 997/1085/997
f 992/1046/992 980/1020/980 997/1085/997
f 979/1049/979 985/1058/985 986/1050/986
f 981/1025/981 1022/1059/1022 1013/1026/1013
f 970/1030/970 993/1068/993 994/1043/994
f 984/1045/984 1000/1070/1000 995/1057/995
f 1003/1062/1003 996/1067/996 987/1054/987 986/1050/986
f 992/1046/992 997/1085/997 1021/1047/1021
f 996/1067/996 1004/1078/1004 988/1055/988 987/1054/987
f 982/1051/982 1043/1063/1043 998/1052/998
f 1004/1078/1004 1005/1064/1005 989/1037/989 988/1055/988
f 999/1065/999 1000/1070/1000 984/1045/984 983/1060/983
f 990/1038/990 1005/1064/1005 1006/1080/1006
f 990/1038/990 1006/1080/1006 991/1044/991
f 1015/1092/1015 993/1068/993 998/1052/998 1029/1072/1029
f 1001/1071/1001 1009/1088/1009 1002/1061/1002
f 996/1067/996 1010/1066/1010 1012/1076/1012
f 1004/1078/1004 996/1067/996 1012/1076/1012
f 1037/1086/1037 1007/1056/1007 1006/1080/1006 1028/1082/1028
f 993/1068/993 1015/1092/1015 1016/1069/1016
f 999/1065/999 994/1043/994 1016/1069/1016
f 1007/1056/1007 991/1044/991 1006/1080/1006
f 1003/1062/1003 1019/1100/1019 1010/1066/1010
f 1010/1066/1010 1011/1083/1011 1012/1076/1012
f 1005/1064/1005 1004/1078/1004 1020/1077/1020
f 1005/1064/1005 1020/1077/1020 1027/1081/1027
f 1006/1080/1006 1005/1064/1005 1027/1081/1027
f 999/1065/999 1024/1079/1024 1017/1095/1017
f 1000/1070/1000 999/1065/999 1017/1095/1017
f 1018/1089/1018 1001/1071/1001 1000/1070/1000 1017/1095/1017
f 1009/1088/1009 1019/1100/1019 1003/1062/1003 1002/1061/1002
f 1007/1056/1007 1037/1086/1037 997/1085/997
f 1009/1088/1009 1001/1071/1001 1018/1089/1018
f 1031/1103/1031 1018/1089/1018 1017/1095/1017 1030/1096/1030
f 1012/1076/1012 1026/1084/1026 1020/1077/1020
f 997/1085/997 1042/1087/1042 1021/1047/1021
f 1019/1100/1019 1009/1088/1009 1025/1090/1025
f 1011/1083/1011 1010/1066/1010 1019/1100/1019
f 1020/1077/1020 1035/1091/1035 1027/1081/1027
f 1016/1069/1016 1039/1094/1039 1024/1079/1024
f 1028/1082/1028 1027/1081/1027 1036/1108/1036
f 1033/1101/1033 1034/1106/1034 1011/1083/1011 1019/1100/1019
f 1025/1090/1025 1018/1089/1018 1031/1103/1031
f 1014/1022/1014 1149/1098/1149 1023/1023/1023
f 1022/1059/1022 1021/1047/1021 1049/1099/1049
f 1022/1059/1022 1049/1099/1049 1013/1026/1013
f 1051/1110/1051 1038/1093/1038 1015/1092/1015 1029/1072/1029
f 1011/1083/1011 1034/1106/1034 1026/1084/1026
f 1027/1081/1027 1048/1102/1048 1036/1108/1036
f 1024/1079/1024 1039/1094/1039 1030/1096/1030
f 1028/1082/1028 1036/1108/1036 1037/1086/1037
f 1033/1101/1033 1025/1090/1025 1032/1104/1032
f 1043/1063/1043 1023/1023/1023 1050/1105/1050
f 1040/1493/1040 1031/1103/1031 1030/1096/1030 1044/1112/1044
f 1026/1084/1026 1041/1107/1041 1035/1091/1035
f 1057/1113/1057 1042/1087/1042 1037/1086/1037 1065/1109/1065
f 1106/1186/1106 1013/1026/1013 1049/1099/1049 1092/1159/1092
f 1032/1104/1032 1031/1103/1031 1040/1493/1040
f 1032/1104/1032 1040/1493/1040 1045/1121/1045
f 1033/1101/1033 1032/1104/1032 1045/1121/1045
f 1033/1101/1033 1045/1121/1045 1046/1115/1046
f 1034/1106/1034 1033/1101/1033 1046/1115/1046
f 1034/1106/1034 1046/1115/1046 1041/1107/1041
f 1038/1093/1038 1059/1118/1059 1039/1094/1039
f 1035/1091/1035 1047/1111/1047 1048/1102/1048
f 1042/1087/1042 1070/1114/1070 1049/1099/1049
f 1041/1107/1041 1055/1116/1055 1047/1111/1047
f 1038/1093/1038 1058/1117/1058 1059/1118/1059
f 1039/1094/1039 1060/1119/1060 1044/1112/1044
f 1049/1099/1049 1083/1120/1083 1092/1159/1092
f 1064/1131/1064 1048/1102/1048 1047/1111/1047 1056/1126/1056
f 1043/1063/1043 1084/1124/1084 1051/1110/1051
f 1013/1026/1013 1106/1186/1106 1120/1073/1120
f 1046/1115/1046 1062/1125/1062 1055/1116/1055
f 1053/1494/1053 1040/1493/1040 1044/1112/1044 1052/1127/1052
f 1065/1109/1065 1048/1102/1048 1064/1131/1064
f 1061/1122/1061 1045/1121/1045 1040/1493/1040 1053/1494/1053
f 1069/1136/1069 1056/1126/1056 1055/1116/1055 1063/1129/1063
f 1062/1125/1062 1054/1123/1054 1068/1134/1068
f 1051/1110/1051 1085/1128/1085 1058/1117/1058
f 1067/1138/1067 1053/1494/1053 1052/1127/1052 1066/1130/1066
f 1056/1126/1056 1069/1136/1069 1064/1131/1064
f 1071/1135/1071 1072/1143/1072 1060/1119/1060 1059/1118/1059
f 1057/1113/1057 1077/1133/1077 1070/1114/1070
f 1053/1494/1053 1067/1138/1067 1061/1122/1061
f 1079/1147/1079 1067/1138/1067 1066/1130/1066 1078/1144/1078
f 1060/1119/1060 1072/1143/1072 1066/1130/1066
f 1076/1132/1076 1064/1131/1064 1075/1137/1075
f 1068/1134/1068 1061/1122/1061 1073/1139/1073
f 1062/1125/1062 1074/1140/1074 1063/1129/1063
f 1069/1136/1069 1082/1142/1082 1075/1137/1075
f 1083/1120/1083 1070/1114/1070 1077/1133/1077 1097/1153/1097
f 1097/1153/1097 1077/1133/1077 1076/1132/1076 1091/1168/1091
f 1067/1138/1067 1079/1147/1079 1073/1139/1073
f 1050/1105/1050 1150/1146/1150 1084/1124/1084
f 1074/1140/1074 1068/1134/1068 1080/1145/1080
f 1075/1137/1075 1082/1142/1082 1091/1168/1091
f 1072/1143/1072 1087/1158/1087 1078/1144/1078
f 1076/1132/1076 1075/1137/1075 1091/1168/1091
f 1086/1164/1086 1087/1158/1087 1072/1143/1072 1071/1135/1071
f 1080/1145/1080 1073/1139/1073 1088/1148/1088
f 1092/1159/1092 1083/1120/1083 1098/1160/1098
f 1081/1141/1081 1074/1140/1074 1089/1149/1089
f 1071/1135/1071 1085/1128/1085 1099/1165/1099
f 1071/1135/1071 1099/1165/1099 1086/1164/1086
f 1082/1142/1082 1081/1141/1081 1090/1156/1090
f 1151/1162/1151 1126/1179/1126 1085/1128/1085 1084/1124/1084
f 1079/1147/1079 1094/1152/1094 1088/1148/1088
f 1083/1120/1083 1112/1154/1112 1098/1160/1098
f 1089/1149/1089 1080/1145/1080 1095/1155/1095
f 1082/1142/1082 1096/1157/1096 1091/1168/1091
f 1095/1155/1095 1088/1148/1088 1094/1152/1094
f 1106/1186/1106 1092/1159/1092 1135/1161/1135
f 1102/1178/1102 1103/1170/1103 1090/1156/1090 1089/1149/1089
f 1089/1149/1089 1101/1163/1101 1102/1178/1102
f 1085/1128/1085 1126/1179/1126 1099/1165/1099
f 1117/1189/1117 1111/1171/1111 1110/1177/1110 1124/1202/1124
f 1096/1157/1096 1090/1156/1090 1103/1170/1103
f 1087/1158/1087 1113/1166/1113 1100/1150/1100
f 1091/1168/1091 1104/1167/1104 1105/1174/1105
f 1091/1168/1091 1105/1174/1105 1097/1153/1097
f 1095/1155/1095 1109/1169/1109 1101/1163/1101
f 1101/1163/1101 1116/1176/1116 1102/1178/1102
f 1096/1157/1096 1111/1171/1111 1104/1167/1104
f 1093/1151/1093 1107/1173/1107 1108/1183/1108
f 1094/1152/1094 1093/1151/1093 1108/1183/1108
f 1097/1153/1097 1125/1175/1125 1112/1154/1112
f 1120/1073/1120 1106/1186/1106 1188/1185/1188
f 1103/1170/1103 1102/1178/1102 1110/1177/1110
f 1103/1170/1103 1110/1177/1110 1111/1171/1111
f 1113/1166/1113 1099/1165/1099 1127/1180/1127
f 1104/1167/1104 1118/1181/1118 1119/1495/1119
f 1105/1174/1105 1104/1167/1104 1119/1495/1119
f 1107/1173/1107 1100/1150/1100 1121/1182/1121
f 1105/1174/1105 1119/1495/1119 1125/1175/1125
f 1109/1169/1109 1094/1152/1094 1115/1184/1115
f 1134/1207/1134 1112/1154/1112 1125/1175/1125 1140/1205/1140
f 1111/1171/1111 1117/1189/1117 1118/1181/1118
f 1115/1184/1115 1108/1183/1108 1122/1187/1122
f 1124/1202/1124 1110/1177/1110 1116/1176/1116 1123/1200/1123
f 1098/1160/1098 1112/1154/1112 1134/1207/1134
f 1135/1161/1135 1098/1160/1098 1134/1207/1134
f 1109/1169/1109 1130/1188/1130 1116/1176/1116
f 1128/1196/1128 1136/1191/1136 1114/1172/1114 1113/1166/1113
f 1139/1198/1139 1119/1495/1119 1118/1181/1118 1138/1190/1138
f 1144/1222/1144 1130/1188/1130 1129/1192/1129 1143/1204/1143
f 1119/1495/1119 1139/1198/1139 1125/1175/1125
f 1115/1184/1115 1129/1192/1129 1130/1188/1130
f 1123/1200/1123 1116/1176/1116 1131/1193/1131
f 1127/1180/1127 1126/1179/1126 1141/1210/1141
f 1122/1187/1122 1121/1182/1121 1137/1197/1137
f 1122/1187/1122 1137/1197/1137 1129/1192/1129
f 1140/1205/1140 1125/1175/1125 1148/1199/1148
f 1145/1224/1145 1146/1496/1146 1132/1201/1132 1131/1193/1131
f 1131/1193/1131 1130/1188/1130 1144/1222/1144
f 1131/1193/1131 1144/1222/1144 1145/1224/1145
f 1135/1161/1135 1172/1208/1172 1188/1185/1188
f 1146/1496/1146 1147/1213/1147 1133/1203/1133 1132/1201/1132
f 1126/1179/1126 1164/1209/1164 1141/1210/1141
f 1153/1215/1153 1142/1219/1142 1137/1197/1137 1136/1191/1136
f 1138/1190/1138 1133/1203/1133 1147/1213/1147
f 1128/1196/1128 1152/1211/1152 1136/1191/1136
f 1138/1190/1138 1157/1216/1157 1139/1198/1139
f 1140/1205/1140 1163/1218/1163 1179/1206/1179
f 1172/1208/1172 1134/1207/1134 1180/1212/1180
f 1138/1190/1138 1156/1214/1156 1157/1216/1157
f 1159/1223/1159 1160/1228/1160 1146/1496/1146 1145/1224/1145
f 1139/1198/1139 1162/1217/1162 1148/1199/1148
f 1137/1197/1137 1142/1219/1142 1143/1204/1143
f 1152/1211/1152 1165/1231/1165 1153/1215/1153
f 1162/1217/1162 1157/1216/1157 1161/1239/1161
f 1167/1243/1167 1154/1221/1154 1142/1219/1142 1158/1220/1158
f 1146/1496/1146 1160/1228/1160 1155/1230/1155
f 1147/1213/1147 1146/1496/1146 1155/1230/1155
f 1141/1210/1141 1173/1225/1173 1152/1211/1152
f 1147/1213/1147 1155/1230/1155 1156/1214/1156
f 1158/1220/1158 1153/1215/1153 1166/1241/1166
f 1286/1227/1286 1227/1284/1227 1150/1146/1150 1149/1098/1149
f 1154/1221/1154 1167/1243/1167 1168/1233/1168
f 1159/1223/1159 1154/1221/1154 1168/1233/1168
f 1201/1246/1201 1151/1162/1151 1150/1146/1150 1227/1284/1227
f 1171/1237/1171 1156/1214/1156 1155/1230/1155 1170/1229/1170
f 1160/1228/1160 1159/1223/1159 1169/1235/1169
f 1151/1162/1151 1201/1246/1201 1164/1209/1164
f 1161/1239/1161 1157/1216/1157 1156/1214/1156 1171/1237/1171
f 1165/1231/1165 1152/1211/1152 1173/1225/1173
f 1178/1238/1178 1187/1262/1187 1162/1217/1162 1161/1239/1161
f 1153/1215/1153 1174/1232/1174 1166/1241/1166
f 1163/1218/1163 1162/1217/1162 1187/1262/1187
f 1158/1220/1158 1182/1242/1182 1167/1243/1167
f 1163/1218/1163 1187/1262/1187 1192/1257/1192
f 1163/1218/1163 1192/1257/1192 1179/1206/1179
f 1159/1223/1159 1176/1234/1176 1169/1235/1169
f 1160/1228/1160 1177/1236/1177 1170/1229/1170
f 1189/1256/1189 1190/1253/1190 1176/1234/1176 1175/1244/1175
f 1176/1234/1176 1168/1233/1168 1175/1244/1175
f 1188/1185/1188 1172/1208/1172 1225/1245/1225
f 1164/1209/1164 1202/1247/1202 1173/1225/1173
f 1165/1231/1165 1193/1250/1193 1174/1232/1174
f 1171/1237/1171 1186/1251/1186 1178/1238/1178
f 1184/1248/1184 1177/1236/1177 1190/1253/1190
f 1186/1251/1186 1185/1249/1185 1191/1259/1191
f 1174/1232/1174 1194/1255/1194 1181/1240/1181
f 1178/1238/1178 1186/1251/1186 1200/1263/1200
f 1178/1238/1178 1200/1263/1200 1187/1262/1187
f 1182/1242/1182 1196/1497/1196 1183/1252/1183
f 1180/1212/1180 1179/1206/1179 1209/1258/1209
f 1203/1498/1203 1195/1261/1195 1194/1255/1194 1217/1271/1217
f 1184/1248/1184 1197/1266/1197 1198/1267/1198
f 1185/1249/1185 1184/1248/1184 1198/1267/1198
f 1185/1249/1185 1198/1267/1198 1191/1259/1191
f 1186/1251/1186 1199/1260/1199 1200/1263/1200
f 1196/1497/1196 1182/1242/1182 1195/1261/1195
f 1187/1262/1187 1214/1265/1214 1192/1257/1192
f 1189/1256/1189 1183/1252/1183 1196/1497/1196
f 1180/1212/1180 1209/1258/1209 1225/1245/1225
f 1193/1250/1193 1216/1270/1216 1194/1255/1194
f 1189/1256/1189 1196/1497/1196 1204/1278/1204
f 1192/1257/1192 1215/1268/1215 1209/1258/1209
f 1189/1256/1189 1204/1278/1204 1205/1282/1205
f 1190/1253/1190 1189/1256/1189 1205/1282/1205
f 1190/1253/1190 1205/1282/1205 1206/1273/1206
f 1197/1266/1197 1190/1253/1190 1206/1273/1206
f 1188/1185/1188 1263/1269/1263 1240/1194/1240
f 1203/1498/1203 1219/1279/1219 1196/1497/1196 1195/1261/1195
f 1200/1263/1200 1213/1272/1213 1222/1276/1222
f 1208/1264/1208 1200/1263/1200 1222/1276/1222
f 1207/1287/1207 1198/1267/1198 1197/1266/1197 1211/1274/1211
f 1196/1497/1196 1219/1279/1219 1204/1278/1204
f 1212/1275/1212 1199/1260/1199 1198/1267/1198 1207/1287/1207
f 1211/1274/1211 1206/1273/1206 1205/1282/1205 1229/1283/1229
f 1219/1279/1219 1203/1498/1203 1218/1299/1218
f 1214/1265/1214 1208/1264/1208 1223/1277/1223
f 1231/1296/1231 1212/1275/1212 1207/1287/1207 1238/1292/1238
f 1202/1247/1202 1201/1246/1201 1233/1285/1233
f 1202/1247/1202 1233/1285/1233 1210/1254/1210
f 1215/1268/1215 1232/1288/1232 1224/1281/1224
f 1209/1258/1209 1262/1289/1262 1225/1245/1225
f 1211/1274/1211 1230/1290/1230 1221/1286/1221
f 1216/1270/1216 1210/1254/1210 1241/1291/1241
f 1235/1295/1235 1236/1305/1236 1218/1299/1218 1217/1271/1217
f 1213/1272/1213 1212/1275/1212 1231/1296/1231
f 1216/1270/1216 1234/1294/1234 1217/1271/1217
f 1213/1272/1213 1231/1296/1231 1222/1276/1222
f 1218/1299/1218 1203/1498/1203 1217/1271/1217
f 1220/1280/1220 1228/1300/1228 1229/1283/1229
f 1229/1283/1229 1237/1301/1237 1230/1290/1230
f 1263/1269/1263 1225/1245/1225 1285/1293/1285
f 1234/1294/1234 1216/1270/1216 1241/1291/1241
f 1245/1303/1245 1231/1296/1231 1238/1292/1238 1244/1309/1244
f 1232/1288/1232 1223/1277/1223 1247/1298/1247
f 1220/1280/1220 1219/1279/1219 1228/1300/1228
f 1230/1290/1230 1252/1302/1252 1238/1292/1238
f 1261/1335/1261 1224/1281/1224 1232/1288/1232 1254/1307/1254
f 1270/1314/1270 1271/1318/1271 1241/1291/1241 1233/1285/1233
f 1262/1289/1262 1224/1281/1224 1261/1335/1261
f 1237/1301/1237 1229/1283/1229 1243/1308/1243
f 1253/1330/1253 1245/1303/1245 1244/1309/1244 1258/1328/1258
f 1235/1295/1235 1248/1312/1248 1249/1499/1249
f 1236/1305/1236 1235/1295/1235 1249/1499/1249
f 1242/1306/1242 1236/1305/1236 1249/1499/1249
f 1237/1301/1237 1251/1313/1251 1252/1302/1252
f 1260/1323/1260 1247/1298/1247 1246/1304/1246 1259/1339/1259
f 1241/1291/1241 1272/1319/1272 1248/1312/1248
f 1246/1304/1246 1245/1303/1245 1253/1330/1253
f 1246/1304/1246 1253/1330/1253 1259/1339/1259
f 1265/1321/1265 1250/1320/1250 1242/1306/1242 1249/1499/1249
f 1265/1321/1265 1249/1499/1249 1248/1312/1248 1264/1331/1264
f 1247/1298/1247 1260/1323/1260 1254/1307/1254
f 1243/1308/1243 1242/1306/1242 1250/1320/1250
f 1251/1313/1251 1243/1308/1243 1250/1320/1250
f 1251/1313/1251 1256/1326/1256 1252/1302/1252
f 1270/1314/1270 1227/1284/1227 1295/1315/1295
f 1244/1309/1244 1257/1317/1257 1258/1328/1258
f 1253/1330/1253 1269/1329/1269 1259/1339/1259
f 1304/1362/1304 1262/1289/1262 1261/1335/1261 1279/1334/1279
f 1254/1307/1254 1278/1324/1278 1261/1335/1261
f 1251/1313/1251 1267/1325/1267 1256/1326/1256
f 1257/1317/1257 1252/1302/1252 1268/1327/1268
f 1278/1324/1278 1260/1323/1260 1284/1333/1284
f 1273/1347/1273 1274/1500/1274 1267/1325/1267 1266/1322/1266
f 1285/1293/1285 1262/1289/1262 1304/1362/1304
f 1256/1326/1256 1275/1336/1275 1268/1327/1268
f 1263/1269/1263 1308/1337/1308 1355/1311/1355
f 1258/1328/1258 1257/1317/1257 1276/1338/1276
f 1258/1328/1258 1276/1338/1276 1269/1329/1269
f 1281/1348/1281 1265/1321/1265 1264/1331/1264 1280/1342/1280
f 1275/1336/1275 1267/1325/1267 1274/1500/1274
f 1268/1327/1268 1282/1340/1282 1276/1338/1276
f 1269/1329/1269 1292/1341/1292 1277/1332/1277
f 1281/1348/1281 1273/1347/1273 1266/1322/1266 1265/1321/1265
f 1290/1350/1290 1275/1336/1275 1274/1500/1274 1289/1501/1289
f 1287/1371/1287 1296/1353/1296 1271/1318/1271 1270/1314/1270
f 1282/1340/1282 1275/1336/1275 1290/1350/1290
f 1270/1314/1270 1331/1344/1331 1287/1371/1287
f 1288/1349/1288 1289/1501/1289 1274/1500/1274 1273/1347/1273
f 1272/1319/1272 1271/1318/1271 1296/1353/1296
f 1276/1338/1276 1283/1345/1283 1292/1341/1292
f 1280/1342/1280 1272/1319/1272 1296/1353/1296
f 1277/1332/1277 1293/1346/1293 1302/1355/1302
f 1277/1332/1277 1302/1355/1302 1284/1333/1284
f 1298/1357/1298 1281/1348/1281 1280/1342/1280 1297/1354/1297
f 1278/1324/1278 1294/1343/1294 1279/1334/1279
f 1283/1345/1283 1300/1352/1300 1292/1341/1292
f 1300/1352/1300 1301/1364/1301 1293/1346/1293 1292/1341/1292
f 1288/1349/1288 1281/1348/1281 1298/1357/1298
f 1294/1343/1294 1284/1333/1284 1303/1356/1303
f 1299/1358/1299 1305/1502/1305 1289/1501/1289 1288/1349/1288
f 1293/1346/1293 1301/1364/1301 1302/1355/1302
f 1329/1366/1329 1279/1334/1279 1294/1343/1294 1318/1359/1318
f 1305/1502/1305 1306/1503/1306 1290/1350/1290 1289/1501/1289
f 1279/1334/1279 1329/1366/1329 1304/1362/1304
f 1306/1503/1306 1307/1369/1307 1291/1351/1291 1290/1350/1290
f 1286/1227/1286 1345/1361/1345 1295/1315/1295
f 1285/1293/1285 1338/1363/1338 1308/1337/1308
f 1319/1504/1319 1309/1505/1309 1297/1354/1297 1296/1353/1296
f 1310/1506/1310 1298/1357/1298 1297/1354/1297 1309/1505/1309
f 1301/1364/1301 1300/1352/1300 1315/1507/1315
f 1301/1364/1301 1315/1507/1315 1316/1365/1316
f 1316/1365/1316 1317/1508/1317 1303/1356/1303 1302/1355/1302
f 1310/1506/1310 1311/1509/1311 1299/1358/1299 1298/1357/1298
f 1311/1509/1311 1322/1510/1322 1305/1502/1305 1299/1358/1299
f 1303/1356/1303 1317/1508/1317 1318/1359/1318
f 1313/1370/1313 1314/1511/1314 1300/1352/1300 1291/1351/1291
f 1338/1363/1338 1304/1362/1304 1330/1367/1330
f 1295/1315/1295 1364/1368/1364 1331/1344/1331
f 1312/1512/1312 1306/1503/1306 1305/1502/1305 1322/1510/1322
f 1296/1353/1296 1323/1372/1323 1319/1504/1319
f 1300/1352/1300 1314/1511/1314 1315/1507/1315
f 1312/1512/1312 1313/1370/1313 1307/1369/1307 1306/1503/1306
f 1324/1379/1324 1325/1392/1325 1313/1513/1313 1312/1380/1312
f 1308/1337/1308 1363/1373/1363 1355/1311/1355
f 1311/1514/1311 1310/1390/1310 1320/1391/1320
f 1311/1514/1311 1320/1391/1320 1321/1515/1321
f 1322/1378/1322 1311/1514/1311 1321/1515/1321
f 1329/1405/1329 1318/1377/1318 1344/1376/1344
f 1325/1392/1325 1326/1382/1326 1314/1381/1314 1313/1513/1313
f 1336/1397/1336 1322/1378/1322 1321/1515/1321 1335/1407/1335
f 1309/1384/1309 1332/1386/1332 1333/1389/1333
f 1316/1388/1316 1327/1387/1327 1328/1375/1328
f 1317/1374/1317 1316/1388/1316 1328/1375/1328
f 1335/1407/1335 1321/1515/1321 1320/1391/1320 1334/1396/1334
f 1324/1379/1324 1322/1378/1322 1336/1397/1336
f 1332/1386/1332 1319/1385/1319 1346/1395/1346
f 1327/1387/1327 1337/1402/1337 1328/1375/1328
f 1340/1398/1340 1341/1415/1341 1325/1392/1325 1324/1379/1324
f 1342/1393/1342 1337/1402/1337 1327/1387/1327 1326/1382/1326
f 1342/1393/1342 1325/1392/1325 1341/1415/1341
f 1346/1395/1346 1323/1394/1323 1365/1401/1365
f 1349/1408/1349 1335/1407/1335 1334/1396/1334 1348/1420/1348
f 1334/1396/1334 1333/1389/1333 1339/1419/1339
f 1344/1376/1344 1328/1375/1328 1343/1403/1343
f 1329/1405/1329 1371/1404/1371 1330/1410/1330
f 1351/1422/1351 1360/1430/1360 1341/1415/1341 1340/1398/1340
f 1336/1397/1336 1350/1409/1350 1351/1422/1351
f 1336/1397/1336 1351/1422/1351 1340/1398/1340
f 1338/1412/1338 1400/1411/1400 1363/1427/1363
f 1331/1399/1331 1356/1414/1356 1357/1400/1357
f 1337/1402/1337 1353/1418/1353 1354/1425/1354
f 1333/1389/1333 1347/1417/1347 1339/1419/1339
f 1337/1402/1337 1354/1425/1354 1343/1403/1343
f 1371/1404/1371 1344/1376/1344 1362/1406/1362
f 1400/1411/1400 1330/1410/1330 1399/1421/1399
f 1369/1433/1369 1353/1418/1353 1352/1416/1352 1368/1431/1368
f 1352/1416/1352 1341/1415/1341 1360/1430/1360
f 1348/1420/1348 1339/1419/1339 1358/1424/1358
f 1362/1406/1362 1343/1403/1343 1361/1426/1361
f 1348/1420/1348 1366/1441/1366 1349/1408/1349
f 1360/1430/1360 1351/1422/1351 1367/1423/1367
f 1366/1441/1366 1359/1444/1359 1350/1409/1350 1349/1408/1349
f 1347/1417/1347 1346/1395/1346 1372/1432/1372
f 1347/1417/1347 1372/1432/1372 1373/1438/1373
f 1347/1417/1347 1373/1438/1373 1358/1424/1358
f 1354/1425/1354 1370/1434/1370 1361/1426/1361
f 1366/1441/1366 1348/1420/1348 1358/1424/1358
f 1375/1445/1375 1381/1516/1381 1367/1423/1367 1359/1444/1359
f 1367/1423/1367 1350/1409/1350 1359/1444/1359
f 1360/1430/1360 1376/1446/1376 1368/1431/1368
f 1365/1401/1365 1357/1400/1357 1388/1436/1388
f 1368/1431/1368 1382/1447/1382 1369/1433/1369
f 1378/1435/1378 1361/1426/1361 1377/1440/1377
f 1362/1406/1362 1387/1443/1387 1371/1404/1371
f 1390/1451/1390 1373/1438/1373 1372/1432/1372 1403/1456/1403
f 1372/1432/1372 1365/1401/1365 1402/1450/1402
f 1370/1434/1370 1384/1448/1384 1377/1440/1377
f 1379/1442/1379 1358/1424/1358 1374/1439/1374
f 1375/1445/1375 1366/1441/1366 1379/1442/1379
f 1371/1404/1371 1387/1443/1387 1399/1421/1399
f 1364/1413/1364 1401/1024/1401 1356/1414/1356
f 1376/1446/1376 1367/1423/1367 1381/1516/1381
f 1398/1452/1398 1386/1457/1386 1378/1435/1378 1377/1440/1377
f 1392/1453/1392 1393/1517/1393 1380/1454/1380 1379/1442/1379
f 1378/1435/1378 1386/1457/1386 1387/1443/1387
f 1381/1516/1381 1375/1445/1375 1380/1454/1380
f 1376/1446/1376 1381/1516/1381 1385/1460/1385
f 1008/1074/1008 1363/1427/1363 960/1027/960
f 1376/1446/1376 1385/1460/1385 1382/1447/1382
f 1382/1447/1382 1395/1461/1395 1383/1437/1383
f 1374/1439/1374 1390/1451/1390 1391/1470/1391
f 1392/1453/1392 1374/1439/1374 1391/1470/1391
f 1394/1464/1394 1381/1516/1381 1380/1454/1380 1393/1517/1393
f 1396/1462/1396 1397/1518/1397 1384/1448/1384 1383/1437/1383
f 1381/1516/1381 1394/1464/1394 1385/1460/1385
f 1356/1414/1356 1423/1459/1423 1388/1436/1388
f 1405/1478/1405 1406/1473/1406 1394/1464/1394 1393/1517/1393
f 1384/1448/1384 1397/1518/1397 1398/1452/1398
f 1387/1443/1387 1417/1463/1417 1399/1421/1399
f 1385/1460/1385 1407/1465/1407 1395/1461/1395
f 1392/1453/1392 1391/1470/1391 1404/1471/1404
f 981/1025/981 1400/1411/1400 1399/1421/1399 1417/1463/1417
f 1413/1467/1413 1414/1519/1414 1396/1462/1396 1395/1461/1395
f 1394/1464/1394 1406/1473/1406 1407/1465/1407
f 960/1027/960 1400/1411/1400 981/1025/981
f 1402/1450/1402 1388/1436/1388 1409/1466/1409
f 1414/1519/1414 1415/1520/1415 1397/1518/1397 1396/1462/1396
f 1389/1455/1389 1418/1468/1418 1403/1456/1403
f 1416/1477/1416 1398/1452/1398 1397/1518/1397 1415/1520/1415
f 1405/1478/1405 1393/1517/1393 1392/1453/1392 1411/1472/1411
f 1404/1471/1404 1391/1470/1391 1410/1469/1410
f 1386/1457/1386 1398/1452/1398 1416/1477/1416
f 1433/1021/1433 1434/1316/1434 1417/1463/1417 1408/1458/1408
f 1407/1465/1407 1412/1474/1412 1413/1467/1413
f 1402/1450/1402 1409/1466/1409 1418/1468/1418
f 1403/1456/1403 1418/1468/1418 1410/1469/1410
f 1404/1471/1404 1410/1469/1410 1419/1475/1419
f 1404/1471/1404 1425/1476/1425 1411/1472/1411
f 1428/1491/1428 1413/1467/1413 1412/1474/1412 1427/1483/1427
f 1406/1473/1406 1405/1478/1405 1420/1479/1420
f 1345/1449/1345 1014/1022/1014 1401/1024/1401
f 1429/1485/1429 1422/1484/1422 1415/1520/1415 1414/1519/1414
f 1414/1519/1414 1413/1467/1413 1428/1491/1428
f 1414/1519/1414 1428/1491/1428 1429/1485/1429
f 1430/1486/1430 1416/1477/1416 1415/1520/1415 1422/1484/1422
f 1410/1469/1410 1424/1481/1424 1419/1475/1419
f 1426/1488/1426 1420/1479/1420 1425/1476/1425 1431/1487/1431
f 1433/1021/1433 1416/1477/1416 1430/1486/1430
f 1420/1479/1420 1411/1472/1411 1425/1476/1425
f 1417/1463/1417 976/1048/976 981/1025/981
f 1422/1484/1422 959/1033/959 1430/1486/1430
f 1419/1475/1419 957/1016/957 1425/1476/1425
f 1426/1488/1426 958/1489/958 1421/1482/1421 1420/1479/1420
f 982/1051/982 968/1053/968 1409/1466/1409 1423/1459/1423
f 1421/1482/1421 958/1489/958 1427/1483/1427
f 957/1016/957 1424/1481/1424 961/1034/961
f 1430/1486/1430 966/1039/966 967/1019/967
f 1431/1487/1431 1425/1476/1425 957/1016/957
f 1426/1488/1426 962/1041/962 963/1492/963
f 958/1489/958 1426/1488/1426 963/1492/963
f 964/1035/964 1428/1491/1428 1427/1483/1427 1432/1490/1432
f 1429/1485/1429 1428/1491/1428 965/1031/965
f 959/1033/959 1429/1485/1429 965/1031/965
f 1424/1481/1424 1418/1468/1418 971/1028/971
o Boss_power_belt
v 0.692208 0.880000 -0.000000
v 0.680205 0.918108 -0.033416
v 0.559514 0.841501 -0.049456
v 0.644249 0.815441 -0.096373
v 0.683085 0.854100 0.072820
v 0.676159 0.840391 -0.074325
v 0.670454 0.894889 -0.164354
v 0.649549 0.929611 -0.165031
v 0.527107 0.866283 -0.159862
v 0.547619 0.831070 -0.163401
v 0.640639 0.829793 -0.199810
v 0.604211 0.922645 -0.309214
v 0.557419 0.815286 -0.334104
v 0.552203 0.838283 -0.395829
v 0.473964 0.929030 -0.476901
v 0.412120 0.944431 -0.502169
v 0.458029 0.852576 -0.509775
v 0.261564 0.853378 -0.491808
v 0.190306 0.945009 -0.623144
v 0.114310 0.929315 -0.560613
v 0.138324 0.840013 -0.544309
v 0.139099 0.830420 -0.656915
v -0.023702 0.854576 -0.557245
v -0.002601 0.831070 -0.571471
v -0.031860 0.814917 -0.648538
v 0.034629 0.853113 -0.684577
v -0.026542 0.896194 -0.689352
v -0.117862 0.944780 -0.641973
v -0.089490 0.830292 -0.667256
v -0.200802 0.944632 -0.561204
v -0.283216 0.830130 -0.607193
v -0.354362 0.866054 -0.592882
v -0.348374 0.940824 -0.558508
v -0.446402 0.895981 -0.527844
v -0.437095 0.839697 -0.521276
v -0.520411 0.810161 -0.347728
v -0.644696 0.830948 -0.189063
v -0.644716 0.944721 -0.086467
v -0.612662 0.810094 -0.166997
v -0.516463 0.852492 0.209084
v -0.536166 0.940292 0.384478
v -0.573266 0.854148 0.379463
v -0.557315 0.892941 0.408011
v -0.482475 0.815269 0.437290
v -0.475724 0.831581 0.475724
v -0.435020 0.944677 0.479971
v -0.266037 0.880000 0.483309
v -0.102467 0.815212 0.642273
v -0.036303 0.829492 0.671075
v -0.004373 0.907987 0.686529
v 0.098882 0.929747 0.666609
v 0.171971 0.892940 0.668954
v 0.189784 0.829793 0.643680
v 0.325382 0.868820 0.610938
v 0.327477 0.815073 0.561689
v 0.397572 0.810000 0.484443
v 0.464001 0.944579 0.453641
v 0.371502 0.906272 0.413472
v 0.650912 0.819444 0.106056
v 0.631614 0.949251 -0.060341
v 0.636907 0.948116 -0.060459
v 0.633405 0.949305 -0.060604
v 0.635343 0.948890 -0.060647
v 0.579916 0.937120 -0.042178
v 0.584575 0.940081 -0.044445
v 0.581165 0.938388 -0.043176
v 0.582871 0.939472 -0.044005
v 0.550081 0.890963 -0.041610
v 0.551383 0.896552 -0.043792
v 0.550099 0.892858 -0.042695
v 0.550575 0.894904 -0.043493
v 0.594105 0.814770 -0.085687
v 0.588373 0.816862 -0.088214
v 0.592158 0.815217 -0.087015
v 0.590060 0.815982 -0.087940
v 0.631557 0.810954 -0.057046
v 0.625762 0.810333 -0.056660
v 0.629741 0.810481 -0.056850
v 0.627619 0.810253 -0.056708
v 0.584155 0.948168 -0.257443
v 0.578992 0.949476 -0.255591
v 0.582570 0.948964 -0.256973
v 0.580681 0.949442 -0.256295
v 0.541597 0.945053 -0.256097
v 0.536334 0.943035 -0.254307
v 0.539875 0.944629 -0.255398
v 0.537949 0.943890 -0.254743
v 0.524758 0.921493 -0.207020
v 0.522039 0.916582 -0.205620
v 0.523668 0.920080 -0.206433
v 0.522673 0.918282 -0.205921
v 0.649689 0.862017 -0.228287
v 0.648022 0.867606 -0.234642
v 0.651211 0.865804 -0.227938
v 0.650897 0.864147 -0.227642
v 0.649731 0.863711 -0.229974
v 0.649121 0.865757 -0.232301
v 0.482298 0.883605 -0.266568
v 0.486809 0.878132 -0.260424
v 0.489324 0.880538 -0.253800
v 0.489648 0.882552 -0.254458
v 0.485068 0.881902 -0.262081
v 0.486719 0.879899 -0.259832
v 0.519521 0.816841 -0.285181
v 0.522421 0.814111 -0.289682
v 0.520701 0.815890 -0.286253
v 0.521763 0.814891 -0.287901
v 0.608838 0.868907 -0.325725
v 0.611432 0.863288 -0.317214
v 0.607269 0.865086 -0.328842
v 0.607490 0.866774 -0.329037
v 0.609278 0.867080 -0.324915
v 0.610227 0.865023 -0.321800
v 0.468335 0.930814 -0.329486
v 0.471992 0.926546 -0.319700
v 0.478390 0.929066 -0.312821
v 0.479347 0.929839 -0.313508
v 0.472085 0.929694 -0.323086
v 0.473424 0.928131 -0.319505
v 0.462134 0.843357 -0.318051
v 0.463343 0.838624 -0.321096
v 0.470515 0.839185 -0.310943
v 0.469434 0.840188 -0.309493
v 0.469092 0.840823 -0.309372
v 0.468865 0.842052 -0.309810
v 0.464450 0.841623 -0.316294
v 0.464893 0.839891 -0.317408
v 0.482324 0.810399 -0.395585
v 0.486655 0.811155 -0.399301
v 0.483680 0.810354 -0.396810
v 0.485265 0.810631 -0.398170
v 0.548575 0.893444 -0.416922
v 0.542545 0.898928 -0.422656
v 0.549722 0.896997 -0.415428
v 0.549983 0.895565 -0.415629
v 0.547697 0.895248 -0.418099
v 0.545490 0.897256 -0.420198
v 0.511586 0.949704 -0.367582
v 0.515240 0.948436 -0.371533
v 0.513036 0.949656 -0.368660
v 0.514374 0.949191 -0.370106
v 0.434184 0.908484 -0.350516
v 0.430852 0.903106 -0.351212
v 0.433190 0.906787 -0.350607
v 0.431971 0.904818 -0.350862
v 0.400276 0.942266 -0.435698
v 0.394334 0.944905 -0.451735
v 0.384441 0.944688 -0.459205
v 0.383886 0.944541 -0.458436
v 0.384496 0.943101 -0.455492
v 0.394462 0.943464 -0.445677
v 0.392288 0.944430 -0.451547
v 0.397606 0.876298 -0.382892
v 0.396640 0.881844 -0.384168
v 0.390061 0.879453 -0.390079
v 0.391393 0.876681 -0.389856
v 0.395549 0.878025 -0.384999
v 0.395196 0.880055 -0.385466
v 0.407254 0.815125 -0.437429
v 0.406448 0.817592 -0.430099
v 0.399233 0.817324 -0.438963
v 0.398305 0.815660 -0.442185
v 0.398502 0.815490 -0.442490
v 0.404825 0.815610 -0.437646
v 0.404530 0.816513 -0.434963
v 0.469777 0.896679 -0.504331
v 0.468599 0.890944 -0.506889
v 0.467032 0.893477 -0.508428
v 0.466924 0.894431 -0.508254
v 0.469489 0.894903 -0.505528
v 0.469058 0.892804 -0.506464
v 0.367196 0.930815 -0.442159
v 0.364062 0.927047 -0.439028
v 0.366003 0.929761 -0.441144
v 0.364856 0.928382 -0.439998
v 0.378440 0.839325 -0.417430
v 0.377968 0.844052 -0.413547
v 0.374261 0.841372 -0.417335
v 0.374583 0.840697 -0.417717
v 0.377760 0.840610 -0.416272
v 0.377588 0.842341 -0.414851
v 0.423874 0.820671 -0.505573
v 0.416672 0.823576 -0.515593
v 0.423170 0.823135 -0.510847
v 0.423124 0.821491 -0.508948
v 0.422711 0.821120 -0.508542
v 0.421812 0.821253 -0.508872
v 0.419176 0.822317 -0.512539
v 0.288022 0.948850 -0.558734
v 0.285460 0.949540 -0.553664
v 0.287247 0.949363 -0.557151
v 0.286309 0.949616 -0.555295
v 0.308593 0.893036 -0.458312
v 0.311283 0.898639 -0.457404
v 0.309245 0.894872 -0.457780
v 0.310229 0.896923 -0.457448
v 0.334503 0.866478 -0.603980
v 0.330125 0.871727 -0.606940
v 0.336737 0.871767 -0.603876
v 0.338790 0.869393 -0.603079
v 0.338753 0.868627 -0.603003
v 0.338279 0.867883 -0.602753
v 0.334611 0.868084 -0.604692
v 0.333009 0.870005 -0.605775
v 0.342083 0.916734 -0.588506
v 0.332797 0.921249 -0.589767
v 0.344281 0.920302 -0.585243
v 0.344723 0.919807 -0.585582
v 0.344925 0.919138 -0.585922
v 0.340965 0.918404 -0.588311
v 0.337566 0.920056 -0.588773
v 0.168440 0.810558 -0.609454
v 0.169815 0.811638 -0.614738
v 0.168910 0.810548 -0.611215
v 0.169413 0.810943 -0.613149
v 0.171162 0.939877 -0.563139
v 0.171020 0.943241 -0.568223
v 0.170976 0.941103 -0.564656
v 0.170924 0.942334 -0.566517
v 0.211215 0.896458 -0.511216
v 0.213180 0.890890 -0.509023
v 0.211852 0.894791 -0.510069
v 0.212571 0.892753 -0.509266
v 0.257442 0.823131 -0.517528
v 0.265548 0.820614 -0.519729
v 0.273620 0.821094 -0.512996
v 0.273185 0.821617 -0.512447
v 0.270311 0.823594 -0.512796
v 0.263495 0.822090 -0.516706
v 0.266462 0.821168 -0.517512
v 0.300191 0.821908 -0.588420
v 0.290232 0.818862 -0.589107
v 0.295547 0.819633 -0.588756
v 0.296327 0.820792 -0.589383
v 0.298162 0.820598 -0.588197
v 0.294517 0.819483 -0.588448
v 0.225122 0.915903 -0.642539
v 0.221780 0.920481 -0.641248
v 0.224224 0.917589 -0.642338
v 0.223001 0.919265 -0.641866
v 0.233843 0.863628 -0.647317
v 0.230103 0.868890 -0.649999
v 0.232107 0.865179 -0.648821
v 0.230739 0.867105 -0.649802
v 0.125321 0.882859 -0.536362
v 0.134132 0.877055 -0.534905
v 0.136616 0.880501 -0.533250
v 0.129604 0.881035 -0.535360
v 0.132830 0.878911 -0.534827
v 0.057405 0.816611 -0.592973
v 0.058804 0.814121 -0.597760
v 0.058032 0.815839 -0.594374
v 0.058544 0.814927 -0.596126
v 0.128120 0.868495 -0.678721
v 0.130715 0.862866 -0.677303
v 0.127033 0.865225 -0.679203
v 0.127065 0.866188 -0.679224
v 0.129157 0.866686 -0.678644
v 0.130107 0.864626 -0.678125
v 0.091548 0.917603 -0.673890
v 0.100057 0.921878 -0.670089
v 0.093648 0.919188 -0.673110
v 0.096762 0.920753 -0.671719
v 0.021888 0.948707 -0.616272
v 0.008551 0.949580 -0.625317
v -0.008027 0.949787 -0.625914
v -0.007970 0.949925 -0.624742
v -0.007911 0.949845 -0.624543
v -0.006587 0.949344 -0.622961
v 0.010238 0.949269 -0.620854
v 0.005356 0.949588 -0.624165
v 0.054545 0.909315 -0.556122
v 0.055401 0.904160 -0.553645
v 0.054693 0.907666 -0.555285
v 0.055007 0.905779 -0.554379
v -0.002245 0.883883 -0.551920
v -0.005309 0.877999 -0.552521
v -0.002910 0.882045 -0.551998
v -0.004032 0.879891 -0.552218
v -0.044086 0.930948 -0.666446
v -0.032409 0.926230 -0.671692
v -0.035902 0.928734 -0.669807
v -0.038436 0.929549 -0.668504
v -0.034162 0.927822 -0.670425
v -0.002975 0.937566 -0.576641
v -0.030539 0.940271 -0.583456
v -0.035227 0.939713 -0.580297
v -0.035150 0.939384 -0.579920
v -0.034790 0.938528 -0.579484
v -0.029542 0.938600 -0.579835
v -0.017382 0.938682 -0.579018
v -0.027470 0.939672 -0.581513
v -0.099678 0.863382 -0.682156
v -0.105100 0.869020 -0.681731
v -0.097729 0.867184 -0.683584
v -0.097513 0.865768 -0.683387
v -0.100706 0.865115 -0.682540
v -0.102691 0.867179 -0.682384
v -0.108640 0.909299 -0.547457
v -0.108661 0.903943 -0.545108
v -0.108626 0.907636 -0.546585
v -0.108634 0.905676 -0.545725
v -0.226566 0.810263 -0.593349
v -0.167090 0.811279 -0.590948
v -0.238866 0.810387 -0.586775
v -0.241855 0.809999 -0.587554
v -0.241961 0.809951 -0.587670
v -0.242329 0.810052 -0.588208
v -0.242244 0.811135 -0.590661
v -0.237039 0.810308 -0.590998
v -0.223400 0.810285 -0.591666
v -0.201631 0.810657 -0.590787
v -0.190736 0.919274 -0.652211
v -0.196180 0.923495 -0.647623
v -0.185342 0.923478 -0.651893
v -0.185197 0.922704 -0.652652
v -0.185287 0.922112 -0.652972
v -0.185759 0.921024 -0.653166
v -0.190528 0.921051 -0.651632
v -0.192521 0.922596 -0.649953
v -0.165582 0.930448 -0.549757
v -0.167707 0.926519 -0.544648
v -0.158955 0.927738 -0.548369
v -0.158818 0.929134 -0.549223
v -0.164454 0.929352 -0.548613
v -0.165231 0.927914 -0.546743
v -0.205156 0.832246 -0.533621
v -0.197132 0.828003 -0.542735
v -0.190818 0.829334 -0.542053
v -0.190827 0.829746 -0.541862
v -0.191806 0.831416 -0.540782
v -0.199919 0.830602 -0.537759
v -0.196981 0.829049 -0.541095
v -0.225876 0.816810 -0.552571
v -0.278639 0.818222 -0.514048
v -0.230232 0.814991 -0.556738
v -0.243629 0.817558 -0.539951
v -0.227095 0.816083 -0.553667
v -0.237847 0.816480 -0.545983
v -0.262915 0.816802 -0.527508
v -0.262941 0.818074 -0.525850
v -0.249331 0.816712 -0.537604
v -0.228688 0.815416 -0.555191
v -0.245198 0.815620 -0.543133
v -0.238313 0.815872 -0.547054
v -0.229595 0.869019 -0.650711
v -0.221245 0.863382 -0.651865
v -0.233909 0.864640 -0.648912
v -0.234603 0.866054 -0.649342
v -0.234233 0.867509 -0.649442
v -0.229315 0.867179 -0.650833
v -0.226259 0.865115 -0.651256
v -0.299268 0.949421 -0.552505
v -0.296575 0.949812 -0.549392
v -0.292061 0.949986 -0.552280
v -0.292134 0.950158 -0.552726
v -0.292368 0.950080 -0.553348
v -0.297361 0.949744 -0.551899
v -0.296375 0.949887 -0.550760
v -0.155409 0.869430 -0.528847
v -0.163378 0.863264 -0.527882
v -0.157868 0.867410 -0.528213
v -0.160785 0.865153 -0.527860
v -0.299267 0.907977 -0.615045
v -0.292891 0.903897 -0.619927
v -0.299003 0.904633 -0.617008
v -0.299251 0.906073 -0.616472
v -0.297467 0.906798 -0.616788
v -0.295134 0.905304 -0.618574
v -0.253758 0.889949 -0.489636
v -0.252272 0.895652 -0.491475
v -0.253012 0.891821 -0.490083
v -0.252468 0.893909 -0.490756
v -0.339899 0.936968 -0.471339
v -0.341233 0.940032 -0.475358
v -0.340924 0.938269 -0.472110
v -0.341412 0.939391 -0.473582
v -0.282115 0.855846 -0.478898
v -0.285324 0.850070 -0.478694
v -0.283450 0.853946 -0.478529
v -0.284625 0.851832 -0.478454
v -0.336472 0.829458 -0.459994
v -0.365416 0.833235 -0.437484
v -0.380667 0.830579 -0.425195
v -0.366904 0.828324 -0.440145
v -0.345741 0.830521 -0.452639
v -0.346761 0.829356 -0.453612
v -0.355560 0.830367 -0.446376
v -0.369903 0.832285 -0.433714
v -0.356335 0.831904 -0.444400
v -0.363300 0.831360 -0.439700
v -0.376251 0.830084 -0.430387
v -0.375485 0.831313 -0.429215
v -0.370096 0.830742 -0.434926
v -0.357899 0.828941 -0.446347
v -0.371213 0.829258 -0.435857
v -0.364082 0.829923 -0.440741
v -0.497164 0.926304 -0.457476
v -0.505626 0.927844 -0.444784
v -0.501294 0.928451 -0.450563
v -0.498374 0.929495 -0.451358
v -0.497701 0.928301 -0.455026
v -0.499395 0.927166 -0.454254
v -0.502493 0.927730 -0.449609
v -0.351024 0.896318 -0.427441
v -0.353763 0.890869 -0.423485
v -0.351228 0.894661 -0.426330
v -0.352230 0.892667 -0.424882
v -0.391774 0.851088 -0.397809
v -0.391259 0.856532 -0.395625
v -0.396365 0.854432 -0.390799
v -0.396638 0.853091 -0.390789
v -0.392777 0.852655 -0.395780
v -0.392588 0.854648 -0.394981
v -0.441654 0.818251 -0.387478
v -0.482083 0.816922 -0.353716
v -0.484536 0.814639 -0.359147
v -0.453944 0.818111 -0.377563
v -0.455259 0.816778 -0.378145
v -0.465751 0.816710 -0.369559
v -0.482684 0.816105 -0.355205
v -0.468742 0.817625 -0.365206
v -0.474537 0.816494 -0.362204
v -0.470954 0.815456 -0.367776
v -0.483581 0.815269 -0.357192
v -0.475296 0.815808 -0.363010
v -0.468136 0.949736 -0.424047
v -0.473409 0.948648 -0.424975
v -0.470298 0.949709 -0.423617
v -0.472228 0.949311 -0.423957
v -0.422389 0.921770 -0.373221
v -0.419378 0.917450 -0.371290
v -0.412782 0.918901 -0.380090
v -0.413262 0.920318 -0.380735
v -0.419311 0.920481 -0.374857
v -0.418209 0.918899 -0.374151
v -0.469421 0.817742 -0.456797
v -0.468283 0.820982 -0.466085
v -0.462391 0.819614 -0.471610
v -0.461030 0.818494 -0.470515
v -0.467164 0.818489 -0.462542
v -0.466748 0.819675 -0.465942
v -0.558196 0.864416 -0.403397
v -0.557981 0.870023 -0.406561
v -0.555307 0.867583 -0.410180
v -0.555160 0.866569 -0.410042
v -0.555008 0.865866 -0.409516
v -0.557845 0.866135 -0.405510
v -0.557766 0.868187 -0.406668
v -0.564476 0.908962 -0.387101
v -0.566202 0.903942 -0.388950
v -0.565360 0.907530 -0.387873
v -0.565992 0.905692 -0.388550
v -0.512390 0.944844 -0.310662
v -0.505392 0.943058 -0.311778
v -0.509747 0.944456 -0.311575
v -0.507186 0.943802 -0.311984
v -0.461873 0.897605 -0.302999
v -0.459266 0.891785 -0.305642
v -0.460890 0.895824 -0.303663
v -0.459936 0.893694 -0.304630
v -0.481902 0.843394 -0.288748
v -0.481841 0.838785 -0.295127
v -0.481865 0.841713 -0.290267
v -0.481842 0.840026 -0.292602
v -0.523297 0.932075 -0.240896
v -0.519884 0.927883 -0.239260
v -0.522159 0.930678 -0.240351
v -0.521022 0.929280 -0.239805
v -0.572391 0.821791 -0.328997
v -0.567826 0.818506 -0.327218
v -0.573898 0.819275 -0.321998
v -0.574566 0.819671 -0.322257
v -0.575233 0.821263 -0.323697
v -0.572065 0.820493 -0.327261
v -0.570394 0.819290 -0.326610
v -0.623133 0.861903 -0.292796
v -0.622926 0.867098 -0.295761
v -0.623423 0.863448 -0.294048
v -0.623347 0.865350 -0.295133
v -0.634740 0.919022 -0.243553
v -0.631723 0.923426 -0.243301
v -0.634159 0.920686 -0.243618
v -0.633055 0.922298 -0.243525
v -0.571583 0.948123 -0.285278
v -0.583742 0.947709 -0.146765
v -0.565111 0.949444 -0.287051
v -0.575336 0.948624 -0.241966
v -0.569527 0.948891 -0.285923
v -0.572001 0.949033 -0.261087
v -0.575839 0.948699 -0.216237
v -0.579787 0.948473 -0.191268
v -0.574019 0.948974 -0.238527
v -0.567160 0.949373 -0.286571
v -0.568982 0.949330 -0.267582
v -0.569951 0.949266 -0.269127
v -0.514344 0.883898 -0.198117
v -0.505831 0.876887 -0.220928
v -0.511526 0.881532 -0.205944
v -0.508409 0.878966 -0.214293
v -0.526061 0.902511 -0.176232
v -0.536417 0.910117 -0.152214
v -0.529884 0.905035 -0.168100
v -0.533675 0.907819 -0.159309
v -0.672122 0.861821 -0.152877
v -0.673468 0.867263 -0.151146
v -0.673079 0.863491 -0.152045
v -0.673572 0.865483 -0.151411
v -0.578128 0.945119 -0.141318
v -0.586497 0.946790 -0.115834
v -0.587546 0.945164 -0.071505
v -0.581926 0.943525 -0.114681
v -0.581131 0.945358 -0.132602
v -0.579372 0.944756 -0.132261
v -0.582169 0.944998 -0.122678
v -0.586959 0.945997 -0.101796
v -0.584194 0.945971 -0.123274
v -0.584717 0.945428 -0.112301
v -0.585656 0.944786 -0.085656
v -0.587343 0.945401 -0.085570
v -0.585224 0.945017 -0.099696
v -0.580763 0.944172 -0.122511
v -0.583598 0.944186 -0.101459
v -0.582988 0.944592 -0.112081
v -0.537009 0.844953 -0.160546
v -0.541702 0.840245 -0.155835
v -0.537960 0.843309 -0.160104
v -0.539678 0.841585 -0.158380
v -0.588456 0.816609 -0.090175
v -0.593801 0.814535 -0.088986
v -0.590061 0.815824 -0.089363
v -0.592017 0.815066 -0.088928
v -0.671582 0.920807 -0.093660
v -0.674218 0.915871 -0.094058
v -0.672746 0.919423 -0.093930
v -0.673711 0.917617 -0.094076
v -0.566945 0.925879 -0.047455
v -0.572898 0.929999 -0.038088
v -0.572113 0.928944 -0.027962
v -0.571406 0.928453 -0.027972
v -0.570402 0.926470 -0.032430
v -0.569536 0.927440 -0.040153
v -0.571716 0.928948 -0.036725
v -0.550538 0.896648 -0.052867
v -0.548431 0.890414 -0.058950
v -0.549560 0.894786 -0.054442
v -0.548789 0.892505 -0.056668
v -0.690470 0.866462 0.003616
v -0.691281 0.871784 0.002661
v -0.691176 0.868104 0.003246
v -0.691473 0.870052 0.002897
v -0.562777 0.838812 -0.030657
v -0.559910 0.843570 -0.026589
v -0.561595 0.840119 -0.028474
v -0.560546 0.841861 -0.026985
v -0.655497 0.818540 0.026954
v -0.661940 0.822073 0.015176
v -0.660514 0.820256 0.012962
v -0.660045 0.819646 0.012863
v -0.659517 0.819330 0.012950
v -0.658108 0.819357 0.021312
v -0.660466 0.820650 0.017001
v -0.679358 0.917444 0.036914
v -0.676139 0.921835 0.038036
v -0.678645 0.919103 0.037815
v -0.677467 0.920710 0.038226
v -0.588777 0.945167 0.125396
v -0.583457 0.943112 0.124123
v -0.586974 0.944744 0.124985
v -0.585026 0.943992 0.124519
v -0.549047 0.884075 0.061730
v -0.549209 0.878423 0.060210
v -0.549342 0.879714 0.054344
v -0.548959 0.881356 0.054041
v -0.549040 0.882198 0.059804
v -0.549099 0.880129 0.059247
v -0.599826 0.811455 0.145753
v -0.613540 0.810648 0.131357
v -0.613657 0.810310 0.124238
v -0.612476 0.810078 0.123986
v -0.612175 0.810149 0.124001
v -0.609703 0.810592 0.125954
v -0.606293 0.810843 0.136956
v -0.611313 0.810548 0.131686
v -0.621402 0.949605 0.145479
v -0.621341 0.949549 0.145488
v -0.621388 0.949592 0.145481
v -0.621367 0.949572 0.145484
v -0.549285 0.916611 0.113761
v -0.552143 0.921351 0.117895
v -0.549918 0.918309 0.115218
v -0.550964 0.920044 0.116732
v -0.554967 0.837603 0.108884
v -0.552587 0.842262 0.104666
v -0.551854 0.839631 0.111155
v -0.552200 0.838929 0.111261
v -0.553879 0.838835 0.108125
v -0.553008 0.840540 0.106580
v -0.585733 0.815045 0.117016
v -0.580480 0.817437 0.115338
v -0.581626 0.815676 0.118683
v -0.583964 0.815564 0.116394
v -0.582041 0.816439 0.115780
v -0.663948 0.861939 0.186389
v -0.665858 0.867095 0.183583
v -0.665037 0.863452 0.185360
v -0.665736 0.865339 0.184333
v -0.659648 0.916621 0.166173
v -0.657037 0.921352 0.164144
v -0.659164 0.918329 0.165524
v -0.658208 0.920061 0.164781
v -0.626683 0.818322 0.197251
v -0.631552 0.821649 0.196492
v -0.628401 0.819107 0.197117
v -0.630183 0.820325 0.196840
v -0.549512 0.949504 0.303998
v -0.531111 0.948669 0.314724
v -0.550948 0.949992 0.296005
v -0.551637 0.950073 0.296233
v -0.547353 0.949603 0.303586
v -0.540618 0.949298 0.307511
v -0.505588 0.896630 0.222749
v -0.507369 0.890535 0.217056
v -0.505841 0.894746 0.220917
v -0.506493 0.892515 0.218833
v -0.625113 0.882309 0.291852
v -0.622096 0.877520 0.298307
v -0.624309 0.879608 0.294675
v -0.624971 0.880568 0.292809
v -0.623866 0.878815 0.295172
v -0.616711 0.920791 0.280394
v -0.617085 0.916042 0.289023
v -0.615082 0.918384 0.291419
v -0.614489 0.919466 0.291046
v -0.616644 0.919485 0.284619
v -0.616780 0.917746 0.287778
v -0.493045 0.931514 0.296003
v -0.490204 0.927179 0.293546
v -0.492131 0.930139 0.295194
v -0.491091 0.928552 0.294294
v -0.500329 0.822313 0.289895
v -0.510983 0.819863 0.282873
v -0.517311 0.820443 0.268184
v -0.516831 0.820535 0.267916
v -0.516303 0.820959 0.267761
v -0.515672 0.822005 0.268003
v -0.507359 0.821367 0.281917
v -0.511258 0.820470 0.279347
v -0.595115 0.831122 0.308930
v -0.586495 0.828662 0.321094
v -0.589343 0.829291 0.318384
v -0.590341 0.830315 0.318654
v -0.592491 0.830109 0.313129
v -0.589336 0.829209 0.317581
v -0.477840 0.945754 0.361093
v -0.473209 0.943316 0.359058
v -0.476258 0.944992 0.360628
v -0.474563 0.944100 0.359883
v -0.461243 0.810470 0.427360
v -0.458629 0.811290 0.420183
v -0.447085 0.810231 0.442526
v -0.447291 0.810053 0.443780
v -0.447727 0.809898 0.444527
v -0.452988 0.810373 0.442161
v -0.456801 0.810367 0.431993
v -0.455845 0.810667 0.429366
v -0.432623 0.904613 0.350129
v -0.434158 0.910172 0.350707
v -0.433161 0.906417 0.350160
v -0.433723 0.908452 0.350372
v -0.441786 0.869031 0.329602
v -0.441186 0.863645 0.331987
v -0.443994 0.865810 0.325511
v -0.443894 0.866746 0.325516
v -0.441936 0.867237 0.329353
v -0.441716 0.865265 0.330225
v -0.419822 0.833140 0.387464
v -0.422281 0.829131 0.390542
v -0.426546 0.830451 0.382565
v -0.425449 0.832192 0.382446
v -0.421930 0.831694 0.386941
v -0.422830 0.830227 0.388067
v -0.404402 0.815144 0.440841
v -0.404914 0.818089 0.431313
v -0.398318 0.815646 0.442207
v -0.403194 0.815686 0.439514
v -0.403381 0.816764 0.436026
v -0.469885 0.863534 0.504386
v -0.465226 0.868940 0.509303
v -0.469087 0.869000 0.506080
v -0.471378 0.866672 0.504468
v -0.471314 0.865857 0.504345
v -0.469091 0.865188 0.505879
v -0.467386 0.867167 0.507678
v -0.463430 0.918639 0.496164
v -0.460871 0.923399 0.494342
v -0.464729 0.921986 0.493095
v -0.465242 0.920916 0.493584
v -0.462965 0.920349 0.495706
v -0.462028 0.922091 0.495039
v -0.298547 0.948731 0.558638
v -0.294340 0.949922 0.556686
v -0.296327 0.949549 0.553312
v -0.296448 0.949352 0.557675
v -0.297866 0.949284 0.556960
v -0.296780 0.949576 0.556623
v -0.295002 0.949798 0.555561
v -0.294908 0.949787 0.556960
v -0.295849 0.949748 0.556171
v -0.297054 0.949583 0.555013
v -0.295665 0.949673 0.554437
v -0.296528 0.949682 0.555562
v -0.367372 0.931010 0.440582
v -0.365208 0.926868 0.437577
v -0.366679 0.929680 0.439661
v -0.365887 0.928164 0.438561
v -0.357925 0.868070 0.419714
v -0.357105 0.862498 0.421972
v -0.357566 0.866246 0.420256
v -0.357266 0.864206 0.421083
v -0.381113 0.922083 0.560243
v -0.393333 0.918051 0.554520
v -0.388026 0.918436 0.558438
v -0.386692 0.920301 0.558866
v -0.385672 0.921127 0.558357
v -0.390144 0.919651 0.556262
v -0.300085 0.944924 0.518753
v -0.299308 0.943173 0.512846
v -0.300078 0.944511 0.516648
v -0.299794 0.943870 0.514485
v -0.310561 0.909364 0.464172
v -0.308943 0.903871 0.463102
v -0.310025 0.907651 0.463777
v -0.309433 0.905641 0.463385
v -0.365817 0.866233 0.584461
v -0.358912 0.860895 0.587659
v -0.361783 0.863047 0.587154
v -0.362052 0.864221 0.587322
v -0.364422 0.864415 0.585440
v -0.361895 0.862461 0.586610
v -0.244421 0.938573 0.613965
v -0.252097 0.941594 0.607085
v -0.251077 0.940997 0.609270
v -0.251401 0.940552 0.609931
v -0.250496 0.938736 0.611776
v -0.246987 0.939847 0.611956
v -0.249797 0.940952 0.609438
v -0.225656 0.812292 0.571866
v -0.289388 0.810867 0.566947
v -0.301015 0.811644 0.564513
v -0.304441 0.810639 0.560172
v -0.304309 0.810564 0.559994
v -0.300318 0.811108 0.559428
v -0.262128 0.811473 0.567551
v -0.285455 0.810951 0.565750
v -0.276107 0.830116 0.612152
v -0.288920 0.831971 0.608757
v -0.286940 0.830156 0.608368
v -0.285440 0.829068 0.607457
v -0.281537 0.829896 0.610615
v -0.280890 0.830372 0.610944
v -0.285579 0.831051 0.609701
v -0.281914 0.890874 0.629759
v -0.286296 0.896477 0.626680
v -0.290860 0.894571 0.625900
v -0.290941 0.892924 0.626222
v -0.284896 0.892742 0.628549
v -0.286500 0.894793 0.627422
v -0.222267 0.931386 0.529323
v -0.220751 0.927073 0.525902
v -0.221776 0.930050 0.528214
v -0.221221 0.928472 0.526961
v -0.213392 0.856026 0.514118
v -0.214075 0.850765 0.516445
v -0.213456 0.854325 0.514751
v -0.213706 0.852399 0.515602
v -0.271178 0.822782 0.513570
v -0.272061 0.819994 0.518769
v -0.271227 0.821596 0.515149
v -0.271551 0.820576 0.517052
v -0.157060 0.832564 0.548780
v -0.158383 0.829027 0.551905
v -0.167481 0.829848 0.547906
v -0.166920 0.831198 0.547193
v -0.160006 0.831190 0.549201
v -0.160490 0.829895 0.550345
v -0.209805 0.853574 0.652866
v -0.195177 0.852215 0.657273
v -0.197780 0.853238 0.657312
v -0.198752 0.855137 0.657550
v -0.203332 0.854223 0.655924
v -0.204522 0.853185 0.654893
v -0.199168 0.852687 0.656506
v -0.168287 0.895545 0.667774
v -0.166441 0.889962 0.669969
v -0.160732 0.892504 0.671414
v -0.160703 0.893222 0.671321
v -0.161144 0.894449 0.670467
v -0.166352 0.893844 0.669260
v -0.165677 0.891800 0.670064
v -0.086565 0.947111 0.590869
v -0.057731 0.944836 0.591828
v -0.086053 0.943188 0.586954
v -0.120576 0.944936 0.581081
v -0.077376 0.945993 0.591443
v -0.097399 0.946042 0.588030
v -0.087334 0.945309 0.589066
v -0.066879 0.944471 0.590205
v -0.066823 0.945160 0.591794
v -0.076993 0.944769 0.589830
v -0.096411 0.943873 0.585143
v -0.077246 0.943868 0.588421
v -0.087019 0.944320 0.587563
v -0.109847 0.945246 0.584447
v -0.109047 0.944513 0.582994
v -0.098011 0.944799 0.586239
v -0.167237 0.891496 0.523605
v -0.157557 0.895964 0.529526
v -0.149424 0.893605 0.530388
v -0.149473 0.892451 0.530236
v -0.154782 0.891620 0.529095
v -0.160481 0.892730 0.526625
v -0.156937 0.894365 0.528792
v -0.080765 0.816952 0.588322
v -0.055964 0.815167 0.592744
v -0.084322 0.814084 0.592210
v -0.073223 0.816215 0.589610
v -0.081133 0.816068 0.589753
v -0.076468 0.815738 0.590476
v -0.065347 0.815048 0.592657
v -0.064145 0.815561 0.591228
v -0.071394 0.815404 0.591415
v -0.082421 0.815023 0.591171
v -0.075727 0.814652 0.592462
v -0.077306 0.815229 0.591381
v -0.098516 0.941499 0.646186
v -0.087212 0.938476 0.653989
v -0.080653 0.939770 0.654196
v -0.080246 0.940663 0.653324
v -0.080260 0.940974 0.652716
v -0.091407 0.940854 0.649763
v -0.087270 0.939748 0.652619
v -0.028396 0.932737 0.576538
v -0.026911 0.928475 0.572676
v -0.028134 0.931418 0.575283
v -0.027591 0.929858 0.573869
v -0.045994 0.908884 0.556727
v -0.048195 0.903769 0.554498
v -0.050662 0.906335 0.554253
v -0.046938 0.907402 0.555779
v -0.047743 0.905530 0.554963
v -0.055459 0.863196 0.549420
v -0.052494 0.869285 0.549112
v -0.054408 0.865105 0.549109
v -0.053323 0.867334 0.548996
v -0.002041 0.866298 0.691049
v 0.011795 0.870293 0.690738
v -0.000194 0.871597 0.691888
v -0.002801 0.869082 0.691940
v -0.002803 0.868416 0.691801
v 0.000612 0.867693 0.691474
v 0.005677 0.869155 0.691360
v 0.113964 0.949546 0.626611
v 0.116223 0.948060 0.629737
v 0.116386 0.949195 0.624065
v 0.114267 0.949347 0.627030
v 0.114304 0.949473 0.626257
v 0.115132 0.949330 0.626786
v 0.116295 0.948731 0.628084
v 0.115094 0.948803 0.628174
v 0.115788 0.949086 0.627384
v 0.115190 0.949344 0.625326
v 0.116355 0.949146 0.626011
v 0.115821 0.949264 0.626449
v 0.019720 0.846399 0.558217
v 0.000955 0.838371 0.564285
v -0.001770 0.842220 0.561114
v 0.013525 0.843630 0.559819
v 0.012980 0.845140 0.559436
v 0.008273 0.842785 0.560687
v -0.000000 0.839617 0.562963
v 0.006658 0.840692 0.562040
v 0.004093 0.841013 0.561836
v 0.005115 0.843611 0.560497
v -0.000997 0.841026 0.561804
v 0.003617 0.841952 0.561320
v -0.023873 0.812016 0.604672
v 0.199690 0.828553 0.637359
v 0.052340 0.813502 0.617457
v 0.134170 0.819555 0.629421
v 0.110038 0.945096 0.587980
v 0.109216 0.943450 0.582448
v 0.109735 0.944751 0.586148
v 0.109435 0.944149 0.584122
v 0.080550 0.887755 0.544513
v 0.076051 0.892742 0.543973
v 0.098900 0.896376 0.543493
v 0.102418 0.892144 0.541529
v 0.079118 0.889301 0.544050
v 0.087532 0.889207 0.543872
v 0.088312 0.891110 0.543443
v 0.083409 0.893936 0.543731
v 0.077472 0.891124 0.543852
v 0.086927 0.892705 0.543415
v 0.100031 0.894981 0.542645
v 0.091772 0.895266 0.543555
v 0.094555 0.894010 0.542993
v 0.095535 0.890813 0.542779
v 0.101319 0.893433 0.541927
v 0.095822 0.892499 0.542736
v 0.118986 0.833884 0.557515
v 0.117671 0.829355 0.562005
v 0.111320 0.830946 0.560650
v 0.117099 0.832106 0.559250
v 0.116617 0.830449 0.560894
v 0.152851 0.816848 0.574039
v 0.149477 0.814999 0.580224
v 0.152460 0.816061 0.575823
v 0.151225 0.815384 0.578087
v 0.135254 0.855716 0.673527
v 0.122458 0.851598 0.673693
v 0.135083 0.851994 0.672541
v 0.135429 0.853242 0.672931
v 0.132563 0.854173 0.673671
v 0.127879 0.852666 0.673732
v 0.277073 0.949614 0.567732
v 0.290207 0.948303 0.568995
v 0.293017 0.949237 0.565897
v 0.292671 0.949915 0.564751
v 0.292306 0.949994 0.564292
v 0.291602 0.949764 0.563765
v 0.283620 0.949577 0.567408
v 0.288428 0.949098 0.567870
v 0.164609 0.926136 0.545650
v 0.164850 0.930307 0.549395
v 0.173140 0.929178 0.545095
v 0.172903 0.928628 0.544503
v 0.166712 0.927704 0.546247
v 0.166800 0.929231 0.547618
v 0.165228 0.864255 0.527355
v 0.170699 0.870524 0.524113
v 0.166899 0.866201 0.526122
v 0.168902 0.868495 0.524935
v 0.293161 0.915248 0.615367
v 0.291118 0.919919 0.612843
v 0.288279 0.918284 0.616408
v 0.288485 0.917540 0.616843
v 0.292161 0.916921 0.615129
v 0.291413 0.918630 0.614205
v 0.327176 0.945060 0.504327
v 0.325258 0.942946 0.499194
v 0.326463 0.944512 0.502679
v 0.325761 0.943738 0.500800
v 0.259928 0.838969 0.500526
v 0.261484 0.843951 0.495989
v 0.260116 0.840429 0.499054
v 0.260685 0.842252 0.497393
v 0.266097 0.916115 0.493582
v 0.271835 0.920848 0.494392
v 0.268257 0.917760 0.493373
v 0.270357 0.919492 0.493669
v 0.313072 0.882954 0.454614
v 0.311666 0.877034 0.455866
v 0.312538 0.881080 0.454889
v 0.312024 0.878913 0.455347
v 0.335189 0.817046 0.488632
v 0.341811 0.814892 0.490094
v 0.336604 0.816135 0.489555
v 0.339028 0.815347 0.490090
v 0.380363 0.838638 0.562219
v 0.392790 0.841407 0.554272
v 0.385347 0.840919 0.560744
v 0.380855 0.840888 0.564054
v 0.380232 0.839668 0.563410
v 0.382991 0.839438 0.561164
v 0.387540 0.840452 0.558255
v 0.403516 0.917434 0.547007
v 0.401814 0.921894 0.544564
v 0.402866 0.919107 0.546788
v 0.402243 0.920739 0.545894
v 0.362747 0.842349 0.428953
v 0.363763 0.837570 0.432184
v 0.363032 0.840694 0.429741
v 0.363404 0.838945 0.430923
v 0.464085 0.878008 0.510467
v 0.470157 0.882443 0.504996
v 0.466033 0.881396 0.509133
v 0.465884 0.879810 0.509520
v 0.466446 0.879331 0.508745
v 0.468668 0.880955 0.506743
v 0.425868 0.931651 0.385890
v 0.423076 0.926898 0.384165
v 0.425060 0.930170 0.385300
v 0.424038 0.928430 0.384668
v 0.462307 0.829702 0.484412
v 0.473124 0.832619 0.477956
v 0.466179 0.830356 0.482159
v 0.470138 0.831423 0.479796
v 0.497854 0.916758 0.464077
v 0.495660 0.921515 0.462124
v 0.497697 0.918451 0.463352
v 0.496894 0.920192 0.462637
v 0.545961 0.949495 0.311879
v 0.543876 0.948563 0.296892
v 0.537191 0.949540 0.322761
v 0.537707 0.949939 0.325591
v 0.537861 0.950000 0.325764
v 0.538500 0.949892 0.326262
v 0.542111 0.949731 0.321541
v 0.543505 0.949555 0.314188
v 0.542742 0.949214 0.308702
v 0.420104 0.889229 0.356784
v 0.416941 0.894398 0.360081
v 0.423981 0.894803 0.353869
v 0.425656 0.893076 0.349455
v 0.425603 0.892220 0.349390
v 0.425265 0.890018 0.351007
v 0.421083 0.891145 0.355424
v 0.419925 0.893037 0.356631
v 0.495389 0.817005 0.330361
v 0.499472 0.814591 0.334343
v 0.496583 0.816099 0.331564
v 0.498078 0.815215 0.333022
v 0.530663 0.862327 0.441296
v 0.534802 0.866994 0.437063
v 0.532364 0.863706 0.440065
v 0.533879 0.865414 0.438516
v 0.510936 0.945257 0.314281
v 0.505574 0.943425 0.312574
v 0.509133 0.944834 0.313702
v 0.507171 0.944164 0.313077
v 0.454131 0.838911 0.334309
v 0.450157 0.843538 0.334333
v 0.452443 0.840162 0.334369
v 0.450988 0.841856 0.334378
v 0.574149 0.922824 0.357874
v 0.569621 0.918395 0.369713
v 0.573281 0.920535 0.363541
v 0.572606 0.921696 0.362390
v 0.570948 0.920075 0.366724
v 0.610418 0.939045 0.249936
v 0.602406 0.942008 0.260270
v 0.605021 0.941487 0.258261
v 0.605877 0.940934 0.258644
v 0.607797 0.939121 0.257425
v 0.608013 0.940322 0.253476
v 0.605080 0.941406 0.257259
v 0.490264 0.882103 0.254095
v 0.490042 0.876445 0.254362
v 0.487031 0.877823 0.259033
v 0.486547 0.879394 0.259030
v 0.489484 0.880225 0.255032
v 0.489403 0.878154 0.255130
v 0.568014 0.810982 0.263132
v 0.572459 0.810402 0.270738
v 0.569835 0.810694 0.279041
v 0.566865 0.810129 0.283777
v 0.565700 0.809847 0.283190
v 0.565203 0.810037 0.282650
v 0.568467 0.810488 0.270650
v 0.570094 0.810276 0.273433
v 0.547091 0.821500 0.371955
v 0.532734 0.818951 0.384137
v 0.540354 0.818989 0.377271
v 0.543512 0.818856 0.372581
v 0.544350 0.819451 0.372949
v 0.543579 0.820295 0.374874
v 0.538324 0.819362 0.379333
v 0.601581 0.851143 0.327784
v 0.606494 0.855698 0.322602
v 0.603495 0.852436 0.326072
v 0.605293 0.854103 0.324175
v 0.625950 0.890969 0.291099
v 0.626465 0.896475 0.286707
v 0.625890 0.894754 0.290796
v 0.626018 0.893434 0.290974
v 0.626615 0.892789 0.289544
v 0.626804 0.894804 0.287936
v 0.508247 0.917364 0.233876
v 0.514762 0.921203 0.230291
v 0.516610 0.919904 0.221398
v 0.515900 0.918840 0.221169
v 0.513884 0.917357 0.225713
v 0.511692 0.918634 0.229797
v 0.514076 0.920040 0.228484
v 0.514687 0.843316 0.222838
v 0.516488 0.838179 0.226131
v 0.515143 0.841623 0.223721
v 0.515802 0.839742 0.224926
v 0.643556 0.841040 0.215381
v 0.636578 0.837373 0.227362
v 0.639818 0.837583 0.220605
v 0.642261 0.837935 0.215808
v 0.642837 0.838741 0.215885
v 0.642062 0.839594 0.218223
v 0.639508 0.838252 0.222608
v 0.672018 0.898377 0.150254
v 0.673943 0.892909 0.148190
v 0.675982 0.894424 0.141689
v 0.676055 0.895608 0.141305
v 0.675791 0.896307 0.141292
v 0.674597 0.897980 0.142378
v 0.673629 0.896751 0.147787
v 0.674334 0.894749 0.147031
v 0.644010 0.941175 0.117448
v 0.652587 0.938201 0.105177
v 0.651911 0.940080 0.100098
v 0.650993 0.940725 0.100016
v 0.647826 0.940550 0.110515
v 0.650966 0.939462 0.106024
v 0.572372 0.940238 0.116908
v 0.568511 0.936443 0.113748
v 0.570986 0.939218 0.116046
v 0.569573 0.937829 0.114889
v 0.544210 0.896507 0.098676
v 0.542211 0.890899 0.101421
v 0.543285 0.894806 0.099392
v 0.542554 0.892753 0.100397
v 0.568796 0.822652 0.115005
v 0.574547 0.819337 0.112395
v 0.570479 0.821441 0.114155
v 0.572584 0.820227 0.113199
v 0.551568 0.850414 0.085452
v 0.549477 0.855668 0.084383
v 0.550225 0.852517 0.080244
v 0.550718 0.851980 0.084495
v 0.549953 0.853904 0.084103
vn 1.0000 0.0023 0.0014
vn 0.8339 0.5498 -0.0480
vn -0.8504 -0.5236 0.0517
vn 0.4388 -0.8955 -0.0747
vn 0.9233 -0.3709 0.0996
vn 0.8610 -0.5000 -0.0930
vn 0.9596 0.1714 -0.2234
vn 0.6687 0.7221 -0.1772
vn -0.9419 -0.1993 0.2705
vn -0.7330 -0.6360 0.2412
vn 0.6698 -0.7113 -0.2132
vn 0.7287 0.5754 -0.3714
vn 0.3811 -0.9017 -0.2040
vn 0.6657 -0.5473 -0.5072
vn 0.5202 0.6920 -0.5005
vn 0.2559 0.9077 -0.3327
vn 0.6219 -0.3807 -0.6843
vn -0.4346 -0.3917 0.8110
vn 0.1204 0.9043 -0.4096
vn -0.1093 0.6129 0.7826
vn -0.2355 -0.4610 0.8556
vn 0.1529 -0.7263 -0.6702
vn 0.0803 -0.3844 0.9196
vn 0.0248 -0.6641 0.7473
vn 0.0051 -0.9104 -0.4137
vn 0.0428 -0.3943 -0.9180
vn -0.0328 0.2088 -0.9774
vn -0.0771 0.8914 -0.4466
vn -0.1088 -0.6892 -0.7163
vn 0.1353 0.9140 0.3824
vn -0.3197 -0.6849 -0.6547
vn -0.5059 -0.1895 -0.8415
vn -0.3192 0.8088 -0.4939
vn -0.6287 0.2226 -0.7451
vn -0.5299 -0.5526 -0.6433
vn -0.0747 -0.9955 -0.0585
vn -0.7013 -0.6811 -0.2105
vn -0.4022 0.9139 -0.0542
vn -0.2148 -0.9756 -0.0465
vn 0.8736 -0.3585 -0.3291
vn -0.4477 0.8329 0.3252
vn -0.7715 -0.3750 0.5139
vn -0.7793 0.2158 0.5883
vn -0.3591 -0.8879 0.2875
vn -0.5155 -0.6634 0.5424
vn -0.2461 0.9270 0.2830
vn 0.4755 0.0315 -0.8791
vn -0.0723 -0.9184 0.3890
vn -0.0330 -0.7116 0.7018
vn -0.0134 0.4158 0.9093
vn 0.1092 0.6499 0.7521
vn 0.2702 0.1792 0.9460
vn 0.1919 -0.7517 0.6310
vn 0.4563 -0.1579 0.8757
vn 0.1150 -0.9433 0.3113
vn 0.1172 -0.9829 0.1421
vn 0.2859 0.9152 0.2840
vn -0.5962 0.3783 -0.7081
vn 0.5305 -0.8431 0.0886
vn -0.1460 0.9893 -0.0059
vn 0.4482 0.8931 -0.0390
vn 0.0293 0.9993 -0.0243
vn 0.2490 0.9679 -0.0332
vn -0.7533 0.6562 0.0438
vn -0.2628 0.9647 0.0192
vn -0.5802 0.8134 0.0422
vn -0.4322 0.9012 0.0312
vn -0.9981 -0.0315 0.0526
vn -0.8373 0.5386 0.0939
vn -0.9634 0.2544 0.0841
vn -0.8974 0.4311 0.0937
vn -0.2569 -0.9654 0.0452
vn -0.5465 -0.8324 0.0920
vn -0.4038 -0.9120 0.0718
vn -0.4776 -0.8750 0.0785
vn 0.2627 -0.9647 -0.0185
vn -0.1254 -0.9921 0.0039
vn 0.1469 -0.9886 -0.0335
vn -0.0048 -0.9998 -0.0180
vn 0.4526 0.8708 -0.1918
vn -0.0520 0.9984 0.0237
vn 0.3208 0.9371 -0.1376
vn 0.1186 0.9916 -0.0514
vn -0.1653 0.9827 0.0836
vn -0.5180 0.8162 0.2559
vn -0.2942 0.9455 0.1398
vn -0.4352 0.8768 0.2047
vn -0.7043 0.6637 0.2521
vn -0.8993 0.2653 0.3477
vn -0.7967 0.5131 0.3193
vn -0.8562 0.3979 0.3294
vn 0.8515 -0.4174 -0.3174
vn 0.9140 0.1216 -0.3869
vn 0.9402 -0.0365 -0.3387
vn 0.9177 -0.2688 -0.2927
vn 0.8796 -0.2650 -0.3951
vn 0.9013 -0.1593 -0.4029
vn -0.8251 0.1364 0.5483
vn -0.8740 -0.1296 0.4683
vn -0.9112 0.0614 0.4073
vn -0.8752 0.0971 0.4740
vn -0.8476 0.0007 0.5307
vn -0.8437 -0.0906 0.5290
vn -0.4942 -0.8320 0.2520
vn -0.4488 -0.8663 0.2192
vn -0.4409 -0.8665 0.2339
vn -0.3777 -0.9046 0.1978
vn 0.8978 0.0896 -0.4312
vn 0.7908 -0.4931 -0.3626
vn 0.8187 -0.3652 -0.4432
vn 0.8691 -0.0309 -0.4937
vn 0.9153 -0.0946 -0.3914
vn 0.9013 -0.1950 -0.3869
vn -0.5383 0.7230 0.4331
vn -0.6203 0.6552 0.4313
vn -0.5851 0.7354 0.3419
vn -0.5966 0.6897 0.4104
vn -0.5792 0.6782 0.4522
vn -0.6078 0.6332 0.4791
vn -0.7307 -0.3568 0.5820
vn -0.5483 -0.7080 0.4450
vn -0.5866 -0.7149 0.3806
vn -0.6718 -0.6396 0.3737
vn -0.8136 -0.3929 0.4287
vn -0.8041 -0.3467 0.4830
vn -0.6824 -0.5062 0.5273
vn -0.6599 -0.5543 0.5072
vn -0.0627 -0.9970 0.0458
vn 0.2357 -0.9491 -0.2087
vn 0.0538 -0.9973 -0.0505
vn 0.1769 -0.9715 -0.1577
vn 0.7671 -0.0797 -0.6365
vn 0.6840 0.4579 -0.5679
vn 0.7473 0.3806 -0.5446
vn 0.8012 0.0774 -0.5934
vn 0.7444 0.0817 -0.6628
vn 0.7350 0.1672 -0.6571
vn -0.0388 0.9987 0.0316
vn 0.3696 0.8842 -0.2858
vn 0.0934 0.9930 -0.0725
vn 0.2472 0.9489 -0.1963
vn -0.6885 0.4681 0.5540
vn -0.7399 0.2615 0.6199
vn -0.7061 0.4204 0.5699
vn -0.7313 0.3304 0.5968
vn -0.4186 0.8417 0.3409
vn -0.2466 0.9337 0.2595
vn -0.2289 0.9339 0.2746
vn -0.2176 0.9242 0.3138
vn -0.2959 0.8825 0.3655
vn -0.3175 0.9067 0.2776
vn -0.2624 0.9355 0.2366
vn -0.7581 -0.2031 0.6197
vn -0.7305 0.0480 0.6813
vn -0.6452 -0.1204 0.7545
vn -0.6835 -0.1372 0.7170
vn -0.7571 -0.0796 0.6484
vn -0.7600 -0.0106 0.6498
vn -0.2797 -0.9040 0.3232
vn -0.4428 -0.8177 0.3678
vn -0.3600 -0.8307 0.4247
vn -0.3107 -0.8527 0.4200
vn -0.2926 -0.8699 0.3970
vn -0.3301 -0.8924 0.3078
vn -0.3558 -0.8750 0.3283
vn 0.6344 0.4004 -0.6613
vn 0.6950 -0.0704 -0.7156
vn 0.6327 0.0916 -0.7690
vn 0.6026 0.3205 -0.7309
vn 0.7128 0.1870 -0.6760
vn 0.7237 0.0982 -0.6831
vn -0.3252 0.8479 0.4188
vn -0.5108 0.6164 0.5993
vn -0.3778 0.7939 0.4764
vn -0.4449 0.7049 0.5525
vn -0.4114 -0.7583 0.5057
vn -0.6480 -0.2503 0.7193
vn -0.5093 -0.4262 0.7477
vn -0.3854 -0.6823 0.6212
vn -0.4775 -0.6295 0.6130
vn -0.5256 -0.5407 0.6568
vn 0.1998 -0.9559 -0.2154
vn 0.4280 -0.6257 -0.6521
vn 0.4542 -0.6558 -0.6030
vn 0.4256 -0.7586 -0.4933
vn 0.3595 -0.8226 -0.4405
vn 0.2623 -0.8665 -0.4248
vn 0.3135 -0.8026 -0.5075
vn 0.1502 0.9539 -0.2599
vn -0.0481 0.9921 0.1155
vn 0.0986 0.9846 -0.1445
vn 0.0205 0.9998 0.0047
vn -0.5606 -0.0705 0.8251
vn -0.5312 0.3951 0.7494
vn -0.5672 0.1223 0.8145
vn -0.5547 0.2744 0.7855
vn 0.4118 -0.4348 -0.8008
vn 0.4031 0.1318 -0.9056
vn 0.4693 0.1108 -0.8761
vn 0.5249 0.0061 -0.8512
vn 0.5006 -0.2311 -0.8342
vn 0.4559 -0.4036 -0.7933
vn 0.4039 -0.2133 -0.8896
vn 0.4079 -0.1182 -0.9053
vn 0.4569 0.3302 -0.8260
vn 0.2843 0.7662 -0.5763
vn 0.3312 0.7468 -0.5767
vn 0.4231 0.6080 -0.6718
vn 0.4906 0.4258 -0.7602
vn 0.3747 0.4797 -0.7934
vn 0.3562 0.5517 -0.7542
vn -0.0133 -0.9922 0.1236
vn 0.1101 -0.9286 -0.3544
vn 0.0292 -0.9996 -0.0052
vn 0.0766 -0.9812 -0.1771
vn -0.2140 0.6971 0.6843
vn -0.1136 0.9054 0.4091
vn -0.1907 0.7733 0.6047
vn -0.1606 0.8516 0.4990
vn -0.3219 0.4966 0.8061
vn -0.3769 -0.0649 0.9240
vn -0.3487 0.3213 0.8805
vn -0.3662 0.1493 0.9185
vn -0.2233 -0.7220 0.6548
vn -0.1843 -0.9119 0.3667
vn -0.2764 -0.8415 0.4642
vn -0.3645 -0.7226 0.5874
vn -0.3467 -0.6734 0.6530
vn -0.2088 -0.8280 0.5203
vn -0.1971 -0.8486 0.4910
vn 0.3822 -0.6291 -0.6768
vn 0.1357 -0.9355 -0.3262
vn 0.3053 -0.7355 -0.6049
vn 0.3318 -0.6581 -0.6759
vn 0.3295 -0.8182 -0.4711
vn 0.2719 -0.8860 -0.3756
vn 0.3247 0.2516 -0.9117
vn 0.2355 0.6843 -0.6902
vn 0.3033 0.3597 -0.8824
vn 0.2731 0.5368 -0.7983
vn 0.3189 -0.4800 -0.8173
vn 0.3189 0.1259 -0.9394
vn 0.3221 -0.3058 -0.8959
vn 0.3288 -0.0749 -0.9414
vn -0.2070 -0.0029 0.9783
vn -0.2368 -0.1737 0.9559
vn -0.3050 -0.1609 0.9387
vn -0.2175 -0.0863 0.9722
vn -0.2211 -0.1623 0.9616
vn -0.0391 -0.8486 0.5276
vn -0.0011 -0.9130 0.4080
vn -0.0526 -0.8795 0.4730
vn -0.0376 -0.9225 0.3841
vn 0.2067 0.1260 -0.9703
vn 0.2081 -0.4593 -0.8636
vn 0.1592 -0.2475 -0.9557
vn 0.1670 -0.0071 -0.9859
vn 0.2752 -0.0731 -0.9586
vn 0.2722 -0.2038 -0.9404
vn 0.1024 0.3440 -0.9334
vn 0.1145 0.7576 -0.6426
vn 0.1277 0.4811 -0.8673
vn 0.1286 0.6423 -0.7556
vn -0.0370 0.9804 0.1933
vn 0.0293 0.9568 -0.2893
vn 0.0051 0.9720 -0.2350
vn 0.0148 0.9933 0.1148
vn 0.0401 0.9740 0.2230
vn 0.0084 0.9819 0.1892
vn -0.0040 0.9973 0.0740
vn 0.0089 0.9997 0.0224
vn -0.0758 0.4985 0.8636
vn -0.1189 0.2884 0.9501
vn -0.0839 0.4306 0.8986
vn -0.0950 0.3451 0.9337
vn 0.0107 0.0541 0.9985
vn 0.0268 -0.2258 0.9738
vn 0.0092 0.0167 0.9998
vn 0.0152 -0.1124 0.9935
vn -0.0366 0.7972 -0.6026
vn -0.0326 0.5170 -0.8554
vn 0.3455 0.9228 -0.1705
vn 0.0563 0.8639 -0.5005
vn 0.0743 0.6945 -0.7156
vn -0.0753 0.6086 0.7899
vn 0.0186 0.9355 0.3528
vn 0.0536 0.8886 0.4556
vn 0.0790 0.7384 0.6697
vn 0.0656 0.6979 0.7132
vn 0.0160 0.7626 0.6466
vn -0.0231 0.8369 0.5469
vn -0.0189 0.8761 0.4818
vn -0.1625 -0.3638 -0.9172
vn -0.2133 0.1285 -0.9685
vn -0.1496 0.0173 -0.9886
vn -0.1054 -0.2395 -0.9652
vn -0.2279 -0.2108 -0.9506
vn -0.2315 -0.1255 -0.9647
vn 0.1625 0.5012 0.8499
vn 0.1821 0.2520 0.9504
vn 0.1802 0.3992 0.8990
vn 0.1895 0.3314 0.9243
vn -0.0477 -0.9749 -0.2175
vn 0.0135 -0.9861 0.1655
vn 0.0407 -0.9947 0.0939
vn 0.0852 -0.9893 0.1186
vn 0.0271 -0.9984 0.0496
vn -0.1194 -0.9798 -0.1604
vn -0.1648 -0.9142 -0.3701
vn -0.0794 -0.9645 -0.2520
vn 0.0007 -0.9975 -0.0701
vn 0.0048 -0.9998 0.0216
vn -0.2879 0.2847 -0.9144
vn -0.2645 0.7275 -0.6331
vn -0.2055 0.7142 -0.6691
vn -0.1950 0.5624 -0.8035
vn -0.2146 0.4378 -0.8731
vn -0.2446 0.3178 -0.9161
vn -0.3119 0.4501 -0.8368
vn -0.3103 0.5040 -0.8060
vn 0.1631 0.8074 0.5670
vn 0.2805 0.6133 0.7384
vn 0.1885 0.6219 0.7601
vn 0.1363 0.6718 0.7281
vn 0.2132 0.7601 0.6138
vn 0.2344 0.7061 0.6683
vn 0.3789 -0.5986 0.7057
vn 0.1862 -0.7718 0.6080
vn 0.1601 -0.6399 0.7516
vn 0.1963 -0.5606 0.8045
vn 0.2552 -0.6036 0.7553
vn 0.3029 -0.7068 0.6393
vn 0.2723 -0.7596 0.5907
vn 0.1618 -0.8752 0.4558
vn 0.5039 -0.5539 0.6628
vn 0.0801 -0.9796 0.1843
vn 0.3053 -0.8323 0.4626
vn 0.1397 -0.9081 0.3948
vn 0.2358 -0.9003 0.3658
vn 0.4059 -0.7398 0.5366
vn 0.4084 -0.7134 0.5694
vn 0.2881 -0.8630 0.4149
vn 0.1092 -0.9440 0.3115
vn 0.2591 -0.9001 0.3502
vn 0.1842 -0.9435 0.2756
vn -0.2820 0.0671 -0.9571
vn -0.2359 -0.4626 -0.8546
vn -0.2914 -0.4360 -0.8515
vn -0.3531 -0.2146 -0.9106
vn -0.3374 0.0176 -0.9412
vn -0.2499 -0.1258 -0.9601
vn -0.2466 -0.2051 -0.9472
vn -0.1434 0.9572 -0.2513
vn 0.0404 0.9947 0.0944
vn 0.0372 0.9864 0.1599
vn -0.0094 0.9985 0.0541
vn -0.0817 0.9811 -0.1754
vn -0.0968 0.9900 -0.1026
vn -0.0622 0.9965 -0.0561
vn 0.2584 0.0031 0.9660
vn 0.2781 -0.4514 0.8479
vn 0.2707 -0.1255 0.9545
vn 0.2780 -0.2668 0.9228
vn -0.3838 0.5770 -0.7209
vn -0.3782 0.1966 -0.9046
vn -0.4424 0.1948 -0.8754
vn -0.4448 0.3528 -0.8232
vn -0.3554 0.4641 -0.8114
vn -0.3561 0.3952 -0.8468
vn 0.4534 0.0377 0.8905
vn 0.3838 0.4201 0.8223
vn 0.4362 0.2035 0.8765
vn 0.4169 0.3224 0.8498
vn 0.4390 0.6269 0.6437
vn 0.1955 0.9352 0.2952
vn 0.3712 0.7760 0.5100
vn 0.3007 0.8631 0.4059
vn 0.4861 -0.1184 0.8658
vn 0.4764 -0.4023 0.7818
vn 0.4923 -0.2422 0.8361
vn 0.4791 -0.3667 0.7975
vn 0.2868 -0.8333 0.4726
vn 0.5571 -0.4427 0.7026
vn 0.4141 -0.8164 0.4025
vn 0.5270 -0.5066 0.6823
vn 0.3483 -0.7474 0.5657
vn 0.3776 -0.7366 0.5610
vn 0.4355 -0.6500 0.6228
vn 0.5794 -0.5726 0.5801
vn 0.4341 -0.5977 0.6740
vn 0.5370 -0.4756 0.6968
vn 0.4637 -0.7238 0.5110
vn 0.4894 -0.7331 0.4722
vn 0.4996 -0.6360 0.5881
vn 0.4624 -0.6178 0.6360
vn 0.4971 -0.6235 0.6034
vn 0.4626 -0.6462 0.6070
vn -0.6204 0.4708 -0.6273
vn -0.5875 0.7157 -0.3776
vn -0.5062 0.7716 -0.3852
vn -0.4276 0.8267 -0.3658
vn -0.4756 0.7489 -0.4614
vn -0.6628 0.5000 -0.5574
vn -0.6376 0.5803 -0.5067
vn 0.5890 0.4323 0.6828
vn 0.6580 -0.0985 0.7466
vn 0.6280 0.2378 0.7410
vn 0.6468 0.0749 0.7589
vn 0.6607 -0.3567 0.6604
vn 0.6657 -0.2290 0.7102
vn 0.7386 -0.2308 0.6333
vn 0.7547 -0.2210 0.6178
vn 0.6540 -0.3177 0.6865
vn 0.6620 -0.2771 0.6964
vn 0.5201 -0.5502 0.6533
vn 0.4475 -0.8451 0.2926
vn 0.2041 -0.9599 0.1922
vn 0.4666 -0.6934 0.5491
vn 0.4294 -0.7270 0.5357
vn 0.3680 -0.8291 0.4209
vn 0.3878 -0.8844 0.2598
vn 0.3989 -0.8099 0.4301
vn 0.3384 -0.8701 0.3584
vn 0.2994 -0.8821 0.3638
vn 0.3016 -0.9296 0.2120
vn 0.2780 -0.9101 0.3073
vn 0.0558 0.9971 0.0519
vn -0.3143 0.9080 -0.2770
vn -0.0873 0.9925 -0.0853
vn -0.2300 0.9520 -0.2021
vn 0.5681 0.6700 0.4779
vn 0.6537 0.5475 0.5224
vn 0.6174 0.5430 0.5692
vn 0.5961 0.5561 0.5792
vn 0.6010 0.6318 0.4895
vn 0.6149 0.6085 0.5016
vn -0.2247 -0.9563 -0.1872
vn -0.5901 -0.6532 -0.4746
vn -0.4815 -0.7444 -0.4627
vn -0.2522 -0.9264 -0.2796
vn -0.4389 -0.8352 -0.3314
vn -0.4820 -0.7968 -0.3644
vn -0.7091 -0.5234 -0.4725
vn -0.8165 0.0223 -0.5769
vn -0.7665 -0.0911 -0.6358
vn -0.7345 -0.3419 -0.5862
vn -0.7006 -0.4906 -0.5181
vn -0.8084 -0.3003 -0.5063
vn -0.8304 -0.2082 -0.5169
vn -0.6078 0.6997 -0.3755
vn -0.8140 0.1938 -0.5477
vn -0.6934 0.5664 -0.4455
vn -0.7755 0.3708 -0.5110
vn 0.1488 0.9850 0.0875
vn 0.4235 0.8559 0.2967
vn 0.2697 0.9430 0.1949
vn 0.3584 0.8960 0.2621
vn 0.8161 0.2165 0.5358
vn 0.7986 -0.1384 0.5858
vn 0.8246 0.0743 0.5608
vn 0.8235 -0.0180 0.5671
vn 0.8251 -0.3223 0.4640
vn 0.5642 -0.7540 0.3363
vn 0.7230 -0.5372 0.4344
vn 0.6434 -0.6592 0.3893
vn 0.6473 0.7129 0.2698
vn 0.7309 0.6000 0.3253
vn 0.6456 0.7069 0.2891
vn 0.7166 0.6173 0.3247
vn -0.6376 -0.6382 -0.4315
vn -0.2913 -0.9371 -0.1923
vn -0.3820 -0.8998 -0.2109
vn -0.5686 -0.7656 -0.3009
vn -0.6609 -0.6443 -0.3849
vn -0.5027 -0.7819 -0.3687
vn -0.4626 -0.8196 -0.3380
vn -0.7964 -0.4866 -0.3592
vn -0.8958 0.1066 -0.4314
vn -0.8624 -0.3069 -0.4027
vn -0.9031 -0.0779 -0.4224
vn -0.9156 0.2206 -0.3361
vn -0.5845 0.7759 -0.2373
vn -0.8609 0.3890 -0.3278
vn -0.7395 0.6059 -0.2932
vn -0.4397 0.8759 -0.1989
vn 0.5198 0.8517 0.0662
vn 0.0310 0.9994 0.0150
vn -0.2558 0.9664 -0.0269
vn -0.3013 0.9443 -0.1324
vn -0.2573 0.9660 -0.0266
vn 0.2303 0.9722 0.0421
vn 0.1279 0.9916 0.0202
vn -0.1203 0.9927 -0.0041
vn -0.1373 0.9885 -0.0639
vn 0.0922 0.9954 0.0267
vn -0.1258 0.9920 -0.0133
vn 0.9016 0.3812 0.2045
vn 0.9007 -0.1451 0.4095
vn 0.9284 0.2740 0.2510
vn 0.9430 0.1421 0.3009
vn 0.9071 0.0115 0.4208
vn 0.9057 0.3600 0.2238
vn 0.9187 0.0964 0.3830
vn 0.9231 0.1682 0.3459
vn -0.8576 -0.4784 -0.1889
vn -0.9631 0.1532 -0.2215
vn -0.9345 -0.2903 -0.2060
vn -0.9758 -0.0376 -0.2156
vn 0.1902 0.9802 0.0552
vn 0.5979 0.7981 0.0742
vn 0.2392 0.9709 0.0113
vn 0.6548 0.7473 0.1129
vn 0.3369 0.9392 0.0663
vn 0.2831 0.9554 0.0842
vn 0.4506 0.8890 0.0819
vn 0.5030 0.8625 0.0556
vn 0.4736 0.8779 0.0709
vn 0.4727 0.8791 0.0611
vn 0.3369 0.9414 0.0133
vn 0.3757 0.9261 0.0336
vn 0.4670 0.8832 0.0441
vn 0.4288 0.8962 0.1142
vn 0.4723 0.8811 0.0249
vn 0.6423 0.7617 0.0858
vn 0.8957 -0.3453 0.2803
vn 0.6665 -0.7185 0.1990
vn 0.8483 -0.4563 0.2685
vn 0.7617 -0.6034 0.2361
vn 0.5475 -0.8288 0.1158
vn 0.2450 -0.9691 0.0268
vn 0.4468 -0.8914 0.0760
vn 0.3406 -0.9384 0.0587
vn -0.6743 0.7321 -0.0970
vn -0.9587 0.2494 -0.1370
vn -0.7770 0.6190 -0.1142
vn -0.8962 0.4227 -0.1347
vn 0.8425 0.5033 0.1919
vn 0.7382 0.6703 0.0764
vn 0.7438 0.6681 0.0175
vn 0.7387 0.6740 -0.0131
vn 0.8053 0.5918 0.0352
vn 0.7566 0.6391 0.1378
vn 0.7260 0.6751 0.1310
vn 0.8472 0.5290 0.0488
vn 0.9885 0.0041 0.1512
vn 0.8978 0.4361 0.0622
vn 0.9510 0.2971 0.0855
vn -0.8652 -0.5012 0.0158
vn -0.9888 0.1494 0.0024
vn -0.9474 -0.3198 0.0125
vn -0.9981 -0.0605 0.0111
vn 0.6512 -0.7584 0.0274
vn 0.9579 -0.2851 0.0343
vn 0.7730 -0.6338 0.0275
vn 0.8882 -0.4585 0.0300
vn -0.3181 -0.9473 0.0372
vn -0.7711 -0.6351 0.0453
vn -0.7399 -0.6726 -0.0154
vn -0.6373 -0.7706 -0.0094
vn -0.4131 -0.9107 0.0064
vn -0.5885 -0.8030 0.0945
vn -0.6601 -0.7436 0.1063
vn -0.9616 0.2683 0.0573
vn -0.6179 0.7855 0.0348
vn -0.8977 0.4367 0.0581
vn -0.7730 0.6324 0.0502
vn 0.1799 0.9828 -0.0416
vn 0.4943 0.8622 -0.1111
vn 0.2953 0.9524 -0.0760
vn 0.3842 0.9188 -0.0901
vn 0.9855 0.1132 -0.1264
vn 0.9744 -0.1810 -0.1331
vn 0.9861 -0.1633 -0.0292
vn 0.9954 -0.0959 -0.0041
vn 0.9905 -0.0140 -0.1366
vn 0.9872 -0.0931 -0.1297
vn 0.2335 -0.9675 -0.0972
vn -0.1521 -0.9875 0.0410
vn -0.1726 -0.9846 0.0268
vn 0.0306 -0.9995 0.0073
vn 0.1443 -0.9895 0.0050
vn 0.1253 -0.9921 -0.0040
vn 0.0979 -0.9948 -0.0275
vn 0.0147 -0.9998 0.0152
vn 0.5316 0.8447 0.0626
vn -0.1856 0.9819 0.0378
vn 0.4139 0.9091 0.0470
vn 0.1395 0.9902 0.0115
vn 0.9112 0.3749 -0.1708
vn 0.6329 0.7569 -0.1629
vn 0.8364 0.5201 -0.1731
vn 0.7601 0.6255 -0.1761
vn 0.6639 -0.7311 -0.1570
vn 0.9367 -0.3096 -0.1637
vn 0.8534 -0.4419 -0.2765
vn 0.7121 -0.6494 -0.2668
vn 0.7679 -0.6132 -0.1852
vn 0.8222 -0.5371 -0.1886
vn 0.2013 -0.9788 -0.0390
vn 0.5558 -0.8209 -0.1312
vn 0.3669 -0.9152 -0.1665
vn 0.2926 -0.9496 -0.1125
vn 0.4192 -0.8954 -0.1502
vn -0.8519 -0.4604 0.2497
vn -0.9630 0.1355 0.2328
vn -0.9255 -0.2893 0.2445
vn -0.9691 -0.0529 0.2410
vn -0.9348 0.2718 0.2287
vn -0.6198 0.7690 0.1563
vn -0.8677 0.4484 0.2145
vn -0.7473 0.6380 0.1860
vn -0.3174 -0.9403 0.1225
vn -0.7644 -0.6103 0.2080
vn -0.5110 -0.8443 0.1614
vn -0.6579 -0.7283 0.1916
vn -0.2014 0.9721 0.1201
vn 0.1214 0.9881 -0.0945
vn 0.0794 0.9966 -0.0230
vn -0.1405 0.9872 0.0750
vn -0.0415 0.9964 0.0742
vn 0.0207 0.9997 0.0119
vn 0.8652 0.3235 -0.3831
vn 0.9216 -0.1404 -0.3619
vn 0.8976 0.2166 -0.3840
vn 0.9220 0.0679 -0.3812
vn -0.9023 0.1899 0.3869
vn -0.8633 -0.2372 0.4455
vn -0.9374 -0.1195 0.3270
vn -0.9294 0.0183 0.3687
vn -0.8870 -0.2789 0.3679
vn -0.5723 0.7904 0.2184
vn -0.8669 0.3375 0.3668
vn -0.7946 0.4496 0.4080
vn -0.6440 0.7012 0.3060
vn -0.7727 0.5742 0.2707
vn -0.8212 0.4933 0.2871
vn 0.6467 0.6733 -0.3582
vn 0.6821 0.6085 -0.4056
vn 0.6322 0.6742 -0.3818
vn 0.6591 0.6438 -0.3889
vn 0.6202 -0.6679 -0.4114
vn 0.3296 -0.9225 -0.2011
vn 0.3667 -0.9112 -0.1877
vn 0.4218 -0.8840 -0.2016
vn 0.6269 -0.7336 -0.2624
vn 0.6849 -0.6445 -0.3401
vn 0.4351 -0.8526 -0.2894
vn 0.3882 -0.8846 -0.2586
vn -0.7849 -0.5211 0.3353
vn -0.4529 -0.8399 0.2992
vn -0.6056 -0.7183 0.3426
vn -0.7261 -0.5797 0.3698
vn -0.6079 -0.7522 0.2542
vn -0.5377 -0.8094 0.2361
vn 0.3009 0.9178 -0.2590
vn 0.3559 0.8923 -0.2776
vn 0.2904 0.9307 -0.2223
vn 0.3318 0.9096 -0.2503
vn -0.1108 -0.9922 0.0567
vn 0.2036 -0.9705 -0.1289
vn 0.0757 -0.9933 -0.0868
vn 0.0730 -0.9930 -0.0931
vn -0.0550 -0.9962 0.0680
vn -0.1086 -0.9877 0.1122
vn 0.0535 -0.9975 -0.0451
vn 0.0831 -0.9947 -0.0603
vn 0.7615 0.1744 -0.6243
vn 0.7187 0.3456 -0.6033
vn 0.7587 0.2401 -0.6056
vn 0.7419 0.3043 -0.5975
vn 0.8186 0.0407 -0.5729
vn 0.7024 -0.4742 -0.5309
vn 0.8212 -0.3136 -0.4766
vn 0.8730 -0.0343 -0.4865
vn 0.8163 -0.0984 -0.5692
vn 0.8082 -0.1749 -0.5623
vn 0.5476 -0.6002 -0.5830
vn 0.4630 -0.7820 -0.4172
vn 0.6440 -0.6176 -0.4515
vn 0.6283 -0.5981 -0.4976
vn 0.5126 -0.6847 -0.5181
vn 0.4800 -0.7335 -0.4812
vn 0.1395 -0.9778 -0.1566
vn 0.3952 -0.8388 -0.3744
vn 0.1724 -0.9549 -0.2419
vn 0.1954 -0.9467 -0.2560
vn 0.2903 -0.9041 -0.3135
vn -0.5990 -0.4247 0.6789
vn -0.6174 0.0915 0.7813
vn -0.6593 0.1073 0.7442
vn -0.7002 0.0089 0.7139
vn -0.6919 -0.1989 0.6941
vn -0.6001 -0.2473 0.7607
vn -0.6118 -0.1368 0.7791
vn -0.6323 0.3070 0.7112
vn -0.4141 0.7696 0.4861
vn -0.5307 0.6514 0.5423
vn -0.6326 0.4316 0.6431
vn -0.5366 0.5079 0.6739
vn -0.4929 0.6060 0.6244
vn -0.1661 0.9445 0.2833
vn -0.0199 0.9991 -0.0377
vn 0.0679 0.9868 -0.1468
vn -0.1186 0.9327 0.3405
vn -0.1368 0.9809 0.1386
vn -0.1856 0.9725 0.1406
vn -0.0020 0.9691 -0.2468
vn -0.1031 0.9590 0.2640
vn -0.1220 0.9905 0.0633
vn -0.0483 0.9981 -0.0390
vn -0.0071 0.9826 -0.1854
vn -0.1491 0.9888 -0.0026
vn 0.4913 0.6578 -0.5709
vn 0.4948 0.6595 -0.5658
vn 0.4837 0.6624 -0.5721
vn 0.4844 0.6610 -0.5730
vn 0.6610 -0.0257 -0.7500
vn 0.5580 -0.4350 -0.7067
vn 0.6267 -0.1978 -0.7537
vn 0.5982 -0.3379 -0.7266
vn -0.3569 0.7117 0.6050
vn -0.5978 0.2733 0.7537
vn -0.5663 0.2942 0.7699
vn -0.5263 0.4034 0.7486
vn -0.4873 0.6382 0.5961
vn -0.5360 0.5374 0.6511
vn 0.1141 0.9775 -0.1772
vn 0.2268 0.9022 -0.3668
vn 0.1723 0.9493 -0.2631
vn 0.1978 0.9284 -0.3147
vn 0.5093 0.3849 -0.7697
vn 0.5298 0.1883 -0.8270
vn 0.5237 0.3403 -0.7810
vn 0.5310 0.2568 -0.8075
vn -0.5781 0.0745 0.8126
vn -0.4560 -0.4513 0.7670
vn -0.5111 -0.2654 0.8175
vn -0.5358 -0.0856 0.8400
vn -0.6051 -0.2334 0.7612
vn -0.5839 -0.3561 0.7296
vn -0.2209 0.6319 0.7429
vn -0.1420 0.9416 0.3052
vn -0.2408 0.8069 0.5393
vn -0.2839 0.7228 0.6301
vn -0.2754 0.6187 0.7358
vn -0.1605 0.7870 0.5957
vn -0.1396 0.8468 0.5133
vn 0.0030 -0.9995 0.0300
vn -0.0770 -0.9624 0.2607
vn -0.1673 -0.9526 0.2542
vn -0.1940 -0.9487 0.2498
vn -0.0028 -1.0000 -0.0070
vn 0.0577 -0.9923 -0.1097
vn -0.0826 -0.8079 0.5834
vn -0.0930 -0.7331 0.6737
vn -0.1989 -0.6594 0.7250
vn -0.4227 -0.4772 0.7705
vn -0.3483 -0.6984 0.6252
vn -0.2504 -0.8169 0.5196
vn -0.2351 -0.7697 0.5935
vn -0.2945 -0.5917 0.7504
vn -0.3282 -0.5312 0.7811
vn -0.3663 -0.0579 0.9287
vn -0.3329 0.4608 0.8227
vn -0.4158 0.3490 0.8398
vn -0.4321 0.0263 0.9014
vn -0.3312 0.2168 0.9183
vn -0.3248 0.2862 0.9014
vn 0.2619 0.6838 -0.6810
vn 0.3092 0.6256 -0.7162
vn 0.2818 0.6733 -0.6835
vn 0.2834 0.6670 -0.6890
vn 0.3850 -0.1982 -0.9014
vn 0.3237 -0.5082 -0.7981
vn 0.3671 -0.2679 -0.8907
vn 0.3540 -0.3657 -0.8608
vn 0.3745 -0.6758 -0.6349
vn 0.1265 -0.9558 -0.2654
vn 0.2900 -0.7995 -0.5260
vn 0.2175 -0.8795 -0.4233
vn 0.1574 -0.5642 -0.8105
vn 0.2079 -0.6434 -0.7367
vn 0.2860 -0.5438 -0.7890
vn 0.2405 -0.6164 -0.7498
vn 0.1668 -0.6240 -0.7634
vn 0.1662 -0.6598 -0.7328
vn -0.3767 -0.3209 0.8690
vn -0.1639 -0.5623 0.8105
vn -0.2248 -0.3285 0.9174
vn -0.2700 -0.1968 0.9425
vn -0.3239 -0.2424 0.9145
vn -0.2955 -0.4772 0.8276
vn -0.2627 -0.5397 0.7998
vn -0.2503 0.5057 0.8256
vn -0.2506 -0.0273 0.9677
vn -0.1862 0.0526 0.9811
vn -0.1892 0.3331 0.9237
vn -0.2070 0.4907 0.8464
vn -0.2942 0.3025 0.9066
vn -0.3004 0.2402 0.9231
vn 0.1380 0.5821 -0.8013
vn 0.0068 0.9781 -0.2080
vn 0.1155 0.7562 -0.6440
vn 0.0669 0.9711 -0.2292
vn 0.0965 0.7739 -0.6259
vn 0.1118 0.8106 -0.5749
vn 0.1095 0.7660 -0.6335
vn 0.0159 0.9396 -0.3419
vn 0.0474 0.9134 -0.4043
vn 0.0744 0.8231 -0.5630
vn 0.1216 0.8831 -0.4531
vn 0.0298 0.8827 -0.4691
vn 0.1171 0.7227 -0.6812
vn 0.0930 0.9054 -0.4143
vn 0.0963 0.9354 -0.3403
vn 0.1178 0.8200 -0.5602
vn 0.4013 -0.0569 -0.9142
vn 0.2851 0.3884 -0.8763
vn 0.2371 0.2590 -0.9363
vn 0.2393 0.1168 -0.9639
vn 0.2731 0.0928 -0.9575
vn 0.3533 0.2319 -0.9063
vn 0.3519 0.2850 -0.8916
vn 0.0875 -0.8492 -0.5207
vn 0.0751 -0.8794 -0.4701
vn 0.1032 -0.8501 -0.5164
vn -0.0063 -0.9114 -0.4116
vn 0.0899 -0.8531 -0.5139
vn 0.0202 -0.8714 -0.4901
vn 0.0817 -0.8346 -0.5448
vn -0.0022 -0.9512 -0.3086
vn 0.0248 -0.8953 -0.4448
vn 0.0985 -0.8550 -0.5093
vn 0.0834 -0.8032 -0.5898
vn 0.0482 -0.8441 -0.5340
vn -0.0545 0.9696 0.2384
vn -0.1528 0.6634 0.7325
vn -0.1032 0.6891 0.7173
vn -0.0613 0.8191 0.5704
vn -0.0487 0.9367 0.3469
vn -0.1368 0.8432 0.5198
vn -0.1554 0.7904 0.5925
vn 0.0207 0.7160 -0.6978
vn 0.0173 0.5834 -0.8120
vn 0.0448 0.7016 -0.7112
vn 0.0389 0.6512 -0.7579
vn 0.0926 0.4548 -0.8858
vn 0.0934 0.1701 -0.9810
vn 0.2240 0.2712 -0.9361
vn 0.1123 0.3808 -0.9178
vn 0.1258 0.2571 -0.9582
vn 0.1233 -0.3408 -0.9320
vn 0.0701 0.0533 -0.9961
vn 0.1076 -0.2499 -0.9623
vn 0.0944 -0.1306 -0.9869
vn -0.0015 -0.3691 0.9294
vn 0.1168 0.0127 0.9931
vn 0.0198 0.0617 0.9979
vn -0.0543 -0.0391 0.9978
vn -0.0477 -0.2006 0.9785
vn 0.0775 -0.2460 0.9662
vn 0.0885 -0.1731 0.9809
vn 0.0627 0.9973 -0.0394
vn 0.0945 0.8890 0.4481
vn 0.0146 0.9973 -0.0721
vn 0.0258 0.9395 0.3417
vn 0.1154 0.9720 -0.2044
vn 0.1288 0.9742 0.1854
vn 0.1278 0.9328 0.3370
vn 0.0028 0.9110 0.4125
vn 0.2103 0.9373 0.2778
vn 0.0917 0.9863 -0.1374
vn 0.1357 0.9855 0.1018
vn 0.2342 0.9661 0.1089
vn -0.1801 -0.1113 -0.9773
vn -0.0062 -0.7090 -0.7052
vn 0.0540 -0.4259 -0.9032
vn -0.1330 -0.3176 -0.9389
vn -0.1073 -0.2320 -0.9668
vn -0.0463 -0.4545 -0.8896
vn 0.0520 -0.6742 -0.7367
vn -0.0717 -0.5260 -0.8475
vn -0.0060 -0.5998 -0.8001
vn -0.0340 -0.3535 -0.9348
vn 0.0536 -0.5483 -0.8345
vn -0.0067 -0.4994 -0.8663
vn 0.0483 -0.9688 -0.2431
vn 0.0762 -0.9588 0.2737
vn -0.0034 -0.9665 0.2566
vn 0.0178 -0.9374 0.3477
vn -0.0323 0.9879 -0.1517
vn -0.0760 0.9009 -0.4274
vn -0.0526 0.9682 -0.2447
vn -0.0686 0.9405 -0.3329
vn -0.0159 -0.2794 -0.9600
vn -0.0566 0.1460 -0.9877
vn -0.1472 0.4154 -0.8976
vn -0.2451 0.0836 -0.9659
vn -0.0193 -0.1624 -0.9865
vn -0.0678 -0.2011 -0.9772
vn -0.0681 -0.0889 -0.9937
vn -0.0536 0.2076 -0.9768
vn -0.0397 -0.0115 -0.9991
vn -0.0574 0.0486 -0.9972
vn -0.2150 0.3580 -0.9086
vn -0.0574 0.3249 -0.9440
vn -0.0917 0.2006 -0.9754
vn -0.1439 -0.0522 -0.9882
vn -0.2359 0.2038 -0.9502
vn -0.1311 0.0687 -0.9890
vn -0.1894 -0.5710 -0.7988
vn -0.1147 -0.7374 -0.6656
vn -0.0570 -0.6771 -0.7337
vn -0.1467 -0.6472 -0.7481
vn -0.1162 -0.7077 -0.6969
vn -0.1440 -0.8636 -0.4832
vn -0.0056 -0.9999 0.0104
vn -0.1162 -0.9134 -0.3900
vn -0.0881 -0.9518 -0.2939
vn 0.2008 -0.1599 0.9665
vn 0.0829 -0.5672 0.8194
vn 0.1678 -0.5211 0.8369
vn 0.2324 -0.3287 0.9154
vn 0.1231 -0.2627 0.9570
vn 0.1116 -0.3343 0.9358
vn -0.0155 0.9993 -0.0335
vn 0.1883 0.8862 0.4234
vn 0.2174 0.8953 0.3889
vn 0.1352 0.9607 0.2423
vn -0.0048 0.9978 0.0668
vn -0.0474 0.9988 -0.0155
vn 0.0555 0.9783 0.1998
vn 0.0862 0.9540 0.2871
vn -0.2104 0.6147 -0.7602
vn -0.1869 0.7111 -0.6777
vn -0.2711 0.6795 -0.6818
vn -0.2768 0.6962 -0.6623
vn -0.1926 0.6510 -0.7342
vn -0.1882 0.6820 -0.7067
vn -0.2508 -0.4183 -0.8730
vn -0.3370 -0.0191 -0.9413
vn -0.2870 -0.2768 -0.9171
vn -0.3113 -0.1390 -0.9401
vn 0.4392 0.2893 0.8506
vn 0.2857 0.7718 0.5681
vn 0.2859 0.6749 0.6803
vn 0.3596 0.4079 0.8392
vn 0.4363 0.5180 0.7358
vn 0.4035 0.6058 0.6857
vn -0.1444 0.9720 -0.1856
vn -0.2846 0.8757 -0.3900
vn -0.1622 0.9570 -0.2406
vn -0.2097 0.9265 -0.3124
vn -0.2994 -0.7165 -0.6300
vn -0.4227 -0.4180 -0.8041
vn -0.3499 -0.6364 -0.6874
vn -0.3925 -0.5183 -0.7598
vn -0.4016 0.2698 -0.8752
vn -0.3425 0.7060 -0.6199
vn -0.4142 0.4583 -0.7864
vn -0.4020 0.5563 -0.7273
vn -0.5845 0.1495 -0.7975
vn -0.5277 -0.2077 -0.8237
vn -0.5639 0.0318 -0.8253
vn -0.5531 -0.1005 -0.8270
vn -0.3015 -0.8393 -0.4525
vn -0.0818 -0.9952 -0.0530
vn -0.2452 -0.8960 -0.3702
vn -0.1933 -0.9385 -0.2862
vn 0.3924 -0.7219 0.5700
vn 0.6051 -0.4157 0.6790
vn 0.5609 -0.4084 0.7201
vn 0.5076 -0.4138 0.7557
vn 0.3983 -0.6293 0.6673
vn 0.4748 -0.6563 0.5863
vn 0.5168 -0.5877 0.6225
vn 0.5707 0.2708 0.7752
vn 0.3684 0.7838 0.4999
vn 0.5242 0.4514 0.7222
vn 0.4503 0.6410 0.6216
vn -0.6128 -0.3464 -0.7103
vn -0.4734 -0.6946 -0.5416
vn -0.5735 -0.4720 -0.6695
vn -0.5195 -0.5988 -0.6096
vn 0.6188 -0.2577 0.7421
vn 0.6885 0.2183 0.6916
vn 0.6392 0.1814 0.7474
vn 0.6412 0.0376 0.7664
vn 0.6940 -0.0993 0.7131
vn 0.7098 -0.0015 0.7044
vn -0.5744 0.6168 -0.5382
vn -0.6197 0.5321 -0.5769
vn -0.5586 0.6537 -0.5106
vn -0.5954 0.5949 -0.5400
vn 0.3577 -0.8344 0.4194
vn 0.6218 -0.5076 0.5964
vn 0.4538 -0.7430 0.4919
vn 0.5512 -0.6213 0.5570
vn 0.6999 0.2962 0.6500
vn 0.4671 0.7716 0.4318
vn 0.6528 0.4605 0.6014
vn 0.5568 0.6505 0.5166
vn 0.1781 0.9832 0.0408
vn -0.1701 0.9837 -0.0590
vn -0.1011 0.9918 -0.0785
vn -0.1133 0.9876 -0.1083
vn -0.0511 0.9976 -0.0466
vn 0.1935 0.9712 0.1389
vn 0.1663 0.9805 0.1044
vn 0.0408 0.9991 -0.0102
vn -0.0289 0.9992 -0.0265
vn -0.7020 -0.1216 -0.7017
vn -0.6396 0.3755 -0.6708
vn -0.7441 0.3378 -0.5764
vn -0.7920 0.2454 -0.5590
vn -0.8062 -0.0034 -0.5917
vn -0.7777 -0.0819 -0.6233
vn -0.7151 0.0465 -0.6975
vn -0.7154 0.0960 -0.6920
vn -0.4798 -0.8267 -0.2938
vn -0.2186 -0.9633 -0.1557
vn -0.4065 -0.8789 -0.2496
vn -0.3242 -0.9255 -0.1959
vn 0.6802 -0.4175 0.6026
vn 0.8029 0.0967 0.5883
vn 0.7449 -0.2575 0.6155
vn 0.7871 -0.0682 0.6130
vn -0.1987 0.9722 -0.1237
vn -0.4318 0.8578 -0.2789
vn -0.3145 0.9312 -0.1843
vn -0.3929 0.8900 -0.2314
vn -0.5336 -0.7461 -0.3982
vn -0.7648 -0.3086 -0.5655
vn -0.6314 -0.6157 -0.4714
vn -0.7025 -0.4793 -0.5261
vn 0.6067 0.7165 0.3444
vn 0.7837 0.2647 0.5619
vn 0.7151 0.4878 0.5007
vn 0.5476 0.7301 0.4088
vn 0.6617 0.5273 0.5330
vn 0.7318 0.6419 0.2289
vn 0.2955 0.9429 0.1539
vn 0.5365 0.8076 0.2449
vn 0.6286 0.7265 0.2777
vn 0.7301 0.6302 0.2643
vn 0.5768 0.8008 0.1615
vn 0.4898 0.8612 0.1357
vn -0.8767 0.1878 -0.4429
vn -0.8873 -0.1572 -0.4335
vn -0.8372 -0.1598 -0.5231
vn -0.8296 -0.0548 -0.5557
vn -0.8958 0.0563 -0.4408
vn -0.8945 -0.0270 -0.4463
vn -0.1360 -0.9897 -0.0437
vn 0.3123 -0.9446 0.1009
vn 0.3012 -0.9469 0.1128
vn 0.2897 -0.9474 0.1361
vn 0.0130 -0.9999 -0.0084
vn -0.0802 -0.9943 -0.0697
vn 0.0154 -0.9999 -0.0062
vn 0.0571 -0.9984 0.0010
vn 0.6448 -0.6381 0.4208
vn 0.3312 -0.8799 0.3408
vn 0.4157 -0.8314 0.3688
vn 0.3992 -0.8717 0.2842
vn 0.5867 -0.7029 0.4021
vn 0.5939 -0.6224 0.5098
vn 0.5409 -0.6899 0.4810
vn 0.6995 -0.5803 0.4170
vn 0.8877 -0.1347 0.4403
vn 0.7834 -0.4412 0.4377
vn 0.8544 -0.2648 0.4470
vn 0.9122 -0.0444 0.4073
vn 0.8229 0.4727 0.3152
vn 0.8535 0.3276 0.4051
vn 0.8882 0.1398 0.4377
vn 0.9410 0.1041 0.3221
vn 0.9214 0.2251 0.3167
vn -0.7891 0.3401 -0.5115
vn -0.6719 0.6687 -0.3184
vn -0.7527 0.5881 -0.2960
vn -0.8234 0.4764 -0.3082
vn -0.8372 0.4107 -0.3613
vn -0.7194 0.5695 -0.3976
vn -0.7025 0.5951 -0.3905
vn -0.8827 -0.3135 -0.3501
vn -0.7109 -0.6379 -0.2961
vn -0.8303 -0.4353 -0.3481
vn -0.7575 -0.5676 -0.3227
vn 0.9212 -0.2485 0.2995
vn 0.6222 -0.7308 0.2807
vn 0.6669 -0.6900 0.2815
vn 0.6846 -0.6900 0.2349
vn 0.8420 -0.4636 0.2758
vn 0.8485 -0.3926 0.3548
vn 0.8070 -0.4742 0.3521
vn 0.8263 0.4991 0.2609
vn 0.9533 -0.1031 0.2839
vn 0.9742 -0.0077 0.2254
vn 0.9610 0.2110 0.1786
vn 0.9089 0.3824 0.1662
vn 0.8558 0.4751 0.2048
vn 0.9204 0.2526 0.2983
vn 0.9364 0.1775 0.3027
vn 0.2321 0.9708 0.0600
vn 0.7269 0.6707 0.1478
vn 0.6799 0.7283 0.0855
vn 0.3862 0.9205 0.0599
vn 0.5019 0.8518 0.1499
vn 0.5818 0.7946 0.1736
vn -0.4243 0.8997 -0.1021
vn -0.7416 0.6554 -0.1432
vn -0.4653 0.8797 -0.0980
vn -0.5860 0.8016 -0.1185
vn -0.8633 0.4839 -0.1432
vn -0.9718 -0.0930 -0.2168
vn -0.9415 0.2897 -0.1723
vn -0.9782 0.0888 -0.1876
vn -0.6481 -0.7439 -0.1630
vn -0.3470 -0.9360 -0.0587
vn -0.5004 -0.8590 -0.1081
vn -0.4031 -0.9110 -0.0877
vn -0.8182 -0.5634 -0.1147
vn -0.9697 -0.2022 -0.1369
vn -0.9310 -0.3645 -0.0201
vn -0.8865 -0.4546 -0.0868
vn -0.9383 -0.3332 -0.0930
vt 0.517027 0.413674
vt 0.500012 0.500000
vt 0.483080 0.437500
vt 0.538783 0.531853
vt 0.508025 0.590343
vt 0.523629 0.312500
vt 0.548110 0.375000
vt 0.546949 0.029851
vt 0.546158 0.125000
vt 0.513305 0.085812
vt 0.575260 0.599824
vt 0.539599 0.625000
vt 0.757811 0.312500
vt 0.771211 0.375000
vt 0.716796 0.375000
vt 0.741956 0.437500
vt 0.860794 0.412003
vt 0.835796 0.467216
vt 0.819460 0.375000
vt 0.585939 0.312500
vt 0.598696 0.402595
vt 0.756763 0.062500
vt 0.750735 0.125000
vt 0.711488 0.094588
vt 0.861941 0.537435
vt 0.248996 0.562500
vt 0.289437 0.527372
vt 0.273441 0.625000
vt 0.473258 0.353248
vt 0.553707 0.459823
vt 0.554080 0.463898
vt 0.554645 0.469355
vt 0.555248 0.473516
vt 0.553545 0.469216
vt 0.553460 0.465631
vt 0.580356 0.000000
vt 0.578840 0.000000
vt 0.578015 0.002729
vt 0.578135 0.006509
vt 0.576167 0.000841
vt 0.577014 0.000000
vt 0.578152 0.475090
vt 0.577934 0.470993
vt 0.577171 0.465544
vt 0.576069 0.461362
vt 0.578963 0.466175
vt 0.578996 0.470321
vt 0.597449 0.868860
vt 0.595478 0.872568
vt 0.594517 0.877824
vt 0.594810 0.882344
vt 0.592125 0.875995
vt 0.592222 0.872864
vt 0.595533 0.086280
vt 0.594706 0.090576
vt 0.594826 0.096071
vt 0.595865 0.100091
vt 0.592505 0.097924
vt 0.592285 0.094115
vt 0.592281 0.092400
vt 0.592445 0.089641
vt 0.604046 0.538557
vt 0.604423 0.542846
vt 0.605138 0.548073
vt 0.605991 0.551971
vt 0.603632 0.547058
vt 0.603644 0.543718
vt 0.631457 0.821948
vt 0.634564 0.816314
vt 0.636263 0.809540
vt 0.636086 0.805020
vt 0.639073 0.811167
vt 0.639112 0.812646
vt 0.638455 0.818529
vt 0.622004 0.006509
vt 0.622865 0.002682
vt 0.623038 0.000000
vt 0.622482 0.000000
vt 0.625041 0.000000
vt 0.624702 0.005493
vt 0.630765 0.192244
vt 0.631221 0.189355
vt 0.630673 0.184552
vt 0.629271 0.179775
vt 0.632555 0.180762
vt 0.633362 0.186575
vt 0.633306 0.188704
vt 0.631641 0.536011
vt 0.631932 0.531403
vt 0.632158 0.525900
vt 0.632260 0.521881
vt 0.632815 0.527606
vt 0.632802 0.529688
vt 0.632997 0.097382
vt 0.632930 0.093362
vt 0.632695 0.087824
vt 0.632343 0.083586
vt 0.633881 0.090023
vt 0.633884 0.091676
vt 0.637539 0.358201
vt 0.638444 0.361407
vt 0.639490 0.365908
vt 0.640401 0.369452
vt 0.638597 0.368118
vt 0.638243 0.364223
vt 0.638220 0.362869
vt 0.668765 0.475170
vt 0.668816 0.479282
vt 0.669260 0.484526
vt 0.669974 0.488314
vt 0.668239 0.488291
vt 0.667797 0.483002
vt 0.667773 0.481308
vt 0.667793 0.479535
vt 0.664894 0.585773
vt 0.665091 0.589526
vt 0.665894 0.594305
vt 0.667094 0.598118
vt 0.664038 0.594617
vt 0.663995 0.592655
vt 0.664039 0.590830
vt 0.678269 0.136649
vt 0.676606 0.139997
vt 0.675872 0.145371
vt 0.676284 0.150114
vt 0.673642 0.142366
vt 0.673633 0.140397
vt 0.674317 0.135585
vt 0.674472 0.348601
vt 0.674887 0.344305
vt 0.675776 0.340675
vt 0.676863 0.339204
vt 0.675513 0.342181
vt 0.675395 0.345338
vt 0.713459 0.000000
vt 0.712188 0.000000
vt 0.709817 0.000000
vt 0.710952 0.002524
vt 0.710938 0.000000
vt 0.710978 0.006966
vt 0.720138 0.477904
vt 0.719918 0.474040
vt 0.719693 0.468417
vt 0.719530 0.463993
vt 0.720453 0.470467
vt 0.720439 0.472847
vt 0.743934 0.761384
vt 0.747181 0.754379
vt 0.748652 0.748212
vt 0.747943 0.745592
vt 0.752043 0.748356
vt 0.752090 0.750000
vt 0.752096 0.750910
vt 0.751656 0.755125
vt 0.760578 0.633215
vt 0.759175 0.628518
vt 0.758521 0.624518
vt 0.758110 0.623882
vt 0.758521 0.624518
vt 0.757672 0.620445
vt 0.749472 0.847975
vt 0.753347 0.843657
vt 0.756085 0.838603
vt 0.756949 0.835495
vt 0.758164 0.840723
vt 0.758186 0.841988
vt 0.758123 0.844439
vt 0.756612 0.844227
vt 0.773140 0.460325
vt 0.773373 0.464533
vt 0.773843 0.469930
vt 0.774421 0.474172
vt 0.772641 0.470012
vt 0.772603 0.466559
vt 0.808567 0.307797
vt 0.807814 0.307484
vt 0.802163 0.297376
vt 0.793104 0.279046
vt 0.812026 0.297930
vt 0.812760 0.306407
vt 0.812750 0.307014
vt 0.812716 0.307897
vt 0.812426 0.311447
vt 0.811268 0.308670
vt 0.795334 0.592323
vt 0.795325 0.596482
vt 0.795935 0.600438
vt 0.796995 0.602549
vt 0.794110 0.603413
vt 0.794042 0.600362
vt 0.794055 0.598842
vt 0.794159 0.596221
vt 0.796535 0.868827
vt 0.796341 0.872367
vt 0.796721 0.877462
vt 0.797574 0.881788
vt 0.794892 0.878256
vt 0.794782 0.874243
vt 0.808539 0.117173
vt 0.806697 0.121848
vt 0.805556 0.127336
vt 0.805415 0.130877
vt 0.803846 0.125000
vt 0.803849 0.123913
vt 0.804226 0.119589
vt 0.811706 0.181349
vt 0.817702 0.177732
vt 0.815533 0.182527
vt 0.811909 0.185342
vt 0.824233 0.176497
vt 0.819388 0.182451
vt 0.829508 0.176439
vt 0.823932 0.182663
vt 0.817685 0.190020
vt 0.815372 0.170214
vt 0.812432 0.197433
vt 0.812170 0.191672
vt 0.804185 0.477545
vt 0.804115 0.473382
vt 0.803390 0.467979
vt 0.802204 0.463621
vt 0.805288 0.467001
vt 0.805396 0.470694
vt 0.805305 0.474093
vt 0.829064 0.742341
vt 0.828700 0.746436
vt 0.828619 0.750438
vt 0.828858 0.753074
vt 0.827408 0.751978
vt 0.827379 0.750000
vt 0.827406 0.749056
vt 0.822156 0.567036
vt 0.821552 0.564293
vt 0.820855 0.560470
vt 0.820266 0.557134
vt 0.821819 0.558669
vt 0.821932 0.562070
vt 0.850608 0.130878
vt 0.853821 0.127255
vt 0.857060 0.126823
vt 0.853980 0.130649
vt 0.857501 0.122171
vt 0.859941 0.122952
vt 0.860718 0.118430
vt 0.862463 0.121440
vt 0.864472 0.125066
vt 0.862238 0.125316
vt 0.866248 0.127498
vt 0.864297 0.128272
vt 0.862194 0.131891
vt 0.859887 0.128892
vt 0.860558 0.136124
vt 0.857636 0.133133
vt 0.881644 0.620117
vt 0.882535 0.622594
vt 0.883838 0.624214
vt 0.885190 0.623769
vt 0.883531 0.626172
vt 0.882994 0.630250
vt 0.882108 0.625459
vt 0.873806 0.068926
vt 0.874400 0.065011
vt 0.874732 0.060573
vt 0.874683 0.057621
vt 0.875927 0.060912
vt 0.876191 0.063205
vt 0.884946 0.176439
vt 0.889187 0.176504
vt 0.892988 0.182582
vt 0.889347 0.182839
vt 0.894518 0.177119
vt 0.896347 0.176765
vt 0.899342 0.182163
vt 0.899051 0.185711
vt 0.898719 0.189930
vt 0.896083 0.187809
vt 0.898569 0.195147
vt 0.894482 0.191718
vt 0.885277 0.898658
vt 0.884438 0.902724
vt 0.884444 0.907894
vt 0.885280 0.911661
vt 0.882145 0.908300
vt 0.882155 0.904506
vt 0.877055 0.333416
vt 0.875580 0.339126
vt 0.874827 0.345271
vt 0.875002 0.349216
vt 0.873143 0.346156
vt 0.873040 0.342403
vt 0.899889 0.465257
vt 0.899396 0.469706
vt 0.899150 0.475165
vt 0.899218 0.479313
vt 0.898145 0.473801
vt 0.898131 0.471541
vt 0.898195 0.469430
vt 0.917248 0.346392
vt 0.917563 0.342416
vt 0.917469 0.336390
vt 0.916987 0.330766
vt 0.918985 0.339400
vt 0.918912 0.340540
vt 0.918669 0.344903
vt 0.927486 0.692759
vt 0.933917 0.701123
vt 0.930564 0.699444
vt 0.926827 0.694830
vt 0.944403 0.726760
vt 0.936546 0.717096
vt 0.954603 0.752412
vt 0.941751 0.730521
vt 0.930937 0.714402
vt 0.930079 0.723507
vt 0.925921 0.704134
vt 0.926330 0.699607
vt 0.962008 0.803761
vt 0.964468 0.804563
vt 0.966945 0.811020
vt 0.964309 0.808995
vt 0.964600 0.793138
vt 0.968367 0.806837
vt 0.962261 0.773575
vt 0.967562 0.793947
vt 0.971972 0.807451
vt 0.970719 0.811020
vt 0.973769 0.807309
vt 0.972450 0.810485
vt 0.971154 0.815772
vt 0.969625 0.818218
vt 0.969241 0.819111
vt 0.966811 0.815521
vt 0.983719 0.882746
vt 0.985684 0.878021
vt 0.986722 0.872747
vt 0.986521 0.869720
vt 0.988369 0.873830
vt 0.988147 0.875000
vt 0.987893 0.880738
vt 0.011045 0.336613
vt 0.009845 0.342439
vt 0.008895 0.348713
vt 0.008455 0.352945
vt 0.008571 0.349119
vt 0.008618 0.347549
vt 0.008655 0.346346
vt 0.017809 0.000000
vt 0.017242 0.000000
vt 0.017049 0.002674
vt 0.017294 0.006648
vt 0.015935 0.002912
vt 0.016461 0.000000
vt 0.038148 0.238893
vt 0.035459 0.245771
vt 0.033766 0.252324
vt 0.033513 0.256158
vt 0.031929 0.252317
vt 0.032504 0.250000
vt 0.032063 0.249152
vt 0.032390 0.244224
vt 0.029988 0.112732
vt 0.029845 0.109241
vt 0.029436 0.103928
vt 0.028928 0.099404
vt 0.030764 0.105853
vt 0.030713 0.108115
vt 0.031380 0.193638
vt 0.031312 0.189841
vt 0.032049 0.187084
vt 0.031248 0.185604
vt 0.032049 0.187084
vt 0.031205 0.182064
vt 0.080344 0.743928
vt 0.080634 0.747635
vt 0.082480 0.756168
vt 0.085398 0.765924
vt 0.078457 0.751055
vt 0.078466 0.748967
vt 0.069544 0.506922
vt 0.069742 0.503053
vt 0.070204 0.500607
vt 0.070333 0.499338
vt 0.070204 0.500607
vt 0.071156 0.496797
vt 0.068082 0.597438
vt 0.069083 0.593814
vt 0.069798 0.588777
vt 0.070025 0.584665
vt 0.070756 0.589967
vt 0.070731 0.592708
vt 0.082691 0.157541
vt 0.079652 0.161971
vt 0.078333 0.167110
vt 0.079118 0.170240
vt 0.074963 0.165611
vt 0.074920 0.164542
vt 0.074890 0.163104
vt 0.075084 0.159726
vt 0.076241 0.379573
vt 0.077391 0.376780
vt 0.078694 0.373888
vt 0.079788 0.372349
vt 0.078846 0.375000
vt 0.078768 0.377661
vt 0.119067 0.256158
vt 0.120566 0.252434
vt 0.119973 0.245753
vt 0.117466 0.238861
vt 0.124270 0.246211
vt 0.124499 0.248633
vt 0.124506 0.250979
vt 0.123148 0.255636
vt 0.102191 0.030405
vt 0.102114 0.030381
vt 0.102345 0.033019
vt 0.102825 0.036830
vt 0.100893 0.030954
vt 0.100888 0.029563
vt 0.118622 0.118981
vt 0.118110 0.122823
vt 0.118152 0.127738
vt 0.118735 0.131310
vt 0.116337 0.125802
vt 0.116519 0.120897
vt 0.131893 0.191935
vt 0.131843 0.189096
vt 0.133322 0.186986
vt 0.131081 0.185775
vt 0.133322 0.186986
vt 0.129813 0.182862
vt 0.131637 0.464450
vt 0.132066 0.468684
vt 0.132666 0.473819
vt 0.133276 0.477398
vt 0.132069 0.478357
vt 0.131474 0.472806
vt 0.131451 0.470942
vt 0.130475 0.593621
vt 0.130451 0.597700
vt 0.130487 0.603151
vt 0.130574 0.607320
vt 0.129660 0.601468
vt 0.129716 0.598757
vt 0.171941 0.745834
vt 0.172247 0.748351
vt 0.172105 0.749515
vt 0.171975 0.748641
vt 0.172587 0.750168
vt 0.172355 0.755273
vt 0.172723 0.750878
vt 0.172575 0.759803
vt 0.172117 0.753720
vt 0.171905 0.755569
vt 0.171737 0.757349
vt 0.171706 0.755862
vt 0.155449 0.587583
vt 0.154306 0.585038
vt 0.153172 0.580825
vt 0.152355 0.577487
vt 0.153815 0.578047
vt 0.154122 0.582071
vt 0.160762 0.467102
vt 0.161123 0.463310
vt 0.161777 0.458286
vt 0.162525 0.454678
vt 0.161862 0.460306
vt 0.161789 0.462906
vt 0.189274 0.650881
vt 0.188561 0.654757
vt 0.187719 0.659907
vt 0.186973 0.663919
vt 0.187399 0.657705
vt 0.187442 0.655845
vt 0.187761 0.651245
vt 0.191696 0.269137
vt 0.182474 0.294057
vt 0.176608 0.311713
vt 0.175674 0.312311
vt 0.172814 0.315457
vt 0.171611 0.312019
vt 0.171598 0.311033
vt 0.172391 0.303996
vt 0.182614 0.375000
vt 0.181441 0.375256
vt 0.180288 0.377175
vt 0.179486 0.379745
vt 0.179847 0.375000
vt 0.180113 0.371555
vt 0.181277 0.373988
vt 0.182011 0.521654
vt 0.181222 0.525798
vt 0.180763 0.531108
vt 0.180759 0.535426
vt 0.179696 0.529749
vt 0.179711 0.526226
vt 0.205706 0.118597
vt 0.204901 0.122338
vt 0.204809 0.126710
vt 0.205446 0.129625
vt 0.202775 0.125988
vt 0.202843 0.122052
vt 0.200476 0.438785
vt 0.201794 0.437705
vt 0.203121 0.436229
vt 0.204086 0.435388
vt 0.203467 0.438186
vt 0.203237 0.442292
vt 0.202116 0.440200
vt 0.210054 0.534422
vt 0.210589 0.530114
vt 0.210816 0.524807
vt 0.210676 0.520671
vt 0.211998 0.526597
vt 0.212016 0.528028
vt 0.211916 0.531332
vt 0.226518 0.766522
vt 0.229006 0.787299
vt 0.226517 0.802858
vt 0.223845 0.789638
vt 0.231914 0.804548
vt 0.229329 0.810846
vt 0.234343 0.803974
vt 0.232008 0.809238
vt 0.229275 0.816059
vt 0.226493 0.816082
vt 0.226787 0.819659
vt 0.223900 0.815422
vt 0.220576 0.810354
vt 0.223641 0.811186
vt 0.217564 0.807055
vt 0.220571 0.807532
vt 0.200393 0.978532
vt 0.202506 0.976083
vt 0.203685 0.971936
vt 0.203608 0.967829
vt 0.205855 0.974389
vt 0.206024 0.976131
vt 0.204319 0.974911
vt 0.228338 0.180369
vt 0.230419 0.184620
vt 0.229544 0.186822
vt 0.228226 0.184522
vt 0.232792 0.190062
vt 0.230854 0.189605
vt 0.234888 0.194034
vt 0.232396 0.192790
vt 0.229702 0.201596
vt 0.229291 0.186246
vt 0.227761 0.197372
vt 0.228064 0.190345
vt 0.226304 0.660037
vt 0.228281 0.655921
vt 0.229466 0.650761
vt 0.229535 0.646907
vt 0.231088 0.650156
vt 0.231187 0.652660
vt 0.231198 0.653700
vt 0.236859 0.931832
vt 0.236574 0.935349
vt 0.235460 0.938550
vt 0.236325 0.939292
vt 0.235460 0.938551
vt 0.236181 0.942603
vt 0.248954 0.477715
vt 0.249565 0.481280
vt 0.250737 0.484978
vt 0.252149 0.487185
vt 0.249403 0.490134
vt 0.248751 0.485041
vt 0.248752 0.483580
vt 0.277893 0.692489
vt 0.277988 0.692547
vt 0.278216 0.695402
vt 0.277992 0.696327
vt 0.278262 0.690721
vt 0.278392 0.691795
vt 0.278530 0.688125
vt 0.278493 0.690198
vt 0.278585 0.695631
vt 0.278406 0.694112
vt 0.278714 0.700803
vt 0.278311 0.697288
vt 0.255358 0.082241
vt 0.253772 0.087338
vt 0.252261 0.089527
vt 0.253435 0.085297
vt 0.251915 0.094352
vt 0.251188 0.092633
vt 0.250306 0.101103
vt 0.250077 0.096917
vt 0.249759 0.092890
vt 0.250958 0.091146
vt 0.249514 0.089752
vt 0.251266 0.087839
vt 0.269058 0.009416
vt 0.268604 0.006164
vt 0.270951 0.003857
vt 0.270832 0.007391
vt 0.268170 0.004200
vt 0.270590 0.002270
vt 0.272370 0.966088
vt 0.274176 0.964630
vt 0.275542 0.968259
vt 0.273253 0.970386
vt 0.276404 0.962647
vt 0.277214 0.966451
vt 0.278414 0.959889
vt 0.278754 0.962968
vt 0.279231 0.948831
vt 0.272895 0.002244
vt 0.274993 0.001521
vt 0.273035 0.004705
vt 0.272885 0.002141
vt 0.274462 -0.000121
vt 0.272478 -0.000653
vt 0.283488 0.116256
vt 0.282843 0.121272
vt 0.281167 0.124174
vt 0.282565 0.126231
vt 0.281167 0.124174
vt 0.282729 0.129804
vt 0.281486 0.443593
vt 0.280888 0.440205
vt 0.279808 0.436366
vt 0.278539 0.433756
vt 0.281551 0.434770
vt 0.281594 0.438157
vt 0.321280 0.719389
vt 0.322891 0.714884
vt 0.324010 0.709400
vt 0.324320 0.705622
vt 0.325229 0.709181
vt 0.325301 0.711765
vt 0.325316 0.712448
vt 0.325239 0.716186
vt 0.296549 0.882121
vt 0.297111 0.877854
vt 0.297073 0.872781
vt 0.296447 0.869431
vt 0.298913 0.873846
vt 0.298962 0.876097
vt 0.320724 0.583287
vt 0.320566 0.587088
vt 0.320502 0.592267
vt 0.320553 0.596485
vt 0.319606 0.590060
vt 0.319616 0.588123
vt 0.344345 0.407653
vt 0.345010 0.410219
vt 0.346281 0.413524
vt 0.347814 0.415959
vt 0.345514 0.414804
vt 0.344212 0.414975
vt 0.344156 0.411854
vt 0.367397 0.495658
vt 0.368088 0.498348
vt 0.368834 0.502286
vt 0.369412 0.505672
vt 0.367978 0.503351
vt 0.367873 0.499694
vt 0.417281 0.744495
vt 0.416604 0.747099
vt 0.417930 0.754475
vt 0.420899 0.763727
vt 0.413907 0.755506
vt 0.413309 0.750674
vt 0.413318 0.749674
vt 0.413347 0.748755
vt 0.414779 0.746877
vt 0.388075 0.975488
vt 0.388595 0.975187
vt 0.388157 0.974908
vt 0.386806 0.969489
vt 0.389499 0.968425
vt 0.390751 0.973323
vt 0.390776 0.975067
vt 0.389932 0.974414
vt 0.411810 0.597252
vt 0.410725 0.594728
vt 0.410529 0.591268
vt 0.409678 0.591810
vt 0.410529 0.591268
vt 0.408973 0.589030
vt 0.437628 0.644810
vt 0.436659 0.648273
vt 0.435549 0.653143
vt 0.434603 0.657084
vt 0.435311 0.651035
vt 0.435371 0.649108
vt 0.435765 0.644842
vt 0.423068 0.000458
vt 0.423526 0.000048
vt 0.423482 0.002284
vt 0.423732 0.005666
vt 0.422223 0.002970
vt 0.422005 0.000016
vt 0.433629 0.271083
vt 0.431963 0.279182
vt 0.431396 0.286108
vt 0.432065 0.288864
vt 0.430066 0.288282
vt 0.428725 0.286847
vt 0.428730 0.284480
vt 0.428726 0.281528
vt 0.404612 0.355561
vt 0.403572 0.351923
vt 0.401914 0.348821
vt 0.400116 0.347701
vt 0.402616 0.347782
vt 0.404143 0.347451
vt 0.404057 0.350231
vt 0.429787 0.526494
vt 0.430141 0.530652
vt 0.430483 0.535958
vt 0.430729 0.539710
vt 0.429809 0.535227
vt 0.429760 0.532327
vt 0.430334 0.920594
vt 0.431815 0.917399
vt 0.432496 0.912801
vt 0.432184 0.908861
vt 0.434513 0.914689
vt 0.434578 0.917401
vt 0.433152 0.920416
vt 0.448577 0.406008
vt 0.447852 0.402313
vt 0.446650 0.398648
vt 0.445307 0.396824
vt 0.447202 0.396171
vt 0.448412 0.398365
vt 0.448440 0.400326
vt 0.464495 0.547176
vt 0.465168 0.543586
vt 0.465405 0.538329
vt 0.465142 0.533863
vt 0.466721 0.537565
vt 0.466805 0.540466
vt 0.466811 0.542136
vt 0.466462 0.546158
vt 0.469905 0.653738
vt 0.471820 0.649734
vt 0.473108 0.644847
vt 0.473410 0.641416
vt 0.474544 0.645789
vt 0.474551 0.647807
vt 0.475519 0.069263
vt 0.475769 0.065221
vt 0.476934 0.063024
vt 0.475874 0.060939
vt 0.475807 0.057566
vt 0.580356 0.993341
vt 0.622482 0.993341
vt 0.623038 1.000000
vt 0.578840 1.000000
vt 0.655213 0.945163
vt 0.687538 0.961403
vt 0.687216 0.966493
vt 0.655567 0.949993
vt 0.656250 0.000000
vt 0.679688 0.000000
vt 0.679767 0.001866
vt 0.656435 0.001753
vt 0.679960 0.004677
vt 0.656621 0.004414
vt 0.694673 0.463953
vt 0.695201 0.467816
vt 0.695588 0.473197
vt 0.695718 0.477163
vt 0.713446 0.993306
vt 0.750775 0.994397
vt 0.750834 1.000000
vt 0.712188 1.000000
vt 0.750834 0.000000
vt 0.751146 0.002711
vt 0.711279 0.002713
vt 0.751512 0.007128
vt 0.710978 0.006966
vt 0.789786 0.994985
vt 0.790061 1.000000
vt 0.796309 0.029086
vt 0.797117 0.033180
vt 0.797816 0.037534
vt 0.824733 0.971099
vt 0.859417 0.963153
vt 0.859595 0.969572
vt 0.824888 0.976094
vt 0.828135 0.000000
vt 0.867197 0.000000
vt 0.867494 0.001810
vt 0.828250 0.001808
vt 0.867774 0.004513
vt 0.828378 0.004648
vt 0.907603 0.959291
vt 0.907206 0.963734
vt 0.899249 0.000000
vt 0.899038 0.001819
vt 0.898954 0.005102
vt 0.930110 0.457535
vt 0.929869 0.461515
vt 0.929626 0.466915
vt 0.929449 0.470840
vt 0.964322 0.459188
vt 0.964630 0.463233
vt 0.964853 0.468685
vt 0.964893 0.472710
vt 0.941488 0.990927
vt 0.984694 0.962084
vt 0.984142 0.969226
vt 0.939093 0.997895
vt 0.938840 0.000000
vt 0.976563 0.000000
vt 0.976292 0.002393
vt 0.936712 0.000932
vt 0.976071 0.005944
vt 0.934734 0.005727
vt 0.996090 0.460929
vt 0.996209 0.464543
vt 0.996284 0.469799
vt 0.996191 0.473959
vt 0.004921 0.469557
vt 0.043340 0.454724
vt 0.043014 0.458237
vt 0.004814 0.473441
vt 0.042728 0.463503
vt 0.004626 0.478790
vt 0.042565 0.467633
vt 0.004426 0.482716
vt 0.017826 0.993030
vt 0.067238 0.968114
vt 0.066650 0.973296
vt 0.017275 0.999596
vt 0.064453 0.000000
vt 0.064130 0.001924
vt 0.063594 0.004893
vt 0.071175 0.495562
vt 0.070340 0.498508
vt 0.069742 0.503053
vt 0.102780 0.995576
vt 0.131974 0.995425
vt 0.131928 1.000000
vt 0.102675 1.000000
vt 0.137016 0.039496
vt 0.137215 0.043763
vt 0.137420 0.047674
vt 0.241199 0.995206
vt 0.241504 0.999881
vt 0.234701 0.029844
vt 0.234311 0.033378
vt 0.234058 0.037404
vt 0.306596 0.994802
vt 0.345913 0.994230
vt 0.345758 0.999968
vt 0.306367 1.000000
vt 0.299234 0.023681
vt 0.345751 0.000000
vt 0.345624 0.002265
vt 0.298645 0.027584
vt 0.345476 0.006208
vt 0.298071 0.032127
vt 0.382653 0.000000
vt 0.383128 0.002662
vt 0.382814 0.006552
vt 0.389516 0.462322
vt 0.390000 0.465513
vt 0.390522 0.469926
vt 0.390940 0.473394
vt 0.423819 0.993645
vt 0.471927 0.965565
vt 0.471675 0.971980
vt 0.423580 0.999672
vt 0.468799 0.000000
vt 0.468598 0.001969
vt 0.468387 0.004683
vt 0.695573 0.585814
vt 0.695729 0.589755
vt 0.695971 0.594639
vt 0.696238 0.598384
vt 0.727573 0.586856
vt 0.727038 0.590488
vt 0.726266 0.595084
vt 0.725445 0.598539
vt 0.795743 0.025230
vt 0.834911 0.057720
vt 0.835175 0.060666
vt 0.835413 0.064602
vt 0.835566 0.068696
vt 0.904172 0.555709
vt 0.941404 0.588192
vt 0.941333 0.592078
vt 0.904241 0.559865
vt 0.941262 0.597118
vt 0.904279 0.564795
vt 0.941216 0.600668
vt 0.904302 0.568120
vt 0.977134 0.585549
vt 0.999789 0.585582
vt 0.999858 0.589822
vt 0.977106 0.589793
vt 0.999881 0.595295
vt 0.977108 0.595302
vt 0.999866 0.599518
vt 0.977176 0.599647
vt -0.000234 0.083789
vt -0.000239 0.088068
vt -0.000096 0.093715
vt 0.000000 0.098028
vt 0.007972 0.586100
vt 0.039259 0.588009
vt 0.039149 0.592289
vt 0.008032 0.589981
vt 0.039029 0.597474
vt 0.008043 0.595041
vt 0.038930 0.600972
vt 0.008445 0.598227
vt 0.136874 0.034439
vt 0.187627 0.057538
vt 0.187529 0.060564
vt 0.187477 0.064907
vt 0.187476 0.068985
vt 0.235239 0.026501
vt 0.299497 0.019827
vt 0.351596 0.590391
vt 0.351531 0.594385
vt 0.351527 0.599703
vt 0.351594 0.603333
vt 0.326079 0.075398
vt 0.362172 0.097889
vt 0.362198 0.101567
vt 0.325657 0.079382
vt 0.362103 0.106402
vt 0.325318 0.084493
vt 0.361929 0.110541
vt 0.325122 0.089268
vt 0.381855 0.585628
vt 0.381996 0.589602
vt 0.381968 0.594981
vt 0.381793 0.599242
vt 0.408890 0.586525
vt 0.409646 0.590386
vt 0.410725 0.594728
vt 0.397977 0.087698
vt 0.433937 0.078564
vt 0.433757 0.081875
vt 0.398238 0.091037
vt 0.433527 0.086351
vt 0.398525 0.096035
vt 0.433336 0.091218
vt 0.398813 0.099920
vt 0.475580 0.058098
vt 0.475785 0.060817
vt 0.914751 0.087966
vt 0.914616 0.091207
vt 0.914092 0.096680
vt 0.913478 0.100574
vt 0.955047 0.076645
vt 0.955409 0.079833
vt 0.956030 0.084987
vt 0.956766 0.089651
vt 0.991452 0.085971
vt 0.991658 0.089051
vt 0.991456 0.093966
vt 0.990909 0.098028
vt 0.172453 0.154593
vt 0.172686 0.158237
vt 0.172887 0.164368
vt 0.173051 0.169090
vt 0.514113 0.687755
vt 0.563628 0.685942
vt 0.563594 0.689031
vt 0.514130 0.690489
vt 0.563570 0.694209
vt 0.514081 0.697413
vt 0.563611 0.699144
vt 0.514102 0.702125
vt 0.523661 0.180153
vt 0.579852 0.180398
vt 0.579965 0.184467
vt 0.523543 0.184456
vt 0.580258 0.189019
vt 0.523231 0.189439
vt 0.580595 0.193286
vt 0.522840 0.192823
vt 0.734628 0.181592
vt 0.734481 0.185380
vt 0.734344 0.190686
vt 0.734334 0.197203
vt 0.975812 0.181410
vt 0.976086 0.185332
vt 0.976385 0.190756
vt 0.976383 0.196823
vt -0.001072 0.180144
vt 0.031151 0.181215
vt 0.031230 0.185090
vt -0.000459 0.184731
vt -0.000098 0.189794
vt -0.000134 0.193569
vt 0.129936 0.176982
vt 0.131137 0.183156
vt 0.291432 0.180107
vt 0.291205 0.184400
vt 0.290740 0.189829
vt 0.290162 0.194061
vt 0.345664 0.180116
vt 0.345852 0.184426
vt 0.346287 0.189361
vt 0.346862 0.192811
vt 0.406382 0.180340
vt 0.406315 0.184637
vt 0.406289 0.189758
vt 0.406286 0.194764
vt 0.467699 0.147272
vt 0.467995 0.151838
vt 0.468401 0.157171
vt 0.468829 0.162486
vt 0.514307 0.240853
vt 0.609330 0.238967
vt 0.609359 0.243587
vt 0.514382 0.244585
vt 0.609371 0.251659
vt 0.514328 0.251672
vt 0.609289 0.255172
vt 0.514284 0.255307
vt 0.602054 0.685503
vt 0.674238 0.745674
vt 0.674261 0.748810
vt 0.601977 0.688350
vt 0.674198 0.755827
vt 0.601887 0.695805
vt 0.674193 0.759253
vt 0.601800 0.699758
vt 0.707906 0.289887
vt 0.707875 0.294172
vt 0.707998 0.303713
vt 0.707984 0.305619
vt 0.885504 0.701538
vt 0.885526 0.704753
vt 0.885217 0.709491
vt 0.884685 0.712359
vt 0.992571 0.749914
vt 0.992617 0.750108
vt 0.992588 0.749882
vt 0.992545 0.749632
vt 0.243002 0.253723
vt 0.262401 0.239809
vt 0.283302 0.281106
vt 0.299104 0.335179
vt 0.512694 0.829481
vt 0.570228 0.804201
vt 0.570304 0.809406
vt 0.512704 0.834277
vt 0.570377 0.815735
vt 0.512639 0.840759
vt 0.570409 0.820303
vt 0.512325 0.844871
vt 0.703360 0.818174
vt 0.703215 0.821993
vt 0.703026 0.827152
vt 0.702816 0.831122
vt 0.849263 0.840163
vt 0.913350 0.805830
vt 0.912704 0.809876
vt 0.849564 0.843345
vt 0.912228 0.815565
vt 0.849691 0.848358
vt 0.912011 0.819424
vt 0.849564 0.852463
vt 0.999249 0.807309
vt 0.999708 0.810492
vt 1.000406 0.815774
vt 1.001023 0.820811
vt 0.049011 0.343106
vt 0.048757 0.346083
vt 0.048589 0.351260
vt 0.048399 0.354871
vt 0.033276 0.806467
vt 0.102981 0.807143
vt 0.103136 0.810897
vt 0.033340 0.810787
vt 0.103285 0.815407
vt 0.033492 0.815918
vt 0.103340 0.819290
vt 0.033480 0.819625
vt 0.166522 0.807034
vt 0.166257 0.810435
vt 0.166033 0.815496
vt 0.165918 0.819384
vt 0.279302 0.805018
vt 0.279397 0.809733
vt 0.279473 0.815646
vt 0.279500 0.819543
vt 0.341508 0.804962
vt 0.341621 0.810236
vt 0.341795 0.815587
vt 0.341926 0.819661
vt 0.412214 0.806720
vt 0.412098 0.810274
vt 0.411948 0.815495
vt 0.411828 0.819350
vt 0.466736 0.848327
vt 0.466927 0.855570
vt 0.467130 0.860902
vt 0.467446 0.864779
vt 0.639698 0.868856
vt 0.639765 0.872686
vt 0.639812 0.877509
vt 0.639838 0.881135
vt 0.931387 0.869269
vt 0.931368 0.873272
vt 0.931378 0.877041
vt 0.931382 0.880943
vt 0.033948 0.906291
vt 0.086100 0.868673
vt 0.086010 0.872934
vt 0.033733 0.910149
vt 0.085941 0.877512
vt 0.033347 0.915473
vt 0.085912 0.881621
vt 0.032955 0.919752
vt 0.139406 0.869478
vt 0.139383 0.873307
vt 0.139340 0.877463
vt 0.139302 0.881442
vt 0.186695 0.869140
vt 0.186708 0.873133
vt 0.186722 0.877649
vt 0.186734 0.881887
vt 0.242142 0.869097
vt 0.242214 0.873106
vt 0.242373 0.877361
vt 0.242558 0.881243
vt 0.330614 0.909624
vt 0.382852 0.869149
vt 0.382811 0.873203
vt 0.330361 0.913954
vt 0.382741 0.877577
vt 0.329958 0.918878
vt 0.382677 0.881860
vt 0.329505 0.921993
vt 0.371220 0.372076
vt 0.372295 0.373945
vt 0.373378 0.377456
vt 0.374166 0.380984
vt 0.511597 0.956127
vt 0.558580 0.907510
vt 0.558458 0.912070
vt 0.511456 0.961071
vt 0.558345 0.916725
vt 0.511077 0.964861
vt 0.558213 0.919864
vt 0.510571 0.967887
vt 0.608080 0.931764
vt 0.608295 0.935509
vt 0.608589 0.939829
vt 0.608878 0.943856
vt 0.655812 0.954462
vt 0.656041 0.958877
vt 0.734359 0.931117
vt 0.734339 0.935205
vt 0.734246 0.939629
vt 0.687022 0.971431
vt 0.734113 0.943427
vt 0.686844 0.975670
vt 0.781133 0.930910
vt 0.781201 0.935079
vt 0.781179 0.939492
vt 0.781023 0.942468
vt 0.824900 0.979560
vt 0.824841 0.982207
vt 0.955841 0.930351
vt 0.953849 0.936104
vt 0.951081 0.941198
vt 0.906886 0.967991
vt 0.948502 0.947159
vt 0.906546 0.972423
vt 0.000545 0.932442
vt 0.000150 0.935534
vt -0.000540 0.940625
vt -0.001317 0.945635
vt 0.108135 0.931378
vt 0.156152 0.931343
vt 0.156226 0.935364
vt 0.108144 0.935447
vt 0.156234 0.939454
vt 0.108138 0.939090
vt 0.156135 0.942572
vt 0.108146 0.941766
vt 0.236574 0.935349
vt 0.236518 0.939276
vt 0.236693 0.942033
vt 0.279930 0.967841
vt 0.758100 0.622886
vt 0.757654 0.618314
vt 0.934476 1.007453
vt 0.936508 1.002461
vt 0.066170 0.977000
vt 0.065655 0.980087
vt 0.282601 0.126887
vt 0.282809 0.130426
vt 0.420552 0.432648
vt 0.421145 0.435647
vt 0.421730 0.440027
vt 0.422139 0.443805
vt 0.508322 0.000000
vt 0.508175 0.002079
vt 0.507970 0.005106
vt 0.539874 1.000000
vt 0.576242 0.996453
vt 0.575955 1.000000
vt 0.625511 0.625000
vt 0.633502 0.437500
vt 0.640608 0.687500
vt 0.625030 0.998672
vt 0.672217 0.062500
vt 0.702856 0.687500
vt 0.717997 0.875000
vt 0.710081 0.998872
vt 0.755842 0.541807
vt 0.778854 0.687500
vt 0.804690 0.812500
vt 0.906205 0.250000
vt 0.839684 0.653299
vt 0.960686 0.315145
vt 0.954589 0.375000
vt 0.978789 0.687500
vt 0.991732 0.346552
vt 0.991808 0.348204
vt 0.992492 0.352469
vt 0.999672 0.249133
vt 0.999599 0.250665
vt 0.006976 0.875752
vt 0.006944 0.873806
vt 0.006028 0.878891
vt 0.999376 0.000000
vt 0.999744 0.002934
vt 0.016022 0.998335
vt 0.999809 0.252378
vt 0.993053 0.336527
vt 0.991780 0.345639
vt 0.036276 0.695106
vt 0.000000 0.687500
vt 0.061231 0.062500
vt 0.098090 0.647225
vt 0.093075 0.437500
vt 0.117191 0.312500
vt 0.132813 0.687500
vt 0.101535 0.999419
vt 0.101188 0.527372
vt 0.125020 0.375000
vt 0.169922 0.000000
vt 0.169922 1.000000
vt 0.224815 0.312500
vt 0.241397 0.375000
vt 0.209441 0.002523
vt 0.211058 0.000897
vt 0.205058 0.000000
vt 0.359346 0.250000
vt 0.333999 0.312500
vt 0.295640 0.375000
vt 0.327402 0.482018
vt 0.376815 0.687500
vt 0.366498 0.937500
vt 0.384889 0.004595
vt 0.385204 0.000000
vt 0.422152 0.999336
s 1
f 1440/1521/1440 1435/1522/1435 1439/1523/1439
f 1441/1524/1441 1436/1525/1436 1435/1522/1435
f 1438/1526/1438 1445/1527/1445 1440/1521/1440
f 1443/1528/1443 1444/1529/1444 1437/1530/1437
f 1446/1531/1446 1442/1532/1442 1441/1524/1441
f 1459/1533/1459 1463/1534/1463 1456/1535/1456
f 1463/1534/1463 1460/1536/1460 1456/1535/1456
f 1469/1537/1469 1466/1538/1466 1465/1539/1465
f 1441/1524/1441 1442/1532/1442 1436/1525/1436
f 1440/1521/1440 1441/1524/1441 1435/1522/1435
f 1438/1526/1438 1447/1540/1447 1445/1527/1445
f 1447/1540/1447 1448/1541/1448 1445/1527/1445
f 1457/1542/1457 1458/1543/1458 1455/1544/1455
f 1466/1538/1466 1469/1537/1469 1468/1545/1468
f 1484/1546/1484 1486/1547/1486 1485/1548/1485
f 1438/1526/1438 1440/1521/1440 1493/1549/1493
f 1493/1549/1493 1440/1521/1440 1439/1523/1439
f 1526/1550/1526 1530/1551/1530 1531/1552/1531 1527/1553/1527 1528/1554/1528 1529/1555/1529
f 1532/1556/1532 1536/1557/1536 1537/1558/1537 1533/1559/1533 1534/1560/1534 1535/1561/1535
f 1542/1562/1542 1546/1563/1546 1547/1564/1547 1543/1565/1543 1544/1566/1544 1545/1567/1545
f 1548/1568/1548 1552/1569/1552 1553/1570/1553 1549/1571/1549 1550/1572/1550 1551/1573/1551
f 1554/1574/1554 1560/1575/1560 1561/1576/1561 1555/1577/1555 1556/1578/1556 1557/1579/1557 1558/1580/1558 1559/1581/1559
f 1566/1582/1566 1570/1583/1570 1571/1584/1571 1567/1585/1567 1568/1586/1568 1569/1587/1569
f 1580/1588/1580 1585/1589/1585 1586/1590/1586 1581/1591/1581 1582/1592/1582 1583/1593/1583 1584/1594/1584
f 1587/1595/1587 1591/1596/1591 1592/1597/1592 1588/1598/1588 1589/1599/1589 1590/1600/1590
f 1593/1601/1593 1598/1602/1598 1599/1603/1599 1594/1604/1594 1595/1605/1595 1596/1606/1596 1597/1607/1597
f 1600/1608/1600 1604/1609/1604 1605/1610/1605 1601/1611/1601 1602/1612/1602 1603/1613/1603
f 1610/1614/1610 1614/1615/1614 1615/1616/1615 1611/1617/1611 1612/1618/1612 1613/1619/1613
f 1616/1620/1616 1621/1621/1621 1622/1622/1622 1617/1623/1617 1618/1624/1618 1619/1625/1619 1620/1626/1620
f 1631/1627/1631 1637/1628/1637 1638/1629/1638 1632/1630/1632 1633/1631/1633 1634/1632/1634 1635/1633/1635 1636/1634/1636
f 1639/1635/1639 1644/1636/1644 1645/1637/1645 1640/1638/1640 1641/1639/1641 1642/1640/1642 1643/1641/1643
f 1658/1642/1658 1663/1643/1663 1664/1644/1664 1659/1645/1659 1660/1646/1660 1661/1647/1661 1662/1648/1662
f 1665/1649/1665 1669/1650/1669 1670/1651/1670 1666/1652/1666 1667/1653/1667 1668/1654/1668
f 1679/1655/1679 1682/1656/1682 1681/1657/1681
f 1682/1656/1682 1683/1658/1683 1681/1659/1681
f 1683/1658/1683 1680/1660/1680 1681/1659/1681
f 1688/1661/1688 1692/1662/1692 1693/1663/1693 1689/1664/1689 1690/1665/1690 1691/1666/1691
f 1698/1667/1698 1704/1668/1704 1705/1669/1705 1699/1670/1699 1700/1671/1700 1701/1672/1701 1702/1673/1702 1703/1674/1703
f 1714/1675/1714 1717/1676/1717 1716/1677/1716
f 1717/1676/1717 1718/1678/1718 1716/1679/1716
f 1718/1678/1718 1715/1680/1715 1716/1679/1716
f 1719/1681/1719 1725/1682/1725 1726/1683/1726 1720/1684/1720 1721/1685/1721 1722/1686/1722 1723/1687/1723 1724/1688/1724
f 1727/1689/1727 1731/1690/1731 1732/1691/1732 1728/1692/1728 1729/1693/1729 1730/1694/1730
f 1737/1695/1737 1745/1696/1745 1746/1697/1746 1738/1698/1738 1739/1699/1739 1740/1700/1740 1741/1701/1741 1742/1702/1742 1743/1703/1743 1744/1704/1744
f 1747/1705/1747 1753/1706/1753 1754/1707/1754 1748/1708/1748 1749/1709/1749 1750/1710/1750 1751/1711/1751 1752/1712/1752
f 1755/1713/1755 1759/1714/1759 1760/1715/1760 1756/1716/1756 1757/1717/1757 1758/1718/1758
f 1761/1719/1761 1766/1720/1766 1767/1721/1767 1762/1722/1762 1763/1723/1763 1764/1724/1764 1765/1725/1765
f 1768/1726/1768 1771/1727/1771 1773/1728/1773 1772/1729/1772
f 1771/1727/1771 1775/1730/1775 1776/1731/1776 1773/1728/1773
f 1769/1732/1769 1774/1733/1774 1776/1731/1776 1775/1730/1775
f 1774/1733/1774 1778/1734/1778 1779/1735/1779 1776/1731/1776
f 1770/1736/1770 1777/1737/1777 1779/1735/1779 1778/1734/1778
f 1777/1737/1777 1772/1729/1772 1773/1728/1773 1779/1735/1779
f 1773/1728/1773 1776/1731/1776 1779/1735/1779
f 1780/1738/1780 1785/1739/1785 1786/1740/1786 1781/1741/1781 1782/1742/1782 1783/1743/1783 1784/1744/1784
f 1787/1745/1787 1792/1746/1792 1793/1747/1793 1788/1748/1788 1789/1749/1789 1790/1750/1790 1791/1751/1791
f 1798/1752/1798 1802/1753/1802 1803/1754/1803 1799/1755/1799 1800/1756/1800 1801/1757/1801
f 1816/1758/1816 1820/1759/1820 1822/1760/1822 1821/1761/1821
f 1820/1759/1820 1824/1762/1824 1825/1763/1825 1822/1760/1822
f 1817/1764/1817 1823/1765/1823 1825/1763/1825 1824/1762/1824
f 1823/1765/1823 1827/1766/1827 1828/1767/1828 1825/1763/1825
f 1818/1768/1818 1826/1769/1826 1828/1767/1828 1827/1766/1827
f 1826/1769/1826 1830/1770/1830 1831/1771/1831 1828/1767/1828
f 1819/1772/1819 1829/1773/1829 1831/1771/1831 1830/1770/1830
f 1829/1773/1829 1821/1761/1821 1822/1760/1822 1831/1771/1831
f 1822/1760/1822 1825/1763/1825 1828/1767/1828 1831/1771/1831
f 1832/1774/1832 1837/1775/1837 1838/1776/1838 1833/1777/1833 1834/1778/1834 1835/1779/1835 1836/1780/1836
f 1843/1781/1843 1847/1782/1847 1848/1783/1848 1844/1784/1844 1845/1785/1845 1846/1786/1846
f 1849/1787/1849 1852/1788/1852 1854/1789/1854 1853/1790/1853
f 1852/1788/1852 1856/1791/1856 1857/1792/1857 1854/1789/1854
f 1850/1793/1850 1855/1794/1855 1857/1792/1857 1856/1791/1856
f 1855/1794/1855 1859/1795/1859 1860/1796/1860 1857/1792/1857
f 1851/1797/1851 1858/1798/1858 1860/1796/1860 1859/1795/1859
f 1858/1798/1858 1853/1790/1853 1854/1789/1854 1860/1796/1860
f 1854/1789/1854 1857/1792/1857 1860/1796/1860
f 1865/1799/1865 1869/1800/1869 1870/1801/1870 1866/1802/1866 1867/1803/1867 1868/1804/1868
f 1871/1805/1871 1875/1806/1875 1876/1807/1876 1872/1808/1872 1873/1809/1873 1874/1810/1874
f 1877/1811/1877 1882/1812/1882 1883/1813/1883 1878/1814/1878 1879/1815/1879 1880/1816/1880 1881/1817/1881
f 1904/1818/1904 1909/1819/1909 1910/1820/1910 1905/1821/1905 1906/1822/1906 1907/1823/1907 1908/1824/1908
f 1919/1825/1919 1922/1826/1922 1924/1827/1924 1923/1828/1923
f 1922/1826/1922 1926/1829/1926 1927/1830/1927 1924/1827/1924
f 1920/1831/1920 1925/1832/1925 1927/1830/1927 1926/1829/1926
f 1925/1832/1925 1929/1833/1929 1930/1834/1930 1927/1830/1927
f 1921/1835/1921 1928/1836/1928 1930/1834/1930 1929/1833/1929
f 1928/1836/1928 1923/1828/1923 1924/1827/1924 1930/1834/1930
f 1924/1827/1924 1927/1830/1927 1930/1834/1930
f 1943/1837/1943 1947/1838/1947 1949/1839/1949 1948/1840/1948
f 1947/1838/1947 1951/1841/1951 1952/1842/1952 1949/1839/1949
f 1944/1843/1944 1950/1844/1950 1952/1842/1952 1951/1841/1951
f 1950/1844/1950 1954/1845/1954 1955/1846/1955 1952/1842/1952
f 1945/1847/1945 1953/1848/1953 1955/1846/1955 1954/1845/1954
f 1953/1848/1953 1957/1849/1957 1958/1850/1958 1955/1846/1955
f 1946/1851/1946 1956/1852/1956 1958/1850/1958 1957/1849/1957
f 1956/1852/1956 1948/1840/1948 1949/1839/1949 1958/1850/1958
f 1949/1839/1949 1952/1842/1952 1955/1846/1955 1958/1850/1958
f 1971/1853/1971 1976/1854/1976 1977/1855/1977 1972/1856/1972 1973/1857/1973 1974/1858/1974 1975/1859/1975
f 1990/1860/1990 1995/1861/1995 1996/1862/1996 1991/1863/1991 1992/1864/1992 1993/1865/1993 1994/1866/1994
f 2005/1867/2005 2009/1868/2009 2010/1869/2010 2006/1870/2006 2007/1871/2007 2008/1872/2008
f 2011/1873/2011 2017/1874/2017 2018/1875/2018 2012/1876/2012 2013/1877/2013 2014/1878/2014 2015/1879/2015 2016/1880/2016
f 2027/1881/2027 2031/1882/2031 2032/1883/2032 2028/1884/2028 2029/1885/2029 2030/1886/2030
f 2033/1887/2033 2036/1888/2036 2035/1889/2035
f 2036/1888/2036 2037/1890/2037 2035/1891/2035
f 2037/1890/2037 2034/1892/2034 2035/1891/2035
f 2050/1893/2050 2054/1894/2054 2055/1895/2055 2051/1896/2051 2052/1897/2052 2053/1898/2053
f 2060/1899/2060 2063/1900/2063 2062/1901/2062
f 2063/1900/2063 2064/1902/2064 2062/1903/2062
f 2064/1902/2064 2061/1904/2061 2062/1903/2062
f 2065/1905/2065 2069/1906/2069 2070/1907/2070 2066/1908/2066 2067/1909/2067 2068/1910/2068
f 2075/1911/2075 2081/1912/2081 2082/1913/2082 2076/1914/2076 2077/1915/2077 2078/1916/2078 2079/1917/2079 2080/1918/2080
f 2083/1919/2083 2087/1920/2087 2088/1921/2088 2084/1922/2084 2085/1923/2085 2086/1924/2086
f 2093/1925/2093 2099/1926/2099 2100/1927/2100 2094/1928/2094 2095/1929/2095 2096/1930/2096 2097/1931/2097 2098/1932/2098
f 2105/1933/2105 2109/1934/2109 2110/1935/2110 2106/1936/2106 2107/1937/2107 2108/1938/2108
f 2111/1939/2111 2115/1940/2115 2116/1941/2116 2112/1942/2112 2113/1943/2113 2114/1944/2114
f 2117/1945/2117 2120/1946/2120 2119/1947/2119
f 2120/1946/2120 2121/1948/2121 2119/1949/2119
f 2121/1948/2121 2118/1950/2118 2119/1949/2119
f 2122/1951/2122 2127/1952/2127 2128/1953/2128 2123/1954/2123 2124/1955/2124 2125/1956/2125 2126/1957/2126
f 2129/1958/2129 2133/1959/2133 2134/1960/2134 2130/1961/2130 2131/1962/2131 2132/1963/2132
f 2135/1964/2135 2138/1965/2138 2140/1966/2140 2139/1967/2139
f 2138/1965/2138 2142/1968/2142 2143/1969/2143 2140/1966/2140
f 2136/1970/2136 2141/1971/2141 2143/1969/2143 2142/1968/2142
f 2141/1971/2141 2145/1972/2145 2146/1973/2146 2143/1969/2143
f 2137/1974/2137 2144/1975/2144 2146/1973/2146 2145/1972/2145
f 2144/1975/2144 2139/1967/2139 2140/1966/2140 2146/1973/2146
f 2140/1966/2140 2143/1969/2143 2146/1973/2146
f 2155/1976/2155 2159/1977/2159 2160/1978/2160 2156/1979/2156 2157/1980/2157 2158/1981/2158
f 2169/1982/2169 2173/1983/2173 2174/1984/2174 2170/1985/2170 2171/1986/2171 2172/1987/2172
f 2175/1988/2175 2180/1989/2180 2181/1990/2181 2176/1991/2176 2177/1992/2177 2178/1993/2178 2179/1994/2179
f 2182/1995/2182 2188/1996/2188 2189/1997/2189 2183/1998/2183 2184/1999/2184 2185/2000/2185 2186/2001/2186 2187/2002/2187
f 2190/2003/2190 2195/2004/2195 2196/2005/2196 2191/2006/2191 2192/2007/2192 2193/2008/2193 2194/2009/2194
f 2197/2010/2197 2201/2011/2201 2202/2012/2202 2198/2013/2198 2199/2014/2199 2200/2015/2200
f 2215/2016/2215 2219/2017/2219 2220/2018/2220 2216/2019/2216 2217/2020/2217 2218/2021/2218
f 2221/2022/2221 2226/2023/2226 2227/2024/2227 2222/2025/2222 2223/2026/2223 2224/2027/2224 2225/2028/2225
f 2228/2029/2228 2233/2030/2233 2234/2031/2234 2229/2032/2229 2230/2033/2230 2231/2034/2231 2232/2035/2232
f 2235/2036/2235 2239/2037/2239 2241/2038/2241 2240/2039/2240
f 2239/2037/2239 2243/2040/2243 2244/2041/2244 2241/2038/2241
f 2236/2042/2236 2242/2043/2242 2244/2041/2244 2243/2040/2243
f 2242/2043/2242 2246/2044/2246 2247/2045/2247 2244/2041/2244
f 2237/2046/2237 2245/2047/2245 2247/2045/2247 2246/2044/2246
f 2245/2047/2245 2249/2048/2249 2250/2049/2250 2247/2045/2247
f 2238/2050/2238 2248/2051/2248 2250/2049/2250 2249/2048/2249
f 2248/2051/2248 2240/2039/2240 2241/2038/2241 2250/2049/2250
f 2241/2038/2241 2244/2041/2244 2247/2045/2247 2250/2049/2250
f 2251/2052/2251 2256/2053/2256 2257/2054/2257 2252/2055/2252 2253/2056/2253 2254/2057/2254 2255/2058/2255
f 2258/2059/2258 2261/2060/2261 2263/2061/2263 2262/2062/2262
f 2261/2060/2261 2265/2063/2265 2266/2064/2266 2263/2061/2263
f 2259/2065/2259 2264/2066/2264 2266/2064/2266 2265/2063/2265
f 2264/2066/2264 2268/2067/2268 2269/2068/2269 2266/2064/2266
f 2260/2069/2260 2267/2070/2267 2269/2068/2269 2268/2067/2268
f 2267/2070/2267 2262/2062/2262 2263/2061/2263 2269/2068/2269
f 2263/2061/2263 2266/2064/2266 2269/2068/2269
f 2270/2071/2270 2275/2072/2275 2276/2073/2276 2271/2074/2271 2272/2075/2272 2273/2076/2273 2274/2077/2274
f 2281/2078/2281 2284/2079/2284 2283/2080/2283
f 2284/2079/2284 2285/2081/2285 2283/2082/2283
f 2285/2081/2285 2282/2083/2282 2283/2082/2283
f 2290/2084/2290 2295/2085/2295 2296/2086/2296 2291/2087/2291 2292/2088/2292 2293/2089/2293 2294/2090/2294
f 2297/2091/2297 2300/2092/2300 2302/2093/2302 2301/2094/2301
f 2300/2092/2300 2304/2095/2304 2305/2096/2305 2302/2093/2302
f 2298/2097/2298 2303/2098/2303 2305/2096/2305 2304/2095/2304
f 2303/2098/2303 2307/2099/2307 2308/2100/2308 2305/2096/2305
f 2299/2101/2299 2306/2102/2306 2308/2100/2308 2307/2099/2307
f 2306/2102/2306 2301/2094/2301 2302/2093/2302 2308/2100/2308
f 2302/2093/2302 2305/2096/2305 2308/2100/2308
f 2309/2103/2309 2312/2104/2312 2314/2105/2314 2313/2106/2313
f 2312/2104/2312 2316/2107/2316 2317/2108/2317 2314/2105/2314
f 2310/2109/2310 2315/2110/2315 2317/2108/2317 2316/2107/2316
f 2315/2110/2315 2319/2111/2319 2320/2112/2320 2317/2108/2317
f 2311/2113/2311 2318/2114/2318 2320/2112/2320 2319/2111/2319
f 2318/2114/2318 2313/2106/2313 2314/2105/2314 2320/2112/2320
f 2314/2105/2314 2317/2108/2317 2320/2112/2320
f 2329/2115/2329 2333/2116/2333 2335/2117/2335 2334/2118/2334
f 2333/2116/2333 2337/2119/2337 2338/2120/2338 2335/2117/2335
f 2330/2121/2330 2336/2122/2336 2338/2123/2338 2337/2124/2337
f 2336/2122/2336 2340/2125/2340 2341/2126/2341 2338/2123/2338
f 2331/2127/2331 2339/2128/2339 2341/2126/2341 2340/2125/2340
f 2339/2128/2339 2343/2129/2343 2344/2130/2344 2341/2126/2341
f 2332/2131/2332 2342/2132/2342 2344/2133/2344 2343/2134/2343
f 2342/2132/2342 2334/2118/2334 2335/2117/2335 2344/2133/2344
f 2335/2117/2335 2338/2120/2338 2341/2135/2341 2344/2133/2344
f 2345/2136/2345 2348/2137/2348 2347/2138/2347
f 2348/2137/2348 2349/2139/2349 2347/2140/2347
f 2349/2139/2349 2346/2141/2346 2347/2140/2347
f 2354/2142/2354 2358/2143/2358 2359/2144/2359 2355/2145/2355 2356/2146/2356 2357/2147/2357
f 2360/2148/2360 2366/2149/2366 2367/2150/2367 2361/2151/2361 2362/2152/2362 2363/2153/2363 2364/2154/2364 2365/2155/2365
f 2368/2156/2368 2372/2157/2372 2373/2158/2373 2369/2159/2369 2370/2160/2370 2371/2161/2371
f 2378/2162/2378 2382/2163/2382 2383/2164/2383 2379/2165/2379 2380/2166/2380 2381/2167/2381
f 2404/2168/2404 2409/2169/2409 2410/2170/2410 2405/2171/2405 2406/2172/2406 2407/2173/2407 2408/2174/2408
f 2419/2175/2419 2423/2176/2423 2424/2177/2424 2420/2178/2420 2421/2179/2421 2422/2180/2422
f 2437/2181/2437 2444/2182/2444 2445/2183/2445 2438/2184/2438 2439/2185/2439 2440/2186/2440 2441/2187/2441 2442/2188/2442 2443/2189/2443
f 2446/2190/2446 2452/2191/2452 2453/2192/2453 2447/2193/2447 2448/2194/2448 2449/2195/2449 2450/2196/2450 2451/2197/2451
f 2470/2198/2470 2473/2199/2473 2472/2200/2472
f 2473/2199/2473 2474/2201/2474 2472/2202/2472
f 2474/2201/2474 2471/2203/2471 2472/2202/2472
f 2475/2204/2475 2480/2205/2480 2481/2206/2481 2476/2207/2476 2477/2208/2477 2478/2209/2478 2479/2210/2479
f 2482/2211/2482 2486/2212/2486 2487/2213/2487 2483/2214/2483 2484/2215/2484 2485/2216/2485
f 2488/2217/2488 2494/2218/2494 2495/2219/2495 2489/2220/2489 2490/2221/2490 2491/2222/2491 2492/2223/2492 2493/2224/2493
f 2496/2225/2496 2501/2226/2501 2502/2227/2502 2497/2228/2497 2498/2229/2498 2499/2230/2499 2500/2231/2500
f 2507/2232/2507 2511/2233/2511 2512/2234/2512 2508/2235/2508 2509/2236/2509 2510/2237/2510
f 2513/2238/2513 2518/2239/2518 2519/2240/2519 2514/2241/2514 2515/2242/2515 2516/2243/2516 2517/2244/2517
f 2524/2245/2524 2529/2246/2529 2530/2247/2530 2525/2248/2525 2526/2249/2526 2527/2250/2527 2528/2251/2528
f 2531/2252/2531 2537/2253/2537 2538/2254/2538 2532/2255/2532 2533/2256/2533 2534/2257/2534 2535/2258/2535 2536/2259/2536
f 2539/2260/2539 2543/2261/2543 2544/2262/2544 2540/2263/2540 2541/2264/2541 2542/2265/2542
f 2557/2266/2557 2560/2267/2560 2559/2268/2559
f 2560/2267/2560 2561/2269/2561 2559/2268/2559
f 2561/2269/2561 2558/2270/2558 2559/2268/2559
f 1526/1550/1526 1543/1565/1543 1547/1564/1547 1530/1551/1530
f 1530/1551/1530 1547/1564/1547 1546/1563/1546 1531/1552/1531
f 1531/1552/1531 1546/1563/1546 1542/1562/1542 1527/1553/1527
f 1532/2271/1532 1588/2272/1588 1592/2273/1592 1536/2274/1536
f 1536/1557/1536 1592/1597/1592 1591/1596/1591 1537/1558/1537
f 1537/1558/1537 1591/1596/1591 1587/1595/1587 1533/1559/1533
f 1628/2275/1628 1654/2276/1654 1656/2277/1656 1630/2278/1630
f 1630/2279/1630 1656/2280/1656 1657/2281/1657 1629/2282/1629
f 1629/2282/1629 1657/2281/1657 1655/2283/1655 1627/2284/1627
f 1631/1627/1631 1675/2285/1675 1677/2286/1677 1637/1628/1637
f 1637/1628/1637 1677/2286/1677 1678/2287/1678 1638/1629/1638
f 1638/1629/1638 1678/2287/1678 1676/2288/1676 1632/1630/1632
f 1675/2285/1675 1689/1664/1689 1693/1663/1693 1677/2286/1677
f 1677/2286/1677 1693/1663/1693 1692/1662/1692 1678/2287/1678
f 1678/2287/1678 1692/1662/1692 1688/1661/1688 1676/2288/1676
f 1679/2289/1679 1710/2290/1710 1712/2291/1712 1682/2292/1682
f 1682/1656/1682 1712/2293/1712 1713/2294/1713 1683/2295/1683
f 1683/2295/1683 1713/2294/1713 1711/2296/1711 1680/2297/1680
f 1710/2290/1710 1794/2298/1794 1796/2299/1796 1712/2291/1712
f 1712/2293/1712 1796/2300/1796 1797/2301/1797 1713/2294/1713
f 1713/2294/1713 1797/2301/1797 1795/2302/1795 1711/2296/1711
f 1727/1689/1727 1781/1741/1781 1786/1740/1786 1731/1690/1731
f 1731/1690/1731 1786/1740/1786 1785/1739/1785 1732/1691/1732
f 1732/1691/1732 1785/1739/1785 1780/1738/1780 1728/1692/1728
f 1805/2303/1805 1839/2304/1839 1841/2305/1841 1807/2306/1807
f 1807/2307/1807 1841/2308/1841 1842/2309/1842 1806/2310/1806
f 1806/2310/1806 1842/2309/1842 1840/2311/1840 1804/2312/1804
f 1839/2304/1839 1892/2313/1892 1894/2314/1894 1841/2305/1841
f 1841/2308/1841 1894/2315/1894 1895/2316/1895 1842/2309/1842
f 1842/2309/1842 1895/2316/1895 1893/2317/1893 1840/2311/1840
f 1877/1811/1877 1911/2318/1911 1913/2319/1913 1882/1812/1882
f 1882/1812/1882 1913/2319/1913 1914/2320/1914 1883/1813/1883
f 1883/1813/1883 1914/2320/1914 1912/2321/1912 1878/1814/1878
f 1911/2318/1911 1939/2322/1939 1941/2323/1941 1913/2319/1913
f 1913/2319/1913 1941/2323/1941 1942/2324/1942 1914/2320/1914
f 1914/2320/1914 1942/2324/1942 1940/2325/1940 1912/2321/1912
f 1931/2326/1931 1978/2327/1978 1980/2328/1980 1933/2329/1933
f 1933/2330/1933 1980/2331/1980 1981/2332/1981 1934/2333/1934
f 1934/2333/1934 1981/2332/1981 1979/2334/1979 1932/2335/1932
f 1939/2322/1939 1982/2336/1982 1984/2337/1984 1941/2323/1941
f 1941/2323/1941 1984/2337/1984 1985/2338/1985 1942/2324/1942
f 1942/2324/1942 1985/2338/1985 1983/2339/1983 1940/2325/1940
f 1982/2340/1982 2038/2341/2038 2040/2342/2040 1984/2343/1984
f 1984/2343/1984 2040/2342/2040 2041/2344/2041 1985/2345/1985
f 1985/2345/1985 2041/2344/2041 2039/2346/2039 1983/2347/1983
f 2005/2348/2005 2056/2349/2056 2058/2350/2058 2009/2351/2009
f 2009/1868/2009 2058/2352/2058 2059/2353/2059 2010/1869/2010
f 2010/1869/2010 2059/2353/2059 2057/2354/2057 2006/1870/2006
f 2038/2341/2038 2061/2355/2061 2064/2356/2064 2040/2342/2040
f 2040/2342/2040 2064/2356/2064 2063/2357/2063 2041/2344/2041
f 2041/2344/2041 2063/2357/2063 2060/1899/2060 2039/2346/2039
f 2105/2358/2105 2151/2359/2151 2153/2360/2153 2109/2361/2109
f 2109/1934/2109 2153/2362/2153 2154/2363/2154 2110/1935/2110
f 2110/1935/2110 2154/2363/2154 2152/2364/2152 2106/1936/2106
f 2122/1951/2122 2170/1985/2170 2174/1984/2174 2127/1952/2127
f 2127/1952/2127 2174/1984/2174 2173/1983/2173 2128/1953/2128
f 2128/1953/2128 2173/1983/2173 2169/1982/2169 2123/1954/2123
f 2197/2010/2197 2229/2032/2229 2234/2031/2234 2201/2011/2201
f 2201/2011/2201 2234/2031/2234 2233/2030/2233 2202/2012/2202
f 2202/2012/2202 2233/2030/2233 2228/2029/2228 2198/2013/2198
f 2287/2365/2287 2330/2121/2330 2337/2124/2337 2289/2366/2289
f 2289/2367/2289 2337/2119/2337 2333/2116/2333 2288/2368/2288
f 2288/2368/2288 2333/2116/2333 2329/2115/2329 2286/2369/2286
f 2375/2370/2375 2396/2371/2396 2398/2372/2398 2377/2373/2377
f 2377/2374/2377 2398/2375/2398 2399/2376/2399 2376/2377/2376
f 2376/2377/2376 2399/2376/2399 2397/2378/2397 2374/2379/2374
f 2396/2371/2396 2447/2193/2447 2453/2192/2453 2398/2372/2398
f 2398/2375/2398 2453/2380/2453 2452/2381/2452 2399/2376/2399
f 2399/2376/2399 2452/2381/2452 2446/2382/2446 2397/2378/2397
f 2419/2175/2419 2458/2383/2458 2460/2384/2460 2423/2176/2423
f 2423/2176/2423 2460/2384/2460 2461/2385/2461 2424/2177/2424
f 2424/2177/2424 2461/2385/2461 2459/2386/2459 2420/2178/2420
f 2507/2232/2507 2532/2255/2532 2538/2254/2538 2511/2233/2511
f 2511/2233/2511 2538/2254/2538 2537/2253/2537 2512/2234/2512
f 2512/2234/2512 2537/2253/2537 2531/2252/2531 2508/2235/2508
f 2482/2387/2482 2549/2388/2549 2551/2389/2551 2486/2390/2486
f 2486/2212/2486 2551/2391/2551 2552/2392/2552 2487/2213/2487
f 2487/2213/2487 2552/2392/2552 2550/2393/2550 2483/2214/2483
f 1554/1574/1554 1611/1617/1611 1615/1616/1615 1560/1575/1560
f 1560/1575/1560 1615/1616/1615 1614/1615/1614 1561/1576/1561
f 1561/1576/1561 1614/1615/1614 1610/1614/1610 1555/1577/1555
f 1639/1635/1639 1671/2394/1671 1673/2395/1673 1644/1636/1644
f 1644/1636/1644 1673/2395/1673 1674/2396/1674 1645/1637/1645
f 1645/1637/1645 1674/2396/1674 1672/2397/1672 1640/1638/1640
f 1671/2394/1671 1694/2398/1694 1696/2399/1696 1673/2395/1673
f 1673/2395/1673 1696/2399/1696 1697/2400/1697 1674/2396/1674
f 1674/2396/1674 1697/2400/1697 1695/2401/1695 1672/2397/1672
f 1747/1705/1747 1799/1755/1799 1803/1754/1803 1753/1706/1753
f 1753/1706/1753 1803/1754/1803 1802/1753/1802 1754/1707/1754
f 1754/1707/1754 1802/1753/1802 1798/1752/1798 1748/1708/1748
f 1794/2402/1794 1812/2403/1812 1814/2404/1814 1796/2300/1796
f 1796/2300/1796 1814/2404/1814 1815/2405/1815 1797/2301/1797
f 1797/2301/1797 1815/2405/1815 1813/2406/1813 1795/2302/1795
f 1812/2403/1812 1844/1784/1844 1848/1783/1848 1814/2404/1814
f 1814/2404/1814 1848/1783/1848 1847/1782/1847 1815/2405/1815
f 1815/2405/1815 1847/1782/1847 1843/1781/1843 1813/2406/1813
f 1885/2407/1885 1915/2408/1915 1917/2409/1917 1887/2410/1887
f 1887/2410/1887 1917/2409/1917 1918/2411/1918 1886/2412/1886
f 1886/2412/1886 1918/2411/1918 1916/2413/1916 1884/2414/1884
f 1968/2415/1968 1997/2416/1997 1999/2417/1999 1970/2418/1970
f 1970/2418/1970 1999/2417/1999 2000/2419/2000 1969/2420/1969
f 1969/2420/1969 2000/2419/2000 1998/2421/1998 1967/2422/1967
f 1987/2423/1987 2028/1884/2028 2032/1883/2032 1989/2424/1989
f 1989/2424/1989 2032/1883/2032 2031/1882/2031 1988/2425/1988
f 1988/2425/1988 2031/1882/2031 2027/1881/2027 1986/2426/1986
f 1997/2427/1997 2042/2428/2042 2044/2429/2044 1999/2430/1999
f 1999/2430/1999 2044/2429/2044 2045/2431/2045 2000/2432/2000
f 2000/2432/2000 2045/2431/2045 2043/2433/2043 1998/2434/1998
f 2042/2428/2042 2066/1908/2066 2070/1907/2070 2044/2429/2044
f 2044/2429/2044 2070/1907/2070 2069/1906/2069 2045/2431/2045
f 2045/2431/2045 2069/1906/2069 2065/1905/2065 2043/2433/2043
f 2129/1958/2129 2156/1979/2156 2160/1978/2160 2133/1959/2133
f 2133/1959/2133 2160/1978/2160 2159/1977/2159 2134/1960/2134
f 2134/1960/2134 2159/1977/2159 2155/1976/2155 2130/1961/2130
f 2151/2435/2151 2207/2436/2207 2209/2437/2209 2153/2362/2153
f 2153/2362/2153 2209/2437/2209 2210/2438/2210 2154/2363/2154
f 2154/2363/2154 2210/2438/2210 2208/2439/2208 2152/2364/2152
f 2207/2436/2207 2287/2440/2287 2289/2367/2289 2209/2437/2209
f 2209/2437/2209 2289/2367/2289 2288/2368/2288 2210/2438/2210
f 2210/2438/2210 2288/2368/2288 2286/2369/2286 2208/2439/2208
f 2309/2103/2309 2375/2441/2375 2377/2374/2377 2312/2104/2312
f 2312/2104/2312 2377/2374/2377 2376/2377/2376 2316/2107/2316
f 2316/2107/2316 2376/2377/2376 2374/2379/2374 2310/2109/2310
f 2378/2162/2378 2411/2442/2411 2413/2443/2413 2382/2163/2382
f 2382/2163/2382 2413/2443/2413 2414/2444/2414 2383/2164/2383
f 2383/2164/2383 2414/2444/2414 2412/2445/2412 2379/2165/2379
f 2389/2446/2389 2415/2447/2415 2417/2448/2417 2391/2449/2391
f 2391/2449/2391 2417/2448/2417 2418/2450/2418 2390/2451/2390
f 2390/2451/2390 2418/2450/2418 2416/2452/2416 2388/2453/2388
f 2411/2442/2411 2433/2454/2433 2435/2455/2435 2413/2443/2413
f 2413/2443/2413 2435/2455/2435 2436/2456/2436 2414/2444/2414
f 2414/2444/2414 2436/2456/2436 2434/2457/2434 2412/2445/2412
f 2433/2454/2433 2471/2458/2471 2474/2459/2474 2435/2455/2435
f 2435/2455/2435 2474/2459/2474 2473/2460/2473 2436/2456/2436
f 2436/2456/2436 2473/2460/2473 2470/2198/2470 2434/2457/2434
f 2467/2461/2467 2520/2462/2520 2522/2463/2522 2469/2464/2469
f 2469/2464/2469 2522/2463/2522 2523/2465/2523 2468/2466/2468
f 2468/2466/2468 2523/2465/2523 2521/2467/2521 2466/2468/2466
f 2520/2462/2520 2558/2469/2558 2561/2470/2561 2522/2463/2522
f 2522/2463/2522 2561/2470/2561 2560/2267/2560 2523/2465/2523
f 2523/2465/2523 2560/2267/2560 2557/2266/2557 2521/2467/2521
f 1761/1719/1761 1817/1764/1817 1824/1762/1824 1766/1720/1766
f 1766/1720/1766 1824/1762/1824 1820/1759/1820 1767/1721/1767
f 1767/1721/1767 1820/1759/1820 1816/1758/1816 1762/1722/1762
f 1818/1768/1818 1850/1793/1850 1856/1791/1856 1826/1769/1826
f 1826/1769/1826 1856/1791/1856 1852/1788/1852 1830/1770/1830
f 1830/1770/1830 1852/1788/1852 1849/1787/1849 1819/1772/1819
f 1817/1764/1817 1896/2471/1896 1898/2472/1898 1823/1765/1823
f 1823/1765/1823 1898/2472/1898 1899/2473/1899 1827/1766/1827
f 1827/1766/1827 1899/2473/1899 1897/2474/1897 1818/1768/1818
f 1896/2471/1896 1959/2475/1959 1961/2476/1961 1898/2472/1898
f 1898/2472/1898 1961/2476/1961 1962/2477/1962 1899/2473/1899
f 1899/2473/1899 1962/2477/1962 1960/2478/1960 1897/2474/1897
f 1915/2408/1915 1968/2415/1968 1970/2418/1970 1917/2409/1917
f 1917/2409/1917 1970/2418/1970 1969/2420/1969 1918/2411/1918
f 1918/2411/1918 1969/2420/1969 1967/2422/1967 1916/2413/1916
f 1959/2475/1959 1987/2479/1987 1989/2480/1989 1961/2476/1961
f 1961/2476/1961 1989/2480/1989 1988/2481/1988 1962/2477/1962
f 1962/2477/1962 1988/2481/1988 1986/2482/1986 1960/2478/1960
f 2111/1939/2111 2211/2483/2211 2213/2484/2213 2115/1940/2115
f 2115/1940/2115 2213/2484/2213 2214/2485/2214 2116/1941/2116
f 2116/1941/2116 2214/2485/2214 2212/2486/2212 2112/1942/2112
f 2215/2016/2215 2311/2113/2311 2319/2111/2319 2219/2017/2219
f 2219/2017/2219 2319/2111/2319 2315/2110/2315 2220/2018/2220
f 2220/2018/2220 2315/2110/2315 2310/2109/2310 2216/2019/2216
f 2415/2447/2415 2467/2461/2467 2469/2464/2469 2417/2448/2417
f 2417/2448/2417 2469/2464/2469 2468/2466/2468 2418/2450/2418
f 2418/2450/2418 2468/2466/2468 2466/2468/2466 2416/2452/2416
f 1495/2487/1495 1514/2488/1514 1516/2489/1516 1497/2490/1497
f 1497/2490/1497 1516/2489/1516 1517/2491/1517 1496/2492/1496
f 1496/2492/1496 1517/2491/1517 1515/2493/1515 1494/2494/1494
f 1507/2495/1507 1538/2496/1538 1540/2497/1540 1509/2498/1509
f 1509/2498/1509 1540/2497/1540 1541/2499/1541 1508/2500/1508
f 1508/2500/1508 1541/2499/1541 1539/2501/1539 1506/2502/1506
f 1538/2496/1538 1594/1604/1594 1599/1603/1599 1540/2497/1540
f 1540/2497/1540 1599/1603/1599 1598/1602/1598 1541/2499/1541
f 1541/2499/1541 1598/1602/1598 1593/1601/1593 1539/2501/1539
f 1658/1642/1658 1684/2503/1684 1686/2504/1686 1663/1643/1663
f 1663/1643/1663 1686/2504/1686 1687/2505/1687 1664/1644/1664
f 1664/1644/1664 1687/2505/1687 1685/2506/1685 1659/1645/1659
f 1684/2503/1684 1768/1726/1768 1772/1729/1772 1686/2504/1686
f 1686/2504/1686 1772/1729/1772 1777/1737/1777 1687/2505/1687
f 1687/2505/1687 1777/1737/1777 1770/1736/1770 1685/2506/1685
f 1769/1732/1769 1849/1787/1849 1853/1790/1853 1774/1733/1774
f 1774/1733/1774 1853/1790/1853 1858/1798/1858 1778/1734/1778
f 1778/1734/1778 1858/1798/1858 1851/1797/1851 1770/1736/1770
f 1850/1793/1850 1963/2507/1963 1965/2508/1965 1855/1794/1855
f 1855/1794/1855 1965/2508/1965 1966/2509/1966 1859/1795/1859
f 1859/1795/1859 1966/2509/1966 1964/2510/1964 1851/1797/1851
f 1963/2511/1963 2034/2512/2034 2037/2513/2037 1965/2514/1965
f 1965/2514/1965 2037/2513/2037 2036/1888/2036 1966/2515/1966
f 1966/2515/1966 2036/1888/2036 2033/1887/2033 1964/2516/1964
f 2075/1911/2075 2118/2517/2118 2121/2518/2121 2081/1912/2081
f 2081/1912/2081 2121/2518/2121 2120/1946/2120 2082/1913/2082
f 2082/1913/2082 2120/1946/2120 2117/1945/2117 2076/1914/2076
f 2211/2483/2211 2258/2059/2258 2262/2062/2262 2213/2484/2213
f 2213/2484/2213 2262/2062/2262 2267/2070/2267 2214/2485/2214
f 2214/2485/2214 2267/2070/2267 2260/2069/2260 2212/2486/2212
f 2258/2059/2258 2350/2519/2350 2352/2520/2352 2261/2060/2261
f 2261/2060/2261 2352/2520/2352 2353/2521/2353 2265/2063/2265
f 2265/2063/2265 2353/2521/2353 2351/2522/2351 2259/2065/2259
f 2350/2519/2350 2400/2523/2400 2402/2524/2402 2352/2520/2352
f 2352/2520/2352 2402/2524/2402 2403/2525/2403 2353/2521/2353
f 2353/2521/2353 2403/2525/2403 2401/2526/2401 2351/2522/2351
f 2400/2523/2400 2454/2527/2454 2456/2528/2456 2402/2524/2402
f 2402/2524/2402 2456/2528/2456 2457/2529/2457 2403/2525/2403
f 2403/2525/2403 2457/2529/2457 2455/2530/2455 2401/2526/2401
f 2475/2204/2475 2540/2263/2540 2544/2262/2544 2480/2205/2480
f 2480/2205/2480 2544/2262/2544 2543/2261/2543 2481/2206/2481
f 2481/2206/2481 2543/2261/2543 2539/2260/2539 2476/2207/2476
f 2454/2527/2454 2553/2531/2553 2555/2532/2555 2456/2528/2456
f 2456/2528/2456 2555/2532/2555 2556/2533/2556 2457/2529/2457
f 2457/2529/2457 2556/2533/2556 2554/2534/2554 2455/2530/2455
f 1511/2535/1511 1562/2536/1562 1564/2537/1564 1513/2538/1513
f 1513/2538/1513 1564/2537/1564 1565/2539/1565 1512/2540/1512
f 1512/2540/1512 1565/2539/1565 1563/2541/1563 1510/2542/1510
f 1573/2543/1573 1623/2544/1623 1625/2545/1625 1575/2546/1575
f 1575/2546/1575 1625/2545/1625 1626/2547/1626 1574/2548/1574
f 1574/2548/1574 1626/2547/1626 1624/2549/1624 1572/2550/1572
f 1562/2536/1562 1646/2551/1646 1648/2552/1648 1564/2537/1564
f 1564/2537/1564 1648/2552/1648 1649/2553/1649 1565/2539/1565
f 1565/2539/1565 1649/2553/1649 1647/2554/1647 1563/2541/1563
f 1623/2544/1623 1699/1670/1699 1705/1669/1705 1625/2545/1625
f 1625/2545/1625 1705/1669/1705 1704/1668/1704 1626/2547/1626
f 1626/2547/1626 1704/1668/1704 1698/1667/1698 1624/2549/1624
f 1646/2551/1646 1738/1698/1738 1746/1697/1746 1648/2552/1648
f 1648/2552/1648 1746/1697/1746 1745/1696/1745 1649/2553/1649
f 1649/2553/1649 1745/1696/1745 1737/1695/1737 1647/2554/1647
f 1862/2555/1862 1919/1825/1919 1923/1828/1923 1864/2556/1864
f 1864/2556/1864 1923/1828/1923 1928/1836/1928 1863/2557/1863
f 1863/2557/1863 1928/1836/1928 1921/1835/1921 1861/2558/1861
f 1920/1831/1920 1944/1843/1944 1951/1841/1951 1925/1832/1925
f 1925/1832/1925 1951/1841/1951 1947/1838/1947 1929/1833/1929
f 1929/1833/1929 1947/1838/1947 1943/1837/1943 1921/1835/1921
f 1919/1825/1919 2020/2559/2020 2022/2560/2022 1922/1826/1922
f 1922/1826/1922 2022/2560/2022 2021/2561/2021 1926/1829/1926
f 1926/1829/1926 2021/2561/2021 2019/2562/2019 1920/1831/1920
f 2020/2559/2020 1945/1847/1945 1954/1845/1954 2022/2560/2022
f 2022/2560/2022 1954/1845/1954 1950/1844/1950 2021/2561/2021
f 2021/2561/2021 1950/1844/1950 1944/1843/1944 2019/2562/2019
f 2011/1873/2011 2094/1928/2094 2100/1927/2100 2017/1874/2017
f 2017/1874/2017 2100/1927/2100 2099/1926/2099 2018/1875/2018
f 2018/1875/2018 2099/1926/2099 2093/1925/2093 2012/1876/2012
f 2050/1893/2050 2135/1964/2135 2139/1967/2139 2054/1894/2054
f 2054/1894/2054 2139/1967/2139 2144/1975/2144 2055/1895/2055
f 2055/1895/2055 2144/1975/2144 2137/1974/2137 2051/1896/2051
f 2136/1970/2136 2235/2036/2235 2240/2039/2240 2141/1971/2141
f 2141/1971/2141 2240/2039/2240 2248/2051/2248 2145/1972/2145
f 2145/1972/2145 2248/2051/2248 2238/2050/2238 2137/1974/2137
f 2135/1964/2135 2298/2097/2298 2304/2095/2304 2138/1965/2138
f 2138/1965/2138 2304/2095/2304 2300/2092/2300 2142/1968/2142
f 2142/1968/2142 2300/2092/2300 2297/2091/2297 2136/1970/2136
f 2182/1995/2182 2321/2563/2321 2323/2564/2323 2188/1996/2188
f 2188/1996/2188 2323/2564/2323 2324/2565/2324 2189/1997/2189
f 2189/1997/2189 2324/2565/2324 2322/2566/2322 2183/1998/2183
f 2298/2097/2298 2361/2151/2361 2367/2150/2367 2303/2098/2303
f 2303/2098/2303 2367/2150/2367 2366/2149/2366 2307/2099/2307
f 2307/2099/2307 2366/2149/2366 2360/2148/2360 2299/2101/2299
f 2437/2181/2437 1495/2487/1495 1497/2490/1497 2444/2182/2444
f 2444/2182/2444 1497/2490/1497 1496/2492/1496 2445/2183/2445
f 2445/2183/2445 1496/2492/1496 1494/2494/1494 2438/2184/2438
f 2488/2217/2488 1511/2535/1511 1513/2538/1513 2494/2218/2494
f 2494/2218/2494 1513/2538/1513 1512/2540/1512 2495/2219/2495
f 2495/2219/2495 1512/2540/1512 1510/2542/1510 2489/2220/2489
f 1499/2567/1499 1518/2568/1518 1520/2569/1520 1501/2570/1501
f 1501/2570/1501 1520/2569/1520 1521/2571/1521 1500/2572/1500
f 1500/2572/1500 1521/2571/1521 1519/2573/1519 1498/2574/1498
f 1518/2568/1518 1581/1591/1581 1586/1590/1586 1520/2569/1520
f 1520/2569/1520 1586/1590/1586 1585/1589/1585 1521/2571/1521
f 1521/2571/1521 1585/1589/1585 1580/1588/1580 1519/2573/1519
f 1616/1620/1616 1666/1652/1666 1670/1651/1670 1621/1621/1621
f 1621/1621/1621 1670/1651/1670 1669/1650/1669 1622/1622/1622
f 1622/1622/1622 1669/1650/1669 1665/1649/1665 1617/1623/1617
f 1651/2575/1651 1720/1684/1720 1726/1683/1726 1653/2576/1653
f 1653/2576/1653 1726/1683/1726 1725/1682/1725 1652/2577/1652
f 1652/2577/1652 1725/1682/1725 1719/1681/1719 1650/2578/1650
f 1809/2579/1809 1888/2580/1888 1890/2581/1890 1811/2582/1811
f 1811/2582/1811 1890/2581/1890 1891/2583/1891 1810/2584/1810
f 1810/2584/1810 1891/2583/1891 1889/2585/1889 1808/2586/1808
f 1888/2580/1888 1943/1837/1943 1948/1840/1948 1890/2581/1890
f 1890/2581/1890 1948/1840/1948 1956/1852/1956 1891/2583/1891
f 1891/2583/1891 1956/1852/1956 1946/1851/1946 1889/2585/1889
f 1945/1847/1945 2001/2587/2001 2003/2588/2003 1953/1848/1953
f 1953/1848/1953 2003/2588/2003 2004/2589/2004 1957/1849/1957
f 1957/1849/1957 2004/2589/2004 2002/2590/2002 1946/1851/1946
f 1990/1860/1990 2046/2591/2046 2048/2592/2048 1995/1861/1995
f 1995/1861/1995 2048/2592/2048 2049/2593/2049 1996/1862/1996
f 1996/1862/1996 2049/2593/2049 2047/2594/2047 1991/1863/1991
f 2001/2595/2001 2089/2596/2089 2091/2597/2091 2003/2598/2003
f 2003/2598/2003 2091/2597/2091 2092/2599/2092 2004/2600/2004
f 2004/2600/2004 2092/2599/2092 2090/2601/2090 2002/2602/2002
f 2089/2596/2089 2161/2603/2161 2163/2604/2163 2091/2597/2091
f 2091/2597/2091 2163/2604/2163 2164/2605/2164 2092/2599/2092
f 2092/2599/2092 2164/2605/2164 2162/2606/2162 2090/2601/2090
f 2161/2603/2161 2238/2050/2238 2249/2048/2249 2163/2604/2163
f 2163/2604/2163 2249/2048/2249 2245/2047/2245 2164/2605/2164
f 2164/2605/2164 2245/2047/2245 2237/2046/2237 2162/2606/2162
f 2236/2042/2236 2325/2607/2325 2327/2608/2327 2242/2043/2242
f 2242/2043/2242 2327/2608/2327 2328/2609/2328 2246/2044/2246
f 2246/2044/2246 2328/2609/2328 2326/2610/2326 2237/2046/2237
f 2325/2607/2325 2384/2611/2384 2386/2612/2386 2327/2608/2327
f 2327/2608/2327 2386/2612/2386 2387/2613/2387 2328/2609/2328
f 2328/2609/2328 2387/2613/2387 2385/2614/2385 2326/2610/2326
f 2384/2611/2384 2462/2615/2462 2464/2616/2464 2386/2612/2386
f 2386/2612/2386 2464/2616/2464 2465/2617/2465 2387/2613/2387
f 2387/2613/2387 2465/2617/2465 2463/2618/2463 2385/2614/2385
f 2462/2615/2462 2545/2619/2545 2547/2620/2547 2464/2616/2464
f 2464/2616/2464 2547/2620/2547 2548/2621/2548 2465/2617/2465
f 2465/2617/2465 2548/2621/2548 2546/2622/2546 2463/2618/2463
f 2545/2619/2545 1499/2567/1499 1501/2570/1501 2547/2620/2547
f 2547/2620/2547 1501/2570/1501 1500/2572/1500 2548/2621/2548
f 2548/2621/2548 1500/2572/1500 1498/2574/1498 2546/2622/2546
f 1548/1568/1548 1606/2623/1606 1608/2624/1608 1552/1569/1552
f 1552/1569/1552 1608/2624/1608 1609/2625/1609 1553/1570/1553
f 1553/1570/1553 1609/2625/1609 1607/2626/1607 1549/1571/1549
f 1606/2623/1606 1651/2575/1651 1653/2576/1653 1608/2624/1608
f 1608/2624/1608 1653/2576/1653 1652/2577/1652 1609/2625/1609
f 1609/2625/1609 1652/2577/1652 1650/2578/1650 1607/2626/1607
f 1755/1713/1755 1809/2579/1809 1811/2582/1811 1759/1714/1759
f 1759/1714/1759 1811/2582/1811 1810/2584/1810 1760/1715/1760
f 1760/1715/1760 1810/2584/1810 1808/2586/1808 1756/1716/1756
f 1865/1799/1865 1900/2627/1900 1902/2628/1902 1869/1800/1869
f 1869/1800/1869 1902/2628/1902 1903/2629/1903 1870/1801/1870
f 1870/1801/1870 1903/2629/1903 1901/2630/1901 1866/1802/1866
f 1900/2627/1900 1972/1856/1972 1977/1855/1977 1902/2628/1902
f 1902/2628/1902 1977/1855/1977 1976/1854/1976 1903/2629/1903
f 1903/2629/1903 1976/1854/1976 1971/1853/1971 1901/2630/1901
f 2024/2631/2024 2071/2632/2071 2073/2633/2073 2026/2634/2026
f 2026/2634/2026 2073/2633/2073 2074/2635/2074 2025/2636/2025
f 2025/2636/2025 2074/2635/2074 2072/2637/2072 2023/2638/2023
f 2046/2591/2046 2084/1922/2084 2088/1921/2088 2048/2592/2048
f 2048/2592/2048 2088/1921/2088 2087/1920/2087 2049/2593/2049
f 2049/2593/2049 2087/1920/2087 2083/1919/2083 2047/2594/2047
f 2071/2632/2071 2147/2639/2147 2149/2640/2149 2073/2633/2073
f 2073/2633/2073 2149/2640/2149 2150/2641/2150 2074/2635/2074
f 2074/2635/2074 2150/2641/2150 2148/2642/2148 2072/2637/2072
f 2147/2639/2147 2203/2643/2203 2205/2644/2205 2149/2640/2149
f 2149/2640/2149 2205/2644/2205 2206/2645/2206 2150/2641/2150
f 2150/2641/2150 2206/2645/2206 2204/2646/2204 2148/2642/2148
f 2190/2003/2190 2222/2025/2222 2227/2024/2227 2195/2004/2195
f 2195/2004/2195 2227/2024/2227 2226/2023/2226 2196/2005/2196
f 2196/2005/2196 2226/2023/2226 2221/2022/2221 2191/2006/2191
f 2203/2643/2203 2277/2647/2277 2279/2648/2279 2205/2644/2205
f 2205/2644/2205 2279/2648/2279 2280/2649/2280 2206/2645/2206
f 2206/2645/2206 2280/2649/2280 2278/2650/2278 2204/2646/2204
f 2277/2647/2277 2369/2159/2369 2373/2158/2373 2279/2648/2279
f 2279/2648/2279 2373/2158/2373 2372/2157/2372 2280/2649/2280
f 2280/2649/2280 2372/2157/2372 2368/2156/2368 2278/2650/2278
f 2393/2651/2393 2425/2652/2425 2427/2653/2427 2395/2654/2395
f 2395/2654/2395 2427/2653/2427 2428/2655/2428 2394/2656/2394
f 2394/2656/2394 2428/2655/2428 2426/2657/2426 2392/2658/2392
f 2404/2168/2404 2429/2659/2429 2431/2660/2431 2409/2169/2409
f 2409/2169/2409 2431/2660/2431 2432/2661/2432 2410/2170/2410
f 2410/2170/2410 2432/2661/2432 2430/2662/2430 2405/2171/2405
f 2429/2659/2429 2497/2228/2497 2502/2227/2502 2431/2660/2431
f 2431/2660/2431 2502/2227/2502 2501/2226/2501 2432/2661/2432
f 2432/2661/2432 2501/2226/2501 2496/2225/2496 2430/2662/2430
f 2425/2652/2425 2514/2241/2514 2519/2240/2519 2427/2653/2427
f 2427/2653/2427 2519/2240/2519 2518/2239/2518 2428/2655/2428
f 2428/2655/2428 2518/2239/2518 2513/2238/2513 2426/2657/2426
f 1503/2663/1503 1522/2664/1522 1524/2665/1524 1505/2666/1505
f 1505/2666/1505 1524/2665/1524 1525/2667/1525 1504/2668/1504
f 1504/2668/1504 1525/2667/1525 1523/2669/1523 1502/2670/1502
f 1522/2664/1522 1576/2671/1576 1578/2672/1578 1524/2665/1524
f 1524/2665/1524 1578/2672/1578 1579/2673/1579 1525/2667/1525
f 1525/2667/1525 1579/2673/1579 1577/2674/1577 1523/2669/1523
f 1576/2671/1576 1628/2275/1628 1630/2278/1630 1578/2672/1578
f 1578/2672/1578 1630/2278/1630 1629/2675/1629 1579/2673/1579
f 1579/2673/1579 1629/2675/1629 1627/2676/1627 1577/2674/1577
f 1654/2276/1654 1706/2677/1706 1708/2678/1708 1656/2277/1656
f 1656/2277/1656 1708/2678/1708 1709/2679/1709 1657/2680/1657
f 1657/2680/1657 1709/2679/1709 1707/2681/1707 1655/2682/1655
f 1706/2677/1706 1733/2683/1733 1735/2684/1735 1708/2678/1708
f 1708/2678/1708 1735/2684/1735 1736/2685/1736 1709/2679/1709
f 1709/2679/1709 1736/2685/1736 1734/2686/1734 1707/2681/1707
f 1733/2683/1733 1805/2303/1805 1807/2306/1807 1735/2684/1735
f 1735/2684/1735 1807/2306/1807 1806/2687/1806 1736/2685/1736
f 1736/2685/1736 1806/2687/1806 1804/2688/1804 1734/2686/1734
f 1892/2313/1892 1936/2689/1936 1938/2690/1938 1894/2314/1894
f 1894/2314/1894 1938/2690/1938 1937/2691/1937 1895/2692/1895
f 1895/2692/1895 1937/2691/1937 1935/2693/1935 1893/2694/1893
f 1978/2695/1978 2024/2631/2024 2026/2634/2026 1980/2696/1980
f 1980/2696/1980 2026/2634/2026 2025/2636/2025 1981/2697/1981
f 1981/2697/1981 2025/2636/2025 2023/2638/2023 1979/2698/1979
f 2102/2699/2102 2165/2700/2165 2167/2701/2167 2104/2702/2104
f 2104/2702/2104 2167/2701/2167 2168/2703/2168 2103/2704/2103
f 2103/2704/2103 2168/2703/2168 2166/2705/2166 2101/2706/2101
f 2165/2700/2165 2252/2055/2252 2257/2054/2257 2167/2701/2167
f 2167/2701/2167 2257/2054/2257 2256/2053/2256 2168/2703/2168
f 2168/2703/2168 2256/2053/2256 2251/2052/2251 2166/2705/2166
f 2281/2078/2281 2331/2127/2331 2340/2125/2340 2284/2707/2284
f 2284/2707/2284 2340/2125/2340 2336/2122/2336 2285/2708/2285
f 2285/2708/2285 2336/2122/2336 2330/2121/2330 2282/2709/2282
f 2331/2127/2331 2393/2651/2393 2395/2654/2395 2339/2128/2339
f 2339/2128/2339 2395/2654/2395 2394/2656/2394 2343/2129/2343
f 2343/2129/2343 2394/2656/2394 2392/2658/2392 2332/2710/2332
f 1514/2488/1514 1573/2543/1573 1575/2546/1575 1516/2489/1516
f 1516/2489/1516 1575/2546/1575 1574/2548/1574 1517/2491/1517
f 1517/2491/1517 1574/2548/1574 1572/2550/1572 1515/2493/1515
f 1566/1582/1566 1601/1611/1601 1605/1610/1605 1570/1583/1570
f 1570/1583/1570 1605/1610/1605 1604/1609/1604 1571/1584/1571
f 1571/1584/1571 1604/1609/1604 1600/1608/1600 1567/1585/1567
f 1714/1675/1714 1695/2401/1695 1697/2400/1697 1717/1676/1717
f 1717/1676/1717 1697/2400/1697 1696/2399/1696 1718/2711/1718
f 1718/2711/1718 1696/2399/1696 1694/2398/1694 1715/2712/1715
f 1768/1726/1768 1816/1758/1816 1821/1761/1821 1771/1727/1771
f 1771/1727/1771 1821/1761/1821 1829/1773/1829 1775/1730/1775
f 1775/1730/1775 1829/1773/1829 1819/1772/1819 1769/1732/1769
f 1787/1745/1787 1862/2555/1862 1864/2556/1864 1792/1746/1792
f 1792/1746/1792 1864/2556/1864 1863/2557/1863 1793/1747/1793
f 1793/1747/1793 1863/2557/1863 1861/2558/1861 1788/1748/1788
f 1832/1774/1832 1885/2407/1885 1887/2410/1887 1837/1775/1837
f 1837/1775/1837 1887/2410/1887 1886/2412/1886 1838/1776/1838
f 1838/1776/1838 1886/2412/1886 1884/2414/1884 1833/1777/1833
f 1871/1805/1871 1905/1821/1905 1910/1820/1910 1875/1806/1875
f 1875/1806/1875 1910/1820/1910 1909/1819/1909 1876/1807/1876
f 1876/1807/1876 1909/1819/1909 1904/1818/1904 1872/1808/1872
f 1932/2713/1932 1935/2693/1935 1937/2691/1937 1934/2714/1934
f 1934/2714/1934 1937/2691/1937 1938/2690/1938 1933/2329/1933
f 1933/2329/1933 1938/2690/1938 1936/2689/1936 1931/2326/1931
f 2056/2349/2056 2102/2699/2102 2104/2702/2104 2058/2350/2058
f 2058/2350/2058 2104/2702/2104 2103/2704/2103 2059/2715/2059
f 2059/2715/2059 2103/2704/2103 2101/2706/2101 2057/2716/2057
f 2175/1988/2175 2271/2074/2271 2276/2073/2276 2180/1989/2180
f 2180/1989/2180 2276/2073/2276 2275/2072/2275 2181/1990/2181
f 2181/1990/2181 2275/2072/2275 2270/2071/2270 2176/1991/2176
f 2235/2036/2235 2297/2091/2297 2301/2094/2301 2239/2037/2239
f 2239/2037/2239 2301/2094/2301 2306/2102/2306 2243/2040/2243
f 2243/2040/2243 2306/2102/2306 2299/2101/2299 2236/2042/2236
f 2321/2563/2321 2260/2069/2260 2268/2067/2268 2323/2564/2323
f 2323/2564/2323 2268/2067/2268 2264/2066/2264 2324/2565/2324
f 2324/2565/2324 2264/2066/2264 2259/2065/2259 2322/2566/2322
f 2311/2113/2311 2329/2115/2329 2334/2118/2334 2318/2114/2318
f 2318/2114/2318 2334/2118/2334 2342/2132/2342 2313/2106/2313
f 2313/2106/2313 2342/2132/2342 2332/2131/2332 2309/2103/2309
f 2290/2084/2290 2355/2145/2355 2359/2144/2359 2295/2085/2295
f 2295/2085/2295 2359/2144/2359 2358/2143/2358 2296/2086/2296
f 2296/2086/2296 2358/2143/2358 2354/2142/2354 2291/2087/2291
f 2345/2136/2345 2389/2446/2389 2391/2449/2391 2348/2137/2348
f 2348/2137/2348 2391/2449/2391 2390/2451/2390 2349/2717/2349
f 2349/2717/2349 2390/2451/2390 2388/2453/2388 2346/2718/2346
f 2458/2383/2458 2503/2719/2503 2505/2720/2505 2460/2384/2460
f 2460/2384/2460 2505/2720/2505 2506/2721/2506 2461/2385/2461
f 2461/2385/2461 2506/2721/2506 2504/2722/2504 2459/2386/2459
f 2503/2719/2503 2525/2248/2525 2530/2247/2530 2505/2720/2505
f 2505/2720/2505 2530/2247/2530 2529/2246/2529 2506/2721/2506
f 2506/2721/2506 2529/2246/2529 2524/2245/2524 2504/2722/2504
f 2549/2388/2549 1503/2663/1503 1505/2666/1505 2551/2389/2551
f 2551/2391/2551 1505/2723/1505 1504/2724/1504 2552/2392/2552
f 2552/2392/2552 1504/2724/1504 1502/2725/1502 2550/2393/2550
f 1506/2502/1506 2554/2534/2554 2556/2533/2556 1508/2500/1508
f 1508/2500/1508 2556/2533/2556 2555/2532/2555 1509/2498/1509
f 1509/2498/1509 2555/2532/2555 2553/2531/2553 1507/2495/1507
f 2542/2265/2542 2541/2264/2541 1436/1525/1436 1495/2487/1495
f 1494/2494/1494 1499/2567/1499 2545/2619/2545
f 2539/2260/2539 2542/2265/2542 1495/2487/1495 2437/2181/2437
f 2438/2184/2438 1494/2494/1494 2545/2619/2545
f 1442/1532/1442 1514/2488/1514 1495/2487/1495
f 1442/1532/1442 1495/2487/1495 1436/1525/1436
f 1494/2494/1494 1515/2493/1515 1499/2567/1499
f 1503/2663/1503 2549/2388/2549 2546/2622/2546 1498/2574/1498
f 1498/2574/1498 1522/2664/1522 1503/2663/1503
f 1515/2493/1515 1518/2568/1518 1499/2567/1499
f 1498/2574/1498 1519/2573/1519 1522/2664/1522
f 2559/2268/2559 2558/2469/2558 2550/2393/2550 1502/2725/1502 1437/1530/1437
f 1502/2725/1502 1443/1528/1443 1437/1530/1437
f 1523/2669/1523 1443/2726/1443 1502/2670/1502
f 2553/2531/2553 1437/1530/1437 1507/2495/1507
f 1444/1529/1444 1507/2495/1507 1437/1530/1437
f 2554/2534/2554 1506/2502/1506 1511/2535/1511
f 1506/2502/1506 1539/2501/1539 1511/2535/1511
f 1444/1529/1444 1538/2496/1538 1507/2495/1507
f 1539/2501/1539 1562/2536/1562 1511/2535/1511
f 1510/2542/1510 1438/1526/1438 1493/1549/1493
f 1510/2542/1510 1447/1540/1447 1438/1526/1438
f 1563/2541/1563 1447/1540/1447 1510/2542/1510
f 2554/2534/2554 1511/2535/1511 2488/2217/2488
f 1510/2542/1510 1493/1549/1493 2489/2220/2489
f 1446/1531/1446 1573/2543/1573 1514/2488/1514
f 1572/2550/1572 1518/2568/1518 1515/2493/1515
f 1446/1531/1446 1514/2488/1514 1442/1532/1442
f 1519/2573/1519 1551/1573/1551 1550/1572/1550 1522/2664/1522
f 1580/1588/1580 1548/1568/1548 1551/1573/1551 1519/2573/1519
f 1572/2550/1572 1581/1591/1581 1518/2568/1518
f 1550/1572/1550 1549/1571/1549 1576/2671/1576 1522/2664/1522
f 1523/2669/1523 1535/2727/1535 1534/2728/1534 1443/2726/1443
f 1577/2674/1577 1532/2271/1532 1535/2727/1535 1523/2669/1523
f 1528/1554/1528 1527/1553/1527 1446/1531/1446 1441/1524/1441
f 1542/1562/1542 1446/1531/1446 1527/1553/1527
f 1445/1527/1445 1526/1550/1526 1529/1555/1529 1440/1521/1440
f 1445/1527/1445 1543/1565/1543 1526/1550/1526
f 1529/1555/1529 1528/1554/1528 1441/1524/1441 1440/1521/1440
f 1587/1595/1587 1554/1574/1554 1559/1581/1559 1533/1559/1533
f 1534/1560/1534 1533/1559/1533 1559/1581/1559 1558/1580/1558 1443/1528/1443
f 1577/2674/1577 1588/2272/1588 1532/2271/1532
f 1593/1601/1593 1562/2536/1562 1539/2501/1539
f 1556/1578/1556 1555/1577/1555 1594/1604/1594 1538/2496/1538
f 1557/1579/1557 1556/1578/1556 1538/2496/1538 1444/1529/1444
f 1542/1562/1542 1545/1567/1545 1569/1587/1569 1568/1586/1568 1446/1531/1446
f 1445/1527/1445 1448/1541/1448 1544/1566/1544 1543/1565/1543
f 1448/1541/1448 1566/1582/1566 1569/1587/1569 1545/1567/1545 1544/1566/1544
f 1607/2626/1607 1576/2671/1576 1549/1571/1549
f 1580/1588/1580 1584/1594/1584 1606/2623/1606 1548/1568/1548
f 1443/1528/1443 1558/1580/1558 1557/1579/1557 1444/1529/1444
f 1587/1595/1587 1590/1600/1590 1611/1617/1611 1554/1574/1554
f 1555/1577/1555 1610/1614/1610 1595/1605/1595 1594/1604/1594
f 1593/1601/1593 1597/1607/1597 1646/2551/1646 1562/2536/1562
f 1563/2541/1563 1616/1620/1616 1620/1626/1620 1447/1540/1447
f 1666/1652/1666 1616/1620/1616 1563/2541/1563 1647/2554/1647
f 1568/1586/1568 1567/1585/1567 1449/2729/1449 1446/1531/1446
f 1601/1611/1601 1566/1582/1566 1448/1541/1448 1451/2730/1451
f 1600/1608/1600 1449/2729/1449 1567/1585/1567
f 1446/1531/1446 1449/2729/1449 1573/2543/1573
f 1449/2729/1449 1450/2731/1450 1573/2543/1573
f 1450/2731/1450 1623/2544/1623 1573/2543/1573
f 1572/2550/1572 1624/2549/1624 1582/1592/1582 1581/1591/1581
f 1607/2626/1607 1628/2275/1628 1576/2671/1576
f 1627/2676/1627 1589/2732/1589 1588/2272/1588 1577/2674/1577
f 1624/2549/1624 1651/2575/1651 1583/1593/1583 1582/1592/1582
f 1584/1594/1584 1583/1593/1583 1651/2575/1651 1606/2623/1606
f 1612/1618/1612 1611/1617/1611 1590/1600/1590 1589/1599/1589 1627/2284/1627 1452/2733/1452
f 1661/1647/1661 1660/1646/1660 1596/1606/1596 1595/1605/1595 1610/1614/1610 1613/1619/1613
f 1660/1646/1660 1659/1645/1659 1646/2551/1646 1597/1607/1597 1596/1606/1596
f 1451/2730/1451 1635/1633/1635 1634/1632/1634 1602/1612/1602 1601/1611/1601
f 1634/1632/1634 1633/1631/1633 1639/1635/1639 1643/1641/1643 1603/1613/1603 1602/1612/1602
f 1643/1641/1643 1642/1640/1642 1449/2729/1449 1600/1608/1600 1603/1613/1603
f 1650/2578/1650 1628/2275/1628 1607/2626/1607
f 1452/2733/1452 1662/1648/1662 1661/1647/1661 1613/1619/1613 1612/1618/1612
f 1620/1626/1620 1619/1625/1619 1448/1541/1448 1447/1540/1447
f 1665/1649/1665 1631/1627/1631 1636/1634/1636 1617/1623/1617
f 1448/1541/1448 1619/1625/1619 1618/1624/1618 1451/2730/1451
f 1618/1624/1618 1617/1623/1617 1636/1634/1636 1635/1633/1635 1451/2730/1451
f 1624/2549/1624 1698/1667/1698 1651/2575/1651
f 1453/2734/1453 1699/1670/1699 1623/2544/1623
f 1453/2734/1453 1623/2544/1623 1450/2731/1450
f 1655/2283/1655 1452/2733/1452 1627/2284/1627
f 1650/2578/1650 1654/2276/1654 1628/2275/1628
f 1633/1631/1633 1632/1630/1632 1671/2394/1671 1639/1635/1639
f 1676/2288/1676 1671/2394/1671 1632/1630/1632
f 1665/1649/1665 1668/1654/1668 1675/2285/1675 1631/1627/1631
f 1640/1638/1640 1672/2397/1672 1453/2734/1453
f 1449/2729/1449 1642/1640/1642 1641/1639/1641 1450/2731/1450
f 1641/1639/1641 1640/1638/1640 1453/2734/1453 1450/2731/1450
f 1737/1695/1737 1459/1533/1459 1647/2554/1647
f 1667/1653/1667 1666/1652/1666 1647/2554/1647 1456/1535/1456
f 1659/1645/1659 1685/2506/1685 1646/2551/1646
f 1647/2554/1647 1459/1533/1459 1456/1535/1456
f 1685/2506/1685 1738/1698/1738 1646/2551/1646
f 1698/1667/1698 1703/1674/1703 1720/1684/1720 1651/2575/1651
f 1719/1681/1719 1454/2735/1454 1650/2578/1650
f 1454/2735/1454 1654/2276/1654 1650/2578/1650
f 1452/2733/1452 1655/2283/1655 1681/1657/1681 1680/2297/1680 1455/1544/1455
f 1707/2681/1707 1679/2289/1679 1681/2736/1681 1655/2682/1655
f 1454/2735/1454 1706/2677/1706 1654/2276/1654
f 1455/1544/1455 1684/2503/1684 1658/1642/1658
f 1455/1544/1455 1658/1642/1658 1662/1648/1662 1452/2733/1452
f 1675/2285/1675 1668/1654/1668 1667/1653/1667 1456/1535/1456 1689/1664/1689
f 1695/2401/1695 1453/2734/1453 1672/2397/1672
f 1671/2394/1671 1676/2288/1676 1688/1661/1688 1694/2398/1694
f 1455/1544/1455 1680/2297/1680 1711/2296/1711 1457/1542/1457
f 1707/2681/1707 1710/2290/1710 1679/2289/1679
f 1455/1544/1455 1458/1543/1458 1684/2503/1684
f 1768/1726/1768 1684/2503/1684 1458/1543/1458 1763/1723/1763 1762/1722/1762
f 1770/1736/1770 1739/1699/1739 1738/1698/1738 1685/2506/1685
f 1461/2737/1461 1694/2398/1694 1688/1661/1688 1691/1666/1691
f 1456/1535/1456 1460/1536/1460 1690/1665/1690 1689/1664/1689
f 1460/1536/1460 1461/2737/1461 1691/1666/1691 1690/1665/1690
f 1694/2398/1694 1461/2737/1461 1715/2712/1715
f 1462/2738/1462 1453/2734/1453 1695/2401/1695 1714/1675/1714
f 1703/1674/1703 1702/1673/1702 1464/2739/1464 1721/1685/1721 1720/1684/1720
f 1702/1673/1702 1701/1672/1701 1790/1750/1790 1789/1749/1789 1464/2739/1464
f 1462/2738/1462 1791/1751/1791 1790/1750/1790 1701/1672/1701 1700/1671/1700
f 1462/2738/1462 1700/1671/1700 1699/1670/1699 1453/2734/1453
f 1724/1688/1724 1723/1687/1723 1733/2683/1733 1706/2677/1706
f 1707/2681/1707 1734/2686/1734 1710/2290/1710
f 1719/1681/1719 1724/1688/1724 1706/2677/1706 1454/2735/1454
f 1711/2296/1711 1795/2302/1795 1457/1542/1457
f 1734/2686/1734 1794/2298/1794 1710/2290/1710
f 1750/1710/1750 1749/1709/1749 1462/2738/1462 1714/1675/1714 1716/1677/1716
f 1751/1711/1751 1750/1710/1750 1716/1677/1716 1715/2712/1715 1461/2737/1461
f 1758/1718/1758 1757/1717/1757 1733/2683/1733 1723/1687/1723 1722/1686/1722
f 1722/1686/1722 1721/1685/1721 1464/2739/1464 1755/1713/1755 1758/1718/1758
f 1729/1693/1729 1728/1692/1728 1752/1712/1752 1751/1711/1751 1461/2737/1461
f 1780/1738/1780 1747/1705/1747 1752/1712/1752 1728/1692/1728
f 1463/1534/1463 1781/1741/1781 1727/1689/1727
f 1463/1534/1463 1727/1689/1727 1730/1694/1730 1460/1536/1460
f 1730/1694/1730 1729/1693/1729 1461/2737/1461 1460/1536/1460
f 1804/2688/1804 1794/2298/1794 1734/2686/1734
f 1757/1717/1757 1756/1716/1756 1805/2303/1805 1733/2683/1733
f 1742/1702/1742 1741/1701/1741 1470/2740/1470 1871/1805/1871 1874/1810/1874
f 1770/1736/1770 1851/1797/1851 1740/1700/1740 1739/1699/1739
f 1737/1695/1737 1744/1704/1744 1463/1534/1463 1459/1533/1459
f 1744/1704/1744 1743/1703/1743 1465/1539/1465 1463/1534/1463
f 1465/1539/1465 1743/1703/1743 1742/1702/1742 1874/1810/1874 1873/1809/1873 1469/1537/1469
f 1851/1797/1851 1470/2740/1470 1741/1701/1741 1740/1700/1740
f 1798/1752/1798 1467/2741/1467 1748/1708/1748
f 1749/1709/1749 1748/1708/1748 1467/2741/1467 1462/2738/1462
f 1780/1738/1780 1784/1744/1784 1799/1755/1799 1747/1705/1747
f 1464/2739/1464 1809/2579/1809 1755/1713/1755
f 1808/2586/1808 1805/2303/1805 1756/1716/1756
f 1816/1758/1816 1768/1726/1768 1762/1722/1762
f 1795/2302/1795 1765/1725/1765 1764/1724/1764 1457/1542/1457
f 1813/2406/1813 1761/1719/1761 1765/1725/1765 1795/2302/1795
f 1813/2406/1813 1817/1764/1817 1761/1719/1761
f 1457/1542/1457 1764/1724/1764 1763/1723/1763 1458/1543/1458
f 1819/1772/1819 1849/1787/1849 1769/1732/1769
f 1466/1538/1466 1800/1756/1800 1799/1755/1799 1784/1744/1784 1783/1743/1783
f 1465/1539/1465 1782/1742/1782 1781/1741/1781 1463/1534/1463
f 1465/1539/1465 1466/1538/1466 1783/1743/1783 1782/1742/1782
f 1467/2741/1467 1787/1745/1787 1791/1751/1791 1462/2738/1462
f 1862/2555/1862 1787/1745/1787 1467/2741/1467
f 1789/1749/1789 1788/1748/1788 1809/2579/1809 1464/2739/1464
f 1861/2558/1861 1809/2579/1809 1788/1748/1788
f 1804/2312/1804 1812/2403/1812 1794/2402/1794
f 1468/1545/1468 1467/2741/1467 1798/1752/1798 1801/1757/1801
f 1466/1538/1466 1468/1545/1468 1801/1757/1801 1800/1756/1800
f 1812/2403/1812 1804/2312/1804 1840/2311/1840 1844/1784/1844
f 1808/2586/1808 1839/2304/1839 1805/2303/1805
f 1868/1804/1868 1867/1803/1867 1839/2304/1839 1808/2586/1808
f 1861/2558/1861 1888/2580/1888 1809/2579/1809
f 1889/2585/1889 1865/1799/1865 1868/1804/1868 1808/2586/1808
f 1843/1781/1843 1817/1764/1817 1813/2406/1813
f 1818/1768/1818 1897/2474/1897 1850/1793/1850
f 1843/1781/1843 1846/1786/1846 1896/2471/1896 1817/1764/1817
f 1836/1780/1836 1835/1779/1835 1862/2555/1862 1467/2741/1467
f 1835/1779/1835 1834/1778/1834 1919/1825/1919 1862/2555/1862
f 1916/2413/1916 1919/1825/1919 1834/1778/1834 1833/1777/1833
f 1885/2407/1885 1832/1774/1832 1468/1545/1468
f 1884/2414/1884 1916/2413/1916 1833/1777/1833
f 1468/1545/1468 1832/1774/1832 1836/1780/1836 1467/2741/1467
f 1840/2311/1840 1893/2317/1893 1845/1785/1845 1844/1784/1844
f 1867/1803/1867 1866/1802/1866 1892/2313/1892 1839/2304/1839
f 1893/2317/1893 1896/2471/1896 1846/1786/1846 1845/1785/1845
f 1963/2507/1963 1850/1793/1850 1897/2474/1897 1960/2478/1960
f 1470/2740/1470 1851/1797/1851 1964/2510/1964 1473/2742/1473
f 1921/1835/1921 1888/2580/1888 1861/2558/1861
f 1866/1802/1866 1901/2630/1901 1892/2313/1892
f 1889/2585/1889 1900/2627/1900 1865/1799/1865
f 1470/2740/1470 1905/1821/1905 1871/1805/1871
f 1873/1809/1873 1872/1808/1872 1881/1817/1881 1880/1816/1880 1469/1537/1469
f 1872/1808/1872 1904/1818/1904 1877/1811/1877 1881/1817/1881
f 1468/1545/1468 1879/1815/1879 1878/1814/1878 1885/2407/1885
f 1878/1814/1878 1912/2321/1912 1885/2407/1885
f 1904/1818/1904 1908/1824/1908 1911/2318/1911 1877/1811/1877
f 1880/1816/1880 1879/1815/1879 1468/1545/1468 1469/1537/1469
f 1912/2321/1912 1915/2408/1915 1885/2407/1885
f 1921/1835/1921 1943/1837/1943 1888/2580/1888
f 1946/1851/1946 1900/2627/1900 1889/2585/1889
f 1932/2335/1932 1896/2471/1896 1893/2317/1893
f 1901/2630/1901 1936/2689/1936 1892/2313/1892
f 1935/2693/1935 1932/2713/1932 1893/2694/1893
f 1932/2335/1932 1959/2475/1959 1896/2471/1896
f 1901/2630/1901 1971/1853/1971 1936/2689/1936
f 1946/1851/1946 1972/1856/1972 1900/2627/1900
f 1473/2742/1473 1471/2743/1471 1907/1823/1907 1906/1822/1906
f 1473/2742/1473 1906/1822/1906 1905/1821/1905 1470/2740/1470
f 1908/1824/1908 1907/1823/1907 1471/2743/1471 1911/2318/1911
f 1940/2325/1940 1915/2408/1915 1912/2321/1912
f 1471/2743/1471 1939/2322/1939 1911/2318/1911
f 1916/2413/1916 1472/2744/1472 1919/1825/1919
f 1916/2413/1916 1967/2422/1967 1472/2744/1472
f 1940/2325/1940 1968/2415/1968 1915/2408/1915
f 1920/1831/1920 2019/2562/2019 1944/1843/1944
f 1472/2744/1472 2020/2559/2020 1919/1825/1919
f 1979/2334/1979 1959/2475/1959 1932/2335/1932
f 1936/2689/1936 1978/2327/1978 1931/2326/1931
f 1971/1853/1971 1975/1859/1975 1978/2327/1978 1936/2689/1936
f 1983/2339/1983 1968/2415/1968 1940/2325/1940
f 1471/2743/1471 1993/2745/1993 1992/2746/1992 1939/2322/1939
f 1992/2746/1992 1991/2747/1991 1982/2336/1982 1939/2322/1939
f 2020/2559/2020 2001/2587/2001 1945/1847/1945
f 1946/1851/1946 2002/2590/2002 1973/1857/1973 1972/1856/1972
f 1986/2482/1986 1963/2507/1963 1960/2478/1960
f 1979/2334/1979 1987/2479/1987 1959/2475/1959
f 1964/2510/1964 2015/2748/2015 2014/2749/2014 1473/2742/1473
f 2033/1887/2033 2016/1880/2016 2015/1879/2015 1964/2516/1964
f 1963/2511/1963 1986/2426/1986 2027/1881/2027 2034/2512/2034
f 1983/2339/1983 1997/2416/1997 1968/2415/1968
f 1998/2421/1998 1472/2744/1472 1967/2422/1967
f 2002/2602/2002 2024/2631/2024 1974/2750/1974 1973/2751/1973
f 1975/2752/1975 1974/2750/1974 2024/2631/2024 1978/2695/1978
f 2008/2753/2008 2007/2754/2007 1987/2479/1987 1979/2334/1979
f 2023/2638/2023 2005/2348/2005 2008/2755/2008 1979/2698/1979
f 1997/2427/1997 1983/2347/1983 2039/2346/2039 2042/2428/2042
f 2038/2341/2038 1982/2340/1982 1991/1863/1991 2047/2594/2047
f 2007/1871/2007 2006/1870/2006 2028/1884/2028 1987/2423/1987
f 1473/2742/1473 2014/2749/2014 2013/2756/2013 1990/2757/1990 1994/2758/1994
f 2013/1877/2013 2012/1876/2012 2046/2591/2046 1990/1860/1990
f 1473/2742/1473 1994/2758/1994 1993/2745/1993 1471/2743/1471
f 1998/2434/1998 2043/2433/2043 2020/2759/2020
f 1998/2434/1998 2020/2759/2020 1472/2760/1472
f 2020/2759/2020 2053/1898/2053 2052/1897/2052 2001/2595/2001
f 2052/1897/2052 2051/1896/2051 2089/2596/2089 2001/2595/2001
f 2002/2602/2002 2071/2632/2071 2024/2631/2024
f 2002/2602/2002 2090/2601/2090 2071/2632/2071
f 1474/2761/1474 2029/1885/2029 2028/1884/2028 2006/1870/2006 2057/2354/2057
f 2023/2638/2023 2056/2349/2056 2005/2348/2005
f 2093/1925/2093 2046/2591/2046 2012/1876/2012
f 2033/1887/2033 2035/1889/2035 2078/1916/2078 2077/1915/2077 2011/1873/2011 2016/1880/2016
f 2077/1915/2077 2076/1914/2076 2094/1928/2094 2011/1873/2011
f 2065/1905/2065 2020/2759/2020 2043/2433/2043
f 1475/2762/1475 2050/1893/2050 2053/1898/2053 2020/2759/2020
f 2065/1905/2065 2068/1910/2068 1475/2762/1475 2020/2759/2020
f 2023/2638/2023 2072/2637/2072 2056/2349/2056
f 1474/2761/1474 2080/1918/2080 2079/1917/2079 2030/1886/2030 2029/1885/2029
f 2027/1881/2027 2030/1886/2030 2079/1917/2079 2078/1916/2078 2035/1889/2035 2034/2512/2034
f 2066/1908/2066 2042/2428/2042 2039/2346/2039 2060/1899/2060
f 2047/2594/2047 2083/1919/2083 2038/2341/2038
f 2083/1919/2083 2086/1924/2086 1476/2763/1476 2038/2341/2038
f 1476/2763/1476 2061/2355/2061 2038/2341/2038
f 1478/2764/1478 2084/1922/2084 2046/2591/2046
f 2093/1925/2093 2098/1932/2098 1478/2764/1478 2046/2591/2046
f 2051/1896/2051 2137/1974/2137 2089/2596/2089
f 2050/1893/2050 1475/2762/1475 1480/2765/1480 2135/1964/2135
f 2057/2354/2057 2108/1938/2108 2107/1937/2107 1474/2761/1474
f 2072/2637/2072 2102/2699/2102 2056/2349/2056
f 2101/2706/2101 2105/2358/2105 2108/2766/2108 2057/2716/2057
f 1477/2767/1477 2067/1909/2067 2066/1908/2066 2060/1899/2060 2062/1901/2062
f 1476/2763/1476 1477/2767/1477 2062/1901/2062 2061/2355/2061
f 2068/1910/2068 2067/1909/2067 1477/2767/1477 1475/2762/1475
f 2090/2601/2090 2147/2639/2147 2071/2632/2071
f 2148/2642/2148 2102/2699/2102 2072/2637/2072
f 2113/1943/2113 2112/1942/2112 2118/2517/2118 2075/1911/2075
f 2117/1945/2117 2095/1929/2095 2094/1928/2094 2076/1914/2076
f 2075/1911/2075 2080/1918/2080 1474/2761/1474 2107/1937/2107 2106/1936/2106 2114/1944/2114 2113/1943/2113
f 1479/2768/1479 1476/2763/1476 2086/1924/2086 2085/1923/2085
f 1478/2764/1478 1479/2768/1479 2085/1923/2085 2084/1922/2084
f 2137/1974/2137 2161/2603/2161 2089/2596/2089
f 2090/2601/2090 2162/2606/2162 2147/2639/2147
f 2098/1932/2098 2097/1931/2097 2186/2001/2186 2185/2000/2185 1478/2764/1478
f 2212/2486/2212 2096/1930/2096 2095/1929/2095 2117/1945/2117 2119/1947/2119
f 2212/2486/2212 2187/2002/2187 2186/2001/2186 2097/1931/2097 2096/1930/2096
f 2148/2642/2148 2165/2700/2165 2102/2699/2102
f 2101/2706/2101 2151/2359/2151 2105/2358/2105
f 2166/2705/2166 2151/2359/2151 2101/2706/2101
f 2152/2364/2152 2111/1939/2111 2114/1944/2114 2106/1936/2106
f 2212/2486/2212 2119/1947/2119 2118/2517/2118 2112/1942/2112
f 2152/2364/2152 2211/2483/2211 2111/1939/2111
f 2125/1956/2125 2124/1955/2124 2129/1958/2129 2132/1963/2132 1477/2767/1477
f 2124/1955/2124 2123/1954/2123 2156/1979/2156 2129/1958/2129
f 2169/1982/2169 2157/1980/2157 2156/1979/2156 2123/1954/2123
f 2170/1985/2170 2122/1951/2122 1479/2768/1479 2192/2007/2192 2191/2006/2191
f 1479/2768/1479 2122/1951/2122 2126/1957/2126 1476/2763/1476
f 1476/2763/1476 2126/1957/2126 2125/1956/2125 1477/2767/1477
f 1480/2765/1480 2130/1961/2130 2155/1976/2155 2178/1993/2178 2177/1992/2177
f 1475/2762/1475 2131/1962/2131 2130/1961/2130 1480/2765/1480
f 2132/1963/2132 2131/1962/2131 1475/2762/1475 1477/2767/1477
f 1480/2765/1480 2177/1992/2177 2176/1991/2176 2135/1964/2135
f 2270/2071/2270 2135/1964/2135 2176/1991/2176
f 2137/1974/2137 2238/2050/2238 2161/2603/2161
f 2297/2091/2297 2235/2036/2235 2136/1970/2136
f 2270/2071/2270 2274/2077/2274 2298/2097/2298 2135/1964/2135
f 2162/2606/2162 2203/2643/2203 2147/2639/2147
f 2204/2646/2204 2165/2700/2165 2148/2642/2148
f 1481/2769/1481 2207/2436/2207 2151/2435/2151
f 2208/2439/2208 2211/2483/2211 2152/2364/2152
f 2166/2705/2166 1481/2770/1481 2151/2359/2151
f 2199/2014/2199 2198/2013/2198 2179/1994/2179 2178/1993/2178 2155/1976/2155 2158/1981/2158
f 2169/1982/2169 2172/1987/2172 2200/2015/2200 2199/2014/2199 2158/1981/2158 2157/1980/2157
f 2162/2606/2162 2237/2046/2237 2203/2643/2203
f 2204/2646/2204 2252/2055/2252 2165/2700/2165
f 2166/2705/2166 2251/2052/2251 1481/2770/1481
f 2191/2006/2191 2221/2022/2221 2171/1986/2171 2170/1985/2170
f 2221/2022/2221 2225/2028/2225 2197/2010/2197 2200/2015/2200 2172/1987/2172 2171/1986/2171
f 2228/2029/2228 2232/2035/2232 2271/2074/2271 2175/1988/2175
f 2198/2013/2198 2228/2029/2228 2175/1988/2175 2179/1994/2179
f 2193/2008/2193 2192/2007/2192 1479/2768/1479 1478/2764/1478 2185/2000/2185 2184/1999/2184
f 1482/2771/1482 2194/2009/2194 2193/2008/2193 2184/1999/2184 2183/1998/2183
f 2260/2069/2260 2182/1995/2182 2187/2002/2187 2212/2486/2212
f 2260/2069/2260 2321/2563/2321 2182/1995/2182
f 2322/2566/2322 1482/2771/1482 2183/1998/2183
f 2190/2003/2190 1483/2772/1483 2222/2025/2222
f 1482/2771/1482 1483/2772/1483 2190/2003/2190 2194/2009/2194
f 2225/2028/2225 2224/2027/2224 2229/2032/2229 2197/2010/2197
f 2237/2046/2237 2277/2647/2277 2203/2643/2203
f 2253/2056/2253 2252/2055/2252 2204/2646/2204 2278/2650/2278 2281/2078/2281 2283/2080/2283
f 2208/2439/2208 2218/2021/2218 2217/2020/2217 2211/2483/2211
f 2255/2773/2255 2254/2774/2254 2287/2440/2287 2207/2436/2207
f 2208/2439/2208 2286/2369/2286 2215/2016/2215 2218/2021/2218
f 2251/2775/2251 2255/2773/2255 2207/2436/2207 1481/2769/1481
f 2217/2020/2217 2216/2019/2216 2258/2059/2258 2211/2483/2211
f 2286/2369/2286 2311/2113/2311 2215/2016/2215
f 2216/2019/2216 2310/2109/2310 2258/2059/2258
f 1483/2772/1483 2290/2084/2290 2294/2090/2294 2223/2026/2223 2222/2025/2222
f 2294/2090/2294 2293/2089/2293 2230/2033/2230 2229/2032/2229 2224/2027/2224 2223/2026/2223
f 2231/2034/2231 2230/2033/2230 2293/2089/2293 2292/2088/2292 1484/1546/1484
f 1484/1546/1484 2272/2075/2272 2271/2074/2271 2232/2035/2232 2231/2034/2231
f 2326/2610/2326 2277/2647/2277 2237/2046/2237
f 2299/2101/2299 2325/2607/2325 2236/2042/2236
f 2283/2080/2283 2282/2709/2282 2287/2365/2287 2254/2057/2254 2253/2056/2253
f 2258/2059/2258 2310/2109/2310 2347/2138/2347 2346/2718/2346 2350/2519/2350
f 2259/2065/2259 2351/2522/2351 2322/2566/2322
f 1484/1546/1484 1485/1548/1485 2273/2076/2273 2272/2075/2272
f 1485/1548/1485 2298/2097/2298 2274/2077/2274 2273/2076/2273
f 2278/2650/2278 2331/2127/2331 2281/2078/2281
f 2278/2650/2278 2368/2156/2368 2331/2127/2331
f 2326/2610/2326 2369/2159/2369 2277/2647/2277
f 2282/2709/2282 2330/2121/2330 2287/2365/2287
f 2329/2115/2329 2311/2113/2311 2286/2369/2286
f 2292/2088/2292 2291/2087/2291 1486/1547/1486 1484/1546/1484
f 1483/2772/1483 2355/2145/2355 2290/2084/2290
f 2354/2142/2354 1486/1547/1486 2291/2087/2291
f 2361/2151/2361 2298/2097/2298 1485/1548/1485 2380/2166/2380 2379/2165/2379
f 2299/2101/2299 2360/2148/2360 2325/2607/2325
f 2332/2131/2332 2375/2441/2375 2309/2103/2309
f 2374/2379/2374 2345/2136/2345 2347/2138/2347 2310/2109/2310
f 1490/2776/1490 2322/2566/2322 2351/2522/2351 2401/2526/2401
f 1490/2776/1490 1489/2777/1489 2322/2566/2322
f 2322/2566/2322 1483/2772/1483 1482/2771/1482
f 2322/2566/2322 1487/2778/1487 1483/2772/1483
f 1489/2777/1489 1487/2778/1487 2322/2566/2322
f 2360/2148/2360 2365/2155/2365 2384/2611/2384 2325/2607/2325
f 2385/2614/2385 2370/2160/2370 2369/2159/2369 2326/2610/2326
f 2368/2156/2368 2371/2161/2371 2393/2651/2393 2331/2127/2331
f 2392/2658/2392 2375/2370/2375 2332/2710/2332
f 2389/2446/2389 2345/2136/2345 2374/2379/2374
f 2388/2453/2388 2350/2519/2350 2346/2718/2346
f 2388/2453/2388 2400/2523/2400 2350/2519/2350
f 1487/2778/1487 2356/2146/2356 2355/2145/2355 1483/2772/1483
f 1488/2779/1488 1486/1547/1486 2354/2142/2354 2357/2147/2357
f 1487/2778/1487 1488/2779/1488 2357/2147/2357 2356/2146/2356
f 2441/2187/2441 2440/2186/2440 2384/2611/2384 2365/2155/2365 2364/2154/2364
f 2412/2445/2412 1491/2780/1491 2363/2153/2363 2362/2152/2362
f 2412/2445/2412 2362/2152/2362 2361/2151/2361 2379/2165/2379
f 1491/2780/1491 2442/2188/2442 2441/2187/2441 2364/2154/2364 2363/2153/2363
f 2385/2614/2385 2393/2651/2393 2371/2161/2371 2370/2160/2370
f 2374/2379/2374 2397/2378/2397 2389/2446/2389
f 2392/2658/2392 2396/2371/2396 2375/2370/2375
f 1488/2779/1488 2411/2442/2411 2378/2162/2378
f 1486/1547/1486 1488/2779/1488 2378/2162/2378 2381/2167/2381
f 2381/2167/2381 2380/2166/2380 1485/1548/1485 1486/1547/1486
f 2440/2186/2440 2439/2185/2439 2462/2615/2462 2384/2611/2384
f 2385/2614/2385 2425/2652/2425 2393/2651/2393
f 2463/2618/2463 2425/2652/2425 2385/2614/2385
f 2397/2378/2397 2415/2447/2415 2389/2446/2389
f 2416/2452/2416 2400/2523/2400 2388/2453/2388
f 2392/2658/2392 2426/2657/2426 1492/2781/1492
f 1492/2781/1492 2396/2371/2396 2392/2658/2392
f 2397/2378/2397 2446/2382/2446 2415/2447/2415
f 1492/2781/1492 2447/2193/2447 2396/2371/2396
f 2401/2526/2401 2455/2530/2455 1490/2776/1490
f 2416/2452/2416 2454/2527/2454 2400/2523/2400
f 2407/2173/2407 2406/2172/2406 2419/2175/2419 2422/2180/2422 1488/2779/1488
f 1489/2777/1489 2429/2659/2429 2404/2168/2404
f 1489/2777/1489 2404/2168/2404 2408/2174/2408 1487/2778/1487
f 2430/2662/2430 2458/2383/2458 2405/2171/2405
f 2458/2383/2458 2419/2175/2419 2406/2172/2406 2405/2171/2405
f 2408/2174/2408 2407/2173/2407 1488/2779/1488 1487/2778/1487
f 1488/2779/1488 2422/2180/2422 2421/2179/2421 2411/2442/2411
f 2421/2179/2421 2420/2178/2420 2433/2454/2433 2411/2442/2411
f 2434/2457/2434 1491/2780/1491 2412/2445/2412
f 2446/2382/2446 2451/2782/2451 2467/2461/2467 2415/2447/2415
f 2416/2452/2416 2466/2468/2466 2454/2527/2454
f 2420/2178/2420 2459/2386/2459 2433/2454/2433
f 2426/2657/2426 2448/2194/2448 2447/2193/2447 1492/2781/1492
f 2513/2238/2513 2449/2195/2449 2448/2194/2448 2426/2657/2426
f 2463/2618/2463 2514/2241/2514 2425/2652/2425
f 2458/2383/2458 2430/2662/2430 2496/2225/2496 2503/2719/2503
f 2497/2228/2497 2429/2659/2429 1489/2777/1489
f 2459/2386/2459 2471/2458/2471 2433/2454/2433
f 1491/2780/1491 2434/2457/2434 2470/2198/2470 2478/2209/2478 2477/2208/2477
f 2539/2260/2539 2437/2181/2437 2443/2189/2443 2476/2207/2476
f 2439/2185/2439 2438/2184/2438 2545/2619/2545 2462/2615/2462
f 2477/2208/2477 2476/2207/2476 2443/2189/2443 2442/2188/2442 1491/2780/1491
f 2451/2782/2451 2450/2783/2450 2485/2216/2485 2484/2215/2484 2467/2461/2467
f 2513/2238/2513 2517/2244/2517 2482/2387/2482 2485/2784/2485 2450/2196/2450 2449/2195/2449
f 2521/2467/2521 2454/2527/2454 2466/2468/2466
f 2455/2530/2455 2493/2224/2493 2492/2223/2492 1490/2776/1490
f 2554/2534/2554 2488/2217/2488 2493/2224/2493 2455/2530/2455
f 2521/2467/2521 2553/2531/2553 2454/2527/2454
f 2510/2237/2510 2509/2236/2509 2472/2200/2472 2471/2458/2471 2459/2386/2459
f 2504/2722/2504 2507/2232/2507 2510/2237/2510 2459/2386/2459
f 2546/2622/2546 2515/2242/2515 2514/2241/2514 2463/2618/2463
f 2484/2215/2484 2483/2214/2483 2520/2462/2520 2467/2461/2467
f 2509/2236/2509 2508/2235/2508 2479/2210/2479 2478/2209/2478 2470/2198/2470 2472/2200/2472
f 2508/2235/2508 2531/2252/2531 2475/2204/2475 2479/2210/2479
f 2531/2252/2531 2536/2259/2536 2540/2263/2540 2475/2204/2475
f 2550/2393/2550 2520/2462/2520 2483/2214/2483
f 2517/2244/2517 2516/2243/2516 2549/2388/2549 2482/2387/2482
f 2491/2222/2491 2490/2221/2490 2526/2249/2526 2525/2248/2525 2500/2231/2500 2499/2230/2499
f 1490/2776/1490 2492/2223/2492 2491/2222/2491 2499/2230/2499 2498/2229/2498
f 1493/1549/1493 2527/2250/2527 2526/2249/2526 2490/2221/2490 2489/2220/2489
f 1490/2776/1490 2498/2229/2498 2497/2228/2497 1489/2777/1489
f 2525/2248/2525 2503/2719/2503 2496/2225/2496 2500/2231/2500
f 2507/2232/2507 2504/2722/2504 2524/2245/2524 2532/2255/2532
f 2546/2622/2546 2549/2388/2549 2516/2243/2516 2515/2242/2515
f 2550/2393/2550 2558/2469/2558 2520/2462/2520
f 2557/2266/2557 2553/2531/2553 2521/2467/2521
f 1493/1549/1493 1439/1523/1439 2528/2251/2528 2527/2250/2527
f 1439/1523/1439 2533/2256/2533 2532/2255/2532 2524/2245/2524 2528/2251/2528
f 1436/1525/1436 2541/2264/2541 2540/2263/2540 2536/2259/2536 2535/2258/2535
f 1439/1523/1439 1435/1522/1435 2534/2257/2534 2533/2256/2533
f 1435/1522/1435 1436/1525/1436 2535/2258/2535 2534/2257/2534
f 1437/1530/1437 2553/2531/2553 2557/2266/2557 2559/2268/2559
o Boss_crown_head
v -0.024417 2.243519 -0.339374
v -0.049169 1.914717 -0.417281
v -0.032937 1.666035 -0.296608
v 0.029633 2.387947 -0.160926
v -0.023547 2.370188 -0.198489
v 0.025829 2.278334 -0.311600
v 0.024553 2.062823 -0.414889
v 0.018662 2.003058 -0.422497
v 0.049850 1.958302 -0.420365
v 0.022019 1.874246 -0.410622
v 0.020196 1.718927 -0.341292
v -0.007766 1.621977 -0.248736
v -0.037059 1.540019 -0.029813
v 0.064447 2.204705 -0.360695
v 0.070645 2.125819 -0.395385
v 0.042733 1.791581 -0.381676
v 0.026492 1.590388 -0.198238
v -0.018784 2.413696 -0.082108
v -0.000804 2.403198 -0.122889
v 0.092344 2.277071 -0.304081
v 0.120399 2.046816 -0.406342
v 0.123818 1.961947 -0.410370
v 0.118469 1.874097 -0.399229
v 0.097817 1.747871 -0.350840
v 0.082013 1.680076 -0.303990
v 0.060716 1.638970 -0.264345
v 0.007733 1.570815 -0.161089
v -0.013651 1.556082 -0.121576
v -0.011489 1.546623 -0.083253
v 0.059221 2.359185 -0.212869
v 0.081644 2.321376 -0.260758
v 0.139141 2.225606 -0.331901
v 0.150925 2.171979 -0.360310
v 0.150136 1.787687 -0.360252
v 0.159163 2.278107 -0.283289
v 0.182109 2.129734 -0.368851
v 0.211859 2.044951 -0.380085
v 0.221771 1.980000 -0.380678
v 0.213753 1.916911 -0.379551
v 0.205855 1.834181 -0.361335
v 0.179164 1.733329 -0.317740
v 0.161440 1.683008 -0.283374
v 0.093349 1.612849 -0.222916
v 0.005117 2.419668 -0.043128
v 0.131477 2.347984 -0.207163
v 0.254165 2.108433 -0.345203
v 0.293538 2.047944 -0.340091
v 0.291211 1.869509 -0.331194
v 0.152403 1.638125 -0.236708
v 0.093266 1.579974 -0.163414
v 0.194567 2.311190 -0.229860
v 0.226965 2.235187 -0.290122
v 0.255133 2.169120 -0.319041
v 0.302058 1.964966 -0.340736
v 0.255133 1.790880 -0.319041
v 0.240458 1.716480 -0.275199
v 0.097185 2.396651 -0.117998
v 0.152260 2.369837 -0.155623
v 0.216521 2.335786 -0.176541
v 0.329494 2.106877 -0.298624
v 0.335637 1.915049 -0.312662
v 0.313394 1.785706 -0.277080
v 0.295251 1.713305 -0.232240
v 0.229366 1.665890 -0.229152
v 0.273884 2.273444 -0.221061
v 0.325388 2.210786 -0.239739
v 0.326706 2.169636 -0.269908
v 0.356877 2.045281 -0.296667
v 0.372747 1.868969 -0.268492
v 0.231297 1.638194 -0.187349
v 0.168685 1.598082 -0.162051
v 0.089350 1.557458 -0.100016
v 0.059684 1.546867 -0.067291
v 0.384939 2.129256 -0.237678
v 0.393847 2.001789 -0.268473
v 0.412853 1.956550 -0.247462
v 0.387008 1.827464 -0.233974
v 0.343709 1.747871 -0.219686
v 0.146431 1.572070 -0.108085
v 0.067099 2.413330 -0.061992
v 0.295991 2.307692 -0.142868
v 0.349010 2.243520 -0.177858
v 0.387144 2.188454 -0.188865
v 0.420954 2.091148 -0.213725
v 0.428560 1.893622 -0.213129
v 0.317768 1.679836 -0.165142
v 0.226794 1.612849 -0.142293
v 0.142573 2.397100 -0.076063
v 0.242502 2.347151 -0.123153
v 0.375922 2.243397 -0.134057
v 0.421634 2.165869 -0.158265
v 0.450976 2.082360 -0.171507
v 0.460513 2.001725 -0.180787
v 0.456326 1.936620 -0.183221
v 0.432417 1.829214 -0.171691
v 0.392557 1.756877 -0.166432
v 0.286846 1.638194 -0.123541
v 0.032889 1.540469 -0.033270
v 0.215486 2.370781 -0.084611
v 0.494148 2.001725 -0.102728
v 0.465661 1.870048 -0.136445
v 0.357524 1.684071 -0.103946
v 0.185828 1.571344 -0.047820
v 0.147325 2.403163 -0.006009
v 0.329712 2.306988 -0.081042
v 0.396172 2.243520 -0.086091
v 0.446701 2.170753 -0.091143
v 0.480005 2.089198 -0.098013
v 0.489013 1.916911 -0.103610
v 0.446701 1.789247 -0.091143
v 0.223312 1.589684 -0.073601
v 0.137335 1.557126 -0.045984
v 0.000000 1.538400 0.000000
v 0.241497 2.369837 0.001014
v 0.459338 2.167636 -0.035735
v 0.488628 1.868258 -0.054856
v 0.404905 1.719604 -0.066951
v 0.332802 1.646452 -0.036554
v 0.192078 2.388067 -0.033388
v 0.279420 2.347899 -0.037722
v 0.341079 2.308561 -0.011801
v 0.408790 2.243520 -0.020272
v 0.487508 2.106862 -0.018493
v 0.503111 2.046731 -0.026031
v 0.508883 1.960179 -0.018920
v 0.478357 1.828694 -0.021156
v 0.276386 1.611268 -0.049177
v 0.459335 2.170753 0.020433
v 0.506480 2.023381 0.016996
v 0.506123 1.956710 0.043143
v 0.499353 1.895350 0.018199
v 0.460497 1.789681 0.001455
v 0.409215 1.716480 0.013090
v 0.099940 2.413216 -0.009477
v 0.429652 2.210786 0.056727
v 0.487989 2.092792 0.058629
v 0.482486 1.853138 0.060820
v 0.358271 1.666990 0.029777
v 0.298994 1.624083 0.039113
v 0.218890 1.580514 0.011396
v 0.300950 2.333686 0.048261
v 0.370817 2.277350 0.061758
v 0.457508 2.147866 0.093781
v 0.490364 2.044952 0.098352
v 0.494153 1.952142 0.100563
v 0.484743 1.891938 0.099213
v 0.451832 1.790364 0.075564
v 0.398276 1.716480 0.079116
v 0.098980 1.546361 -0.012189
v 0.411627 2.207493 0.122628
v 0.451600 2.125494 0.138364
v 0.460769 2.041365 0.171382
v 0.462507 1.870790 0.144313
v 0.419670 1.782252 0.149303
v 0.143453 1.556649 0.031833
v 0.184873 2.388742 0.052288
v 0.240885 2.359865 0.084206
v 0.307532 2.307692 0.124943
v 0.355562 2.260451 0.139939
v 0.470738 1.958676 0.162060
v 0.372032 1.716480 0.142101
v 0.332432 1.666990 0.114834
v 0.280295 1.623213 0.091976
v 0.040552 1.539909 0.025803
v 0.376011 2.212129 0.179553
v 0.413985 2.129097 0.201896
v 0.434599 1.980000 0.220538
v 0.427082 1.909063 0.220755
v 0.415745 1.826529 0.195941
v 0.197895 1.578725 0.069334
v 0.301798 2.281439 0.182087
v 0.362408 2.172304 0.233955
v 0.419390 2.045149 0.233026
v 0.391320 1.868910 0.249797
v 0.351024 1.752506 0.216546
v 0.301209 1.681946 0.187945
v 0.266587 1.637414 0.149844
v 0.128652 2.402542 0.064017
v 0.234542 2.335356 0.160651
v 0.319280 2.210786 0.245334
v 0.365312 2.085756 0.277428
v 0.382586 1.952178 0.278326
v 0.250401 1.682963 0.234822
v 0.192465 1.590597 0.120807
v 0.051971 2.419819 0.004249
v 0.177275 2.369403 0.135887
v 0.268044 2.277135 0.221380
v 0.315770 2.149348 0.289528
v 0.313392 2.087445 0.317170
v 0.342069 2.001725 0.313371
v 0.331503 1.909063 0.314172
v 0.343452 1.829760 0.278632
v 0.274456 1.786086 0.304675
v 0.204666 1.638958 0.208920
v 0.212386 1.612101 0.155386
v 0.069338 2.402745 0.109033
v 0.263964 2.173381 0.311143
v 0.259451 1.915034 0.359186
v 0.281867 1.745182 0.272462
v 0.087385 1.550328 0.070796
v 0.126220 2.388379 0.123903
v 0.233395 2.247445 0.276794
v 0.219747 2.210787 0.311714
v 0.254170 2.087568 0.352339
v 0.261856 2.001725 0.362751
v 0.250461 1.830903 0.340069
v 0.192551 1.684071 0.270830
v 0.075321 2.413472 0.056279
v 0.136063 2.357480 0.190478
v 0.166050 2.322340 0.229994
v 0.167238 2.294110 0.263615
v 0.156104 1.786086 0.357698
v 0.122548 1.589219 0.169740
v 0.117120 1.570815 0.128596
v 0.142033 2.243520 0.318875
v 0.174661 2.171638 0.353605
v 0.166488 2.087568 0.386735
v 0.171580 2.001725 0.398192
v 0.174908 1.936620 0.394971
v 0.166488 1.872432 0.386735
v 0.174460 1.745182 0.328658
v 0.124671 1.681946 0.295197
v 0.124108 1.621102 0.225877
v 0.080483 2.308561 0.275416
v 0.114084 2.149348 0.378917
v 0.114084 1.810652 0.378917
v 0.056681 1.679428 0.306855
v 0.032262 1.638095 0.266852
v 0.064369 2.243520 0.335752
v 0.080623 2.093318 0.403496
v 0.078731 2.023381 0.415710
v 0.079321 1.950450 0.417170
v 0.078718 1.874159 0.405798
v 0.063770 1.752506 0.359183
v 0.005344 2.413215 0.082881
v 0.042180 2.382076 0.173676
v 0.039171 2.347151 0.233751
v 0.034756 2.200862 0.366107
v 0.022848 2.149348 0.390114
v 0.016179 2.050937 0.417450
v 0.020572 1.980000 0.422518
v 0.027790 1.830903 0.397932
v -0.000304 1.752664 0.362719
v 0.000977 1.682865 0.313890
v 0.037242 1.600433 0.215567
v 0.020895 1.556501 0.121408
v 0.035453 1.546718 0.078344
v 0.004231 2.309651 0.282379
v -0.019682 2.108433 0.404254
v -0.024646 1.915034 0.418318
v -0.065436 1.786086 0.376552
v 0.021197 1.571933 0.161966
v 0.006147 2.421608 0.022418
v -0.045315 2.359727 0.214233
v -0.037982 2.244961 0.337750
v -0.065436 2.173914 0.376552
v -0.075096 2.064633 0.410426
v -0.076926 1.999820 0.418043
v -0.090461 1.861274 0.401235
v -0.055801 1.716480 0.336807
v -0.006454 2.402987 0.122826
v -0.064942 2.308088 0.278908
v -0.100548 2.247718 0.326281
v -0.112548 2.129097 0.387494
v -0.118888 1.936619 0.409079
v -0.135194 1.788361 0.365328
v -0.088736 1.666907 0.289041
v -0.055320 1.626838 0.250913
v -0.038586 1.590145 0.196989
v -0.154944 2.188454 0.349890
v -0.172366 2.066333 0.389233
v -0.163327 2.007822 0.399952
v -0.133878 1.716480 0.321298
v -0.055076 2.388067 0.156371
v -0.141914 2.292886 0.274811
v -0.171167 2.243520 0.308857
v -0.196803 2.132591 0.362224
v -0.217832 1.958276 0.382287
v -0.188767 1.872145 0.379718
v -0.204988 1.794131 0.344401
v -0.188152 1.716604 0.301614
v -0.148247 1.651439 0.255287
v -0.106262 1.600494 0.199288
v -0.102737 2.369799 0.180332
v -0.139204 2.334098 0.225929
v -0.254480 2.087568 0.352185
v -0.256808 2.023381 0.362813
v -0.074823 1.571548 0.149965
v -0.211321 2.305785 0.226099
v -0.240458 2.243520 0.275200
v -0.258292 2.179415 0.311504
v -0.305077 1.956533 0.338661
v -0.273881 1.871560 0.341924
v -0.277992 1.790805 0.305254
v -0.240458 1.716480 0.275200
v -0.207604 1.652308 0.226028
v -0.070867 1.557393 0.108953
v -0.157610 2.379802 0.126796
v -0.177633 2.347984 0.181888
v -0.316120 2.149348 0.289265
v -0.330231 2.089340 0.305083
v -0.340562 2.023385 0.311945
v -0.335398 1.893621 0.307370
v -0.350325 1.826005 0.270203
v -0.177589 1.611949 0.182011
v -0.041660 1.546718 0.076209
v -0.324309 2.207494 0.243571
v -0.367840 2.128961 0.255506
v -0.392240 2.044881 0.262584
v -0.373096 1.962685 0.287734
v -0.392240 1.915119 0.262584
v -0.333520 1.770294 0.248554
v -0.300509 1.716480 0.230967
v -0.294793 2.277305 0.196744
v -0.388897 1.851567 0.243825
v -0.359044 1.719484 0.168733
v -0.267888 1.655105 0.182348
v -0.178195 1.590072 0.134081
v -0.097973 2.403351 0.092633
v -0.241935 2.335421 0.153279
v -0.375315 2.207494 0.186365
v -0.409628 2.129097 0.207930
v -0.433431 2.046818 0.213605
v -0.437087 1.980000 0.217493
v -0.429846 1.919376 0.219760
v -0.397541 1.790805 0.193700
v -0.067791 2.413472 0.062531
v -0.343362 2.277037 0.130763
v -0.441341 2.128961 0.155857
v -0.445724 1.870661 0.176946
v -0.260854 1.622344 0.124561
v -0.156882 1.571368 0.096594
v -0.171003 2.388379 0.078601
v -0.243043 2.361004 0.074366
v -0.297005 2.321806 0.105708
v -0.405725 2.212130 0.127395
v -0.476014 2.043241 0.139668
v -0.479399 1.954617 0.142404
v -0.435421 1.790805 0.125592
v -0.351567 1.682669 0.114774
v -0.147684 2.402721 0.018738
v -0.349925 2.292436 0.070091
v -0.394012 2.247717 0.080191
v -0.448152 2.169195 0.089556
v -0.471688 2.108433 0.101712
v -0.478816 1.872453 0.103192
v -0.331751 1.651438 0.066816
v -0.227454 1.590145 0.064609
v -0.130927 1.556802 0.057341
v -0.089988 1.546774 0.036336
v -0.034994 1.540377 0.032053
v -0.494888 2.064633 0.059481
v -0.502705 2.003448 0.067376
v -0.491293 1.872564 0.043859
v -0.456568 1.790805 0.052657
v -0.407313 1.724464 0.072268
v -0.040352 2.419668 0.027492
v -0.219807 2.379293 0.008616
v -0.281666 2.347532 0.022519
v -0.322434 2.322500 0.016894
v -0.436820 2.207494 0.017480
v -0.479327 2.129097 0.023071
v -0.507162 1.958212 0.041362
v -0.377502 1.682963 0.011724
v -0.281564 1.612849 0.032519
v -0.192332 1.571558 0.025004
v -0.381388 2.274021 0.000888
v -0.502734 2.050771 -0.018885
v -0.503639 1.915047 -0.024056
v -0.479742 1.830903 -0.016044
v -0.436780 1.752506 -0.018149
v -0.389183 1.699549 -0.048226
v -0.324142 1.638970 0.002134
v -0.432534 2.207494 -0.053604
v -0.475538 2.129097 -0.055005
v -0.504199 1.999820 -0.060238
v -0.485474 1.872564 -0.076427
v -0.444976 1.786085 -0.090971
v -0.365354 2.280164 -0.069767
v -0.418010 2.207335 -0.105533
v -0.479213 2.083363 -0.104619
v -0.491175 1.938385 -0.104378
v -0.394026 1.716773 -0.095370
v -0.338155 1.654953 -0.061183
v -0.238735 1.589684 -0.022483
v -0.293707 2.336287 -0.061481
v -0.442883 2.149348 -0.131765
v -0.480298 2.003467 -0.140876
v -0.474157 1.917281 -0.143503
v -0.453475 1.830903 -0.130967
v -0.274289 1.611998 -0.057668
v -0.188356 2.388067 -0.045724
v -0.339584 2.277037 -0.137395
v -0.395166 2.207494 -0.155533
v -0.435348 2.124210 -0.171865
v -0.451660 2.066379 -0.177229
v -0.409467 1.786618 -0.171101
v -0.364043 1.716773 -0.157355
v -0.307505 1.651438 -0.123073
v -0.188356 1.571933 -0.045724
v -0.146445 1.557082 -0.024747
v -0.097007 2.413922 -0.020937
v -0.220594 2.370316 -0.079048
v -0.259593 2.336340 -0.129646
v -0.438052 1.999820 -0.215836
v -0.432496 1.936619 -0.219471
v -0.436725 1.871561 -0.192764
v -0.300772 2.277037 -0.189755
v -0.351024 2.207494 -0.216546
v -0.377740 2.149348 -0.232823
v -0.402652 2.091030 -0.236868
v -0.397311 1.878200 -0.246642
v -0.367692 1.790805 -0.230786
v -0.331271 1.720293 -0.204324
v -0.272261 1.652307 -0.172350
v -0.222015 1.599927 -0.114127
v -0.130703 2.403080 -0.058799
v -0.193018 2.347899 -0.171920
v -0.363223 2.083363 -0.279805
v -0.374277 2.025181 -0.283701
v -0.377469 1.958276 -0.283982
v -0.306394 1.790805 -0.285903
v -0.123838 1.562263 -0.094522
v -0.045286 2.419497 -0.020096
v -0.238894 2.280387 -0.239765
v -0.297037 2.212130 -0.262436
v -0.335334 1.872453 -0.301926
v -0.278210 1.716481 -0.249479
v -0.226528 1.652307 -0.213134
v -0.158943 2.369855 -0.149731
v -0.231714 2.243396 -0.279937
v -0.290781 2.171639 -0.296286
v -0.298072 2.087546 -0.327760
v -0.303482 2.001724 -0.339661
v -0.298407 1.936619 -0.340169
v -0.204865 1.683062 -0.263156
v -0.169762 1.598966 -0.162997
v -0.091666 1.546190 -0.034813
v -0.133353 2.388742 -0.118464
v -0.195628 2.321376 -0.214971
v -0.241664 2.149348 -0.335108
v -0.262318 1.876410 -0.349148
v -0.215568 1.788361 -0.337689
v -0.229658 1.747870 -0.305502
v -0.075626 2.402668 -0.105879
v -0.113002 2.359301 -0.196298
v -0.157510 2.277037 -0.285055
v -0.192482 2.212130 -0.322719
v -0.215323 2.087547 -0.369738
v -0.212735 2.023381 -0.381963
v -0.217832 1.958276 -0.382287
v -0.202310 1.834302 -0.362584
v -0.171605 1.712283 -0.305174
v -0.157038 1.652182 -0.252948
v -0.094678 1.571621 -0.141965
v -0.151281 2.169195 -0.361481
v -0.142114 2.044881 -0.401332
v -0.127313 1.954883 -0.409356
v -0.168418 1.893622 -0.390459
v -0.104028 1.683062 -0.301195
v -0.097606 2.321806 -0.255744
v -0.103701 2.243519 -0.328898
v -0.085182 2.169050 -0.375687
v -0.122517 2.108433 -0.391590
v -0.120768 1.830903 -0.385784
v -0.099638 1.622319 -0.235780
v -0.048825 2.388442 -0.156452
v -0.015852 2.321492 -0.267907
v -0.067801 2.293965 -0.292498
v -0.069835 2.044953 -0.414774
v -0.079114 1.979999 -0.417731
v -0.030872 1.825148 -0.395703
v -0.090648 1.753406 -0.356250
v -0.055327 1.711202 -0.332897
v -0.066340 1.589684 -0.191712
v -0.043433 2.348756 -0.231105
v -0.020529 2.170753 -0.381501
v -0.025731 2.110045 -0.403650
vn -0.0391 0.5715 -0.8197
vn -0.0820 -0.1451 -0.9860
vn -0.0473 -0.6991 -0.7135
vn 0.0635 0.9155 -0.3974
vn -0.0369 0.8743 -0.4841
vn 0.0417 0.6573 -0.7525
vn 0.0447 0.1813 -0.9824
vn 0.0306 0.0484 -0.9984
vn 0.0834 -0.0558 -0.9950
vn 0.0489 -0.2236 -0.9734
vn 0.0285 -0.5683 -0.8223
vn -0.0112 -0.7929 -0.6092
vn -0.0646 -0.9951 -0.0751
vn 0.1030 0.4941 -0.8633
vn 0.1203 0.3173 -0.9407
vn 0.0679 -0.4110 -0.9091
vn 0.0442 -0.8667 -0.4968
vn -0.0335 0.9789 -0.2016
vn 0.0072 0.9535 -0.3014
vn 0.1529 0.6504 -0.7440
vn 0.2007 0.1447 -0.9689
vn 0.2051 -0.0393 -0.9780
vn 0.1941 -0.2336 -0.9528
vn 0.1649 -0.5190 -0.8387
vn 0.1357 -0.6649 -0.7345
vn 0.1016 -0.7554 -0.6473
vn 0.0159 -0.9189 -0.3942
vn -0.0245 -0.9550 -0.2957
vn -0.0247 -0.9796 -0.1995
vn 0.0986 0.8509 -0.5159
vn 0.1343 0.7630 -0.6322
vn 0.2412 0.5445 -0.8034
vn 0.2516 0.4318 -0.8662
vn 0.2489 -0.4184 -0.8735
vn 0.2731 0.6698 -0.6905
vn 0.3010 0.3205 -0.8982
vn 0.3515 0.1391 -0.9258
vn 0.3699 0.0051 -0.9291
vn 0.3588 -0.1447 -0.9221
vn 0.3443 -0.3185 -0.8832
vn 0.2995 -0.5478 -0.7812
vn 0.2666 -0.6653 -0.6973
vn 0.1577 -0.8240 -0.5442
vn 0.0131 0.9947 -0.1020
vn 0.2227 0.8284 -0.5140
vn 0.4366 0.2880 -0.8523
vn 0.5007 0.1490 -0.8527
vn 0.4992 -0.2558 -0.8279
vn 0.2592 -0.7705 -0.5824
vn 0.1544 -0.9039 -0.3988
vn 0.3296 0.7462 -0.5784
vn 0.3899 0.5750 -0.7193
vn 0.4325 0.4360 -0.7892
vn 0.5196 -0.0292 -0.8539
vn 0.4413 -0.4282 -0.7886
vn 0.4136 -0.5939 -0.6901
vn 0.1578 0.9407 -0.3004
vn 0.2558 0.8879 -0.3824
vn 0.3779 0.8126 -0.4438
vn 0.5770 0.3002 -0.7596
vn 0.5977 -0.1406 -0.7893
vn 0.5541 -0.4441 -0.7041
vn 0.5160 -0.6226 -0.5883
vn 0.3972 -0.7174 -0.5723
vn 0.4763 0.6779 -0.5600
vn 0.5703 0.5441 -0.6153
vn 0.5716 0.4433 -0.6905
vn 0.6361 0.1515 -0.7566
vn 0.6573 -0.2615 -0.7068
vn 0.4051 -0.7817 -0.4742
vn 0.2872 -0.8675 -0.4062
vn 0.1440 -0.9578 -0.2489
vn 0.1005 -0.9804 -0.1695
vn 0.6939 0.3571 -0.6253
vn 0.7132 0.0576 -0.6986
vn 0.7514 -0.0638 -0.6567
vn 0.6966 -0.3766 -0.6107
vn 0.6182 -0.5446 -0.5667
vn 0.2600 -0.9273 -0.2695
vn 0.1131 0.9811 -0.1568
vn 0.5285 0.7625 -0.3732
vn 0.6248 0.6342 -0.4554
vn 0.6991 0.5019 -0.5093
vn 0.7695 0.2563 -0.5849
vn 0.7912 -0.2150 -0.5726
vn 0.5654 -0.7029 -0.4315
vn 0.3972 -0.8511 -0.3433
vn 0.2473 0.9500 -0.1906
vn 0.4265 0.8521 -0.3034
vn 0.6888 0.6364 -0.3472
vn 0.7857 0.4540 -0.4202
vn 0.8508 0.2489 -0.4629
vn 0.8683 0.0615 -0.4921
vn 0.8663 -0.1062 -0.4881
vn 0.8034 -0.3779 -0.4602
vn 0.7183 -0.5452 -0.4323
vn 0.5073 -0.8049 -0.3079
vn 0.0560 -0.9950 -0.0831
vn 0.3749 0.9018 -0.2151
vn 0.9550 0.0542 -0.2916
vn 0.8839 -0.2820 -0.3732
vn 0.6481 -0.7093 -0.2773
vn 0.3198 -0.9409 -0.1113
vn 0.2534 0.9673 -0.0096
vn 0.5949 0.7739 -0.2171
vn 0.7336 0.6418 -0.2233
vn 0.8418 0.4757 -0.2550
vn 0.9191 0.2777 -0.2796
vn 0.9466 -0.1447 -0.2881
vn 0.8422 -0.4774 -0.2507
vn 0.3913 -0.8984 -0.1995
vn 0.2353 -0.9651 -0.1154
vn -0.0006 -1.0000 0.0001
vn 0.4228 0.9062 0.0068
vn 0.8713 0.4789 -0.1070
vn 0.9466 -0.2801 -0.1599
vn 0.7518 -0.6357 -0.1748
vn 0.6064 -0.7891 -0.0977
vn 0.3378 0.9376 -0.0822
vn 0.4941 0.8631 -0.1046
vn 0.6240 0.7808 -0.0313
vn 0.7576 0.6504 -0.0541
vn 0.9425 0.3299 -0.0536
vn 0.9817 0.1712 -0.0833
vn 0.9958 -0.0563 -0.0724
vn 0.9218 -0.3829 -0.0606
vn 0.4879 -0.8638 -0.1255
vn 0.8758 0.4793 0.0570
vn 0.9913 0.1113 0.0709
vn 0.9898 -0.0549 0.1316
vn 0.9745 -0.2187 0.0493
vn 0.8692 -0.4944 0.0035
vn 0.7637 -0.6451 0.0256
vn 0.1737 0.9845 -0.0257
vn 0.7999 0.5808 0.1512
vn 0.9429 0.2927 0.1588
vn 0.9284 -0.3301 0.1705
vn 0.6521 -0.7541 0.0781
vn 0.5279 -0.8437 0.0973
vn 0.3897 -0.9205 0.0286
vn 0.5373 0.8340 0.1255
vn 0.6778 0.7170 0.1628
vn 0.8697 0.4245 0.2517
vn 0.9469 0.1566 0.2808
vn 0.9591 -0.0620 0.2761
vn 0.9358 -0.2238 0.2724
vn 0.8525 -0.4777 0.2123
vn 0.7373 -0.6413 0.2123
vn 0.1696 -0.9850 -0.0320
vn 0.7620 0.5551 0.3335
vn 0.8465 0.3574 0.3946
vn 0.8724 0.1597 0.4619
vn 0.8730 -0.2790 0.3999
vn 0.7783 -0.4866 0.3969
vn 0.2470 -0.9655 0.0820
vn 0.3221 0.9373 0.1333
vn 0.4225 0.8797 0.2184
vn 0.5457 0.7775 0.3126
vn 0.6464 0.6716 0.3622
vn 0.8941 -0.0532 0.4447
vn 0.6751 -0.6311 0.3819
vn 0.5990 -0.7458 0.2916
vn 0.4925 -0.8399 0.2281
vn 0.0698 -0.9954 0.0655
vn 0.6810 0.5562 0.4764
vn 0.7619 0.3618 0.5371
vn 0.8007 0.0003 0.5990
vn 0.7937 -0.1723 0.5834
vn 0.7601 -0.3756 0.5303
vn 0.3462 -0.9208 0.1794
vn 0.5418 0.6993 0.4663
vn 0.6550 0.4457 0.6102
vn 0.7654 0.1619 0.6229
vn 0.7047 -0.2672 0.6572
vn 0.6274 -0.5365 0.5645
vn 0.5335 -0.6926 0.4855
vn 0.4689 -0.7935 0.3880
vn 0.2236 0.9616 0.1593
vn 0.4068 0.8160 0.4108
vn 0.5560 0.5479 0.6251
vn 0.6571 0.2472 0.7121
vn 0.6902 -0.0595 0.7211
vn 0.4419 -0.6787 0.5866
vn 0.3326 -0.8946 0.2985
vn 0.0905 0.9959 0.0045
vn 0.3113 0.8903 0.3323
vn 0.4651 0.6879 0.5571
vn 0.5535 0.3892 0.7363
vn 0.5409 0.2405 0.8060
vn 0.5971 0.0541 0.8003
vn 0.5731 -0.1654 0.8026
vn 0.6018 -0.3530 0.7164
vn 0.4656 -0.4419 0.7668
vn 0.3495 -0.7797 0.5196
vn 0.3633 -0.8439 0.3947
vn 0.1155 0.9544 0.2754
vn 0.4551 0.4303 0.7795
vn 0.4462 -0.1459 0.8830
vn 0.4874 -0.5478 0.6799
vn 0.1600 -0.9709 0.1784
vn 0.2143 0.9269 0.3080
vn 0.4014 0.6107 0.6826
vn 0.3694 0.5187 0.7710
vn 0.4295 0.2403 0.8705
vn 0.4457 0.0491 0.8938
vn 0.4243 -0.3309 0.8429
vn 0.3286 -0.6644 0.6713
vn 0.1284 0.9822 0.1368
vn 0.2248 0.8506 0.4754
vn 0.2848 0.7765 0.5622
vn 0.2839 0.7007 0.6545
vn 0.2677 -0.4232 0.8656
vn 0.2078 -0.8781 0.4310
vn 0.1972 -0.9278 0.3166
vn 0.2297 0.5830 0.7793
vn 0.2890 0.4225 0.8590
vn 0.2828 0.2277 0.9317
vn 0.2874 0.0548 0.9562
vn 0.2911 -0.0952 0.9520
vn 0.2801 -0.2375 0.9301
vn 0.2947 -0.5303 0.7950
vn 0.2058 -0.6628 0.7200
vn 0.2108 -0.8003 0.5613
vn 0.1420 0.7277 0.6710
vn 0.1823 0.3841 0.9051
vn 0.1818 -0.3679 0.9119
vn 0.1132 -0.6579 0.7446
vn 0.0575 -0.7611 0.6461
vn 0.1121 0.5838 0.8041
vn 0.1357 0.2424 0.9606
vn 0.1427 0.0948 0.9852
vn 0.1366 -0.0722 0.9880
vn 0.1298 -0.2199 0.9669
vn 0.1119 -0.5043 0.8562
vn 0.0079 0.9798 0.1997
vn 0.0731 0.9011 0.4275
vn 0.0725 0.8203 0.5673
vn 0.0648 0.4821 0.8737
vn 0.0389 0.3641 0.9305
vn 0.0195 0.1525 0.9881
vn 0.0227 -0.0004 0.9997
vn 0.0351 -0.3264 0.9446
vn 0.0012 -0.4945 0.8692
vn -0.0039 -0.6540 0.7564
vn 0.0660 -0.8497 0.5231
vn 0.0341 -0.9529 0.3014
vn 0.0506 -0.9802 0.1914
vn 0.0075 0.7237 0.6901
vn -0.0329 0.2805 0.9593
vn -0.0368 -0.1425 0.9891
vn -0.1010 -0.4224 0.9008
vn 0.0405 -0.9159 0.3993
vn 0.0104 0.9982 0.0591
vn -0.0730 0.8444 0.5307
vn -0.0618 0.5822 0.8107
vn -0.1059 0.4303 0.8964
vn -0.1281 0.1833 0.9747
vn -0.1232 0.0435 0.9914
vn -0.1497 -0.2619 0.9534
vn -0.0970 -0.5768 0.8111
vn -0.0139 0.9524 0.3044
vn -0.1100 0.7297 0.6749
vn -0.1701 0.5876 0.7911
vn -0.1870 0.3214 0.9283
vn -0.1999 -0.0968 0.9750
vn -0.2254 -0.4241 0.8771
vn -0.1463 -0.6937 0.7053
vn -0.0891 -0.7833 0.6153
vn -0.0590 -0.8733 0.4836
vn -0.2564 0.4673 0.8461
vn -0.2848 0.1888 0.9398
vn -0.2714 0.0661 0.9602
vn -0.2222 -0.5811 0.7829
vn -0.0920 0.9207 0.3794
vn -0.2445 0.6987 0.6723
vn -0.2968 0.5873 0.7530
vn -0.3317 0.3438 0.8785
vn -0.3660 -0.0567 0.9289
vn -0.3202 -0.2385 0.9168
vn -0.3445 -0.4151 0.8420
vn -0.3220 -0.5888 0.7414
vn -0.2523 -0.7352 0.6291
vn -0.1904 -0.8526 0.4867
vn -0.1803 0.8791 0.4413
vn -0.2292 0.7964 0.5596
vn -0.4377 0.2387 0.8668
vn -0.4385 0.0982 0.8934
vn -0.1306 -0.9219 0.3648
vn -0.3682 0.7340 0.5706
vn -0.4154 0.6054 0.6789
vn -0.4389 0.4498 0.7779
vn -0.5217 -0.0537 0.8514
vn -0.4661 -0.2481 0.8492
vn -0.4730 -0.4316 0.7681
vn -0.4166 -0.6003 0.6827
vn -0.3576 -0.7409 0.5685
vn -0.1239 -0.9552 0.2686
vn -0.2730 0.9066 0.3218
vn -0.3056 0.8383 0.4515
vn -0.5480 0.3935 0.7382
vn -0.5716 0.2520 0.7809
vn -0.5919 0.1022 0.7995
vn -0.5906 -0.2078 0.7797
vn -0.6167 -0.3586 0.7008
vn -0.3080 -0.8354 0.4553
vn -0.0673 -0.9798 0.1885
vn -0.5731 0.5332 0.6224
vn -0.6651 0.3544 0.6573
vn -0.7081 0.1552 0.6889
vn -0.6734 -0.0324 0.7385
vn -0.7068 -0.1576 0.6896
vn -0.5903 -0.4996 0.6340
vn -0.5296 -0.6127 0.5867
vn -0.5194 0.6908 0.5031
vn -0.7110 -0.3057 0.6332
vn -0.6489 -0.6200 0.4410
vn -0.4731 -0.7478 0.4658
vn -0.3064 -0.8879 0.3433
vn -0.1657 0.9579 0.2345
vn -0.4250 0.8191 0.3853
vn -0.6797 0.5435 0.4926
vn -0.7537 0.3637 0.5475
vn -0.8042 0.1616 0.5719
vn -0.8118 0.0023 0.5840
vn -0.7976 -0.1461 0.5852
vn -0.7235 -0.4609 0.5139
vn -0.1161 0.9818 0.1503
vn -0.6149 0.7054 0.3527
vn -0.8263 0.3702 0.4245
vn -0.8348 -0.2755 0.4767
vn -0.4604 -0.8302 0.3145
vn -0.2686 -0.9300 0.2510
vn -0.3001 0.9357 0.1856
vn -0.4276 0.8829 0.1942
vn -0.5275 0.8051 0.2712
vn -0.7489 0.5615 0.3519
vn -0.9042 0.1586 0.3966
vn -0.9168 -0.0631 0.3943
vn -0.8122 -0.4715 0.3434
vn -0.6319 -0.7120 0.3062
vn -0.2512 0.9666 0.0505
vn -0.6314 0.7545 0.1793
vn -0.7307 0.6508 0.2062
vn -0.8445 0.4778 0.2419
vn -0.9034 0.3230 0.2819
vn -0.9185 -0.2692 0.2896
vn -0.5952 -0.7835 0.1786
vn -0.3989 -0.9016 0.1672
vn -0.2218 -0.9657 0.1349
vn -0.1533 -0.9850 0.0798
vn -0.0583 -0.9954 0.0764
vn -0.9622 0.2188 0.1621
vn -0.9791 0.0627 0.1933
vn -0.9537 -0.2743 0.1230
vn -0.8682 -0.4747 0.1445
vn -0.7546 -0.6261 0.1966
vn -0.0760 0.9947 0.0690
vn -0.3871 0.9219 0.0168
vn -0.4943 0.8674 0.0568
vn -0.5790 0.8143 0.0415
vn -0.8244 0.5641 0.0469
vn -0.9210 0.3856 0.0564
vn -0.9916 -0.0614 0.1134
vn -0.6973 -0.7160 0.0349
vn -0.4943 -0.8650 0.0861
vn -0.3333 -0.9407 0.0630
vn -0.7019 0.7123 -0.0008
vn -0.9823 0.1807 -0.0500
vn -0.9848 -0.1597 -0.0676
vn -0.9217 -0.3848 -0.0483
vn -0.8217 -0.5680 -0.0455
vn -0.7200 -0.6841 -0.1163
vn -0.5807 -0.8141 -0.0017
vn -0.8154 0.5619 -0.1396
vn -0.9101 0.3869 -0.1486
vn -0.9851 0.0498 -0.1645
vn -0.9350 -0.2807 -0.2167
vn -0.8367 -0.4900 -0.2445
vn -0.6650 0.7227 -0.1884
vn -0.7762 0.5659 -0.2782
vn -0.9225 0.2551 -0.2897
vn -0.9554 -0.1021 -0.2770
vn -0.7258 -0.6369 -0.2600
vn -0.6104 -0.7752 -0.1626
vn -0.4211 -0.9054 -0.0535
vn -0.5257 0.8368 -0.1532
vn -0.8368 0.4267 -0.3430
vn -0.9174 0.0582 -0.3938
vn -0.8994 -0.1562 -0.4082
vn -0.8583 -0.3678 -0.3577
vn -0.4845 -0.8615 -0.1521
vn -0.3249 0.9391 -0.1122
vn -0.6135 0.7052 -0.3555
vn -0.7164 0.5581 -0.4187
vn -0.8041 0.3631 -0.4708
vn -0.8497 0.2087 -0.4841
vn -0.7516 -0.4751 -0.4575
vn -0.6607 -0.6298 -0.4085
vn -0.5489 -0.7731 -0.3180
vn -0.3307 -0.9348 -0.1296
vn -0.2529 -0.9662 -0.0502
vn -0.1644 0.9850 -0.0516
vn -0.3830 0.9013 -0.2021
vn -0.4569 0.8211 -0.3422
vn -0.8104 0.0522 -0.5835
vn -0.8051 -0.0988 -0.5848
vn -0.8094 -0.2752 -0.5188
vn -0.5293 0.6945 -0.4873
vn -0.6266 0.5425 -0.5595
vn -0.6749 0.4111 -0.6129
vn -0.7315 0.2647 -0.6284
vn -0.7100 -0.2547 -0.6565
vn -0.6593 -0.4459 -0.6054
vn -0.5824 -0.6117 -0.5355
vn -0.4781 -0.7605 -0.4394
vn -0.3860 -0.8752 -0.2916
vn -0.2218 0.9636 -0.1495
vn -0.3440 0.8375 -0.4246
vn -0.6402 0.2459 -0.7278
vn -0.6701 0.1050 -0.7348
vn -0.6732 -0.0560 -0.7373
vn -0.5386 -0.4304 -0.7243
vn -0.2120 -0.9482 -0.2367
vn -0.0747 0.9955 -0.0586
vn -0.4212 0.6910 -0.5875
vn -0.5239 0.5456 -0.6541
vn -0.5852 -0.2599 -0.7681
vn -0.4869 -0.6070 -0.6281
vn -0.3943 -0.7555 -0.5232
vn -0.2752 0.8888 -0.3665
vn -0.3966 0.5918 -0.7017
vn -0.5134 0.4325 -0.7412
vn -0.5156 0.2391 -0.8228
vn -0.5225 0.0600 -0.8505
vn -0.5177 -0.0994 -0.8498
vn -0.3589 -0.6656 -0.6543
vn -0.2925 -0.8619 -0.4141
vn -0.1548 -0.9839 -0.0895
vn -0.2293 0.9276 -0.2949
vn -0.3357 0.7749 -0.5355
vn -0.4033 0.3810 -0.8319
vn -0.4469 -0.2396 -0.8619
vn -0.3627 -0.4280 -0.8278
vn -0.3982 -0.5314 -0.7477
vn -0.1286 0.9582 -0.2554
vn -0.1925 0.8538 -0.4837
vn -0.2660 0.6685 -0.6945
vn -0.3256 0.5192 -0.7902
vn -0.3640 0.2403 -0.8999
vn -0.3624 0.0948 -0.9272
vn -0.3659 -0.0484 -0.9294
vn -0.3326 -0.3258 -0.8850
vn -0.2822 -0.5907 -0.7560
vn -0.2643 -0.7424 -0.6157
vn -0.1587 -0.9230 -0.3505
vn -0.2570 0.4164 -0.8721
vn -0.2411 0.1332 -0.9613
vn -0.2170 -0.0533 -0.9747
vn -0.2768 -0.1900 -0.9419
vn -0.1769 -0.6612 -0.7290
vn -0.1767 0.7641 -0.6204
vn -0.1721 0.5738 -0.8007
vn -0.1393 0.4194 -0.8971
vn -0.2001 0.2836 -0.9378
vn -0.1969 -0.3261 -0.9246
vn -0.1699 -0.7993 -0.5764
vn -0.0932 0.9185 -0.3842
vn -0.0134 0.7574 -0.6528
vn -0.1107 0.6921 -0.7133
vn -0.1132 0.1408 -0.9835
vn -0.1195 0.0106 -0.9928
vn -0.0570 -0.3449 -0.9369
vn -0.1527 -0.4870 -0.8600
vn -0.0848 -0.5807 -0.8097
vn -0.1121 -0.8763 -0.4685
vn -0.0668 0.8185 -0.5706
vn -0.0351 0.4192 -0.9072
vn -0.0455 0.2825 -0.9582
vt 0.758493 0.702175
vt 0.738835 0.736588
vt 0.726668 0.670392
vt 0.742188 0.297441
vt 0.715122 0.262585
vt 0.764647 0.250000
vt 0.757445 0.640128
vt 0.726650 0.607907
vt 0.744961 0.518239
vt 0.734375 0.484372
vt 0.765276 0.453064
vt 0.774577 0.812500
vt 0.765654 0.843750
vt 0.712101 0.827650
vt 0.742607 0.422700
vt 0.735243 0.358441
vt 0.760853 0.387165
vt 0.725855 0.875000
vt 0.726562 0.000000
vt 0.876122 0.031250
vt 0.640783 0.031250
vt 0.709519 0.781250
vt 0.710781 0.734259
vt 0.714365 0.324348
vt 0.719999 0.218750
vt 0.696751 0.187500
vt 0.753697 0.201079
vt 0.711301 0.547524
vt 0.742187 0.562500
vt 0.768269 0.062500
vt 0.696697 0.687500
vt 0.698087 0.643365
vt 0.687572 0.608495
vt 0.732419 0.156250
vt 0.678313 0.140448
vt 0.711315 0.422475
vt 0.698069 0.356568
vt 0.680368 0.546697
vt 0.733927 0.968750
vt 0.633405 0.937500
vt 0.779981 0.937500
vt 0.679956 0.734917
vt 0.680319 0.312500
vt 0.655500 0.891069
vt 0.641409 0.843750
vt 0.672827 0.812500
vt 0.652583 0.767739
vt 0.679688 0.393225
vt 0.656801 0.359096
vt 0.657872 0.695170
vt 0.662678 0.593750
vt 0.651639 0.549601
vt 0.678303 0.500000
vt 0.649512 0.491112
vt 0.680020 0.455296
vt 0.649119 0.296182
vt 0.679617 0.265789
vt 0.639648 0.250000
vt 0.671867 0.218750
vt 0.637535 0.167947
vt 0.624905 0.796507
vt 0.621996 0.728938
vt 0.656801 0.640904
vt 0.624939 0.640477
vt 0.623049 0.218750
vt 0.631970 0.593750
vt 0.615663 0.125000
vt 0.650678 0.418569
vt 0.633491 0.454438
vt 0.613205 0.418880
vt 0.629174 0.354707
vt 0.620361 0.294282
vt 0.614940 0.675161
vt 0.603003 0.187500
vt 0.625348 0.546936
vt 0.609382 0.515609
vt 0.587378 0.812500
vt 0.599365 0.387170
vt 0.605239 0.323645
vt 0.589282 0.263033
vt 0.601581 0.609337
vt 0.617188 1.000000
vt 0.483938 0.968750
vt 0.588648 0.891924
vt 0.598836 0.481592
vt 0.574504 0.332224
vt 0.585161 0.765627
vt 0.586570 0.702866
vt 0.584553 0.656250
vt 0.576174 0.218750
vt 0.560116 0.156250
vt 0.588217 0.582480
vt 0.648409 0.093750
vt 0.561041 0.093750
vt 0.585898 0.437500
vt 0.570307 0.843750
vt 0.567128 0.637546
vt 0.547853 0.125000
vt 0.570613 0.388767
vt 0.533638 0.187500
vt 0.567542 0.573478
vt 0.518061 0.937500
vt 0.571697 0.468750
vt 0.553863 0.420226
vt 0.546137 0.764787
vt 0.554188 0.266461
vt 0.507777 0.906250
vt 0.523425 0.062500
vt 0.396065 0.031250
vt 0.554688 0.000000
vt 0.525641 0.812500
vt 0.538707 0.358670
vt 0.539695 0.702866
vt 0.562500 0.703159
vt 0.521854 0.228696
vt 0.532868 0.875000
vt 0.499163 0.843750
vt 0.539395 0.455295
vt 0.520518 0.417929
vt 0.529426 0.300972
vt 0.508613 0.389025
vt 0.507384 0.766177
vt 0.499652 0.359471
vt 0.488590 0.142065
vt 0.538752 0.577403
vt 0.507266 0.593750
vt 0.510547 0.549607
vt 0.539061 0.515608
vt 0.458465 0.093750
vt 0.507469 0.485258
vt 0.492820 0.297134
vt 0.515625 0.639488
vt 0.508445 0.702866
vt 0.491832 0.641330
vt 0.493019 0.437500
vt 0.468614 0.734312
vt 0.484113 0.250000
vt 0.476246 0.202645
vt 0.478261 0.583273
vt 0.493572 0.531250
vt 0.484375 0.483225
vt 0.447735 0.875000
vt 0.476016 0.406250
vt 0.471064 0.794313
vt 0.461618 0.546698
vt 0.468689 0.359523
vt 0.461619 0.297824
vt 0.461475 0.625000
vt 0.442393 0.605427
vt 0.383337 0.937500
vt 0.462401 0.478989
vt 0.437230 0.484402
vt 0.436964 0.828457
vt 0.461530 0.437500
vt 0.441913 0.419850
vt 0.445302 0.671759
vt 0.474315 0.675161
vt 0.437238 0.250000
vt 0.433638 0.543724
vt 0.385896 0.078590
vt 0.436238 0.352592
vt 0.428911 0.765627
vt 0.430369 0.296182
vt 0.412678 0.500000
vt 0.410504 0.448069
vt 0.429543 0.718750
vt 0.417739 0.676355
vt 0.440971 0.200717
vt 0.405268 0.218750
vt 0.436734 0.137635
vt 0.396963 0.156250
vt 0.381338 0.843750
vt 0.395302 0.418934
vt 0.417757 0.387974
vt 0.398427 0.328240
vt 0.400826 0.738768
vt 0.398030 0.265099
vt 0.385035 0.187500
vt 0.376727 0.388509
vt 0.414742 0.608126
vt 0.394406 0.643379
vt 0.382473 0.577172
vt 0.353008 0.125000
vt 0.406230 0.546826
vt 0.386359 0.479259
vt 0.414033 0.906250
vt 0.361712 0.875000
vt 0.367186 0.515608
vt 0.363629 0.448068
vt 0.363452 0.319929
vt 0.390605 0.796642
vt 0.374740 0.733880
vt 0.380566 0.675161
vt 0.347264 0.711166
vt 0.347656 0.643989
vt 0.367107 0.625000
vt 0.359375 0.578137
vt 0.335932 0.156250
vt 0.327283 0.906250
vt 0.333336 0.824290
vt 0.335937 0.781250
vt 0.358646 0.218750
vt 0.317500 0.200005
vt 0.327148 0.750000
vt 0.366424 0.265643
vt 0.335438 0.266461
vt 0.353342 0.354499
vt 0.336601 0.390864
vt 0.316577 0.319929
vt 0.272558 0.093750
vt 0.304681 0.421952
vt 0.306467 0.354500
vt 0.305320 0.702866
vt 0.304279 0.265099
vt 0.333691 0.675161
vt 0.311353 0.641391
vt 0.304681 0.578048
vt 0.335931 0.578048
vt 0.282072 0.862504
vt 0.335942 0.453173
vt 0.306072 0.468750
vt 0.273327 0.171796
vt 0.316310 0.983055
vt 0.258457 0.937500
vt 0.271993 0.812500
vt 0.288982 0.375000
vt 0.288982 0.625000
vt 0.277016 0.583084
vt 0.304686 0.515608
vt 0.274822 0.531250
vt 0.275056 0.478180
vt 0.243065 0.906250
vt 0.273427 0.328240
vt 0.288735 0.766086
vt 0.274070 0.702866
vt 0.261874 0.663476
vt 0.257732 0.625000
vt 0.256428 0.500000
vt 0.252570 0.768880
vt 0.275398 0.261367
vt 0.249740 0.266120
vt 0.242266 0.451888
vt 0.276168 0.424710
vt 0.258476 0.390864
vt 0.250000 0.328095
vt 0.235413 0.704053
vt 0.243572 0.593750
vt 0.182105 0.062500
vt 0.307096 0.062500
vt 0.204696 0.875000
vt 0.242187 0.000000
vt 0.132883 0.031250
vt 0.220364 0.413271
vt 0.228342 0.354499
vt 0.228342 0.645501
vt 0.222811 0.205838
vt 0.265916 0.218750
vt 0.254440 0.551013
vt 0.226006 0.562500
vt 0.226219 0.514742
vt 0.212322 0.468750
vt 0.201978 0.358609
vt 0.225006 0.827223
vt 0.218297 0.764893
vt 0.208194 0.708160
vt 0.227195 0.297134
vt 0.210283 0.250000
vt 0.211601 0.609136
vt 0.224340 0.156250
vt 0.187513 0.125000
vt 0.267263 0.125000
vt 0.193928 0.562500
vt 0.109742 0.968750
vt 0.133353 0.937500
vt 0.171169 0.093750
vt 0.187534 0.421958
vt 0.179688 0.843750
vt 0.185528 0.750000
vt 0.180320 0.702866
vt 0.195945 0.297134
vt 0.179360 0.233914
vt 0.193928 0.656250
vt 0.182829 0.612243
vt 0.135231 0.906250
vt 0.198859 0.520740
vt 0.179686 0.484393
vt 0.175647 0.794527
vt 0.154562 0.647940
vt 0.156573 0.421936
vt 0.165447 0.531250
vt 0.148069 0.483870
vt 0.127353 0.856262
vt 0.141577 0.812500
vt 0.144314 0.763319
vt 0.132852 0.437500
vt 0.141649 0.187500
vt 0.117198 0.156250
vt 0.180926 0.172992
vt 0.119808 0.386991
vt 0.102607 0.796737
vt 0.147706 0.359403
vt 0.116428 0.343750
vt 0.109295 0.734375
vt 0.149070 0.702866
vt 0.101585 0.125000
vt 0.077225 0.093750
vt 0.132813 0.531250
vt 0.120071 0.488467
vt 0.117177 0.671760
vt 0.109375 0.609392
vt 0.132732 0.625000
vt 0.111267 0.238735
vt 0.083086 0.200233
vt 0.133162 0.578885
vt 0.109375 0.546883
vt 0.072047 0.062500
vt 0.080463 0.875000
vt 0.109375 0.453117
vt 0.085257 0.358458
vt 0.085927 0.671760
vt 0.102947 0.406250
vt 0.082385 0.301319
vt 0.061129 0.266942
vt 0.052476 0.156250
vt 0.057881 0.830110
vt 0.088822 0.457211
vt 0.070662 0.421115
vt 0.026795 0.906250
vt 0.085938 0.500000
vt 0.054688 0.481747
vt 0.054007 0.360549
vt 0.069549 0.734357
vt 0.058364 0.676355
vt 0.024729 0.125000
vt 0.023433 0.937500
vt 0.039776 0.421859
vt 0.064468 0.781250
vt 0.037678 0.750000
vt 0.033034 0.304688
vt 0.038735 0.233914
vt 0.038331 0.640597
vt 0.062500 0.609392
vt 0.021993 0.187500
vt 0.054338 0.545046
vt 0.026164 0.518407
vt 0.015618 0.484392
vt 0.013057 0.857371
vt 0.022757 0.358458
vt 0.040447 0.593750
vt 0.022881 0.562500
vt 0.015625 0.421864
vt 0.023438 0.000000
vt 0.006419 0.031250
vt 0.013076 0.781250
vt 0.005516 0.729972
vt 0.036319 0.708160
vt 0.008476 0.609136
vt 0.006428 0.156250
vt 0.008267 0.093750
vt 0.000000 0.390864
vt 0.000000 0.328240
vt 0.000000 0.552277
vt 0.000000 0.453301
vt 0.996534 0.736388
vt 0.993572 0.781250
vt 0.964291 0.736967
vt 1.000000 0.265643
vt 0.992177 0.328240
vt 0.976418 0.281250
vt 0.976552 0.671760
vt 1.000000 0.671760
vt 0.965038 0.237732
vt 1.000000 0.187500
vt 0.995225 0.218750
vt 0.960523 0.187500
vt 1.000000 0.968750
vt 0.992188 1.000000
vt 0.921801 0.968750
vt 0.979537 0.156250
vt 0.954744 0.125000
vt 1.000000 0.125000
vt 0.993811 0.552277
vt 0.976906 0.514742
vt 1.000000 0.500000
vt 0.995191 0.857371
vt 0.991733 0.906250
vt 0.954699 0.875000
vt 0.961287 0.796932
vt 1.000000 0.812500
vt 0.977226 0.609136
vt 0.957773 0.573065
vt 0.952114 0.937500
vt 0.920974 0.906250
vt 0.991507 0.453301
vt 0.960116 0.468750
vt 0.935156 0.843750
vt 0.968750 0.421864
vt 0.992851 0.390864
vt 0.962716 0.354499
vt 0.945681 0.516130
vt 0.944448 0.454853
vt 0.953125 0.671905
vt 0.954359 0.297993
vt 0.929360 0.233914
vt 0.945232 0.625000
vt 0.927995 0.604206
vt 0.913489 0.172036
vt 0.929727 0.562500
vt 0.914677 0.796848
vt 0.945976 0.390864
vt 0.925781 0.356011
vt 0.928924 0.734357
vt 0.914406 0.514742
vt 0.922198 0.421936
vt 0.929677 0.671760
vt 0.880906 0.106673
vt 0.869614 0.875000
vt 0.912678 0.468750
vt 0.896316 0.426821
vt 0.897706 0.359403
vt 0.897674 0.734356
vt 0.923109 0.297993
vt 0.897833 0.234600
vt 0.864964 0.843750
vt 0.869410 0.812500
vt 0.852981 0.781250
vt 0.882814 0.484393
vt 0.867860 0.422089
vt 0.858228 0.641391
vt 0.852235 0.577911
vt 0.879920 0.574069
vt 0.863395 0.169801
vt 0.830467 0.125000
vt 0.882229 0.531250
vt 0.851564 0.515607
vt 0.850178 0.468750
vt 0.867820 0.297134
vt 0.839614 0.323645
vt 0.843750 0.265584
vt 0.861103 0.738036
vt 0.843750 0.703158
vt 0.870864 0.676355
vt 0.851562 1.000000
vt 0.838424 0.427194
vt 0.866457 0.359403
vt 0.826978 0.358609
vt 0.826905 0.235513
vt 0.802649 0.199522
vt 0.835857 0.625000
vt 0.820992 0.576828
vt 0.794522 0.156250
vt 0.764827 0.093750
vt 0.820317 0.828073
vt 0.819549 0.734356
vt 0.817569 0.291840
vt 0.835189 0.906250
vt 0.790342 0.875000
vt 0.820314 0.484393
vt 0.804727 0.437500
vt 0.798845 0.781250
vt 0.823989 0.676355
vt 0.803956 0.640597
vt 0.750915 0.906250
vt 0.789726 0.390864
vt 0.818009 0.395035
vt 0.780244 0.750000
vt 0.784530 0.331872
vt 0.796875 0.265584
vt 0.789695 0.702865
vt 0.790447 0.593750
vt 0.796875 0.546883
vt 0.791213 0.480762
vt 0.770651 0.292395
vt 0.781250 0.640647
vt 0.772757 0.546699
vt 0.743675 0.125000
vt 0.757812 0.781250
vt 0.774823 0.500000
vt 0.758415 0.593750
vt 0.711000 0.485751
vt 0.649017 0.062500
vt 0.570311 0.515608
vt 0.538707 0.641330
vt 0.335936 0.515608
vt 0.176503 0.362454
vt 0.164056 0.578048
vt 0.171875 0.296841
vt 0.147833 0.234600
vt 0.149070 0.297134
vt 0.117820 0.297134
vt 0.086601 0.609136
vt 0.085623 0.548930
vt 0.015274 0.812500
vt 0.008468 0.062500
vt 0.007802 0.671760
vt 0.007049 0.265643
vt 0.008721 0.218750
vt 1.000000 0.609136
vt 0.965750 0.093750
vt 0.896608 0.301581
vt 0.902420 0.581119
vt 0.930345 0.062500
vt 0.898427 0.671760
vt 0.898357 0.625000
vt 0.866583 0.234600
vt 0.818928 0.531250
s 1
f 2562/2785/2562 2567/2786/2567 2575/2787/2575
f 2572/2788/2572 2586/2789/2586 2564/2790/2564
f 3038/2791/3038 2575/2787/2575 2576/2792/2576
f 2569/2793/2569 2570/2794/2570 2563/2795/2563
f 3037/2796/3037 2566/2797/2566 2591/2798/2591
f 2571/2799/2571 2577/2800/2577 3033/2801/3033
f 2565/2802/2565 2591/2798/2591 2566/2797/2566
f 2674/2803/2674 2574/2804/2574 2659/2805/2659
f 2592/2806/2592 2581/2807/2581 2567/2786/2567
f 2572/2788/2572 2585/2808/2585 2586/2789/2586
f 2587/2809/2587 2604/2810/2604 2573/2811/2573
f 2576/2792/2576 2582/2812/2582 2568/2813/2568
f 2568/2813/2568 2582/2812/2582 2569/2793/2569
f 2590/2814/2590 2659/2805/2659 2574/2804/2574
f 2581/2807/2581 2593/2815/2593 2575/2787/2575
f 2575/2787/2575 2593/2815/2593 2594/2816/2594
f 2575/2787/2575 2594/2816/2594 2576/2792/2576
f 2576/2792/2576 2594/2816/2594 2597/2817/2597
f 2578/2818/2578 2604/2810/2604 2611/2819/2611
f 2584/2820/2584 2595/2821/2595 2577/2800/2577
f 2597/2817/2597 2598/2822/2598 2582/2812/2582
f 2605/2823/2605 2641/2824/2641 2579/2825/2579
f 2592/2806/2592 2596/2826/2596 2581/2807/2581
f 2595/2821/2595 2602/2827/2602 2585/2808/2585
f 2618/2828/2618 2619/2829/2619 2591/2798/2591
f 2606/2830/2606 2612/2831/2612 2592/2806/2592
f 2601/2832/2601 2616/2833/2616 2595/2821/2595
f 2596/2826/2596 2613/2834/2613 2593/2815/2593
f 2607/2835/2607 2608/2836/2608 2598/2822/2598
f 2599/2837/2599 2615/2838/2615 2600/2839/2600
f 2616/2833/2616 2617/2840/2617 2602/2827/2602
f 2602/2827/2602 2617/2840/2617 2603/2841/2603
f 2603/2841/2603 2617/2840/2617 2625/2842/2625
f 2610/2843/2610 2632/2844/2632 2604/2810/2604
f 2619/2829/2619 2620/2845/2620 2606/2830/2606
f 2612/2831/2612 2626/2846/2626 2613/2834/2613
f 2614/2847/2614 2613/2834/2613 2628/2848/2628
f 2610/2843/2610 2625/2842/2625 2631/2849/2631
f 2607/2835/2607 2614/2847/2614 2621/2850/2621
f 2611/2819/2611 2632/2844/2632 2640/2851/2640
f 2609/2852/2609 2622/2853/2622 2630/2854/2630
f 2612/2831/2612 2620/2845/2620 2626/2846/2626
f 2623/2855/2623 2624/2856/2624 2617/2840/2617
f 2626/2846/2626 2627/2857/2627 2613/2834/2613
f 2631/2849/2631 2648/2858/2648 2632/2844/2632
f 2621/2850/2621 2629/2859/2629 2608/2836/2608
f 2615/2838/2615 2629/2859/2629 2636/2860/2636
f 2620/2845/2620 2619/2829/2619 2650/2861/2650
f 2630/2854/2630 2638/2862/2638 2623/2855/2623
f 2623/2855/2623 2638/2862/2638 2639/2863/2639
f 2623/2855/2623 2639/2863/2639 2624/2856/2624
f 2625/2842/2625 2624/2856/2624 2647/2864/2647
f 2628/2848/2628 2635/2865/2635 2621/2850/2621
f 2605/2823/2605 2814/2866/2814 2746/2867/2746
f 2618/2828/2618 2641/2824/2641 2649/2868/2649
f 2636/2860/2636 2637/2869/2637 2622/2853/2622
f 2639/2863/2639 2638/2862/2638 2657/2870/2657
f 2620/2845/2620 2642/2871/2642 2626/2846/2626
f 2624/2856/2624 2639/2863/2639 2647/2864/2647
f 2626/2846/2626 2643/2872/2643 2627/2857/2627
f 2627/2857/2627 2643/2872/2643 2644/2873/2644
f 2631/2849/2631 2647/2864/2647 2658/2874/2658
f 2632/2844/2632 2648/2858/2648 2672/2875/2672
f 2635/2865/2635 2645/2876/2645 2629/2859/2629
f 2633/2877/2633 2640/2851/2640 2673/2878/2673
f 2630/2854/2630 2637/2869/2637 2646/2879/2646
f 2649/2868/2649 2660/2880/2660 2619/2829/2619
f 2630/2854/2630 2646/2879/2646 2638/2862/2638
f 2620/2845/2620 2650/2861/2650 2642/2871/2642
f 2644/2873/2644 2652/2881/2652 2635/2865/2635
f 2640/2851/2640 2672/2875/2672 2664/2882/2664
f 2638/2862/2638 2646/2879/2646 2656/2883/2656
f 2658/2874/2658 2688/2884/2688 2648/2858/2648
f 2652/2881/2652 2653/2885/2653 2645/2876/2645
f 2746/2867/2746 2695/2886/2695 2641/2824/2641
f 2646/2879/2646 2655/2887/2655 2662/2888/2662
f 2642/2871/2642 2650/2861/2650 2666/2889/2666
f 2647/2864/2647 2657/2870/2657 2663/2890/2663
f 2695/2886/2695 2665/2891/2665 2649/2868/2649
f 2659/2805/2659 2710/2892/2710 2725/2893/2725
f 2674/2894/2674 2659/2805/2659 2725/2893/2725
f 2660/2880/2660 2681/2895/2681 2650/2861/2650
f 2656/2883/2656 2662/2888/2662 2671/2896/2671
f 2666/2889/2666 2667/2897/2667 2651/2898/2651
f 2658/2874/2658 2663/2890/2663 2679/2899/2679
f 2660/2880/2660 2680/2900/2680 2675/2901/2675
f 2662/2888/2662 2670/2902/2670 2677/2903/2677
f 2663/2890/2663 2678/2904/2678 2679/2899/2679
f 2677/2903/2677 2687/2905/2687 2671/2896/2671
f 2681/2895/2681 2682/2906/2682 2666/2889/2666
f 2671/2896/2671 2687/2905/2687 2693/2907/2693
f 2672/2875/2672 2688/2884/2688 2701/2908/2701
f 2669/2909/2669 2684/2910/2684 2685/2911/2685
f 2669/2909/2669 2685/2911/2685 2661/2912/2661
f 2673/2878/2673 2664/2882/2664 2716/2913/2716
f 2661/2912/2661 2685/2911/2685 2686/2914/2686
f 2661/2912/2661 2686/2914/2686 2670/2902/2670
f 2693/2907/2693 2694/2915/2694 2678/2904/2678
f 2676/2916/2676 2683/2917/2683 2689/2918/2689
f 2686/2914/2686 2692/2919/2692 2677/2903/2677
f 2682/2906/2682 2703/2920/2703 2683/2917/2683
f 2679/2899/2679 2699/2921/2699 2700/2922/2700
f 2679/2899/2679 2700/2922/2700 2688/2884/2688
f 2684/2910/2684 2689/2918/2689 2697/2923/2697
f 2684/2910/2684 2697/2923/2697 2685/2911/2685
f 2686/2914/2686 2690/2924/2690 2691/2925/2691
f 2665/2891/2665 2717/2926/2717 2680/2900/2680
f 2692/2919/2692 2698/2927/2698 2687/2905/2687
f 2675/2901/2675 2702/2928/2702 2681/2895/2681
f 2697/2923/2697 2705/2929/2705 2690/2924/2690
f 2698/2927/2698 2708/2930/2708 2693/2907/2693
f 2708/2930/2708 2709/2931/2709 2694/2915/2694
f 2697/2923/2697 2704/2932/2704 2712/2933/2712
f 2746/2867/2746 2769/2934/2769 2695/2886/2695
f 2706/2935/2706 2705/2929/2705 2721/2936/2721
f 2675/2901/2675 2717/2926/2717 2718/2937/2718
f 2698/2927/2698 2707/2938/2707 2714/2939/2714
f 2675/2901/2675 2718/2937/2718 2702/2928/2702
f 2703/2920/2703 2711/2940/2711 2696/2941/2696
f 2699/2921/2699 2709/2931/2709 2723/2942/2723
f 2712/2933/2712 2713/2943/2713 2705/2929/2705
f 2716/2913/2716 2761/2944/2761 2710/2892/2710
f 2714/2939/2714 2715/2945/2715 2708/2930/2708
f 2702/2928/2702 2718/2937/2718 2719/2946/2719
f 2702/2928/2702 2719/2946/2719 2703/2920/2703
f 2715/2945/2715 2722/2947/2722 2709/2931/2709
f 2711/2940/2711 2712/2933/2712 2704/2932/2704
f 2721/2936/2721 2713/2943/2713 2728/2948/2728
f 2714/2939/2714 2721/2936/2721 2729/2949/2729
f 2720/2950/2720 2726/2951/2726 2711/2940/2711
f 2724/2952/2724 2723/2942/2723 2738/2953/2738
f 2731/2954/2731 2724/2952/2724 2745/2955/2745
f 2718/2937/2718 2717/2926/2717 2747/2956/2747
f 2729/2949/2729 2735/2957/2735 2730/2958/2730
f 2715/2945/2715 2730/2958/2730 2736/2959/2736
f 2715/2945/2715 2736/2959/2736 2722/2947/2722
f 2719/2946/2719 2732/2960/2732 2720/2950/2720
f 2722/2947/2722 2736/2959/2736 2737/2961/2737
f 2738/2953/2738 2756/2962/2756 2724/2952/2724
f 2728/2948/2728 2729/2949/2729 2721/2936/2721
f 2735/2957/2735 2753/2963/2753 2730/2958/2730
f 2727/2964/2727 2733/2965/2733 2742/2966/2742
f 2745/2955/2745 2775/2967/2775 2731/2954/2731
f 2728/2948/2728 2734/2968/2734 2743/2969/2743
f 2728/2948/2728 2743/2969/2743 2729/2949/2729
f 2739/2970/2739 2762/2971/2762 2717/2926/2717
f 2729/2949/2729 2743/2969/2743 2735/2957/2735
f 2742/2966/2742 2751/2972/2751 2734/2968/2734
f 2735/2957/2735 2743/2969/2743 2752/2973/2752
f 2736/2959/2736 2753/2963/2753 2760/2974/2760
f 2732/2960/2732 2740/2975/2740 2748/2976/2748
f 2741/2977/2741 2763/2978/2763 2758/2979/2758
f 2749/2980/2749 2750/2981/2750 2742/2966/2742
f 2745/2955/2745 2756/2962/2756 2774/2982/2774
f 2769/2934/2769 2757/2983/2757 2739/2970/2739
f 2751/2972/2751 2752/2973/2752 2743/2969/2743
f 2747/2956/2747 2770/2984/2770 2740/2975/2740
f 2740/2975/2740 2770/2984/2770 2771/2985/2771
f 2748/2976/2748 2763/2978/2763 2741/2977/2741
f 2755/2986/2755 2784/2987/2784 2756/2962/2756
f 2762/2971/2762 2770/2984/2770 2747/2956/2747
f 2771/2985/2771 2772/2988/2772 2748/2976/2748
f 2744/2989/2744 2760/2974/2760 2768/2990/2768
f 2754/2991/2754 2767/2992/2767 2782/2993/2782
f 2754/2991/2754 2782/2993/2782 2760/2974/2760
f 2755/2986/2755 2768/2990/2768 2784/2987/2784
f 2761/2944/2761 2775/2967/2775 2807/2994/2807
f 2767/2992/2767 2781/2995/2781 2773/2996/2773
f 2772/2988/2772 2776/2997/2776 2763/2978/2763
f 2768/2990/2768 2782/2993/2782 2783/2998/2783
f 2763/2978/2763 2776/2997/2776 2764/2999/2764
f 2764/2999/2764 2776/2997/2776 2777/3000/2777
f 2777/3000/2777 2778/3001/2778 2765/3002/2765
f 2757/2983/2757 2797/3003/2797 2762/2971/2762
f 2759/3004/2759 2780/3005/2780 2781/2995/2781
f 2759/3004/2759 2781/2995/2781 2767/2992/2767
f 2784/2987/2784 2806/3006/2806 2774/2982/2774
f 2814/3007/2814 2796/3008/2796 2769/2934/2769
f 2770/2984/2770 2797/3003/2797 2798/3009/2798
f 2773/2996/2773 2781/2995/2781 2787/3010/2787
f 2587/2809/2587 2573/2811/2573 2564/2790/2564 2586/2789/2586
f 2786/3011/2786 2791/3012/2791 2778/3001/2778
f 2779/3013/2779 2792/3014/2792 2793/3015/2793
f 2796/3008/2796 2822/3016/2822 2757/2983/2757
f 2779/3013/2779 2793/3015/2793 2780/3005/2780
f 2773/2996/2773 2787/3010/2787 2795/3017/2795
f 2773/2996/2773 2795/3017/2795 2782/2993/2782
f 2785/3018/2785 2790/3019/2790 2776/2997/2776
f 2799/3020/2799 2800/3021/2800 2786/3011/2786
f 2793/3015/2793 2792/3014/2792 2802/3022/2802
f 2785/3018/2785 2798/3009/2798 2809/3023/2809
f 2788/3024/2788 2795/3017/2795 2805/3025/2805
f 2802/3022/2802 2811/3026/2811 2793/3015/2793
f 2793/3015/2793 2811/3026/2811 2794/3027/2794
f 2795/3017/2795 2803/3028/2803 2804/3029/2804
f 2809/3023/2809 2816/3030/2816 2790/3019/2790
f 2800/3021/2800 2810/3031/2810 2791/3012/2791
f 2807/2994/2807 2867/3032/2867 2808/3033/2808
f 2797/3003/2797 2822/3016/2822 2835/3034/2835
f 2674/3035/2674 2725/2893/2725 2912/3036/2912
f 2811/3026/2811 2820/3037/2820 2803/3028/2803
f 2803/3028/2803 2820/3037/2820 2812/3038/2812
f 2799/3020/2799 2816/3030/2816 2817/3039/2817
f 2805/3025/2805 2829/3040/2829 2789/3041/2789
f 2799/3020/2799 2817/3039/2817 2800/3021/2800
f 2789/3041/2789 2829/3040/2829 2806/3006/2806
f 2801/3042/2801 2810/3031/2810 2818/3043/2818
f 2801/3042/2801 2818/3043/2818 2819/3044/2819
f 2811/3026/2811 2826/3045/2826 2820/3037/2820
f 2812/3038/2812 2820/3037/2820 2827/3046/2827
f 2815/3047/2815 2823/3048/2823 2809/3023/2809
f 2823/3048/2823 2824/3049/2824 2816/3030/2816
f 2805/3025/2805 2821/3050/2821 2828/3051/2828
f 2817/3039/2817 2825/3052/2825 2810/3031/2810
f 2830/3053/2830 2849/3054/2849 2813/3055/2813
f 2819/3044/2819 2826/3045/2826 2811/3026/2811
f 2818/3043/2818 2825/3052/2825 2832/3056/2832
f 2918/3057/2918 2888/3058/2888 2796/3008/2796
f 2849/3054/2849 2858/3059/2858 2807/2994/2807
f 2820/3037/2820 2826/3045/2826 2840/3060/2840
f 2815/3047/2815 2835/3034/2835 2845/3061/2845
f 2836/3062/2836 2837/3063/2837 2824/3049/2824
f 2828/3051/2828 2834/3064/2834 2843/3065/2843
f 2828/3051/2828 2843/3065/2843 2829/3040/2829
f 2831/3066/2831 2838/3067/2838 2825/3052/2825
f 2888/3058/2888 2880/3068/2880 2822/3016/2822
f 2833/3069/2833 2839/3070/2839 2826/3045/2826
f 2845/3061/2845 2846/3071/2846 2815/3047/2815
f 2815/3047/2815 2846/3071/2846 2823/3048/2823
f 2831/3066/2831 2837/3063/2837 2852/3072/2852
f 2840/3060/2840 2839/3070/2839 2854/3073/2854
f 2839/3070/2839 2848/3074/2848 2853/3075/2853
f 2880/3068/2880 2859/3076/2859 2835/3034/2835
f 2845/3061/2845 2860/3077/2860 2846/3071/2846
f 2836/3062/2836 2846/3071/2846 2850/3078/2850
f 2853/3075/2853 2864/3079/2864 2854/3073/2854
f 2860/3077/2860 2850/3078/2850 2846/3071/2846
f 2866/3080/2866 2879/3081/2879 2844/3082/2844
f 2864/3079/2864 2865/3083/2865 2854/3073/2854
f 2850/3078/2850 2860/3077/2860 2881/3084/2881
f 2855/3085/2855 2865/3083/2865 2873/3086/2873
f 2850/3078/2850 2881/3084/2881 2875/3087/2875
f 2850/3078/2850 2875/3087/2875 2851/3088/2851
f 2858/3059/2858 2893/3089/2893 2910/3090/2910
f 2853/3075/2853 2863/3091/2863 2871/3092/2871
f 2859/3076/2859 2881/3084/2881 2860/3077/2860
f 2868/3093/2868 2869/3094/2869 2861/3095/2861
f 2878/3096/2878 2892/3097/2892 2866/3080/2866
f 2861/3095/2861 2869/3094/2869 2862/3098/2862
f 2862/3098/2862 2869/3094/2869 2870/3099/2870
f 2910/3090/2910 2911/3100/2911 2867/3032/2867
f 2880/3068/2880 2894/3101/2894 2859/3076/2859
f 2871/3092/2871 2872/3102/2872 2864/3079/2864
f 2865/3083/2865 2887/3103/2887 2873/3086/2873
f 2875/3087/2875 2882/3104/2882 2868/3093/2868
f 2865/3083/2865 2876/3105/2876 2887/3103/2887
f 2878/3096/2878 2877/3106/2877 2901/3107/2901
f 2879/3081/2879 2892/3097/2892 2909/3108/2909
f 2859/3076/2859 2894/3101/2894 2895/3109/2895
f 2886/3110/2886 2891/3111/2891 2876/3105/2876
f 2888/3058/2888 2902/3112/2902 2880/3068/2880
f 2885/3113/2885 2899/3114/2899 2886/3110/2886
f 2887/3103/2887 2891/3111/2891 2900/3115/2900
f 2889/3116/2889 2897/3117/2897 2882/3104/2882
f 2909/3108/2909 2927/3118/2927 2893/3089/2893
f 2918/3057/2918 2963/3119/2963 2888/3058/2888
f 2899/3114/2899 2907/3120/2907 2891/3111/2891
f 2889/3116/2889 2896/3121/2896 2903/3122/2903
f 2900/3115/2900 2917/3123/2917 2877/3106/2877
f 2901/3107/2901 2908/3124/2908 2892/3097/2892
f 2897/3117/2897 2905/3125/2905 2890/3126/2890
f 2892/3097/2892 2908/3124/2908 2926/3127/2926
f 2898/3128/2898 2914/3129/2914 2899/3114/2899
f 2899/3114/2899 2914/3129/2914 2924/3130/2924
f 2902/3112/2902 2919/3131/2919 2894/3101/2894
f 2900/3115/2900 2907/3120/2907 2916/3132/2916
f 2898/3128/2898 2906/3133/2906 2913/3134/2913
f 2898/3128/2898 2913/3134/2913 2914/3129/2914
f 2924/3130/2924 2915/3135/2915 2907/3120/2907
f 2674/3136/2674 2912/3036/2912 2574/3137/2574
f 2903/3122/2903 2921/3138/2921 2928/3139/2928
f 2903/3122/2903 2928/3139/2928 2904/3140/2904
f 2905/3125/2905 2923/3141/2923 2906/3133/2906
f 2909/3108/2909 2926/3127/2926 2946/3142/2946
f 2927/3118/2927 2962/3143/2962 2910/3090/2910
f 2916/3132/2916 2931/3144/2931 2932/3145/2932
f 2916/3132/2916 2932/3145/2932 2917/3123/2917
f 2913/3134/2913 2923/3141/2923 2929/3146/2929
f 2913/3134/2913 2929/3146/2929 2914/3129/2914
f 2924/3130/2924 2930/3147/2930 2915/3135/2915
f 2928/3148/2928 2921/3149/2921 2940/3150/2940
f 2925/3151/2925 2932/3152/2932 2933/3153/2933
f 2928/3148/2928 2935/3154/2935 2922/3155/2922
f 2925/3151/2925 2933/3153/2933 2945/3156/2945
f 2926/3157/2926 2934/3158/2934 2952/3159/2952
f 2918/3160/2918 2814/3161/2814 2985/3162/2985
f 2946/3163/2946 2961/3164/2961 2927/3165/2927
f 2929/3166/2929 2937/3167/2937 2924/3168/2924
f 2919/3169/2919 2902/3170/2902 2953/3171/2953
f 2919/3169/2919 2947/3172/2947 2920/3173/2920
f 2929/3166/2929 2936/3174/2936 2942/3175/2942
f 2963/3176/2963 2978/3177/2978 2902/3170/2902
f 2930/3178/2930 2937/3167/2937 2943/3179/2943
f 2919/3169/2919 2953/3171/2953 2964/3180/2964
f 2930/3178/2930 2938/3181/2938 2931/3182/2931
f 2931/3182/2931 2938/3181/2938 2939/3183/2939
f 2942/3175/2942 2949/3184/2949 2937/3167/2937
f 2943/3179/2943 2950/3185/2950 2938/3181/2938
f 2940/3150/2940 2941/3186/2941 2935/3154/2935
f 2945/3156/2945 2944/3187/2944 2960/3188/2960
f 2948/3189/2948 2956/3190/2956 2942/3175/2942
f 2946/3163/2946 2952/3159/2952 2977/3191/2977
f 2942/3175/2942 2956/3190/2956 2957/3192/2957
f 2943/3179/2943 2949/3184/2949 2950/3185/2950
f 2964/3180/2964 2965/3193/2965 2947/3172/2947
f 2939/3183/2939 2951/3194/2951 2958/3195/2958
f 2940/3150/2940 2947/3172/2947 2954/3196/2954
f 2952/3159/2952 2960/3188/2960 2977/3191/2977
f 2949/3184/2949 2957/3192/2957 2966/3197/2966
f 2951/3194/2951 2968/3198/2968 2958/3195/2958
f 2955/3199/2955 2956/3190/2956 2948/3189/2948
f 2977/3191/2977 2984/3200/2984 2961/3164/2961
f 2978/3177/2978 3000/3201/3000 2953/3171/2953
f 2967/3202/2967 2973/3203/2973 2968/3198/2968
f 2958/3195/2958 2968/3198/2968 2974/3204/2974
f 2954/3196/2954 2965/3193/2965 2969/3205/2969
f 2960/3188/2960 2959/3206/2959 2976/3207/2976
f 2964/3180/2964 3000/3201/3000 2991/3208/2991
f 2965/3193/2965 2979/3209/2979 3001/3210/3001
f 2982/3211/2982 2988/3212/2988 2973/3203/2973
f 2993/3213/2993 2994/3214/2994 2980/3215/2980
f 2998/3216/2998 3016/3217/3016 2984/3200/2984
f 2985/3162/2985 2579/2825/2579 2963/3176/2963
f 2981/3218/2981 2995/3219/2995 2982/3211/2982
f 2982/3211/2982 2995/3219/2995 2996/3220/2996
f 2989/3221/2989 3005/3222/3005 2997/3223/2997
f 2986/3224/2986 2992/3225/2992 2987/3226/2987
f 2985/3162/2985 2814/3227/2814 2605/2823/2605
f 2996/3220/2996 3003/3228/3003 2988/3212/2988
f 2983/3229/2983 3004/3230/3004 3005/3222/3005
f 2983/3229/2983 3005/3222/3005 2989/3221/2989
f 3015/3231/3015 3027/3232/3027 2998/3216/2998
f 3002/3233/3002 3010/3234/3010 2994/3214/2994
f 2998/3216/2998 3027/3232/3027 3036/3235/3036
f 2984/3200/2984 3016/3217/3016 2589/3236/2589
f 2991/3208/2991 3000/3201/3000 3007/3237/3007
f 2991/3208/2991 3007/3237/3007 2979/3209/2979
f 2986/3224/2986 3001/3210/3001 3008/3238/3008
f 2986/3224/2986 3008/3238/3008 2992/3225/2992
f 2997/3223/2997 3005/3222/3005 3014/3239/3014
f 2997/3223/2997 3014/3239/3014 3015/3231/3015
f 3006/3240/3006 3028/3241/3028 3000/3201/3000
f 3012/3242/3012 3020/3243/3020 3003/3228/3003
f 3007/3237/3007 3022/3244/3022 3001/3210/3001
f 3004/3230/3004 3014/3239/3014 3005/3222/3005
f 3009/3245/3009 3017/3246/3017 3002/3233/3002
f 2579/2825/2579 2580/3247/2580 3006/3240/3006
f 3007/3237/3007 3028/3241/3028 2566/2797/2566
f 3020/3243/3020 3026/3248/3026 3013/3249/3013
f 3008/3238/3008 3022/3244/3022 3030/3250/3030
f 3004/3230/3004 3034/3251/3034 3014/3239/3014
f 3014/3239/3014 3034/3251/3034 3021/3252/3021
f 3008/3238/3008 3023/3253/3023 3009/3245/3009
f 3017/3246/3017 3025/3254/3025 3010/3234/3010
f 3010/3234/3010 3025/3254/3025 3018/3255/3018
f 3019/3256/3019 2563/2795/2563 3020/3243/3020
f 3021/3252/3021 3034/3251/3034 3035/3257/3035
f 3021/3252/3021 3035/3257/3035 2564/2790/2564
f 3017/3246/3017 3023/3253/3023 3024/3258/3024
f 3018/3255/3018 3025/3254/3025 3031/3259/3031
f 3036/3235/3036 2588/3260/2588 3016/3217/3016
f 2563/2795/2563 3033/2801/3033 3026/3248/3026
f 3037/2796/3037 3029/3261/3029 3022/3244/3022
f 3030/3250/3030 2562/2785/2562 3023/3253/3023
f 2564/2790/2564 2573/2811/2573 3027/3232/3027
f 3019/3256/3019 3032/3262/3032 2563/2795/2563
f 3033/2801/3033 2577/2800/2577 3034/3251/3034
f 3030/3250/3030 3029/3261/3029 2567/2786/2567
f 3036/3235/3036 2573/2811/2573 2578/2818/2578
f 3031/3259/3031 3039/3263/3039 2568/2813/2568
f 3031/3259/3031 2568/2813/2568 2569/2793/2569
f 3031/3259/3031 2569/2793/2569 3032/3262/3032
f 3028/3241/3028 2580/3247/2580 2565/2802/2565
f 2563/2795/2563 2571/2799/2571 3033/2801/3033
f 3038/2791/3038 2562/2785/2562 2575/2787/2575
f 2591/2798/2591 2592/2806/2592 3029/3261/3029 3037/2796/3037
f 3039/3263/3039 3038/2791/3038 2576/2792/2576
f 2568/2813/2568 3039/3263/3039 2576/2792/2576
f 2563/2795/2563 2570/2794/2570 2571/2799/2571
f 2583/3264/2583 2570/2794/2570 2569/2793/2569 2582/2812/2582
f 3029/3261/3029 2592/2806/2592 2567/2786/2567
f 2577/2800/2577 2571/2799/2571 2584/2820/2584
f 2572/2788/2572 2577/2800/2577 2585/2808/2585
f 2567/2786/2567 2581/2807/2581 2575/2787/2575
f 2573/2811/2573 2604/2810/2604 2578/2818/2578
f 2584/2820/2584 2571/2799/2571 2570/2794/2570 2583/3264/2583
f 2602/2827/2602 2603/2841/2603 2586/2789/2586 2585/2808/2585
f 2585/2808/2585 2577/2800/2577 2595/2821/2595
f 2576/2792/2576 2597/2817/2597 2582/2812/2582
f 2578/2818/2578 2611/2819/2611 2588/3260/2588
f 2610/2843/2610 2587/2809/2587 2586/2789/2586 2603/2841/2603
f 2581/2807/2581 2596/2826/2596 2593/2815/2593
f 2633/2877/2633 2589/3236/2589 2588/3260/2588 2611/2819/2611
f 2604/2810/2604 2587/2809/2587 2610/2843/2610
f 2598/2822/2598 2599/2837/2599 2583/3264/2583 2582/2812/2582
f 2618/2828/2618 2580/3247/2580 2579/2825/2579 2641/2824/2641
f 2634/3265/2634 2590/2814/2590 2589/3236/2589 2633/2877/2633
f 2613/2834/2613 2614/2847/2614 2594/2816/2594 2593/2815/2593
f 2583/3264/2583 2599/2837/2599 2600/2839/2600
f 2565/2802/2565 2580/3247/2580 2618/2828/2618
f 2659/2805/2659 2590/2814/2590 2634/3265/2634
f 2584/2820/2584 2583/3264/2583 2600/2839/2600
f 2565/2802/2565 2618/2828/2618 2591/2798/2591
f 2584/2820/2584 2600/2839/2600 2601/2832/2601
f 2595/2821/2595 2584/2820/2584 2601/2832/2601
f 2591/2798/2591 2606/2830/2606 2592/2806/2592
f 2608/2836/2608 2615/2838/2615 2599/2837/2599 2598/2822/2598
f 2597/2817/2597 2594/2816/2594 2614/2847/2614
f 2597/2817/2597 2607/2835/2607 2598/2822/2598
f 2606/2830/2606 2591/2798/2591 2619/2829/2619
f 2592/2806/2592 2612/2831/2612 2596/2826/2596
f 2595/2821/2595 2616/2833/2616 2602/2827/2602
f 2607/2835/2607 2597/2817/2597 2614/2847/2614
f 2611/2819/2611 2604/2810/2604 2632/2844/2632
f 2623/2855/2623 2616/2833/2616 2609/2852/2609 2630/2854/2630
f 2600/2839/2600 2615/2838/2615 2609/2852/2609
f 2601/2832/2601 2600/2839/2600 2609/2852/2609
f 2601/2832/2601 2609/2852/2609 2616/2833/2616
f 2596/2826/2596 2612/2831/2612 2613/2834/2613
f 2610/2843/2610 2603/2841/2603 2625/2842/2625
f 2611/2819/2611 2640/2851/2640 2633/2877/2633
f 2608/2836/2608 2629/2859/2629 2615/2838/2615
f 2609/2852/2609 2615/2838/2615 2622/2853/2622
f 2612/2831/2612 2606/2830/2606 2620/2845/2620
f 2616/2833/2616 2623/2855/2623 2617/2840/2617
f 2610/2843/2610 2631/2849/2631 2632/2844/2632
f 2607/2835/2607 2621/2850/2621 2608/2836/2608
f 2615/2838/2615 2636/2860/2636 2622/2853/2622
f 2635/2865/2635 2628/2848/2628 2627/2857/2627 2644/2873/2644
f 2625/2842/2625 2617/2840/2617 2624/2856/2624
f 2628/2848/2628 2613/2834/2613 2627/2857/2627
f 2621/2850/2621 2614/2847/2614 2628/2848/2628
f 2625/2842/2625 2647/2864/2647 2631/2849/2631
f 2621/2850/2621 2635/2865/2635 2629/2859/2629
f 2641/2824/2641 2605/2823/2605 2746/2867/2746
f 2622/2853/2622 2637/2869/2637 2630/2854/2630
f 2618/2828/2618 2649/2868/2649 2619/2829/2619
f 2626/2846/2626 2642/2871/2642 2643/2872/2643
f 2673/2878/2673 2710/2892/2710 2634/3265/2634 2633/2877/2633
f 2631/2849/2631 2658/2874/2658 2648/2858/2648
f 2632/2844/2632 2672/2875/2672 2640/2851/2640
f 2629/2859/2629 2645/2876/2645 2636/2860/2636
f 2654/3266/2654 2636/2860/2636 2645/2876/2645 2653/2885/2653
f 2659/2805/2659 2634/3265/2634 2710/2892/2710
f 2619/2829/2619 2660/2880/2660 2650/2861/2650
f 2647/2864/2647 2639/2863/2639 2657/2870/2657
f 2635/2865/2635 2652/2881/2652 2645/2876/2645
f 2651/2898/2651 2643/2872/2643 2642/2871/2642 2666/2889/2666
f 2673/2878/2673 2640/2851/2640 2664/2882/2664
f 2637/2869/2637 2636/2860/2636 2654/3266/2654
f 2637/2869/2637 2654/3266/2654 2655/2887/2655
f 2646/2879/2646 2637/2869/2637 2655/2887/2655
f 2657/2870/2657 2638/2862/2638 2656/2883/2656
f 2647/2864/2647 2663/2890/2663 2658/2874/2658
f 2672/2875/2672 2648/2858/2648 2688/2884/2688
f 2649/2868/2649 2641/2824/2641 2695/2886/2695
f 2660/2880/2660 2649/2868/2649 2680/2900/2680
f 2656/2883/2656 2646/2879/2646 2662/2888/2662
f 2651/2898/2651 2652/2881/2652 2644/2873/2644 2643/2872/2643
f 2661/2912/2661 2654/3266/2654 2653/2885/2653 2669/2909/2669
f 2670/2902/2670 2655/2887/2655 2654/3266/2654 2661/2912/2661
f 2667/2897/2667 2668/3267/2668 2652/2881/2652 2651/2898/2651
f 2649/2868/2649 2665/2891/2665 2680/2900/2680
f 2662/2888/2662 2655/2887/2655 2670/2902/2670
f 2666/2889/2666 2650/2861/2650 2681/2895/2681
f 2657/2870/2657 2656/2883/2656 2671/2896/2671
f 2657/2870/2657 2671/2896/2671 2678/2904/2678
f 2663/2890/2663 2657/2870/2657 2678/2904/2678
f 2669/2909/2669 2653/2885/2653 2652/2881/2652 2668/3267/2668
f 2658/2874/2658 2679/2899/2679 2688/2884/2688
f 2683/2917/2683 2667/2897/2667 2666/2889/2666 2682/2906/2682
f 2681/2895/2681 2660/2880/2660 2675/2901/2675
f 2662/2888/2662 2677/2903/2677 2671/2896/2671
f 2670/2902/2670 2686/2914/2686 2677/2903/2677
f 2671/2896/2671 2693/2907/2693 2678/2904/2678
f 2683/2917/2683 2676/2916/2676 2668/3267/2668 2667/2897/2667
f 2676/2916/2676 2684/2910/2684 2669/2909/2669 2668/3267/2668
f 2694/2915/2694 2699/2921/2699 2679/2899/2679 2678/2904/2678
f 2672/2875/2672 2701/2908/2701 2664/2882/2664
f 2673/2878/2673 2716/2913/2716 2710/2892/2710
f 2705/2929/2705 2706/2935/2706 2691/2925/2691 2690/2924/2690
f 2676/2916/2676 2689/2918/2689 2684/2910/2684
f 2716/2913/2716 2664/2882/2664 2701/2908/2701
f 2686/2914/2686 2685/2911/2685 2690/2924/2690
f 2677/2903/2677 2692/2919/2692 2687/2905/2687
f 2682/2906/2682 2702/2928/2702 2703/2920/2703
f 2693/2907/2693 2708/2930/2708 2694/2915/2694
f 2683/2917/2683 2703/2920/2703 2696/2941/2696
f 2689/2918/2689 2683/2917/2683 2696/2941/2696
f 2701/2908/2701 2688/2884/2688 2700/2922/2700
f 2685/2911/2685 2697/2923/2697 2690/2924/2690
f 2692/2919/2692 2686/2914/2686 2691/2925/2691
f 2675/2901/2675 2680/2900/2680 2717/2926/2717
f 2687/2905/2687 2698/2927/2698 2693/2907/2693
f 2682/2906/2682 2681/2895/2681 2702/2928/2702
f 2699/2921/2699 2694/2915/2694 2709/2931/2709
f 2689/2918/2689 2696/2941/2696 2704/2932/2704
f 2697/2923/2697 2689/2918/2689 2704/2932/2704
f 2707/2938/2707 2692/2919/2692 2691/2925/2691 2706/2935/2706
f 2731/2954/2731 2701/2908/2701 2700/2922/2700 2724/2952/2724
f 2698/2927/2698 2692/2919/2692 2707/2938/2707
f 2696/2941/2696 2711/2940/2711 2704/2932/2704
f 2769/2934/2769 2739/2970/2739 2665/2891/2665 2695/2886/2695
f 2697/2923/2697 2712/2933/2712 2705/2929/2705
f 2701/2908/2701 2731/2954/2731 2716/2913/2716
f 2723/2942/2723 2724/2952/2724 2700/2922/2700 2699/2921/2699
f 2717/2926/2717 2665/2891/2665 2739/2970/2739
f 2698/2927/2698 2714/2939/2714 2708/2930/2708
f 2708/2930/2708 2715/2945/2715 2709/2931/2709
f 2714/2939/2714 2707/2938/2707 2706/2935/2706 2721/2936/2721
f 2721/2936/2721 2705/2929/2705 2713/2943/2713
f 2710/2892/2710 2761/2944/2761 2725/2893/2725
f 2727/2964/2727 2712/2933/2712 2711/2940/2711 2726/2951/2726
f 2703/2920/2703 2719/2946/2719 2720/2950/2720
f 2703/2920/2703 2720/2950/2720 2711/2940/2711
f 2723/2942/2723 2709/2931/2709 2722/2947/2722
f 2714/2939/2714 2729/2949/2729 2730/2958/2730
f 2715/2945/2715 2714/2939/2714 2730/2958/2730
f 2727/2964/2727 2734/2968/2734 2713/2943/2713 2712/2933/2712
f 2741/2977/2741 2726/2951/2726 2732/2960/2732 2748/2976/2748
f 2718/2937/2718 2747/2956/2747 2740/2975/2740
f 2719/2946/2719 2718/2937/2718 2740/2975/2740
f 2719/2946/2719 2740/2975/2740 2732/2960/2732
f 2720/2950/2720 2732/2960/2732 2726/2951/2726
f 2723/2942/2723 2722/2947/2722 2737/2961/2737
f 2738/2953/2738 2723/2942/2723 2737/2961/2737
f 2726/2951/2726 2733/2965/2733 2727/2964/2727
f 2745/2955/2745 2724/2952/2724 2756/2962/2756
f 2728/2948/2728 2713/2943/2713 2734/2968/2734
f 2736/2959/2736 2730/2958/2730 2753/2963/2753
f 2775/2967/2775 2761/2944/2761 2716/2913/2716 2731/2954/2731
f 2733/2965/2733 2726/2951/2726 2741/2977/2741
f 2734/2968/2734 2727/2964/2727 2742/2966/2742
f 2760/2974/2760 2744/2989/2744 2737/2961/2737 2736/2959/2736
f 2747/2956/2747 2717/2926/2717 2762/2971/2762
f 2755/2986/2755 2738/2953/2738 2737/2961/2737 2744/2989/2744
f 2765/3002/2765 2750/2981/2750 2749/2980/2749 2758/2979/2758
f 2733/2965/2733 2741/2977/2741 2749/2980/2749
f 2738/2953/2738 2755/2986/2755 2756/2962/2756
f 2733/2965/2733 2749/2980/2749 2742/2966/2742
f 2743/2969/2743 2734/2968/2734 2751/2972/2751
f 2735/2957/2735 2752/2973/2752 2753/2963/2753
f 2741/2977/2741 2758/2979/2758 2749/2980/2749
f 2775/2967/2775 2745/2955/2745 2774/2982/2774
f 2742/2966/2742 2750/2981/2750 2751/2972/2751
f 2739/2970/2739 2757/2983/2757 2762/2971/2762
f 2725/2893/2725 2761/2944/2761 2808/3033/2808
f 2760/2974/2760 2753/2963/2753 2754/2991/2754
f 2740/2975/2740 2771/2985/2771 2748/2976/2748
f 2766/3268/2766 2751/2972/2751 2750/2981/2750 2765/3002/2765
f 2774/2982/2774 2756/2962/2756 2784/2987/2784
f 2759/3004/2759 2752/2973/2752 2751/2972/2751 2766/3268/2766
f 2746/2867/2746 2814/3007/2814 2769/2934/2769
f 2767/2992/2767 2753/2963/2753 2752/2973/2752 2759/3004/2759
f 2779/3013/2779 2766/3268/2766 2765/3002/2765 2778/3001/2778
f 2754/2991/2754 2753/2963/2753 2767/2992/2767
f 2748/2976/2748 2772/2988/2772 2763/2978/2763
f 2758/2979/2758 2763/2978/2763 2764/2999/2764
f 2744/2989/2744 2768/2990/2768 2755/2986/2755
f 2768/2990/2768 2760/2974/2760 2782/2993/2782
f 2758/2979/2758 2764/2999/2764 2777/3000/2777
f 2758/2979/2758 2777/3000/2777 2765/3002/2765
f 2761/2944/2761 2807/2994/2807 2808/3033/2808
f 2782/2993/2782 2767/2992/2767 2773/2996/2773
f 2784/2987/2784 2768/2990/2768 2783/2998/2783
f 2780/3005/2780 2759/3004/2759 2766/3268/2766 2779/3013/2779
f 2813/3055/2813 2775/2967/2775 2774/2982/2774 2806/3006/2806
f 2770/2984/2770 2762/2971/2762 2797/3003/2797
f 2772/2988/2772 2771/2985/2771 2785/3018/2785
f 2772/2988/2772 2785/3018/2785 2776/2997/2776
f 2777/3000/2777 2786/3011/2786 2778/3001/2778
f 2785/3018/2785 2771/2985/2771 2770/2984/2770 2798/3009/2798
f 2775/2967/2775 2813/3055/2813 2807/2994/2807
f 2769/2934/2769 2796/3008/2796 2757/2983/2757
f 2790/3019/2790 2799/3020/2799 2777/3000/2777 2776/2997/2776
f 2789/3041/2789 2784/2987/2784 2783/2998/2783 2788/3024/2788
f 2792/3014/2792 2779/3013/2779 2778/3001/2778 2791/3012/2791
f 2777/3000/2777 2799/3020/2799 2786/3011/2786
f 2784/2987/2784 2789/3041/2789 2806/3006/2806
f 2793/3015/2793 2794/3027/2794 2781/2995/2781 2780/3005/2780
f 2757/2983/2757 2822/3016/2822 2797/3003/2797
f 2795/3017/2795 2788/3024/2788 2783/2998/2783 2782/2993/2782
f 2787/3010/2787 2781/2995/2781 2794/3027/2794
f 2867/3032/2867 2912/3036/2912 2725/2893/2725 2808/3033/2808
f 2786/3011/2786 2800/3021/2800 2791/3012/2791
f 2791/3012/2791 2801/3042/2801 2792/3014/2792
f 2787/3010/2787 2794/3027/2794 2803/3028/2803
f 2795/3017/2795 2787/3010/2787 2803/3028/2803
f 2785/3018/2785 2809/3023/2809 2790/3019/2790
f 2801/3042/2801 2791/3012/2791 2810/3031/2810
f 2806/3006/2806 2830/3053/2830 2813/3055/2813
f 2802/3022/2802 2792/3014/2792 2801/3042/2801
f 2794/3027/2794 2811/3026/2811 2803/3028/2803
f 2797/3003/2797 2815/3047/2815 2798/3009/2798
f 2805/3025/2805 2795/3017/2795 2804/3029/2804
f 2790/3019/2790 2816/3030/2816 2799/3020/2799
f 2788/3024/2788 2805/3025/2805 2789/3041/2789
f 2802/3022/2802 2801/3042/2801 2819/3044/2819
f 2802/3022/2802 2819/3044/2819 2811/3026/2811
f 2834/3064/2834 2821/3050/2821 2812/3038/2812 2827/3046/2827
f 2815/3047/2815 2797/3003/2797 2835/3034/2835
f 2798/3009/2798 2815/3047/2815 2809/3023/2809
f 2804/3029/2804 2803/3028/2803 2812/3038/2812
f 2804/3029/2804 2812/3038/2812 2821/3050/2821
f 2809/3023/2809 2823/3048/2823 2816/3030/2816
f 2805/3025/2805 2804/3029/2804 2821/3050/2821
f 2800/3021/2800 2817/3039/2817 2810/3031/2810
f 2806/3006/2806 2829/3040/2829 2830/3053/2830
f 2829/3040/2829 2805/3025/2805 2828/3051/2828
f 2818/3043/2818 2810/3031/2810 2825/3052/2825
f 2814/3007/2814 2918/3057/2918 2796/3008/2796
f 2807/2994/2807 2813/3055/2813 2849/3054/2849
f 2824/3049/2824 2831/3066/2831 2817/3039/2817 2816/3030/2816
f 2823/3048/2823 2836/3062/2836 2824/3049/2824
f 2828/3051/2828 2821/3050/2821 2834/3064/2834
f 2833/3069/2833 2819/3044/2819 2818/3043/2818 2832/3056/2832
f 2817/3039/2817 2831/3066/2831 2825/3052/2825
f 2829/3040/2829 2844/3082/2844 2830/3053/2830
f 2840/3060/2840 2841/3269/2841 2827/3046/2827 2820/3037/2820
f 2822/3016/2822 2796/3008/2796 2888/3058/2888
f 2807/2994/2807 2858/3059/2858 2867/3032/2867
f 2819/3044/2819 2833/3069/2833 2826/3045/2826
f 2831/3066/2831 2824/3049/2824 2837/3063/2837
f 2844/3082/2844 2829/3040/2829 2843/3065/2843
f 2832/3056/2832 2825/3052/2825 2838/3067/2838
f 2830/3053/2830 2844/3082/2844 2849/3054/2849
f 2835/3034/2835 2822/3016/2822 2880/3068/2880
f 2840/3060/2840 2826/3045/2826 2839/3070/2839
f 2848/3074/2848 2833/3069/2833 2832/3056/2832 2847/3270/2847
f 2823/3048/2823 2846/3071/2846 2836/3062/2836
f 2843/3065/2843 2834/3064/2834 2842/3271/2842
f 2831/3066/2831 2852/3072/2852 2838/3067/2838
f 2832/3056/2832 2838/3067/2838 2847/3270/2847
f 2842/3271/2842 2834/3064/2834 2827/3046/2827 2841/3269/2841
f 2839/3070/2839 2833/3069/2833 2848/3074/2848
f 2866/3080/2866 2844/3082/2844 2843/3065/2843 2857/3272/2857
f 2854/3073/2854 2855/3085/2855 2841/3269/2841 2840/3060/2840
f 2838/3067/2838 2852/3072/2852 2847/3270/2847
f 2854/3073/2854 2839/3070/2839 2853/3075/2853
f 2845/3061/2845 2835/3034/2835 2859/3076/2859
f 2856/3273/2856 2842/3271/2842 2841/3269/2841 2855/3085/2855
f 2851/3088/2851 2837/3063/2837 2836/3062/2836 2850/3078/2850
f 2856/3273/2856 2857/3272/2857 2843/3065/2843 2842/3271/2842
f 2879/3081/2879 2893/3089/2893 2849/3054/2849 2844/3082/2844
f 2852/3072/2852 2837/3063/2837 2851/3088/2851
f 2863/3091/2863 2848/3074/2848 2847/3270/2847 2862/3098/2862
f 2862/3098/2862 2847/3270/2847 2852/3072/2852 2861/3095/2861
f 2849/3054/2849 2893/3089/2893 2858/3059/2858
f 2853/3075/2853 2848/3074/2848 2863/3091/2863
f 2860/3077/2860 2845/3061/2845 2859/3076/2859
f 2874/3274/2874 2856/3273/2856 2855/3085/2855 2873/3086/2873
f 2858/3059/2858 2910/3090/2910 2867/3032/2867
f 2853/3075/2853 2871/3092/2871 2864/3079/2864
f 2855/3085/2855 2854/3073/2854 2865/3083/2865
f 2874/3274/2874 2878/3096/2878 2857/3272/2857 2856/3273/2856
f 2851/3088/2851 2875/3087/2875 2868/3093/2868
f 2876/3105/2876 2865/3083/2865 2864/3079/2864 2872/3102/2872
f 2852/3072/2852 2851/3088/2851 2868/3093/2868
f 2852/3072/2852 2868/3093/2868 2861/3095/2861
f 2857/3272/2857 2878/3096/2878 2866/3080/2866
f 2877/3106/2877 2874/3274/2874 2873/3086/2873 2887/3103/2887
f 2866/3080/2866 2892/3097/2892 2879/3081/2879
f 2863/3091/2863 2862/3098/2862 2870/3099/2870
f 2863/3091/2863 2870/3099/2870 2871/3092/2871
f 2912/3036/2912 2867/3032/2867 2911/3100/2911
f 2883/3275/2883 2869/3094/2869 2868/3093/2868 2882/3104/2882
f 2878/3096/2878 2874/3274/2874 2877/3106/2877
f 2883/3275/2883 2884/3276/2884 2870/3099/2870 2869/3094/2869
f 2885/3113/2885 2871/3092/2871 2870/3099/2870 2884/3276/2884
f 2885/3113/2885 2886/3110/2886 2872/3102/2872 2871/3092/2871
f 2896/3121/2896 2889/3116/2889 2875/3087/2875 2881/3084/2881
f 2872/3102/2872 2886/3110/2886 2876/3105/2876
f 2875/3087/2875 2889/3116/2889 2882/3104/2882
f 2878/3096/2878 2901/3107/2901 2892/3097/2892
f 2879/3081/2879 2909/3108/2909 2893/3089/2893
f 2859/3076/2859 2895/3109/2895 2881/3084/2881
f 2887/3103/2887 2876/3105/2876 2891/3111/2891
f 2890/3126/2890 2883/3275/2883 2882/3104/2882 2897/3117/2897
f 2890/3126/2890 2898/3128/2898 2884/3276/2884 2883/3275/2883
f 2898/3128/2898 2899/3114/2899 2885/3113/2885 2884/3276/2884
f 2921/3138/2921 2896/3121/2896 2895/3109/2895 2920/3277/2920
f 2894/3101/2894 2880/3068/2880 2902/3112/2902
f 2891/3111/2891 2886/3110/2886 2899/3114/2899
f 2881/3084/2881 2895/3109/2895 2896/3121/2896
f 2887/3103/2887 2900/3115/2900 2877/3106/2877
f 2892/3097/2892 2926/3127/2926 2909/3108/2909
f 2898/3128/2898 2890/3126/2890 2906/3133/2906
f 2910/3090/2910 2893/3089/2893 2927/3118/2927
f 2888/3058/2888 2963/3119/2963 2902/3112/2902
f 2900/3115/2900 2891/3111/2891 2907/3120/2907
f 2889/3116/2889 2903/3122/2903 2904/3140/2904
f 2901/3107/2901 2877/3106/2877 2917/3123/2917
f 2889/3116/2889 2904/3140/2904 2897/3117/2897
f 2890/3126/2890 2905/3125/2905 2906/3133/2906
f 2899/3114/2899 2924/3130/2924 2907/3120/2907
f 2895/3109/2895 2894/3101/2894 2919/3131/2919
f 2895/3109/2895 2919/3131/2919 2920/3277/2920
f 2574/3137/2574 2912/3036/2912 2911/3100/2911 2999/3278/2999
f 2903/3122/2903 2896/3121/2896 2921/3138/2921
f 2900/3115/2900 2916/3132/2916 2917/3123/2917
f 2908/3124/2908 2901/3107/2901 2917/3123/2917
f 2905/3125/2905 2897/3117/2897 2904/3140/2904
f 2999/3278/2999 2911/3100/2911 2910/3090/2910 2962/3143/2962
f 2916/3132/2916 2907/3120/2907 2915/3135/2915
f 2904/3140/2904 2928/3139/2928 2922/3279/2922
f 2908/3124/2908 2917/3123/2917 2925/3280/2925
f 2905/3125/2905 2904/3140/2904 2922/3279/2922
f 2908/3124/2908 2925/3280/2925 2934/3281/2934
f 2905/3125/2905 2922/3279/2922 2923/3141/2923
f 2908/3124/2908 2934/3281/2934 2926/3127/2926
f 2913/3134/2913 2906/3133/2906 2923/3141/2923
f 2909/3108/2909 2946/3142/2946 2927/3118/2927
f 2936/3174/2936 2923/3282/2923 2922/3155/2922 2935/3154/2935
f 2916/3132/2916 2915/3135/2915 2931/3144/2931
f 2925/3280/2925 2917/3123/2917 2932/3145/2932
f 2914/3129/2914 2929/3146/2929 2924/3130/2924
f 2915/3135/2915 2930/3147/2930 2931/3144/2931
f 2925/3151/2925 2945/3156/2945 2934/3158/2934
f 2948/3189/2948 2936/3174/2936 2935/3154/2935 2941/3186/2941
f 2946/3163/2946 2926/3157/2926 2952/3159/2952
f 2929/3166/2929 2923/3282/2923 2936/3174/2936
f 2963/3176/2963 2918/3160/2918 2985/3162/2985
f 2927/3165/2927 2961/3164/2961 2962/3283/2962
f 2930/3178/2930 2924/3168/2924 2937/3167/2937
f 2920/3173/2920 2947/3172/2947 2921/3149/2921
f 2928/3148/2928 2940/3150/2940 2935/3154/2935
f 2952/3159/2952 2934/3158/2934 2945/3156/2945
f 2929/3166/2929 2942/3175/2942 2937/3167/2937
f 2902/3170/2902 2978/3177/2978 2953/3171/2953
f 2930/3178/2930 2943/3179/2943 2938/3181/2938
f 2919/3169/2919 2964/3180/2964 2947/3172/2947
f 2932/3152/2932 2931/3182/2931 2939/3183/2939
f 2940/3150/2940 2921/3149/2921 2947/3172/2947
f 2932/3152/2932 2939/3183/2939 2944/3187/2944
f 2933/3153/2933 2932/3152/2932 2944/3187/2944
f 2959/3206/2959 2944/3187/2944 2939/3183/2939 2958/3195/2958
f 2936/3174/2936 2948/3189/2948 2942/3175/2942
f 2943/3179/2943 2937/3167/2937 2949/3184/2949
f 2938/3181/2938 2950/3185/2950 2951/3194/2951
f 2939/3183/2939 2938/3181/2938 2951/3194/2951
f 2945/3156/2945 2933/3153/2933 2944/3187/2944
f 2941/3186/2941 2955/3199/2955 2948/3189/2948
f 2952/3159/2952 2945/3156/2945 2960/3188/2960
f 2946/3163/2946 2977/3191/2977 2961/3164/2961
f 2949/3184/2949 2942/3175/2942 2957/3192/2957
f 2950/3185/2950 2968/3198/2968 2951/3194/2951
f 2955/3199/2955 2941/3186/2941 2940/3150/2940 2954/3196/2954
f 2966/3197/2966 2967/3202/2967 2950/3185/2950 2949/3184/2949
f 2975/3284/2975 2959/3206/2959 2958/3195/2958 2974/3204/2974
f 2950/3185/2950 2967/3202/2967 2968/3198/2968
f 2954/3196/2954 2947/3172/2947 2965/3193/2965
f 2960/3188/2960 2944/3187/2944 2959/3206/2959
f 2966/3197/2966 2957/3192/2957 2972/3285/2972
f 2962/3283/2962 2961/3164/2961 2984/3200/2984
f 2962/3283/2962 2984/3200/2984 2999/3286/2999
f 2964/3180/2964 2953/3171/2953 3000/3201/3000
f 2970/3287/2970 2955/3199/2955 2954/3196/2954 2969/3205/2969
f 2971/3288/2971 2956/3190/2956 2955/3199/2955 2970/3287/2970
f 2979/3209/2979 2965/3193/2965 2964/3180/2964 2991/3208/2991
f 2960/3188/2960 2976/3207/2976 2977/3191/2977
f 2956/3190/2956 2971/3288/2971 2972/3285/2972
f 2957/3192/2957 2956/3190/2956 2972/3285/2972
f 2967/3202/2967 2966/3197/2966 2982/3211/2982
f 2967/3202/2967 2982/3211/2982 2973/3203/2973
f 2981/3218/2981 2966/3197/2966 2972/3285/2972 2980/3215/2980
f 2974/3204/2974 2968/3198/2968 2973/3203/2973
f 2976/3207/2976 2959/3206/2959 2975/3284/2975
f 2977/3191/2977 2998/3216/2998 2984/3200/2984
f 2988/3212/2988 2983/3229/2983 2974/3204/2974 2973/3203/2973
f 2966/3197/2966 2981/3218/2981 2982/3211/2982
f 3001/3210/3001 2986/3224/2986 2969/3205/2969 2965/3193/2965
f 2989/3221/2989 2975/3284/2975 2974/3204/2974 2983/3229/2983
f 2987/3226/2987 2970/3287/2970 2969/3205/2969 2986/3224/2986
f 2989/3221/2989 2990/3289/2990 2976/3207/2976 2975/3284/2975
f 2993/3213/2993 2971/3288/2971 2970/3287/2970 2987/3226/2987
f 2998/3216/2998 2977/3191/2977 2976/3207/2976 2990/3289/2990
f 2980/3215/2980 2972/3285/2972 2971/3288/2971 2993/3213/2993
f 2994/3214/2994 2995/3219/2995 2981/3218/2981 2980/3215/2980
f 3006/3240/3006 2978/3177/2978 2963/3176/2963 2579/2825/2579
f 3003/3228/3003 3004/3230/3004 2983/3229/2983 2988/3212/2988
f 2978/3177/2978 3006/3240/3006 3000/3201/3000
f 2982/3211/2982 2996/3220/2996 2988/3212/2988
f 2990/3289/2990 2989/3221/2989 2997/3223/2997
f 2993/3213/2993 2987/3226/2987 2992/3225/2992
f 2990/3289/2990 2997/3223/2997 3015/3231/3015
f 2990/3289/2990 3015/3231/3015 2998/3216/2998
f 2993/3213/2993 3002/3233/3002 2994/3214/2994
f 2985/3162/2985 2605/2823/2605 2579/2825/2579
f 3010/3234/3010 3011/3290/3011 2995/3219/2995 2994/3214/2994
f 2993/3213/2993 2992/3225/2992 3009/3245/3009
f 2993/3213/2993 3009/3245/3009 3002/3233/3002
f 2998/3216/2998 3036/3235/3036 3016/3217/3016
f 2590/2814/2590 2999/3286/2999 2984/3200/2984 2589/3236/2589
f 2995/3219/2995 3011/3290/3011 3012/3242/3012
f 3019/3256/3019 3012/3242/3012 3011/3290/3011 3018/3255/3018
f 2996/3220/2996 2995/3219/2995 3012/3242/3012
f 2574/2804/2574 2999/3286/2999 2590/2814/2590
f 2996/3220/2996 3012/3242/3012 3003/3228/3003
f 3004/3230/3004 3003/3228/3003 3013/3249/3013
f 3001/3210/3001 2979/3209/2979 3007/3237/3007
f 2992/3225/2992 3008/3238/3008 3009/3245/3009
f 3002/3233/3002 3017/3246/3017 3010/3234/3010
f 3007/3237/3007 3000/3201/3000 3028/3241/3028
f 3003/3228/3003 3020/3243/3020 3013/3249/3013
f 3008/3238/3008 3001/3210/3001 3022/3244/3022
f 3011/3290/3011 3010/3234/3010 3018/3255/3018
f 3026/3248/3026 3034/3251/3034 3004/3230/3004 3013/3249/3013
f 3006/3240/3006 2580/3247/2580 3028/3241/3028
f 3012/3242/3012 3019/3256/3019 3020/3243/3020
f 3007/3237/3007 2566/2797/2566 3037/2796/3037
f 3022/3244/3022 3007/3237/3007 3037/2796/3037
f 3032/3262/3032 3019/3256/3019 3018/3255/3018 3031/3259/3031
f 3008/3238/3008 3030/3250/3030 3023/3253/3023
f 3015/3231/3015 3014/3239/3014 3021/3252/3021
f 3017/3246/3017 3009/3245/3009 3023/3253/3023
f 3015/3231/3015 3021/3252/3021 3027/3232/3027
f 3020/3243/3020 2563/2795/2563 3026/3248/3026
f 3021/3252/3021 2564/2790/2564 3027/3232/3027
f 3017/3246/3017 3024/3258/3024 3025/3254/3025
f 2589/3236/2589 3016/3217/3016 2588/3260/2588
f 2562/2785/2562 3038/2791/3038 3024/3258/3024 3023/3253/3023
f 3034/3251/3034 3026/3248/3026 3033/2801/3033
f 3030/3250/3030 3022/3244/3022 3029/3261/3029
f 3039/3263/3039 3025/3254/3025 3024/3258/3024 3038/2791/3038
f 2572/2788/2572 3035/3257/3035 3034/3251/3034 2577/2800/2577
f 3036/3235/3036 3027/3232/3027 2573/2811/2573
f 3031/3259/3031 3025/3254/3025 3039/3263/3039
f 2562/2785/2562 3030/3250/3030 2567/2786/2567
f 3035/3257/3035 2572/2788/2572 2564/2790/2564
f 3036/3235/3036 2578/2818/2578 2588/3260/2588
f 2563/2795/2563 3032/3262/3032 2569/2793/2569
f 2566/2797/2566 3028/3241/3028 2565/2802/2565
o Boss_royal_pauldron_-1
v -0.712625 1.825893 -0.092857
v -0.662999 1.797353 -0.168578
v -0.719172 1.722470 -0.262264
v -0.698527 1.685162 -0.289631
v -0.695464 1.478776 -0.318345
v -0.697783 1.832539 -0.063667
v -0.662836 1.722195 -0.263463
v -0.659525 1.646226 -0.309683
v -0.656659 1.592359 -0.324686
v -0.656412 1.550000 -0.328111
v -0.659623 1.451240 -0.308468
v -0.654505 1.399252 -0.279824
v -0.673279 1.354102 -0.241344
v -0.690093 1.283653 -0.125261
v -0.709087 1.267363 -0.061960
v -0.617094 1.697415 -0.279209
v -0.559369 1.564166 -0.317865
v -0.610268 1.507632 -0.321709
v -0.634284 1.327580 -0.206303
v -0.618970 1.772419 -0.204907
v -0.592883 1.743742 -0.236124
v -0.571940 1.660444 -0.294161
v -0.576688 1.622412 -0.310200
v -0.591594 1.452644 -0.303711
v -0.575839 1.401658 -0.272799
v -0.595832 1.355617 -0.235999
v -0.634654 1.822303 -0.104092
v -0.600099 1.798162 -0.158865
v -0.541608 1.700106 -0.264299
v -0.517390 1.606304 -0.302245
v -0.519760 1.507632 -0.306232
v -0.503841 1.452070 -0.285054
v -0.623758 1.303865 -0.167502
v -0.488390 1.648253 -0.280075
v -0.480236 1.567040 -0.298201
v -0.488520 1.398290 -0.247563
v -0.529388 1.357002 -0.221458
v -0.513761 1.744618 -0.214821
v -0.468221 1.698364 -0.241949
v -0.429142 1.596263 -0.275320
v -0.429388 1.550000 -0.280166
v -0.435411 1.507632 -0.278986
v -0.545858 1.326630 -0.187016
v -0.611245 1.283432 -0.116302
v -0.633467 1.274212 -0.090414
v -0.532670 1.782452 -0.167220
v -0.410365 1.647254 -0.248708
v -0.428238 1.452644 -0.257475
v -0.418697 1.424394 -0.236051
v -0.458892 1.357984 -0.193599
v -0.551748 1.301149 -0.141866
v -0.554521 1.811494 -0.109492
v -0.443773 1.743720 -0.182343
v -0.403214 1.698364 -0.209067
v -0.360013 1.590010 -0.241252
v -0.357421 1.533445 -0.243205
v -0.636342 1.267426 -0.057355
v -0.622631 1.832782 -0.051562
v -0.361561 1.698261 -0.178833
v -0.336172 1.621703 -0.214802
v -0.296195 1.566381 -0.197469
v -0.348435 1.479971 -0.224743
v -0.357584 1.426591 -0.199400
v -0.397727 1.382072 -0.185468
v -0.446970 1.336007 -0.152603
v -0.580423 1.825703 -0.067351
v -0.518879 1.816568 -0.060097
v -0.454227 1.773265 -0.139830
v -0.329196 1.647906 -0.195548
v -0.297999 1.511945 -0.195004
v -0.558288 1.278607 -0.074554
v -0.465564 1.789868 -0.108675
v -0.386299 1.742468 -0.140795
v -0.326319 1.698365 -0.145161
v -0.289634 1.650806 -0.153656
v -0.275819 1.606334 -0.165636
v -0.270001 1.550000 -0.171251
v -0.276917 1.492568 -0.166489
v -0.291137 1.451661 -0.157711
v -0.318554 1.414052 -0.150971
v -0.348406 1.378116 -0.135448
v -0.463498 1.311037 -0.109722
v -0.245951 1.578292 -0.137141
v -0.242800 1.531855 -0.135224
v -0.295032 1.399488 -0.097239
v -0.380437 1.345146 -0.107811
v -0.418644 1.326735 -0.107045
v -0.489928 1.295758 -0.085838
v -0.478541 1.804554 -0.070987
v -0.387184 1.765573 -0.087940
v -0.322162 1.724600 -0.092607
v -0.270457 1.673409 -0.099910
v -0.241956 1.620140 -0.109999
v -0.241956 1.479860 -0.109999
v -0.260838 1.439605 -0.099687
v -0.325880 1.366771 -0.076670
v -0.336568 1.746137 -0.054063
v -0.281318 1.701388 -0.063058
v -0.213839 1.564169 -0.079815
v -0.215137 1.521708 -0.076642
v -0.277269 1.403571 -0.067112
v -0.366550 1.336267 -0.053193
v -0.424800 1.309967 -0.051683
v -0.680000 1.838000 0.000000
v -0.653488 1.837074 -0.027113
v -0.405723 1.784107 -0.044701
v -0.230994 1.646226 -0.044279
v -0.208716 1.593519 -0.043449
v -0.214361 1.492568 -0.048410
v -0.232416 1.451661 -0.044018
v -0.456441 1.295467 -0.021685
v -0.544112 1.825893 -0.022294
v -0.471888 1.810064 -0.008056
v -0.324097 1.743742 -0.012321
v -0.267942 1.698365 -0.014093
v -0.200009 1.535831 -0.016137
v -0.257086 1.414052 -0.016716
v -0.294122 1.378116 -0.012641
v -0.501952 1.283228 -0.029694
v -0.544133 1.274212 -0.023793
v -0.228449 1.648339 0.016496
v -0.209488 1.607432 0.014596
v -0.201140 1.568146 0.021575
v -0.209269 1.493666 0.015722
v -0.227575 1.452745 0.015024
v -0.357565 1.335582 0.001393
v -0.391314 1.780453 0.017069
v -0.300531 1.724601 0.033595
v -0.260440 1.685948 0.039985
v -0.207602 1.521708 0.050754
v -0.250431 1.439605 0.076244
v -0.261353 1.413224 0.041294
v -0.298667 1.377329 0.037342
v -0.414618 1.309611 0.010088
v -0.347596 1.754056 0.048096
v -0.310049 1.722152 0.075612
v -0.257634 1.669993 0.077259
v -0.226347 1.620140 0.074838
v -0.211973 1.560177 0.074492
v -0.226255 1.476914 0.070145
v -0.585992 1.267244 -0.012778
v -0.584444 1.832589 0.000807
v -0.482507 1.811256 0.036304
v -0.286357 1.676714 0.121466
v -0.233263 1.507641 0.112123
v -0.270043 1.450520 0.129521
v -0.286681 1.404780 0.091337
v -0.342777 1.354660 0.073989
v -0.405596 1.317838 0.054443
v -0.459943 1.295703 0.037181
v -0.415650 1.784128 0.065941
v -0.362612 1.745493 0.106123
v -0.256430 1.620140 0.133877
v -0.235885 1.564210 0.125795
v -0.313272 1.398612 0.124085
v -0.365576 1.355548 0.112563
v -0.501971 1.284058 0.036903
v -0.544920 1.274482 0.028000
v -0.639335 1.836651 0.018567
v -0.324455 1.703141 0.136940
v -0.301317 1.660395 0.158171
v -0.272567 1.568146 0.173278
v -0.270478 1.511116 0.166725
v -0.283617 1.466239 0.159166
v -0.410955 1.327018 0.097830
v -0.550376 1.825774 0.037846
v -0.516868 1.810191 0.089124
v -0.440751 1.781842 0.107331
v -0.391286 1.743719 0.142772
v -0.302791 1.620140 0.187772
v -0.299794 1.494794 0.190594
v -0.328599 1.423286 0.171609
v -0.368514 1.375399 0.151863
v -0.374048 1.698364 0.189137
v -0.353751 1.660395 0.205615
v -0.328480 1.578292 0.221542
v -0.323897 1.535831 0.220516
v -0.345065 1.453773 0.209085
v -0.433206 1.337744 0.145614
v -0.467545 1.309611 0.109137
v -0.361322 1.622450 0.232039
v -0.360503 1.493696 0.236715
v -0.389254 1.401359 0.199915
v -0.425660 1.376043 0.196354
v -0.504411 1.295390 0.097789
v -0.543244 1.283653 0.083696
v -0.631378 1.263039 0.000000
v -0.488473 1.780908 0.147970
v -0.451697 1.746895 0.183408
v -0.433925 1.698365 0.226290
v -0.418723 1.660395 0.245157
v -0.402106 1.616785 0.257323
v -0.398484 1.578292 0.264147
v -0.393697 1.535831 0.263752
v -0.413397 1.452762 0.250225
v -0.607147 1.267461 0.041506
v -0.613451 1.832539 0.046186
v -0.585872 1.821873 0.089695
v -0.469835 1.733229 0.209306
v -0.436357 1.492568 0.275440
v -0.459067 1.414052 0.246988
v -0.481784 1.378115 0.226589
v -0.500089 1.334373 0.180674
v -0.542501 1.763733 0.199697
v -0.504763 1.697500 0.255949
v -0.488074 1.646135 0.280784
v -0.476606 1.592368 0.294024
v -0.467355 1.539823 0.294480
v -0.488431 1.451661 0.279901
v -0.537479 1.346238 0.210628
v -0.540054 1.310554 0.156330
v -0.576738 1.797817 0.152989
v -0.551897 1.732853 0.238106
v -0.525918 1.531855 0.310569
v -0.521115 1.493666 0.303197
v -0.533826 1.414052 0.271695
v -0.550283 1.378115 0.248660
v -0.596384 1.273805 0.076187
v -0.609058 1.779840 0.192378
v -0.581851 1.699260 0.273119
v -0.567249 1.651417 0.297976
v -0.564458 1.592368 0.315490
v -0.591277 1.507688 0.319120
v -0.569708 1.452744 0.300206
v -0.605072 1.378206 0.258728
v -0.617822 1.345944 0.228258
v -0.592354 1.296180 0.144591
v -0.608300 1.283836 0.116714
v -0.635603 1.811488 0.135760
v -0.618352 1.745997 0.237684
v -0.605365 1.550000 0.324374
v -0.635495 1.452844 0.307691
v -0.614203 1.414052 0.285961
v -0.604365 1.318024 0.188897
v -0.661440 1.697500 0.282291
v -0.634996 1.647508 0.308257
v -0.656750 1.592368 0.324831
v -0.664485 1.531855 0.327760
v -0.654406 1.494794 0.321745
v -0.659202 1.377328 0.262855
v -0.673879 1.825788 0.095751
v -0.670159 1.783059 0.193688
v -0.696942 1.743741 0.243237
v -0.726656 1.507685 0.323270
v -0.701014 1.467264 0.314274
v -0.701646 1.426592 0.296785
v -0.715709 1.379028 0.263377
v -0.742276 1.699260 0.277995
v -0.726225 1.648843 0.307735
v -0.749775 1.616785 0.316230
v -0.742613 1.560177 0.325580
v -0.791770 1.451661 0.299412
v -0.694391 1.333156 0.217006
v -0.706187 1.310324 0.181688
v -0.689015 1.289011 0.140237
v -0.679402 1.274387 0.096150
v -0.680000 1.262000 0.000000
v -0.711202 1.810775 0.139358
v -0.729597 1.781889 0.192688
v -0.766060 1.743741 0.236305
v -0.800220 1.578292 0.316276
v -0.804387 1.531855 0.316724
v -0.792742 1.492568 0.312491
v -0.781175 1.413224 0.280650
v -0.771761 1.377328 0.255662
v -0.673601 1.263360 0.032878
v -0.834179 1.648339 0.290485
v -0.837022 1.607432 0.303435
v -0.781525 1.337322 0.211227
v -0.676133 1.267269 0.064972
v -0.831918 1.695514 0.264513
v -0.885440 1.564169 0.296871
v -0.885478 1.508855 0.293491
v -0.875416 1.467264 0.284856
v -0.868238 1.427633 0.268410
v -0.844064 1.378882 0.239780
v -0.774708 1.302624 0.156241
v -0.797887 1.781646 0.179128
v -0.846775 1.743170 0.216335
v -0.909209 1.649103 0.266141
v -0.920308 1.605206 0.277238
v -0.894747 1.378206 0.219153
v -0.849734 1.336288 0.187787
v -0.687922 1.836668 0.033022
v -0.694707 1.832993 0.063828
v -0.758088 1.821816 0.096503
v -0.901650 1.743654 0.190416
v -0.910216 1.698641 0.233861
v -0.966249 1.564169 0.263780
v -0.956239 1.503737 0.263732
v -0.946412 1.449150 0.248288
v -0.929385 1.414052 0.233997
v -0.764513 1.283666 0.111994
v -0.806487 1.804610 0.128408
v -0.876286 1.772917 0.159393
v -0.967013 1.649361 0.238904
v -0.993429 1.606304 0.240473
v -1.004207 1.521708 0.240206
v -0.997980 1.476097 0.231641
v -0.939776 1.378115 0.195390
v -0.865645 1.318783 0.150405
v -0.893298 1.783583 0.127535
v -0.972559 1.698641 0.198677
v -1.021509 1.634812 0.209908
v -1.030662 1.560177 0.224534
v -0.993216 1.423882 0.203767
v -0.923196 1.345944 0.162141
v -0.832365 1.295699 0.114874
v -0.953534 1.743894 0.156584
v -1.058900 1.646000 0.171345
v -1.062332 1.592368 0.193677
v -1.065770 1.535809 0.195387
v -1.051264 1.483670 0.194658
v -1.041164 1.427551 0.166965
v -0.990568 1.378115 0.157005
v -0.884321 1.310353 0.117489
v -1.042478 1.710178 0.114527
v -1.023660 1.698641 0.155857
v -1.099270 1.592316 0.153090
v -0.951464 1.334634 0.116233
v -0.769017 1.273432 0.072520
v -0.793108 1.825788 0.056674
v -0.874787 1.804297 0.079230
v -0.944752 1.781103 0.077666
v -1.000364 1.743719 0.106690
v -1.071727 1.672526 0.129901
v -1.102653 1.649839 0.107590
v -1.112589 1.550000 0.142965
v -1.099701 1.507511 0.153577
v -1.079414 1.452808 0.146266
v -0.898077 1.301523 0.075285
v -0.831792 1.283666 0.071546
v -0.838370 1.816387 0.065587
v -1.122310 1.606304 0.111117
v -1.134491 1.568145 0.105289
v -1.131631 1.521708 0.107408
v -1.078813 1.413224 0.096311
v -1.029903 1.374805 0.105537
v -1.054854 1.721885 0.063840
v -1.132722 1.623903 0.071885
v -1.126875 1.479660 0.092202
v -0.985241 1.334373 0.065199
v -0.820426 1.274226 0.008377
v -0.766251 1.832582 0.027301
v -0.904498 1.804998 0.013804
v -0.964204 1.781905 0.027761
v -1.012462 1.754854 0.043747
v -1.088653 1.696568 0.050535
v -1.118437 1.660395 0.047105
v -1.155365 1.564169 0.048208
v -1.153618 1.521708 0.045137
v -1.146125 1.479847 0.015764
v -1.119402 1.445855 0.063218
v -1.086437 1.402270 0.053163
v -1.032424 1.356259 0.036099
v -0.884184 1.289959 0.027827
v -0.726790 1.262903 0.005833
v -1.146125 1.620153 0.015764
v -1.123461 1.439605 -0.012249
v -0.959642 1.315983 0.026342
v -1.038719 1.742622 -0.001002
v -1.091868 1.698342 -0.016588
v -1.123461 1.660395 -0.012249
v -1.157404 1.578292 -0.018869
v -1.159994 1.535831 -0.016090
v -1.086621 1.395581 -0.001943
v -1.035958 1.356259 -0.011577
v -0.762096 1.266749 0.029986
v -0.863535 1.816515 0.000760
v -0.946053 1.789647 -0.015648
v -1.141669 1.620153 -0.046678
v -1.141669 1.479847 -0.046678
v -1.106058 1.423287 -0.048448
v -1.008685 1.346238 -0.058338
v -0.973596 1.774207 -0.051821
v -1.077772 1.701188 -0.066863
v -1.111443 1.660395 -0.071132
v -1.126127 1.620072 -0.092401
v -1.142843 1.578291 -0.082150
v -1.148027 1.539823 -0.074492
v -1.126127 1.479928 -0.092401
v -1.089543 1.426592 -0.099910
v -1.054139 1.377327 -0.062703
v -0.862760 1.283485 -0.011537
v -0.819009 1.826267 -0.005663
v -1.021691 1.744812 -0.066327
v -1.036444 1.721794 -0.101170
v -1.085920 1.676746 -0.100952
v -1.129075 1.531854 -0.115633
v -1.041214 1.390484 -0.117723
v -0.974677 1.325793 -0.048871
v -0.916589 1.300012 -0.031022
v -0.909778 1.798176 -0.059441
v -1.093889 1.633761 -0.136786
v -1.110721 1.593575 -0.137681
v -1.101960 1.479847 -0.136246
v -0.847681 1.816196 -0.052251
v -0.954810 1.763713 -0.115985
v -1.011122 1.721886 -0.135984
v -1.055039 1.673387 -0.150411
v -1.088679 1.562764 -0.172645
v -1.089562 1.522872 -0.169097
v -1.054740 1.427633 -0.151712
v -1.001485 1.358935 -0.111728
v -0.915702 1.310305 -0.085642
v -0.727561 1.837016 -0.005348
v -1.060372 1.616331 -0.186266
v -1.031520 1.578292 -0.221542
v -1.060372 1.483670 -0.186267
v -1.002734 1.399077 -0.172528
v -0.941641 1.334672 -0.126404
v -0.834820 1.283666 -0.068450
v -0.783329 1.825664 -0.065407
v -0.874425 1.798450 -0.101283
v -0.916417 1.763713 -0.150391
v -0.965937 1.721885 -0.177514
v -1.004891 1.673387 -0.197518
v -1.036103 1.535830 -0.220516
v -1.015459 1.452744 -0.207983
v -0.961280 1.376042 -0.178373
v -0.862433 1.295408 -0.090969
v -0.781149 1.269877 -0.037955
v -1.009653 1.620340 -0.225844
v -0.999497 1.493696 -0.236715
v -0.964286 1.413998 -0.214607
v -0.880026 1.318494 -0.140970
v -0.763367 1.832845 -0.031087
v -0.851562 1.789310 -0.140520
v -0.868937 1.763713 -0.179019
v -0.909763 1.721885 -0.212221
v -0.942257 1.673387 -0.237035
v -0.950656 1.633761 -0.253957
v -0.972633 1.560178 -0.260473
v -0.961516 1.521708 -0.264146
v -0.954600 1.449193 -0.244040
v -0.909763 1.378114 -0.212221
v -0.892300 1.345944 -0.181276
v -0.924589 1.592368 -0.278986
v -0.920076 1.479847 -0.273477
v -0.900058 1.423254 -0.254005
v -0.795947 1.804297 -0.133104
v -0.803770 1.782124 -0.175666
v -0.834035 1.744382 -0.218918
v -0.852744 1.698343 -0.256030
v -0.873448 1.647257 -0.279873
v -0.885501 1.535830 -0.296851
v -0.846420 1.377328 -0.237408
v -0.812670 1.332427 -0.196381
v -0.813987 1.303905 -0.145484
v -0.784413 1.816945 -0.103266
v -0.811197 1.647158 -0.295907
v -0.842610 1.606304 -0.302245
v -0.834082 1.568146 -0.310569
v -0.842610 1.493696 -0.302245
v -0.832371 1.452743 -0.291483
v -0.723751 1.294691 -0.150299
v -0.768097 1.283836 -0.111350
v -0.754301 1.763713 -0.214799
v -0.779796 1.724602 -0.252421
v -0.781174 1.686776 -0.280650
v -0.792159 1.521708 -0.317656
v -0.797949 1.407196 -0.274328
v -0.767117 1.356259 -0.236125
v -0.732428 1.273532 -0.087786
v -0.691608 1.816196 -0.125683
v -0.728342 1.797419 -0.166072
v -0.748284 1.648340 -0.305456
v -0.750844 1.607432 -0.318186
v -0.750549 1.564170 -0.324832
v -0.703454 1.521707 -0.326254
v -0.750844 1.492568 -0.318186
v -0.753825 1.449192 -0.303678
v -0.736939 1.380777 -0.263235
v -0.682412 1.263290 -0.033551
v -0.682819 1.762685 -0.222231
v -0.698729 1.413235 -0.288643
v -0.710436 1.327018 -0.207214
v -0.720975 1.309507 -0.179457
vn -0.0432 0.9674 -0.2494
vn 0.0210 0.8842 -0.4667
vn -0.0554 0.6511 -0.7570
vn -0.0253 0.5145 -0.8571
vn -0.0156 -0.2749 -0.9613
vn -0.0222 0.9862 -0.1642
vn 0.0290 0.6515 -0.7581
vn 0.0283 0.3710 -0.9282
vn 0.0319 0.1749 -0.9841
vn 0.0371 0.0017 -0.9993
vn 0.0279 -0.3886 -0.9210
vn 0.0436 -0.5768 -0.8157
vn 0.0118 -0.7191 -0.6948
vn -0.0056 -0.9405 -0.3397
vn -0.0342 -0.9866 -0.1595
vn 0.0874 0.5592 -0.8244
vn 0.1698 0.0514 -0.9841
vn 0.1018 -0.1676 -0.9806
vn 0.0607 -0.8137 -0.5781
vn 0.0870 0.8133 -0.5753
vn 0.1205 0.7241 -0.6791
vn 0.1531 0.4349 -0.8873
vn 0.1441 0.2810 -0.9488
vn 0.1260 -0.3809 -0.9160
vn 0.1447 -0.5732 -0.8066
vn 0.1165 -0.7181 -0.6861
vn 0.0581 0.9563 -0.2866
vn 0.1024 0.8943 -0.4355
vn 0.1947 0.5844 -0.7877
vn 0.2423 0.2311 -0.9423
vn 0.2348 -0.1702 -0.9570
vn 0.2534 -0.3932 -0.8839
vn 0.0673 -0.8828 -0.4648
vn 0.2804 0.3989 -0.8731
vn 0.2939 0.0594 -0.9540
vn 0.2703 -0.6009 -0.7522
vn 0.2072 -0.7261 -0.6556
vn 0.2312 0.7428 -0.6283
vn 0.3059 0.5938 -0.7442
vn 0.3875 0.2004 -0.8998
vn 0.3896 -0.0049 -0.9210
vn 0.3736 -0.1865 -0.9086
vn 0.1823 -0.8274 -0.5312
vn 0.0892 -0.9417 -0.3243
vn 0.0531 -0.9687 -0.2425
vn 0.1989 0.8540 -0.4808
vn 0.4141 0.4157 -0.8098
vn 0.3836 -0.3954 -0.8346
vn 0.3935 -0.5346 -0.7479
vn 0.3090 -0.7460 -0.5900
vn 0.1765 -0.9023 -0.3934
vn 0.1661 0.9360 -0.3103
vn 0.3350 0.7567 -0.5614
vn 0.4110 0.6166 -0.6715
vn 0.5147 0.1721 -0.8399
vn 0.5214 -0.0711 -0.8504
vn 0.0589 -0.9870 -0.1493
vn 0.0734 0.9872 -0.1415
vn 0.4926 0.6363 -0.5937
vn 0.5653 0.3195 -0.7605
vn 0.6617 0.0874 -0.7447
vn 0.5349 -0.3214 -0.7814
vn 0.5118 -0.5343 -0.6728
vn 0.4191 -0.6924 -0.5874
vn 0.3229 -0.8280 -0.4585
vn 0.1285 0.9745 -0.1842
vn 0.2078 0.9641 -0.1652
vn 0.3085 0.8528 -0.4214
vn 0.5670 0.4594 -0.6837
vn 0.6595 -0.1887 -0.7277
vn 0.1554 -0.9658 -0.2074
vn 0.2887 0.9042 -0.3147
vn 0.4351 0.7821 -0.4461
vn 0.5701 0.6583 -0.4916
vn 0.6701 0.4859 -0.5611
vn 0.7182 0.2789 -0.6375
vn 0.7502 -0.0035 -0.6612
vn 0.7179 -0.2886 -0.6335
vn 0.6641 -0.4677 -0.5833
vn 0.5884 -0.6142 -0.5259
vn 0.5032 -0.7347 -0.4549
vn 0.2870 -0.9003 -0.3273
vn 0.8227 0.1484 -0.5488
vn 0.8331 -0.1042 -0.5432
vn 0.6332 -0.6817 -0.3666
vn 0.4420 -0.8259 -0.3501
vn 0.3701 -0.8739 -0.3151
vn 0.2487 -0.9382 -0.2408
vn 0.2749 0.9398 -0.2028
vn 0.4204 0.8635 -0.2786
vn 0.5618 0.7618 -0.3225
vn 0.7141 0.5925 -0.3729
vn 0.8240 0.3671 -0.4316
vn 0.8220 -0.3612 -0.4402
vn 0.7456 -0.5443 -0.3844
vn 0.5508 -0.7987 -0.2421
vn 0.5274 0.8324 -0.1701
vn 0.6723 0.7068 -0.2201
vn 0.9338 0.0832 -0.3481
vn 0.9292 -0.1564 -0.3349
vn 0.6898 -0.6875 -0.2269
vn 0.4619 -0.8726 -0.1589
vn 0.3561 -0.9217 -0.1538
vn -0.0001 1.0000 0.0007
vn 0.0308 0.9970 -0.0713
vn 0.3855 0.9137 -0.1289
vn 0.8443 0.5040 -0.1820
vn 0.9496 0.2544 -0.1829
vn 0.9249 -0.3245 -0.1981
vn 0.8417 -0.5092 -0.1797
vn 0.3015 -0.9516 -0.0595
vn 0.1768 0.9826 -0.0567
vn 0.2799 0.9598 -0.0194
vn 0.5491 0.8347 -0.0411
vn 0.7073 0.7047 -0.0561
vn 0.9942 -0.0783 -0.0743
vn 0.7447 -0.6651 -0.0556
vn 0.6219 -0.7816 -0.0484
vn 0.2370 -0.9682 -0.0802
vn 0.1754 -0.9824 -0.0637
vn 0.8543 0.5161 0.0614
vn 0.9461 0.3173 0.0650
vn 0.9892 0.1084 0.0983
vn 0.9476 -0.3147 0.0556
vn 0.8573 -0.5116 0.0577
vn 0.4828 -0.8757 0.0020
vn 0.4096 0.9114 0.0412
vn 0.6166 0.7801 0.1063
vn 0.7340 0.6633 0.1460
vn 0.9620 -0.1574 0.2232
vn 0.7795 -0.5513 0.2974
vn 0.7328 -0.6646 0.1459
vn 0.6146 -0.7783 0.1287
vn 0.3721 -0.9280 0.0182
vn 0.4957 0.8545 0.1554
vn 0.5957 0.7566 0.2697
vn 0.7498 0.5875 0.3044
vn 0.8733 0.3716 0.3151
vn 0.9437 0.0703 0.3232
vn 0.8726 -0.3903 0.2935
vn 0.1177 -0.9923 -0.0393
vn 0.1197 0.9928 -0.0011
vn 0.2652 0.9584 0.1057
vn 0.6841 0.5902 0.4284
vn 0.8567 -0.2258 0.4637
vn 0.7275 -0.4856 0.4848
vn 0.6570 -0.6812 0.3231
vn 0.5165 -0.8241 0.2326
vn 0.3872 -0.9063 0.1693
vn 0.2934 -0.9493 0.1126
vn 0.3671 0.9098 0.1939
vn 0.4724 0.8164 0.3323
vn 0.7769 0.3562 0.5192
vn 0.8533 0.0782 0.5155
vn 0.5907 -0.6811 0.4326
vn 0.4721 -0.8029 0.3640
vn 0.2290 -0.9682 0.1008
vn 0.1700 -0.9826 0.0755
vn 0.0517 0.9973 0.0515
vn 0.5647 0.6787 0.4695
vn 0.6334 0.5128 0.5796
vn 0.7335 0.0899 0.6737
vn 0.7481 -0.1818 0.6382
vn 0.6913 -0.4014 0.6008
vn 0.3810 -0.8769 0.2931
vn 0.1695 0.9804 0.1007
vn 0.2171 0.9416 0.2573
vn 0.3317 0.8872 0.3207
vn 0.4184 0.7865 0.4543
vn 0.6480 0.3289 0.6870
vn 0.6449 -0.2683 0.7156
vn 0.5709 -0.5708 0.5901
vn 0.4698 -0.7308 0.4951
vn 0.4662 0.6341 0.6168
vn 0.5194 0.4965 0.6955
vn 0.5861 0.1327 0.7993
vn 0.6012 -0.0628 0.7966
vn 0.5385 -0.4323 0.7233
vn 0.3435 -0.8267 0.4456
vn 0.2899 -0.9021 0.3196
vn 0.5167 0.3205 0.7939
vn 0.5145 -0.2514 0.8199
vn 0.4402 -0.6114 0.6576
vn 0.3619 -0.7087 0.6056
vn 0.2318 -0.9325 0.2771
vn 0.1759 -0.9564 0.2333
vn 0.0601 -0.9982 -0.0011
vn 0.2567 0.8670 0.4271
vn 0.3278 0.7716 0.5451
vn 0.3629 0.5986 0.7142
vn 0.3916 0.4671 0.7927
vn 0.4237 0.2841 0.8601
vn 0.4445 0.1153 0.8883
vn 0.4515 -0.0558 0.8905
vn 0.4092 -0.4175 0.8113
vn 0.0922 -0.9899 0.1079
vn 0.0799 0.9875 0.1360
vn 0.1163 0.9615 0.2488
vn 0.2930 0.7090 0.6415
vn 0.3676 -0.2368 0.8993
vn 0.3242 -0.5526 0.7678
vn 0.2813 -0.6724 0.6847
vn 0.2494 -0.8144 0.5240
vn 0.1867 0.7977 0.5735
vn 0.2499 0.5736 0.7801
vn 0.2782 0.3917 0.8770
vn 0.2997 0.1747 0.9379
vn 0.3187 -0.0358 0.9472
vn 0.2797 -0.3964 0.8744
vn 0.1893 -0.7671 0.6130
vn 0.1933 -0.8785 0.4369
vn 0.1400 0.8954 0.4226
vn 0.1792 0.6945 0.6968
vn 0.2267 -0.0614 0.9720
vn 0.2361 -0.2340 0.9432
vn 0.2062 -0.5345 0.8196
vn 0.1814 -0.6541 0.7344
vn 0.1073 -0.9726 0.2062
vn 0.0928 0.8363 0.5403
vn 0.1364 0.5687 0.8112
vn 0.1656 0.3968 0.9029
vn 0.1726 0.1734 0.9696
vn 0.1277 -0.1774 0.9758
vn 0.1562 -0.3775 0.9127
vn 0.1054 -0.6443 0.7575
vn 0.0833 -0.7545 0.6510
vn 0.1108 -0.9103 0.3989
vn 0.0921 -0.9440 0.3167
vn 0.0566 0.9250 0.3756
vn 0.0798 0.7259 0.6832
vn 0.1107 0.0066 0.9938
vn 0.0637 -0.3745 0.9250
vn 0.0901 -0.5253 0.8461
vn 0.0946 -0.8437 0.5284
vn 0.0280 0.5625 0.8263
vn 0.0576 0.3798 0.9233
vn 0.0297 0.1690 0.9852
vn 0.0185 -0.0599 0.9980
vn 0.0421 -0.2246 0.9735
vn 0.0240 -0.6471 0.7620
vn 0.0138 0.9665 0.2563
vn 0.0145 0.8418 0.5397
vn -0.0204 0.7168 0.6969
vn -0.0705 -0.1701 0.9829
vn -0.0377 -0.3238 0.9454
vn -0.0322 -0.4834 0.8748
vn -0.0494 -0.6460 0.7617
vn -0.0866 0.5638 0.8213
vn -0.0675 0.3946 0.9164
vn -0.0989 0.2533 0.9623
vn -0.0812 0.0428 0.9958
vn -0.1592 -0.3770 0.9124
vn -0.0230 -0.7894 0.6134
vn -0.0315 -0.8647 0.5014
vn -0.0099 -0.9237 0.3831
vn -0.0022 -0.9646 0.2635
vn 0.0006 -1.0000 -0.0011
vn -0.0433 0.9205 0.3883
vn -0.0694 0.8404 0.5375
vn -0.1195 0.7219 0.6816
vn -0.1769 0.1118 0.9779
vn -0.1852 -0.0716 0.9801
vn -0.1650 -0.2333 0.9583
vn -0.1432 -0.5308 0.8353
vn -0.1262 -0.6537 0.7461
vn 0.0025 -0.9958 0.0917
vn -0.2161 0.3955 0.8927
vn -0.2332 0.2374 0.9430
vn -0.1336 -0.7850 0.6050
vn 0.0010 -0.9851 0.1722
vn -0.2083 0.5667 0.7972
vn -0.3097 0.0486 0.9496
vn -0.3089 -0.1731 0.9352
vn -0.2883 -0.3359 0.8967
vn -0.2667 -0.4996 0.8242
vn -0.2271 -0.6588 0.7172
vn -0.1232 -0.8871 0.4448
vn -0.1573 0.8486 0.5051
vn -0.2313 0.7342 0.6383
vn -0.3331 0.4079 0.8501
vn -0.3629 0.2363 0.9014
vn -0.3012 -0.6816 0.6668
vn -0.2297 -0.8006 0.5535
vn -0.0115 0.9963 0.0847
vn -0.0179 0.9857 0.1675
vn -0.0995 0.9601 0.2615
vn -0.3184 0.7509 0.5786
vn -0.3301 0.6023 0.7268
vn -0.4458 0.0540 0.8935
vn -0.4201 -0.1940 0.8865
vn -0.4022 -0.4156 0.8158
vn -0.3654 -0.5638 0.7407
vn -0.1036 -0.9444 0.3120
vn -0.1652 0.9167 0.3638
vn -0.2570 0.8443 0.4703
vn -0.4479 0.4337 0.7818
vn -0.5032 0.2420 0.8296
vn -0.5351 -0.1281 0.8350
vn -0.5207 -0.3316 0.7867
vn -0.3799 -0.6959 0.6094
vn -0.2475 -0.8646 0.4373
vn -0.2930 0.8824 0.3681
vn -0.4433 0.6195 0.6478
vn -0.5500 0.4216 0.7209
vn -0.5853 0.0529 0.8091
vn -0.4896 -0.5426 0.6826
vn -0.3433 -0.7989 0.4939
vn -0.1962 -0.9261 0.3224
vn -0.4019 0.7810 0.4780
vn -0.6387 0.4519 0.6228
vn -0.6650 0.1988 0.7199
vn -0.6770 -0.0732 0.7323
vn -0.6273 -0.3165 0.7115
vn -0.5863 -0.5633 0.5821
vn -0.4761 -0.7197 0.5053
vn -0.2842 -0.8980 0.3358
vn -0.5812 0.7155 0.3877
vn -0.5358 0.6528 0.5355
vn -0.7668 0.2214 0.6025
vn -0.3900 -0.8506 0.3527
vn -0.1099 -0.9735 0.2004
vn -0.1408 0.9785 0.1509
vn -0.2662 0.9373 0.2252
vn -0.3724 0.8962 0.2411
vn -0.4730 0.8115 0.3432
vn -0.6679 0.5873 0.4572
vn -0.7596 0.5002 0.4158
vn -0.8069 0.0078 0.5907
vn -0.7670 -0.2240 0.6013
vn -0.7042 -0.4694 0.5326
vn -0.3005 -0.9287 0.2172
vn -0.1972 -0.9614 0.1917
vn -0.2066 0.9620 0.1785
vn -0.8380 0.3008 0.4552
vn -0.8994 0.0965 0.4263
vn -0.8884 -0.1503 0.4337
vn -0.6749 -0.6352 0.3755
vn -0.5472 -0.7581 0.3548
vn -0.6012 0.7665 0.2261
vn -0.8781 0.3813 0.2891
vn -0.8478 -0.3731 0.3770
vn -0.4443 -0.8702 0.2131
vn -0.1766 -0.9839 0.0284
vn -0.1076 0.9911 0.0778
vn -0.2992 0.9530 0.0465
vn -0.4033 0.9114 0.0816
vn -0.4994 0.8534 0.1493
vn -0.7012 0.6885 0.1852
vn -0.8046 0.5658 0.1799
vn -0.9724 0.0919 0.2143
vn -0.9645 -0.1657 0.2058
vn -0.9216 -0.3817 0.0699
vn -0.8093 -0.5347 0.2430
vn -0.6884 -0.7016 0.1840
vn -0.5466 -0.8282 0.1237
vn -0.2732 -0.9584 0.0820
vn -0.0597 -0.9982 0.0099
vn -0.9238 0.3765 0.0698
vn -0.8235 -0.5665 -0.0300
vn -0.3959 -0.9156 0.0705
vn -0.5579 0.8298 -0.0126
vn -0.7022 0.7096 -0.0581
vn -0.8182 0.5729 -0.0489
vn -0.9832 0.1632 -0.0822
vn -0.9934 -0.0872 -0.0739
vn -0.6915 -0.7223 -0.0045
vn -0.5449 -0.8377 -0.0371
vn -0.1058 -0.9908 0.0840
vn -0.2430 0.9700 0.0024
vn -0.3768 0.9250 -0.0489
vn -0.9053 0.3803 -0.1892
vn -0.9037 -0.3759 -0.2052
vn -0.7571 -0.6231 -0.1963
vn -0.4961 -0.8457 -0.1965
vn -0.4248 0.8914 -0.1578
vn -0.6667 0.7109 -0.2240
vn -0.7882 0.5526 -0.2708
vn -0.8441 0.3755 -0.3828
vn -0.9245 0.1509 -0.3501
vn -0.9463 -0.0630 -0.3172
vn -0.8495 -0.3737 -0.3725
vn -0.7181 -0.5908 -0.3677
vn -0.6071 -0.7642 -0.2177
vn -0.2385 -0.9701 -0.0450
vn -0.1765 0.9842 -0.0121
vn -0.5241 0.8242 -0.2144
vn -0.5616 0.7506 -0.3483
vn -0.6964 0.6035 -0.3885
vn -0.8698 -0.0950 -0.4842
vn -0.5788 -0.7076 -0.4053
vn -0.4232 -0.8938 -0.1484
vn -0.3211 -0.9428 -0.0898
vn -0.3124 0.9340 -0.1735
vn -0.7382 0.4256 -0.5234
vn -0.8099 0.2100 -0.5476
vn -0.7653 -0.3610 -0.5329
vn -0.2181 0.9647 -0.1475
vn -0.3966 0.8485 -0.3504
vn -0.5082 0.7334 -0.4515
vn -0.6144 0.5692 -0.5463
vn -0.7394 0.0679 -0.6698
vn -0.7428 -0.1377 -0.6551
vn -0.6263 -0.5554 -0.5471
vn -0.4795 -0.7994 -0.3619
vn -0.3285 -0.9105 -0.2512
vn -0.0588 0.9982 -0.0121
vn -0.6565 0.3255 -0.6805
vn -0.5894 0.1332 -0.7968
vn -0.6527 -0.3185 -0.6874
vn -0.5067 -0.6476 -0.5691
vn -0.3764 -0.8436 -0.3831
vn -0.1989 -0.9613 -0.1905
vn -0.1331 0.9753 -0.1762
vn -0.2620 0.9201 -0.2911
vn -0.3370 0.8256 -0.4527
vn -0.4255 0.7065 -0.5655
vn -0.5106 0.5415 -0.6679
vn -0.6016 -0.0736 -0.7954
vn -0.5442 -0.4410 -0.7137
vn -0.4149 -0.7233 -0.5519
vn -0.2403 -0.9342 -0.2638
vn -0.1277 -0.9864 -0.1037
vn -0.5323 0.3231 -0.7825
vn -0.5175 -0.2521 -0.8177
vn -0.4307 -0.5731 -0.6972
vn -0.2695 -0.8711 -0.4105
vn -0.1048 0.9904 -0.0901
vn -0.2326 0.8865 -0.4001
vn -0.2631 0.8061 -0.5300
vn -0.3330 0.6811 -0.6521
vn -0.3919 0.5210 -0.7582
vn -0.4190 0.3528 -0.8366
vn -0.4642 0.0554 -0.8840
vn -0.4397 -0.1244 -0.8895
vn -0.4221 -0.4241 -0.8013
vn -0.3236 -0.6819 -0.6560
vn -0.2935 -0.7882 -0.5410
vn -0.3734 0.1789 -0.9102
vn -0.3591 -0.2925 -0.8863
vn -0.3142 -0.5162 -0.7968
vn -0.1467 0.9155 -0.3746
vn -0.1612 0.8493 -0.5026
vn -0.2102 0.7366 -0.6428
vn -0.2483 0.5787 -0.7768
vn -0.2859 0.3998 -0.8709
vn -0.3108 -0.0577 -0.9487
vn -0.2307 -0.6680 -0.7075
vn -0.1782 -0.8070 -0.5630
vn -0.1730 -0.8966 -0.4077
vn -0.1340 0.9491 -0.2852
vn -0.1882 0.3860 -0.9031
vn -0.2336 0.2260 -0.9457
vn -0.2249 0.0740 -0.9716
vn -0.2359 -0.2298 -0.9442
vn -0.2219 -0.3881 -0.8945
vn -0.0563 -0.9091 -0.4128
vn -0.1213 -0.9452 -0.3032
vn -0.0990 0.7864 -0.6098
vn -0.1357 0.6665 -0.7330
vn -0.1432 0.5272 -0.8376
vn -0.1641 -0.1083 -0.9805
vn -0.1668 -0.5516 -0.8173
vn -0.1192 -0.7260 -0.6773
vn -0.0671 -0.9691 -0.2373
vn -0.0160 0.9368 -0.3496
vn -0.0642 0.8852 -0.4608
vn -0.0919 0.3736 -0.9230
vn -0.0995 0.2262 -0.9690
vn -0.1004 0.0599 -0.9931
vn -0.0328 -0.1081 -0.9936
vn -0.1105 -0.2275 -0.9675
vn -0.1060 -0.3959 -0.9122
vn -0.0756 -0.6358 -0.7681
vn -0.0059 -0.9961 -0.0879
vn -0.0074 0.7783 -0.6279
vn -0.0280 -0.5143 -0.8571
vn -0.0404 -0.8101 -0.5849
vn -0.0543 -0.8637 -0.5010
vt 0.753343 0.762012
vt 0.741626 0.827946
vt 0.718048 0.781250
vt 0.742295 0.702910
vt 0.766042 0.703729
vt 0.726214 0.669982
vt 0.756950 0.656250
vt 0.746715 0.263125
vt 0.726080 0.218750
vt 0.765927 0.218750
vt 0.774617 0.187500
vt 0.715536 0.174644
vt 0.781196 0.156250
vt 0.758763 0.125000
vt 0.696136 0.093750
vt 0.811615 0.093750
vt 0.787489 0.906250
vt 0.779966 0.937500
vt 0.702929 0.893285
vt 0.742188 0.500000
vt 0.726518 0.454461
vt 0.757812 0.468750
vt 0.742465 0.609864
vt 0.714742 0.580311
vt 0.742199 0.546803
vt 0.688857 0.125000
vt 0.710265 0.515508
vt 0.656297 0.968750
vt 0.646423 0.937500
vt 0.673721 0.062500
vt 0.799485 0.062500
vt 0.718749 0.389994
vt 0.743001 0.388998
vt 0.739418 0.325085
vt 0.710294 0.328388
vt 0.710928 0.734272
vt 0.710857 0.625000
vt 0.695391 0.451889
vt 0.695312 0.674056
vt 0.711346 0.265099
vt 0.677492 0.218750
vt 0.686852 0.391214
vt 0.698046 0.830725
vt 0.662583 0.796855
vt 0.673732 0.323251
vt 0.680047 0.609805
vt 0.693928 0.562500
vt 0.682577 0.519693
vt 0.672265 0.735813
vt 0.664073 0.671758
vt 0.661799 0.169797
vt 0.660504 0.551931
vt 0.644912 0.267714
vt 0.680187 0.266461
vt 0.648446 0.609277
vt 0.624158 0.906250
vt 0.664067 0.453174
vt 0.656249 0.389994
vt 0.646217 0.355999
vt 0.623633 0.235654
vt 0.632812 0.544203
vt 0.617186 0.109820
vt 0.662678 0.500000
vt 0.632812 0.481746
vt 0.499878 0.031250
vt 0.757803 0.031250
vt 0.624679 0.421439
vt 0.648438 0.000000
vt 0.621144 0.305197
vt 0.632823 0.671759
vt 0.609038 0.609295
vt 0.601546 0.187500
vt 0.645573 0.860692
vt 0.601562 0.812500
vt 0.618012 0.579773
vt 0.603713 0.519239
vt 0.531033 0.062500
vt 0.603111 0.460360
vt 0.579501 0.875000
vt 0.575759 0.843750
vt 0.617164 0.781250
vt 0.597860 0.731644
vt 0.633432 0.734129
vt 0.609375 0.671903
vt 0.585948 0.671759
vt 0.585978 0.562500
vt 0.566271 0.768564
vt 0.592945 0.156250
vt 0.538119 0.125000
vt 0.568928 0.531250
vt 0.537500 0.906250
vt 0.587323 0.500000
vt 0.566766 0.479259
vt 0.585585 0.389896
vt 0.555367 0.420757
vt 0.553303 0.375000
vt 0.558408 0.707393
vt 0.585961 0.218750
vt 0.545866 0.187500
vt 0.498002 0.937500
vt 0.586530 0.437500
vt 0.535589 0.802162
vt 0.577159 0.250000
vt 0.548831 0.281250
vt 0.539055 0.234462
vt 0.522434 0.156250
vt 0.555401 0.578142
vt 0.539064 0.515608
vt 0.537678 0.468750
vt 0.536888 0.331658
vt 0.556935 0.324839
vt 0.554677 0.640513
vt 0.535386 0.676354
vt 0.523057 0.608753
vt 0.520703 0.549607
vt 0.511025 0.856763
vt 0.524030 0.437500
vt 0.523085 0.389896
vt 0.509197 0.343750
vt 0.535295 0.738412
vt 0.507822 0.734272
vt 0.507803 0.296987
vt 0.492780 0.562500
vt 0.488641 0.520741
vt 0.507814 0.484392
vt 0.492227 0.437500
vt 0.487808 0.794888
vt 0.507823 0.671759
vt 0.491835 0.610104
vt 0.475178 0.468750
vt 0.492196 0.390722
vt 0.477184 0.343750
vt 0.466778 0.750000
vt 0.491137 0.187500
vt 0.461410 0.156250
vt 0.492188 1.000000
vt 0.406449 0.968750
vt 0.435749 0.906250
vt 0.464810 0.418347
vt 0.459553 0.375000
vt 0.499516 0.234304
vt 0.476927 0.296189
vt 0.449788 0.262552
vt 0.477947 0.656250
vt 0.457507 0.636576
vt 0.448771 0.332076
vt 0.453212 0.702914
vt 0.480283 0.707393
vt 0.464480 0.510488
vt 0.461650 0.578142
vt 0.437493 0.515609
vt 0.444632 0.453303
vt 0.422161 0.218750
vt 0.453152 0.203435
vt 0.453091 0.093750
vt 0.389345 0.062500
vt 0.431885 0.387170
vt 0.445251 0.801063
vt 0.426184 0.738217
vt 0.397424 0.187500
vt 0.430367 0.579243
vt 0.410516 0.520741
vt 0.373707 0.937500
vt 0.415715 0.458429
vt 0.396386 0.855170
vt 0.458302 0.860770
vt 0.426010 0.323646
vt 0.421875 0.264455
vt 0.453089 0.125000
vt 0.391154 0.156250
vt 0.383776 0.125000
vt 0.406764 0.796514
vt 0.415447 0.406250
vt 0.402076 0.354707
vt 0.399057 0.734128
vt 0.402158 0.292607
vt 0.386314 0.236375
vt 0.412678 0.625000
vt 0.399110 0.577912
vt 0.399269 0.437500
vt 0.382432 0.391246
vt 0.374926 0.328305
vt 0.417798 0.680070
vt 0.382823 0.671759
vt 0.381428 0.531250
vt 0.347369 0.891454
vt 0.382814 0.484392
vt 0.368572 0.437500
vt 0.364089 0.794737
vt 0.362137 0.742736
vt 0.364911 0.293690
vt 0.381428 0.625000
vt 0.370323 0.581066
vt 0.346167 0.231750
vt 0.350841 0.390634
vt 0.350178 0.625000
vt 0.349895 0.572871
vt 0.337378 0.187500
vt 0.312462 0.156250
vt 0.271005 0.031250
vt 0.351508 0.485703
vt 0.336530 0.437500
vt 0.320428 0.828054
vt 0.351562 0.000000
vt 0.337322 0.343750
vt 0.319960 0.389896
vt 0.351573 0.671759
vt 0.345719 0.718750
vt 0.319924 0.671233
vt 0.335928 0.296987
vt 0.318928 0.250000
vt 0.319878 0.608526
vt 0.352420 0.093750
vt 0.256630 0.062500
vt 0.306072 0.343750
vt 0.320305 0.765538
vt 0.306072 0.718750
vt 0.290630 0.204106
vt 0.320312 1.000000
vt 0.224354 0.968750
vt 0.287069 0.792727
vt 0.277512 0.737599
vt 0.288703 0.672565
vt 0.304678 0.296987
vt 0.279282 0.250000
vt 0.225125 0.937500
vt 0.256990 0.906250
vt 0.304727 0.437500
vt 0.289071 0.390722
vt 0.313283 0.125000
vt 0.250660 0.093750
vt 0.289058 0.546826
vt 0.274822 0.500000
vt 0.301141 0.479259
vt 0.281250 0.453118
vt 0.285176 0.860909
vt 0.274822 0.343750
vt 0.242683 0.229046
vt 0.242644 0.141169
vt 0.265306 0.609113
vt 0.257808 0.546826
vt 0.254266 0.479259
vt 0.254366 0.798337
vt 0.281250 0.296839
vt 0.258177 0.296189
vt 0.257424 0.671233
vt 0.226202 0.859722
vt 0.258644 0.437500
vt 0.242735 0.406250
vt 0.265625 0.390607
vt 0.242177 0.359487
vt 0.242197 0.734271
vt 0.234383 0.187500
vt 0.230105 0.510488
vt 0.234375 0.453118
vt 0.234375 0.298005
vt 0.226203 0.672565
vt 0.233574 0.610273
vt 0.224895 0.572871
vt 0.220251 0.796143
vt 0.210947 0.734271
vt 0.209553 0.531250
vt 0.207391 0.479259
vt 0.191199 0.667817
vt 0.194960 0.610105
vt 0.187658 0.172117
vt 0.172028 0.890764
vt 0.181243 0.795559
vt 0.172243 0.733754
vt 0.195905 0.562500
vt 0.179689 0.515608
vt 0.179346 0.454046
vt 0.056608 0.031250
vt 0.211530 0.437500
vt 0.195312 0.000000
vt 0.210585 0.389895
vt 0.180234 0.406250
vt 0.179355 0.360364
vt 0.211559 0.343750
vt 0.156176 0.671695
vt 0.198978 0.236803
vt 0.180082 0.297513
vt 0.163458 0.234601
vt 0.166335 0.612573
vt 0.138963 0.093750
vt 0.079222 0.062500
vt 0.139990 0.204697
vt 0.164894 0.562500
vt 0.148439 0.515608
vt 0.139918 0.609932
vt 0.134197 0.562500
vt 0.100721 0.906250
vt 0.151996 0.448069
vt 0.131428 0.468750
vt 0.150645 0.385844
vt 0.129234 0.416916
vt 0.155702 0.843750
vt 0.112627 0.801507
vt 0.138655 0.781250
vt 0.140625 0.734415
vt 0.156250 0.296838
vt 0.149822 0.343750
vt 0.132803 0.296986
vt 0.086711 0.875000
vt 0.121094 0.356012
vt 0.109329 0.734229
vt 0.132812 1.000000
vt 0.062411 0.968750
vt 0.132813 0.156250
vt 0.096089 0.125000
vt 0.174212 0.125000
vt 0.120730 0.510488
vt 0.085465 0.843750
vt 0.101553 0.296986
vt 0.124926 0.671695
vt 0.093676 0.671695
vt 0.123028 0.250000
vt 0.089013 0.231635
vt 0.092946 0.608575
vt 0.116585 0.593750
vt 0.101558 0.546826
vt 0.101554 0.484391
vt 0.111342 0.187500
vt 0.074269 0.169497
vt 0.094539 0.360374
vt 0.066365 0.292880
vt 0.071275 0.638700
vt 0.078125 0.546883
vt 0.065833 0.794500
vt 0.049292 0.231750
vt 0.068928 0.687500
vt 0.057631 0.613227
vt 0.056072 0.562500
vt 0.051141 0.520741
vt 0.022891 0.093750
vt 0.078145 0.453174
vt 0.071697 0.500000
vt 0.053303 0.468750
vt 0.077925 0.390780
vt 0.046841 0.421958
vt 0.054066 0.343750
vt 0.019003 0.197544
vt 0.034103 0.142620
vt 0.068957 0.937500
vt 0.022684 0.906250
vt 0.018009 0.843750
vt 0.032761 0.382140
vt 0.030284 0.750000
vt 0.070932 0.734127
vt 0.030402 0.329023
vt 0.009341 0.875000
vt 0.023447 0.265730
vt 0.028089 0.663543
vt 0.024822 0.625000
vt 0.022053 0.468750
vt 0.007819 0.421953
vt 0.004062 0.736197
vt 0.039053 0.703014
vt 0.035484 0.583084
vt 0.007819 0.578048
vt 0.000000 0.812500
vt 0.024238 0.796597
vt 0.000000 0.375000
vt 0.003551 0.321324
vt 0.000000 0.265730
vt 0.000000 0.671840
vt 0.000000 0.156250
vt 0.023439 0.515608
vt 0.000000 0.531250
vt 0.000000 0.937500
vt 0.995491 0.328427
vt 0.993572 0.375000
vt 0.972924 0.354708
vt 0.992197 0.265730
vt 0.962124 0.218750
vt 1.000000 0.207112
vt 0.969432 0.167936
vt 1.000000 0.578047
vt 0.993572 0.625000
vt 0.976569 0.578047
vt 0.992189 0.484391
vt 0.976569 0.421953
vt 1.000000 0.421953
vt 0.986327 0.812500
vt 0.959846 0.781250
vt 1.000000 0.781250
vt 0.961302 0.296188
vt 0.959553 0.250000
vt 0.990803 0.531250
vt 0.959553 0.531250
vt 0.987456 0.093750
vt 0.922235 0.076564
vt 0.992843 0.062500
vt 0.990803 0.843750
vt 0.986327 0.875000
vt 0.941912 0.829971
vt 0.993535 0.729726
vt 0.956341 0.736618
vt 0.962322 0.625000
vt 0.953125 0.578136
vt 0.981901 0.125000
vt 0.979378 0.906250
vt 0.931906 0.875000
vt 0.945323 0.359487
vt 0.929169 0.312500
vt 0.922214 0.187500
vt 0.908616 0.125000
vt 0.941944 0.480194
vt 0.929694 0.421952
vt 0.953125 0.421864
vt 0.925495 0.270798
vt 0.902656 0.232597
vt 0.899658 0.156250
vt 0.930035 0.547673
vt 0.911362 0.512726
vt 0.920625 0.937500
vt 0.881014 0.906250
vt 0.914395 0.360364
vt 0.913286 0.765628
vt 0.928303 0.593750
vt 0.914717 0.640367
vt 0.901996 0.573066
vt 0.913497 0.468750
vt 0.901996 0.426934
vt 0.894260 0.829585
vt 0.894510 0.324863
vt 0.881428 0.531250
vt 0.846224 0.875000
vt 0.882804 0.390721
vt 0.882036 0.765628
vt 0.880536 0.293689
vt 0.874192 0.204431
vt 0.882814 0.484391
vt 0.868572 0.437500
vt 0.867087 0.343750
vt 0.857403 0.250000
vt 0.835465 0.843750
vt 0.867187 0.000000
vt 0.937567 0.031250
vt 0.855167 0.385794
vt 0.860680 0.812500
vt 0.850786 0.765628
vt 0.851553 0.296986
vt 0.840096 0.174249
vt 0.874966 0.578042
vt 0.855105 0.510489
vt 0.850178 0.468750
vt 0.833338 0.353874
vt 0.819157 0.229500
vt 0.850178 0.593750
vt 0.835933 0.546826
vt 0.835945 0.421953
vt 0.820677 0.296188
vt 0.820649 0.734813
vt 0.851553 0.703014
vt 0.819571 0.671841
vt 0.852217 0.640367
vt 0.946682 0.968750
vt 0.820314 0.484391
vt 0.820697 0.797582
vt 0.820304 0.609280
vt 0.806072 0.562500
vt 0.820312 1.000000
vt 0.801141 0.520742
vt 0.806072 0.437500
vt 0.804679 0.390720
vt 0.795626 0.335318
vt 0.787678 0.468750
vt 0.781254 0.827430
vt 0.788380 0.766098
vt 0.828922 0.125000
vt 0.760043 0.875000
vt 0.774031 0.437500
vt 0.789072 0.265730
vt 0.788441 0.656250
vt 0.773790 0.610106
vt 0.796875 0.609395
vt 0.773439 0.515609
vt 0.777042 0.385794
vt 0.754412 0.419850
vt 0.757053 0.343750
vt 0.771225 0.301399
vt 0.617178 0.359486
vt 0.587322 0.343750
vt 0.585928 0.296987
vt 0.582332 0.614205
vt 0.539901 0.093750
vt 0.433095 0.644517
vt 0.350178 0.531250
vt 0.323683 0.488577
vt 0.320308 0.546826
vt 0.291290 0.614469
vt 0.211302 0.296188
vt 0.105121 0.426934
vt 0.008447 0.125000
vt 0.000000 0.625000
vt 0.962770 0.676570
vt 0.991446 0.671840
vt 0.000000 0.484391
vt 0.964480 0.489512
vt 0.942714 0.646127
vt 0.937500 0.703163
vt 0.914053 0.703015
vt 0.882803 0.703014
vt 0.883467 0.640367
vt 0.774031 0.562500
vt 0.792783 0.707394
s 1
f 3514/3291/3514 3041/3292/3041 3059/3293/3059
f 3514/3291/3514 3046/3294/3046 3042/3295/3042
f 3046/3294/3046 3055/3296/3055 3043/3297/3043
f 3052/3298/3052 3058/3299/3058 3516/3300/3516
f 3517/3301/3517 3072/3302/3072 3495/3303/3495
f 3053/3304/3053 3084/3305/3084 3503/3306/3503
f 3040/3307/3040 3045/3308/3045 3066/3309/3066
f 3049/3310/3049 3057/3311/3057 3509/3312/3509
f 3047/3313/3047 3062/3314/3062 3048/3315/3048
f 3072/3302/3072 3083/3316/3083 3053/3304/3053
f 3048/3315/3048 3062/3314/3062 3056/3317/3056
f 3144/3318/3144 3097/3319/3097 3045/3308/3045
f 3084/3305/3084 3096/3320/3096 3054/3321/3054
f 3057/3311/3057 3063/3322/3063 3050/3323/3050
f 3051/3324/3051 3063/3322/3063 3064/3325/3064
f 3059/3293/3059 3060/3326/3060 3514/3291/3514
f 3055/3296/3055 3061/3327/3061 3047/3313/3047
f 3056/3317/3056 3070/3328/3070 3057/3311/3057
f 3060/3326/3060 3068/3329/3068 3055/3296/3055
f 3058/3299/3058 3065/3330/3065 3082/3331/3082
f 3070/3328/3070 3071/3332/3071 3063/3322/3063
f 3059/3293/3059 3067/3333/3067 3085/3334/3085
f 3064/3325/3064 3071/3332/3071 3075/3335/3075
f 3068/3329/3068 3073/3336/3073 3061/3327/3061
f 3061/3327/3061 3073/3336/3073 3062/3314/3062
f 3056/3317/3056 3069/3337/3069 3074/3338/3074
f 3068/3329/3068 3077/3339/3077 3078/3340/3078
f 3082/3331/3082 3090/3341/3090 3072/3302/3072
f 3069/3337/3069 3073/3336/3073 3079/3342/3079
f 3075/3335/3075 3089/3343/3089 3076/3344/3076
f 3073/3336/3073 3078/3340/3078 3086/3345/3086
f 3097/3319/3097 3105/3346/3105 3066/3309/3066
f 3081/3347/3081 3087/3348/3087 3071/3332/3071
f 3087/3348/3087 3088/3349/3088 3075/3335/3075
f 3082/3331/3082 3089/3343/3089 3104/3350/3104
f 3079/3342/3079 3086/3345/3086 3094/3351/3094
f 3090/3341/3090 3110/3352/3110 3083/3316/3083
f 3083/3316/3083 3110/3352/3110 3084/3305/3084
f 3080/3353/3080 3095/3354/3095 3081/3347/3081
f 3096/3320/3096 3226/3355/3226 3513/3356/3513
f 3081/3347/3081 3095/3354/3095 3101/3357/3101
f 3296/3358/3296 3513/3356/3513 3226/3355/3226
f 3075/3335/3075 3088/3349/3088 3103/3359/3103
f 3086/3345/3086 3093/3360/3093 3108/3361/3108
f 3104/3350/3104 3121/3362/3121 3090/3341/3090
f 3085/3334/3085 3091/3363/3091 3111/3364/3111
f 3094/3351/3094 3099/3365/3099 3100/3366/3100
f 3094/3351/3094 3100/3366/3100 3095/3354/3095
f 3110/3352/3110 3180/3367/3180 3096/3320/3096
f 3095/3354/3095 3100/3366/3100 3109/3368/3109
f 3105/3346/3105 3106/3369/3106 3091/3363/3091
f 3095/3354/3095 3109/3368/3109 3101/3357/3101
f 3091/3363/3091 3106/3369/3106 3128/3370/3128
f 3107/3371/3107 3112/3372/3112 3092/3373/3092
f 3098/3374/3098 3112/3372/3112 3113/3375/3113
f 3099/3365/3099 3108/3361/3108 3115/3376/3115
f 3111/3364/3111 3129/3377/3129 3107/3371/3107
f 3110/3352/3110 3127/3378/3127 3158/3379/3158
f 3100/3366/3100 3115/3376/3115 3122/3380/3122
f 3097/3319/3097 3151/3381/3151 3105/3346/3105
f 3109/3368/3109 3116/3382/3116 3123/3383/3123
f 3118/3384/3118 3133/3385/3133 3134/3386/3134
f 3129/3377/3129 3130/3387/3130 3112/3372/3112
f 3121/3362/3121 3126/3388/3126 3142/3389/3142
f 3097/3319/3097 3144/3318/3144 3181/3390/3181
f 3122/3380/3122 3123/3383/3123 3116/3382/3116
f 3123/3383/3123 3133/3385/3133 3117/3391/3117
f 3117/3391/3117 3133/3385/3133 3118/3384/3118
f 3128/3370/3128 3145/3392/3145 3111/3364/3111
f 3125/3393/3125 3135/3394/3135 3141/3395/3141
f 3125/3393/3125 3141/3395/3141 3126/3388/3126
f 3127/3378/3127 3142/3389/3142 3150/3396/3150
f 3122/3380/3122 3132/3397/3132 3138/3398/3138
f 3122/3380/3122 3138/3398/3138 3123/3383/3123
f 3123/3383/3123 3138/3398/3138 3139/3399/3139
f 3134/3386/3134 3140/3400/3140 3124/3401/3124
f 3131/3402/3131 3137/3403/3137 3146/3404/3146
f 3131/3402/3131 3146/3404/3146 3132/3397/3132
f 3132/3397/3132 3146/3404/3146 3147/3405/3147
f 3106/3369/3106 3151/3381/3151 3152/3406/3152
f 3139/3399/3139 3148/3407/3148 3133/3385/3133
f 3133/3385/3133 3148/3407/3148 3149/3408/3149
f 3149/3408/3149 3156/3409/3156 3140/3400/3140
f 3136/3410/3136 3145/3392/3145 3153/3411/3153
f 3140/3400/3140 3156/3409/3156 3157/3412/3157
f 3140/3400/3140 3157/3412/3157 3135/3394/3135
f 3147/3405/3147 3161/3413/3161 3162/3414/3162
f 3155/3415/3155 3163/3416/3163 3148/3407/3148
f 3152/3406/3152 3166/3417/3166 3145/3392/3145
f 3146/3404/3146 3154/3418/3154 3160/3419/3160
f 3155/3415/3155 3162/3414/3162 3169/3420/3169
f 3164/3421/3164 3171/3422/3171 3156/3409/3156
f 3153/3411/3153 3166/3417/3166 3174/3423/3174
f 3173/3424/3173 3189/3425/3189 3150/3396/3150
f 3144/3318/3144 3143/3426/3143 3198/3427/3198
f 3151/3381/3151 3181/3390/3181 3205/3428/3205
f 3163/3416/3163 3179/3429/3179 3164/3421/3164
f 3164/3421/3164 3179/3429/3179 3170/3430/3170
f 3165/3431/3165 3172/3432/3172 3187/3433/3187
f 3160/3419/3160 3168/3434/3168 3176/3435/3176
f 3169/3420/3169 3179/3429/3179 3163/3416/3163
f 3170/3430/3170 3186/3436/3186 3171/3422/3171
f 3171/3422/3171 3186/3436/3186 3172/3432/3172
f 3174/3423/3174 3175/3437/3175 3167/3438/3167
f 3175/3437/3175 3176/3435/3176 3168/3434/3168
f 3178/3439/3178 3177/3440/3177 3193/3441/3193
f 3169/3420/3169 3178/3439/3178 3184/3442/3184
f 3169/3420/3169 3184/3442/3184 3179/3429/3179
f 3187/3433/3187 3204/3443/3204 3188/3444/3188
f 3180/3367/3180 3197/3445/3197 3235/3446/3235
f 3184/3442/3184 3185/3447/3185 3179/3429/3179
f 3174/3423/3174 3190/3448/3190 3191/3449/3191
f 3188/3444/3188 3204/3443/3204 3219/3450/3219
f 3193/3441/3193 3192/3451/3192 3201/3452/3201
f 3198/3427/3198 3236/3453/3236 3181/3390/3181
f 3184/3442/3184 3193/3441/3193 3202/3454/3202
f 3205/3428/3205 3206/3455/3206 3182/3456/3182
f 3185/3447/3185 3194/3457/3194 3186/3436/3186
f 3194/3457/3194 3195/3458/3195 3187/3433/3187
f 3196/3459/3196 3224/3460/3224 3225/3461/3225
f 3206/3455/3206 3207/3462/3207 3190/3448/3190
f 3185/3447/3185 3203/3463/3203 3211/3464/3211
f 3185/3447/3185 3211/3464/3211 3194/3457/3194
f 3207/3462/3207 3208/3465/3208 3191/3449/3191
f 3194/3457/3194 3211/3464/3211 3212/3466/3212
f 3194/3457/3194 3212/3466/3212 3195/3458/3195
f 3195/3458/3195 3212/3466/3212 3218/3467/3218
f 3200/3468/3200 3209/3469/3209 3192/3451/3192
f 3210/3470/3210 3217/3471/3217 3203/3463/3203
f 3212/3466/3212 3211/3464/3211 3222/3472/3222
f 3199/3473/3199 3208/3465/3208 3213/3474/3213
f 3201/3452/3201 3209/3469/3209 3215/3475/3215
f 3205/3428/3205 3237/3476/3237 3206/3455/3206
f 3216/3477/3216 3221/3478/3221 3210/3470/3210
f 3206/3455/3206 3227/3479/3227 3207/3462/3207
f 3217/3471/3217 3222/3472/3222 3211/3464/3211
f 3227/3479/3227 3228/3480/3228 3208/3465/3208
f 3222/3472/3222 3223/3481/3223 3212/3466/3212
f 3214/3482/3214 3220/3483/3220 3209/3469/3209
f 3236/3453/3236 3237/3476/3237 3205/3428/3205
f 3218/3467/3218 3223/3481/3223 3242/3484/3242
f 3217/3471/3217 3221/3478/3221 3234/3485/3234
f 3230/3486/3230 3231/3487/3231 3220/3483/3220
f 3250/3488/3250 3266/3489/3266 3224/3460/3224
f 3226/3355/3226 3235/3446/3235 3305/3490/3305
f 3233/3491/3233 3239/3492/3239 3221/3478/3221
f 3206/3455/3206 3237/3476/3237 3251/3493/3251
f 3296/3494/3296 3226/3355/3226 3305/3490/3305
f 3234/3485/3234 3240/3495/3240 3222/3472/3222
f 3234/3485/3234 3239/3492/3239 3248/3496/3248
f 3229/3497/3229 3238/3498/3238 3244/3499/3244
f 3242/3484/3242 3241/3500/3241 3249/3501/3249
f 3230/3486/3230 3245/3502/3245 3231/3487/3231
f 3235/3446/3235 3257/3503/3257 3309/3504/3309
f 3248/3496/3248 3255/3505/3255 3240/3495/3240
f 3243/3506/3243 3252/3507/3252 3238/3498/3238
f 3249/3501/3249 3273/3508/3273 3242/3484/3242
f 3198/3427/3198 3143/3509/3143 3323/3510/3323
f 3243/3506/3243 3258/3511/3258 3269/3512/3269
f 3244/3499/3244 3252/3507/3252 3259/3513/3259
f 3249/3501/3249 3256/3514/3256 3265/3515/3265
f 3324/3516/3324 3280/3517/3280 3237/3476/3237
f 3254/3518/3254 3263/3519/3263 3248/3496/3248
f 3251/3493/3251 3258/3511/3258 3243/3506/3243
f 3267/3520/3267 3295/3521/3295 3257/3503/3257
f 3261/3522/3261 3270/3523/3270 3253/3524/3253
f 3253/3524/3253 3270/3523/3270 3262/3525/3262
f 3253/3524/3253 3262/3525/3262 3254/3518/3254
f 3268/3526/3268 3258/3511/3258 3251/3493/3251
f 3263/3519/3263 3272/3527/3272 3255/3505/3255
f 3265/3515/3265 3292/3528/3292 3273/3508/3273
f 3266/3489/3266 3273/3508/3273 3294/3529/3294
f 3275/3530/3275 3276/3531/3276 3261/3522/3261
f 3262/3525/3262 3270/3523/3270 3277/3532/3277
f 3268/3526/3268 3281/3533/3281 3258/3511/3258
f 3264/3534/3264 3272/3527/3272 3279/3535/3279
f 3259/3513/3259 3269/3512/3269 3274/3536/3274
f 3276/3531/3276 3277/3532/3277 3270/3523/3270
f 3280/3517/3280 3297/3537/3297 3268/3526/3268
f 3278/3538/3278 3284/3539/3284 3271/3540/3271
f 3271/3540/3271 3284/3539/3284 3285/3541/3285
f 3271/3540/3271 3285/3541/3285 3272/3527/3272
f 3269/3512/3269 3281/3533/3281 3282/3542/3282
f 3265/3515/3265 3279/3535/3279 3292/3528/3292
f 3292/3528/3292 3293/3543/3293 3273/3508/3273
f 3276/3531/3276 3290/3544/3290 3277/3532/3277
f 3277/3532/3277 3290/3544/3290 3283/3545/3283
f 3277/3532/3277 3283/3545/3283 3278/3538/3278
f 3285/3541/3285 3286/3546/3286 3279/3535/3279
f 3274/3536/3274 3282/3542/3282 3287/3547/3287
f 3288/3548/3288 3289/3549/3289 3276/3531/3276
f 3276/3531/3276 3289/3549/3289 3290/3544/3290
f 3297/3537/3297 3298/3550/3298 3281/3533/3281
f 3282/3542/3282 3298/3550/3298 3299/3551/3299
f 3290/3544/3290 3289/3549/3289 3300/3552/3300
f 3283/3545/3283 3290/3544/3290 3301/3553/3301
f 3287/3547/3287 3299/3551/3299 3310/3554/3310
f 3288/3548/3288 3306/3555/3306 3289/3549/3289
f 3293/3543/3293 3316/3556/3316 3294/3529/3294
f 3300/3552/3300 3301/3553/3301 3290/3544/3290
f 3324/3516/3324 3325/3557/3325 3280/3517/3280
f 3299/3551/3299 3317/3558/3317 3318/3559/3318
f 3300/3552/3300 3307/3560/3307 3311/3561/3311
f 3300/3552/3300 3311/3561/3311 3301/3553/3301
f 3301/3553/3301 3311/3561/3311 3312/3562/3312
f 3305/3490/3305 3309/3504/3309 3396/3563/3396
f 3301/3553/3301 3312/3562/3312 3302/3564/3302
f 3296/3565/3296 3305/3490/3305 3396/3563/3396
f 3291/3566/3291 3313/3567/3313 3314/3568/3314
f 3291/3566/3291 3314/3568/3314 3303/3569/3303
f 3310/3554/3310 3318/3559/3318 3327/3570/3327
f 3308/3571/3308 3315/3572/3315 3322/3573/3322
f 3306/3555/3306 3310/3554/3310 3319/3574/3319
f 3309/3504/3309 3360/3575/3360 3407/3576/3407
f 3322/3573/3322 3340/3577/3340 3316/3556/3316
f 3311/3561/3311 3320/3578/3320 3328/3579/3328
f 3335/3580/3335 3336/3581/3336 3320/3578/3320
f 3324/3516/3324 3361/3582/3361 3325/3557/3325
f 3329/3583/3329 3328/3579/3328 3337/3584/3337
f 3330/3585/3330 3329/3583/3329 3338/3586/3338
f 3333/3587/3333 3341/3588/3341 3317/3558/3317
f 3334/3589/3334 3326/3590/3326 3318/3559/3318
f 3321/3591/3321 3331/3592/3331 3339/3593/3339
f 3319/3574/3319 3327/3570/3327 3335/3580/3335
f 3361/3582/3361 3372/3594/3372 3325/3557/3325
f 3337/3584/3337 3338/3586/3338 3329/3583/3329
f 3338/3586/3338 3345/3595/3345 3330/3585/3330
f 3330/3585/3330 3345/3595/3345 3331/3592/3331
f 3334/3589/3334 3348/3596/3348 3326/3590/3326
f 3323/3510/3323 3143/3597/3143 3445/3598/3445
f 3347/3599/3347 3371/3600/3371 3332/3601/3332
f 3328/3579/3328 3336/3581/3336 3344/3602/3344
f 3372/3594/3372 3362/3603/3362 3333/3587/3333
f 3339/3593/3339 3345/3595/3345 3354/3604/3354
f 3342/3605/3342 3348/3596/3348 3357/3606/3357
f 3340/3577/3340 3346/3607/3346 3359/3608/3359
f 3335/3580/3335 3342/3605/3342 3349/3609/3349
f 3343/3610/3343 3350/3611/3350 3336/3581/3336
f 3337/3584/3337 3344/3602/3344 3351/3612/3351
f 3346/3607/3346 3354/3604/3354 3359/3608/3359
f 3347/3599/3347 3355/3613/3355 3370/3614/3370
f 3350/3611/3350 3351/3612/3351 3344/3602/3344
f 3354/3604/3354 3353/3615/3353 3377/3616/3377
f 3349/3609/3349 3357/3606/3357 3365/3617/3365
f 3359/3608/3359 3370/3614/3370 3355/3613/3355
f 3349/3609/3349 3358/3618/3358 3350/3611/3350
f 3362/3603/3362 3363/3619/3363 3341/3588/3341
f 3359/3608/3359 3377/3616/3377 3381/3620/3381
f 3356/3621/3356 3365/3617/3365 3357/3606/3357
f 3365/3617/3365 3366/3622/3366 3349/3609/3349
f 3358/3618/3358 3373/3623/3373 3374/3624/3374
f 3360/3575/3360 3371/3600/3371 3382/3625/3382
f 3368/3626/3368 3367/3627/3367 3375/3628/3375
f 3369/3629/3369 3368/3626/3368 3380/3630/3380
f 3353/3615/3353 3369/3629/3369 3376/3631/3376
f 3381/3620/3381 3399/3632/3399 3370/3614/3370
f 3370/3614/3370 3399/3632/3399 3395/3633/3395
f 3370/3614/3370 3395/3633/3395 3371/3600/3371
f 3383/3634/3383 3424/3635/3424 3361/3582/3361
f 3375/3628/3375 3380/3630/3380 3368/3626/3368
f 3372/3594/3372 3384/3636/3384 3362/3603/3362
f 3380/3630/3380 3392/3637/3392 3369/3629/3369
f 3363/3619/3363 3386/3638/3386 3364/3639/3364
f 3376/3631/3376 3393/3640/3393 3377/3616/3377
f 3424/3635/3424 3408/3641/3408 3372/3594/3372
f 3376/3631/3376 3392/3637/3392 3393/3640/3393
f 3393/3640/3393 3394/3642/3394 3377/3616/3377
f 3387/3643/3387 3388/3644/3388 3366/3622/3366
f 3390/3645/3390 3391/3646/3391 3380/3630/3380
f 3386/3638/3386 3400/3647/3400 3378/3648/3378
f 3378/3648/3378 3400/3647/3400 3387/3643/3387
f 3394/3642/3394 3399/3632/3399 3381/3620/3381
f 3379/3649/3379 3388/3644/3388 3397/3650/3397
f 3384/3636/3384 3409/3651/3409 3385/3652/3385
f 3391/3646/3391 3398/3653/3398 3392/3637/3392
f 3386/3638/3386 3385/3652/3385 3400/3647/3400
f 3405/3654/3405 3406/3655/3406 3394/3642/3394
f 3387/3643/3387 3400/3647/3400 3401/3656/3401
f 3395/3633/3395 3399/3632/3399 3431/3657/3431
f 3389/3658/3389 3397/3650/3397 3403/3659/3403
f 3445/3598/3445 3466/3660/3466 3383/3634/3383
f 3405/3661/3405 3398/3662/3398 3412/3663/3412
f 3406/3664/3406 3430/3665/3430 3399/3666/3399
f 3399/3666/3399 3430/3665/3430 3431/3667/3431
f 3397/3668/3397 3402/3669/3402 3410/3670/3410
f 3404/3671/3404 3411/3672/3411 3391/3673/3391
f 3409/3674/3409 3414/3675/3414 3385/3676/3385
f 3405/3661/3405 3422/3677/3422 3406/3664/3406
f 3406/3664/3406 3422/3677/3422 3413/3678/3413
f 3403/3679/3403 3410/3670/3410 3418/3680/3418
f 3382/3681/3382 3461/3682/3461 3407/3683/3407
f 3384/3684/3384 3408/3685/3408 3432/3686/3432
f 3411/3672/3411 3412/3663/3412 3398/3662/3398
f 3400/3687/3400 3414/3675/3414 3425/3688/3425
f 3405/3661/3405 3412/3663/3412 3422/3677/3422
f 3410/3670/3410 3416/3689/3416 3417/3690/3417
f 3382/3681/3382 3423/3691/3423 3461/3682/3461
f 3424/3692/3424 3436/3693/3436 3408/3685/3408
f 3421/3694/3421 3429/3695/3429 3422/3677/3422
f 3430/3665/3430 3444/3696/3444 3431/3667/3431
f 3431/3667/3431 3451/3697/3451 3423/3691/3423
f 3428/3698/3428 3435/3699/3435 3420/3700/3420
f 3443/3701/3443 3450/3702/3450 3430/3665/3430
f 3444/3696/3444 3460/3703/3460 3431/3667/3431
f 3434/3704/3434 3440/3705/3440 3428/3698/3428
f 3424/3692/3424 3466/3706/3466 3452/3707/3452
f 3435/3699/3435 3442/3708/3442 3421/3694/3421
f 3414/3675/3414 3432/3686/3432 3437/3709/3437
f 3414/3675/3414 3437/3709/3437 3425/3688/3425
f 3433/3710/3433 3439/3711/3439 3446/3712/3446
f 3433/3710/3433 3446/3712/3446 3434/3704/3434
f 3434/3704/3434 3446/3712/3446 3440/3705/3440
f 3441/3713/3441 3448/3714/3448 3435/3699/3435
f 3436/3693/3436 3453/3715/3453 3432/3686/3432
f 3429/3695/3429 3442/3708/3442 3449/3716/3449
f 3440/3705/3440 3446/3712/3446 3447/3717/3447
f 3452/3707/3452 3489/3718/3489 3436/3693/3436
f 3448/3714/3448 3458/3719/3458 3442/3708/3442
f 3437/3709/3437 3453/3715/3453 3454/3720/3454
f 3442/3708/3442 3458/3719/3458 3449/3716/3449
f 3449/3716/3449 3459/3721/3459 3443/3701/3443
f 3450/3702/3450 3465/3722/3465 3444/3696/3444
f 3461/3682/3461 3451/3697/3451 3503/3306/3503
f 3457/3723/3457 3463/3724/3463 3448/3714/3448
f 3449/3716/3449 3458/3719/3458 3464/3725/3464
f 3449/3716/3449 3464/3725/3464 3459/3721/3459
f 3450/3702/3450 3459/3721/3459 3476/3726/3476
f 3489/3718/3489 3480/3727/3480 3453/3715/3453
f 3296/3728/3296 3396/3729/3396 3513/3356/3513
f 3458/3719/3458 3463/3724/3463 3474/3730/3474
f 3454/3720/3454 3467/3731/3467 3468/3732/3468
f 3459/3721/3459 3464/3725/3464 3475/3733/3475
f 3465/3722/3465 3488/3734/3488 3460/3703/3460
f 3447/3717/3447 3462/3735/3462 3472/3736/3472
f 3447/3717/3447 3472/3736/3472 3457/3723/3457
f 3503/3306/3503 3054/3321/3054 3461/3682/3461
f 3457/3723/3457 3472/3736/3472 3473/3737/3473
f 3464/3725/3464 3474/3730/3474 3479/3738/3479
f 3465/3722/3465 3476/3726/3476 3487/3739/3487
f 3471/3740/3471 3477/3741/3477 3462/3735/3462
f 3473/3737/3473 3478/3742/3478 3463/3724/3463
f 3475/3733/3475 3479/3738/3479 3486/3743/3486
f 3468/3732/3468 3482/3744/3482 3469/3745/3469
f 3469/3745/3469 3482/3744/3482 3483/3746/3483
f 3469/3745/3469 3483/3746/3483 3470/3747/3470
f 3445/3748/3445 3045/3308/3045 3466/3706/3466
f 3477/3741/3477 3485/3749/3485 3472/3736/3472
f 3480/3727/3480 3481/3750/3481 3467/3731/3467
f 3478/3742/3478 3479/3738/3479 3474/3730/3474
f 3484/3751/3484 3491/3752/3491 3477/3741/3477
f 3445/3748/3445 3143/3753/3143 3144/3318/3144
f 3477/3741/3477 3491/3752/3491 3492/3754/3492
f 3485/3749/3485 3493/3755/3493 3478/3742/3478
f 3478/3742/3478 3493/3755/3493 3494/3756/3494
f 3478/3742/3478 3494/3756/3494 3479/3738/3479
f 3479/3738/3479 3494/3756/3494 3501/3757/3501
f 3487/3739/3487 3517/3301/3517 3488/3734/3488
f 3485/3749/3485 3492/3754/3492 3500/3758/3500
f 3489/3718/3489 3505/3759/3505 3480/3727/3480
f 3480/3727/3480 3505/3759/3505 3481/3750/3481
f 3481/3750/3481 3505/3759/3505 3497/3760/3497
f 3496/3761/3496 3495/3303/3495 3053/3304/3053
f 3040/3307/3040 3504/3762/3504 3489/3718/3489
f 3500/3758/3500 3510/3763/3510 3493/3755/3493
f 3502/3764/3502 3516/3300/3516 3487/3739/3487
f 3499/3765/3499 3506/3766/3506 3490/3767/3490
f 3500/3758/3500 3508/3768/3508 3509/3312/3509
f 3511/3769/3511 3510/3763/3510 3044/3770/3044
f 3497/3760/3497 3505/3759/3505 3514/3291/3514
f 3501/3757/3501 3511/3769/3511 3515/3771/3515
f 3502/3764/3502 3512/3772/3512 3052/3298/3052
f 3499/3765/3499 3042/3295/3042 3043/3297/3043
f 3509/3312/3509 3044/3770/3044 3510/3763/3510
f 3505/3759/3505 3504/3762/3504 3041/3292/3041
f 3044/3770/3044 3050/3323/3050 3511/3769/3511
f 3515/3771/3515 3051/3324/3051 3512/3772/3512
f 3512/3772/3512 3051/3324/3051 3052/3298/3052
f 3043/3297/3043 3047/3313/3047 3506/3766/3506
f 3044/3770/3044 3057/3311/3057 3050/3323/3050
f 3072/3302/3072 3517/3301/3517 3516/3300/3516 3058/3299/3058
f 3043/3297/3043 3055/3296/3055 3047/3313/3047
f 3066/3309/3066 3067/3333/3067 3041/3292/3041 3504/3762/3504
f 3495/3303/3495 3072/3302/3072 3053/3304/3053
f 3503/3306/3503 3084/3305/3084 3054/3321/3054
f 3040/3307/3040 3066/3309/3066 3504/3762/3504
f 3044/3770/3044 3509/3312/3509 3057/3311/3057
f 3084/3305/3084 3053/3304/3053 3083/3316/3083
f 3049/3310/3049 3048/3315/3048 3056/3317/3056
f 3045/3308/3045 3097/3319/3097 3066/3309/3066
f 3049/3310/3049 3056/3317/3056 3057/3311/3057
f 3513/3356/3513 3054/3321/3054 3096/3320/3096
f 3065/3330/3065 3052/3298/3052 3051/3324/3051 3064/3325/3064
f 3041/3292/3041 3067/3333/3067 3059/3293/3059
f 3046/3294/3046 3514/3291/3514 3060/3326/3060
f 3077/3339/3077 3060/3326/3060 3059/3293/3059 3085/3334/3085
f 3046/3294/3046 3060/3326/3060 3055/3296/3055
f 3058/3299/3058 3052/3298/3052 3065/3330/3065
f 3047/3313/3047 3061/3327/3061 3062/3314/3062
f 3057/3311/3057 3070/3328/3070 3063/3322/3063
f 3063/3322/3063 3071/3332/3071 3064/3325/3064
f 3055/3296/3055 3068/3329/3068 3061/3327/3061
f 3058/3299/3058 3082/3331/3082 3072/3302/3072
f 3062/3314/3062 3069/3337/3069 3056/3317/3056
f 3076/3344/3076 3065/3330/3065 3064/3325/3064 3075/3335/3075
f 3081/3347/3081 3070/3328/3070 3074/3338/3074 3080/3353/3080
f 3060/3326/3060 3077/3339/3077 3068/3329/3068
f 3065/3330/3065 3076/3344/3076 3082/3331/3082
f 3069/3337/3069 3062/3314/3062 3073/3336/3073
f 3083/3316/3083 3072/3302/3072 3090/3341/3090
f 3056/3317/3056 3074/3338/3074 3070/3328/3070
f 3071/3332/3071 3087/3348/3087 3075/3335/3075
f 3073/3336/3073 3068/3329/3068 3078/3340/3078
f 3069/3337/3069 3079/3342/3079 3074/3338/3074
f 3092/3373/3092 3093/3360/3093 3078/3340/3078 3077/3339/3077
f 3067/3333/3067 3066/3309/3066 3091/3363/3091
f 3070/3328/3070 3081/3347/3081 3071/3332/3071
f 3082/3331/3082 3076/3344/3076 3089/3343/3089
f 3079/3342/3079 3073/3336/3073 3086/3345/3086
f 3080/3353/3080 3074/3338/3074 3079/3342/3079
f 3066/3309/3066 3105/3346/3105 3091/3363/3091
f 3067/3333/3067 3091/3363/3091 3085/3334/3085
f 3094/3351/3094 3095/3354/3095 3080/3353/3080 3079/3342/3079
f 3086/3345/3086 3078/3340/3078 3093/3360/3093
f 3082/3331/3082 3104/3350/3104 3090/3341/3090
f 3092/3373/3092 3077/3339/3077 3085/3334/3085 3107/3371/3107
f 3084/3305/3084 3110/3352/3110 3096/3320/3096
f 3081/3347/3081 3101/3357/3101 3087/3348/3087
f 3101/3357/3101 3102/3773/3102 3088/3349/3088 3087/3348/3087
f 3075/3335/3075 3103/3359/3103 3089/3343/3089
f 3086/3345/3086 3108/3361/3108 3099/3365/3099
f 3090/3341/3090 3121/3362/3121 3127/3378/3127
f 3094/3351/3094 3086/3345/3086 3099/3365/3099
f 3090/3341/3090 3127/3378/3127 3110/3352/3110
f 3112/3372/3112 3098/3374/3098 3093/3360/3093 3092/3373/3092
f 3085/3334/3085 3111/3364/3111 3107/3371/3107
f 3103/3359/3103 3088/3349/3088 3102/3773/3102
f 3096/3320/3096 3180/3367/3180 3226/3355/3226
f 3091/3363/3091 3128/3370/3128 3111/3364/3111
f 3117/3391/3117 3118/3384/3118 3101/3357/3101 3109/3368/3109
f 3104/3350/3104 3089/3343/3089 3103/3359/3103
f 3108/3361/3108 3093/3360/3093 3098/3374/3098
f 3104/3350/3104 3126/3388/3126 3121/3362/3121
f 3109/3368/3109 3100/3366/3100 3116/3382/3116
f 3119/3774/3119 3120/3775/3120 3103/3359/3103 3102/3773/3102
f 3102/3773/3102 3101/3357/3101 3118/3384/3118
f 3102/3773/3102 3118/3384/3118 3119/3774/3119
f 3120/3775/3120 3125/3393/3125 3104/3350/3104 3103/3359/3103
f 3113/3375/3113 3114/3776/3114 3108/3361/3108 3098/3374/3098
f 3126/3388/3126 3104/3350/3104 3125/3393/3125
f 3124/3401/3124 3119/3774/3119 3118/3384/3118 3134/3386/3134
f 3100/3366/3100 3099/3365/3099 3115/3376/3115
f 3109/3368/3109 3123/3383/3123 3117/3391/3117
f 3112/3372/3112 3107/3371/3107 3129/3377/3129
f 3115/3376/3115 3108/3361/3108 3114/3776/3114
f 3110/3352/3110 3158/3379/3158 3159/3777/3159
f 3100/3366/3100 3122/3380/3122 3116/3382/3116
f 3110/3352/3110 3159/3777/3159 3180/3367/3180
f 3105/3346/3105 3151/3381/3151 3106/3369/3106
f 3129/3377/3129 3111/3364/3111 3145/3392/3145
f 3165/3431/3165 3173/3424/3173 3142/3389/3142 3141/3395/3141
f 3120/3775/3120 3119/3774/3119 3124/3401/3124
f 3120/3775/3120 3124/3401/3124 3135/3394/3135
f 3113/3375/3113 3112/3372/3112 3130/3387/3130
f 3125/3393/3125 3120/3775/3120 3135/3394/3135
f 3113/3375/3113 3130/3387/3130 3131/3402/3131
f 3114/3776/3114 3113/3375/3113 3131/3402/3131
f 3114/3776/3114 3131/3402/3131 3132/3397/3132
f 3127/3378/3127 3121/3362/3121 3142/3389/3142
f 3115/3376/3115 3114/3776/3114 3132/3397/3132
f 3122/3380/3122 3115/3376/3115 3132/3397/3132
f 3097/3319/3097 3181/3390/3181 3151/3381/3151
f 3129/3377/3129 3136/3410/3136 3130/3387/3130
f 3130/3387/3130 3137/3403/3137 3131/3402/3131
f 3142/3389/3142 3126/3388/3126 3141/3395/3141
f 3127/3378/3127 3150/3396/3150 3158/3379/3158
f 3123/3383/3123 3139/3399/3139 3133/3385/3133
f 3138/3398/3138 3132/3397/3132 3147/3405/3147
f 3128/3370/3128 3106/3369/3106 3152/3406/3152
f 3128/3370/3128 3152/3406/3152 3145/3392/3145
f 3134/3386/3134 3133/3385/3133 3149/3408/3149
f 3134/3386/3134 3149/3408/3149 3140/3400/3140
f 3136/3410/3136 3129/3377/3129 3145/3392/3145
f 3124/3401/3124 3140/3400/3140 3135/3394/3135
f 3137/3403/3137 3130/3387/3130 3136/3410/3136
f 3153/3411/3153 3154/3418/3154 3137/3403/3137 3136/3410/3136
f 3142/3389/3142 3173/3424/3173 3150/3396/3150
f 3138/3398/3138 3147/3405/3147 3155/3415/3155
f 3139/3399/3139 3138/3398/3138 3155/3415/3155
f 3139/3399/3139 3155/3415/3155 3148/3407/3148
f 3157/3412/3157 3165/3431/3165 3141/3395/3141 3135/3394/3135
f 3164/3421/3164 3149/3408/3149 3148/3407/3148 3163/3416/3163
f 3146/3404/3146 3137/3403/3137 3154/3418/3154
f 3147/3405/3147 3162/3414/3162 3155/3415/3155
f 3161/3413/3161 3147/3405/3147 3146/3404/3146 3160/3419/3160
f 3149/3408/3149 3164/3421/3164 3156/3409/3156
f 3153/3411/3153 3145/3392/3145 3166/3417/3166
f 3182/3456/3182 3152/3406/3152 3151/3381/3151 3205/3428/3205
f 3159/3777/3159 3197/3445/3197 3180/3367/3180
f 3171/3422/3171 3172/3432/3172 3157/3412/3157 3156/3409/3156
f 3155/3415/3155 3169/3420/3169 3163/3416/3163
f 3196/3459/3196 3158/3379/3158 3150/3396/3150 3189/3425/3189
f 3153/3411/3153 3174/3423/3174 3167/3438/3167
f 3154/3418/3154 3153/3411/3153 3167/3438/3167
f 3165/3431/3165 3157/3412/3157 3172/3432/3172
f 3154/3418/3154 3167/3438/3167 3168/3434/3168
f 3160/3419/3160 3154/3418/3154 3168/3434/3168
f 3197/3445/3197 3159/3777/3159 3158/3379/3158 3196/3459/3196
f 3181/3390/3181 3144/3318/3144 3198/3427/3198
f 3182/3456/3182 3190/3448/3190 3166/3417/3166 3152/3406/3152
f 3177/3440/3177 3178/3439/3178 3162/3414/3162 3161/3413/3161
f 3164/3421/3164 3170/3430/3170 3171/3422/3171
f 3167/3438/3167 3175/3437/3175 3168/3434/3168
f 3165/3431/3165 3187/3433/3187 3188/3444/3188
f 3165/3431/3165 3188/3444/3188 3173/3424/3173
f 3160/3419/3160 3176/3435/3176 3177/3440/3177
f 3161/3413/3161 3160/3419/3160 3177/3440/3177
f 3183/3778/3183 3176/3435/3176 3175/3437/3175 3199/3473/3199
f 3169/3420/3169 3162/3414/3162 3178/3439/3178
f 3166/3417/3166 3190/3448/3190 3174/3423/3174
f 3172/3432/3172 3186/3436/3186 3187/3433/3187
f 3173/3424/3173 3188/3444/3188 3189/3425/3189
f 3186/3436/3186 3194/3457/3194 3187/3433/3187
f 3192/3451/3192 3177/3440/3177 3176/3435/3176 3183/3778/3183
f 3224/3460/3224 3189/3425/3189 3188/3444/3188 3219/3450/3219
f 3193/3441/3193 3177/3440/3177 3192/3451/3192
f 3184/3442/3184 3178/3439/3178 3193/3441/3193
f 3226/3355/3226 3180/3367/3180 3235/3446/3235
f 3170/3430/3170 3179/3429/3179 3185/3447/3185
f 3170/3430/3170 3185/3447/3185 3186/3436/3186
f 3174/3423/3174 3191/3449/3191 3175/3437/3175
f 3204/3443/3204 3187/3433/3187 3195/3458/3195
f 3183/3778/3183 3200/3468/3200 3192/3451/3192
f 3203/3463/3203 3185/3447/3185 3184/3442/3184 3202/3454/3202
f 3189/3425/3189 3224/3460/3224 3196/3459/3196
f 3181/3390/3181 3236/3453/3236 3205/3428/3205
f 3225/3461/3225 3257/3503/3257 3197/3445/3197 3196/3459/3196
f 3182/3456/3182 3206/3455/3206 3190/3448/3190
f 3190/3448/3190 3207/3462/3207 3191/3449/3191
f 3199/3473/3199 3175/3437/3175 3191/3449/3191
f 3201/3452/3201 3192/3451/3192 3209/3469/3209
f 3213/3474/3213 3214/3482/3214 3200/3468/3200 3199/3473/3199
f 3235/3446/3235 3197/3445/3197 3257/3503/3257
f 3202/3454/3202 3193/3441/3193 3201/3452/3201
f 3202/3454/3202 3210/3470/3210 3203/3463/3203
f 3199/3473/3199 3191/3449/3191 3208/3465/3208
f 3195/3458/3195 3218/3467/3218 3204/3443/3204
f 3200/3468/3200 3183/3778/3183 3199/3473/3199
f 3201/3452/3201 3215/3475/3215 3216/3477/3216
f 3202/3454/3202 3201/3452/3201 3216/3477/3216
f 3202/3454/3202 3216/3477/3216 3210/3470/3210
f 3211/3464/3211 3203/3463/3203 3217/3471/3217
f 3207/3462/3207 3227/3479/3227 3208/3465/3208
f 3238/3498/3238 3229/3497/3229 3213/3474/3213 3228/3480/3228
f 3204/3443/3204 3218/3467/3218 3219/3450/3219
f 3200/3468/3200 3214/3482/3214 3209/3469/3209
f 3217/3471/3217 3210/3470/3210 3221/3478/3221
f 3213/3474/3213 3208/3465/3208 3228/3480/3228
f 3218/3467/3218 3212/3466/3212 3223/3481/3223
f 3215/3475/3215 3209/3469/3209 3220/3483/3220
f 3217/3471/3217 3234/3485/3234 3222/3472/3222
f 3229/3497/3229 3230/3486/3230 3214/3482/3214 3213/3474/3213
f 3250/3488/3250 3219/3450/3219 3218/3467/3218 3242/3484/3242
f 3231/3487/3231 3232/3779/3232 3215/3475/3215 3220/3483/3220
f 3214/3482/3214 3230/3486/3230 3220/3483/3220
f 3219/3450/3219 3250/3488/3250 3224/3460/3224
f 3233/3491/3233 3216/3477/3216 3215/3475/3215 3232/3779/3232
f 3240/3495/3240 3241/3500/3241 3223/3481/3223 3222/3472/3222
f 3216/3477/3216 3233/3491/3233 3221/3478/3221
f 3267/3520/3267 3225/3461/3225 3224/3460/3224 3266/3489/3266
f 3242/3484/3242 3223/3481/3223 3241/3500/3241
f 3244/3499/3244 3245/3502/3245 3230/3486/3230 3229/3497/3229
f 3257/3503/3257 3225/3461/3225 3267/3520/3267
f 3234/3485/3234 3221/3478/3221 3239/3492/3239
f 3227/3479/3227 3206/3455/3206 3251/3493/3251
f 3305/3490/3305 3235/3446/3235 3309/3504/3309
f 3233/3491/3233 3247/3780/3247 3239/3492/3239
f 3227/3479/3227 3251/3493/3251 3243/3506/3243
f 3234/3485/3234 3248/3496/3248 3240/3495/3240
f 3228/3480/3228 3227/3479/3227 3243/3506/3243
f 3228/3480/3228 3243/3506/3243 3238/3498/3238
f 3247/3780/3247 3233/3491/3233 3232/3779/3232 3246/3781/3246
f 3231/3487/3231 3245/3502/3245 3246/3781/3246
f 3232/3779/3232 3231/3487/3231 3246/3781/3246
f 3255/3505/3255 3256/3514/3256 3241/3500/3241 3240/3495/3240
f 3239/3492/3239 3254/3518/3254 3248/3496/3248
f 3324/3516/3324 3236/3453/3236 3198/3427/3198 3323/3510/3323
f 3244/3499/3244 3238/3498/3238 3252/3507/3252
f 3249/3501/3249 3241/3500/3241 3256/3514/3256
f 3242/3484/3242 3273/3508/3273 3250/3488/3250
f 3254/3518/3254 3239/3492/3239 3247/3780/3247 3253/3524/3253
f 3236/3453/3236 3324/3516/3324 3237/3476/3237
f 3260/3782/3260 3245/3502/3245 3244/3499/3244 3259/3513/3259
f 3237/3476/3237 3268/3526/3268 3251/3493/3251
f 3248/3496/3248 3263/3519/3263 3255/3505/3255
f 3243/3506/3243 3269/3512/3269 3252/3507/3252
f 3249/3501/3249 3265/3515/3265 3273/3508/3273
f 3261/3522/3261 3246/3781/3246 3245/3502/3245 3260/3782/3260
f 3266/3489/3266 3250/3488/3250 3273/3508/3273
f 3253/3524/3253 3247/3780/3247 3246/3781/3246 3261/3522/3261
f 3272/3527/3272 3264/3534/3264 3256/3514/3256 3255/3505/3255
f 3237/3476/3237 3280/3517/3280 3268/3526/3268
f 3259/3513/3259 3252/3507/3252 3269/3512/3269
f 3265/3515/3265 3256/3514/3256 3264/3534/3264
f 3260/3782/3260 3275/3530/3275 3261/3522/3261
f 3309/3504/3309 3257/3503/3257 3295/3521/3295
f 3254/3518/3254 3262/3525/3262 3263/3519/3263
f 3274/3536/3274 3275/3530/3275 3260/3782/3260 3259/3513/3259
f 3271/3540/3271 3263/3519/3263 3262/3525/3262 3278/3538/3278
f 3267/3520/3267 3266/3489/3266 3294/3529/3294
f 3295/3521/3295 3267/3520/3267 3294/3529/3294
f 3261/3522/3261 3276/3531/3276 3270/3523/3270
f 3262/3525/3262 3277/3532/3277 3278/3538/3278
f 3288/3548/3288 3275/3530/3275 3274/3536/3274 3287/3547/3287
f 3263/3519/3263 3271/3540/3271 3272/3527/3272
f 3269/3512/3269 3258/3511/3258 3281/3533/3281
f 3265/3515/3265 3264/3534/3264 3279/3535/3279
f 3294/3529/3294 3273/3508/3273 3293/3543/3293
f 3275/3530/3275 3288/3548/3288 3276/3531/3276
f 3268/3526/3268 3297/3537/3297 3281/3533/3281
f 3279/3535/3279 3272/3527/3272 3285/3541/3285
f 3274/3536/3274 3269/3512/3269 3282/3542/3282
f 3284/3539/3284 3278/3538/3278 3283/3545/3283
f 3282/3542/3282 3281/3533/3281 3298/3550/3298
f 3292/3528/3292 3279/3535/3279 3286/3546/3286
f 3302/3564/3302 3291/3566/3291 3284/3539/3284 3283/3545/3283
f 3051/3324/3051 3515/3771/3515 3050/3323/3050 3063/3322/3063
f 3283/3545/3283 3301/3553/3301 3302/3564/3302
f 3303/3569/3303 3304/3783/3304 3286/3546/3286 3285/3541/3285
f 3285/3541/3285 3284/3539/3284 3291/3566/3291
f 3285/3541/3285 3291/3566/3291 3303/3569/3303
f 3304/3783/3304 3308/3571/3308 3292/3528/3292 3286/3546/3286
f 3287/3547/3287 3282/3542/3282 3299/3551/3299
f 3310/3554/3310 3306/3555/3306 3288/3548/3288 3287/3547/3287
f 3299/3551/3299 3298/3550/3298 3317/3558/3317
f 3308/3571/3308 3316/3556/3316 3293/3543/3293 3292/3528/3292
f 3332/3601/3332 3360/3575/3360 3295/3521/3295 3294/3529/3294
f 3289/3549/3289 3306/3555/3306 3307/3560/3307
f 3294/3529/3294 3316/3556/3316 3332/3601/3332
f 3300/3552/3300 3289/3549/3289 3307/3560/3307
f 3315/3572/3315 3304/3783/3304 3303/3569/3303 3314/3568/3314
f 3309/3504/3309 3295/3521/3295 3360/3575/3360
f 3280/3517/3280 3325/3557/3325 3297/3537/3297
f 3313/3567/3313 3291/3566/3291 3302/3564/3302 3312/3562/3312
f 3310/3554/3310 3299/3551/3299 3318/3559/3318
f 3308/3571/3308 3304/3783/3304 3315/3572/3315
f 3297/3537/3297 3325/3557/3325 3333/3587/3333
f 3317/3558/3317 3298/3550/3298 3297/3537/3297 3333/3587/3333
f 3319/3574/3319 3320/3578/3320 3307/3560/3307 3306/3555/3306
f 3308/3571/3308 3322/3573/3322 3316/3556/3316
f 3328/3579/3328 3329/3583/3329 3312/3562/3312 3311/3561/3311
f 3311/3561/3311 3307/3560/3307 3320/3578/3320
f 3396/3563/3396 3309/3504/3309 3407/3576/3407
f 3319/3574/3319 3310/3554/3310 3327/3570/3327
f 3316/3556/3316 3340/3577/3340 3347/3599/3347
f 3319/3574/3319 3335/3580/3335 3320/3578/3320
f 3332/3601/3332 3316/3556/3316 3347/3599/3347
f 3329/3583/3329 3330/3585/3330 3313/3567/3313 3312/3562/3312
f 3331/3592/3331 3321/3591/3321 3315/3572/3315 3314/3568/3314
f 3314/3568/3314 3313/3567/3313 3330/3585/3330
f 3314/3568/3314 3330/3585/3330 3331/3592/3331
f 3317/3558/3317 3334/3589/3334 3318/3559/3318
f 3326/3590/3326 3342/3605/3342 3327/3570/3327 3318/3559/3318
f 3322/3573/3322 3315/3572/3315 3321/3591/3321
f 3328/3579/3328 3320/3578/3320 3336/3581/3336
f 3334/3589/3334 3317/3558/3317 3341/3588/3341
f 3339/3593/3339 3346/3607/3346 3322/3573/3322 3321/3591/3321
f 3383/3634/3383 3324/3516/3324 3323/3510/3323 3445/3598/3445
f 3322/3573/3322 3346/3607/3346 3340/3577/3340
f 3324/3516/3324 3383/3634/3383 3361/3582/3361
f 3337/3584/3337 3328/3579/3328 3344/3602/3344
f 3333/3587/3333 3325/3557/3325 3372/3594/3372
f 3339/3593/3339 3331/3592/3331 3345/3595/3345
f 3342/3605/3342 3326/3590/3326 3348/3596/3348
f 3335/3580/3335 3327/3570/3327 3342/3605/3342
f 3347/3599/3347 3340/3577/3340 3355/3613/3355
f 3335/3580/3335 3343/3610/3343 3336/3581/3336
f 3352/3784/3352 3338/3586/3338 3337/3584/3337 3351/3612/3351
f 3360/3575/3360 3332/3601/3332 3371/3600/3371
f 3353/3615/3353 3345/3595/3345 3338/3586/3338 3352/3784/3352
f 3333/3587/3333 3362/3603/3362 3341/3588/3341
f 3364/3639/3364 3356/3621/3356 3357/3606/3357 3348/3596/3348
f 3334/3589/3334 3341/3588/3341 3348/3596/3348
f 3346/3607/3346 3339/3593/3339 3354/3604/3354
f 3340/3577/3340 3359/3608/3359 3355/3613/3355
f 3343/3610/3343 3335/3580/3335 3349/3609/3349
f 3344/3602/3344 3336/3581/3336 3350/3611/3350
f 3352/3784/3352 3369/3629/3369 3353/3615/3353
f 3354/3604/3354 3345/3595/3345 3353/3615/3353
f 3349/3609/3349 3342/3605/3342 3357/3606/3357
f 3343/3610/3343 3349/3609/3349 3350/3611/3350
f 3347/3599/3347 3370/3614/3370 3371/3600/3371
f 3351/3612/3351 3368/3626/3368 3352/3784/3352
f 3367/3627/3367 3351/3612/3351 3350/3611/3350 3358/3618/3358
f 3359/3608/3359 3354/3604/3354 3377/3616/3377
f 3364/3639/3364 3348/3596/3348 3341/3588/3341 3363/3619/3363
f 3368/3626/3368 3351/3612/3351 3367/3627/3367
f 3369/3629/3369 3352/3784/3352 3368/3626/3368
f 3373/3623/3373 3358/3618/3358 3349/3609/3349 3366/3622/3366
f 3359/3608/3359 3381/3620/3381 3370/3614/3370
f 3385/3652/3385 3363/3619/3363 3362/3603/3362 3384/3636/3384
f 3358/3618/3358 3374/3624/3374 3367/3627/3367
f 3360/3575/3360 3382/3625/3382 3407/3576/3407
f 3377/3616/3377 3353/3615/3353 3376/3631/3376
f 3366/3622/3366 3379/3649/3379 3373/3623/3373
f 3382/3625/3382 3371/3600/3371 3395/3633/3395
f 3375/3628/3375 3367/3627/3367 3374/3624/3374
f 3361/3582/3361 3424/3635/3424 3372/3594/3372
f 3387/3643/3387 3365/3617/3365 3356/3621/3356 3378/3648/3378
f 3376/3631/3376 3369/3629/3369 3392/3637/3392
f 3364/3639/3364 3386/3638/3386 3378/3648/3378
f 3356/3621/3356 3364/3639/3364 3378/3648/3378
f 3379/3649/3379 3389/3658/3389 3374/3624/3374 3373/3623/3373
f 3365/3617/3365 3387/3643/3387 3366/3622/3366
f 3389/3658/3389 3390/3645/3390 3375/3628/3375 3374/3624/3374
f 3398/3653/3398 3405/3654/3405 3393/3640/3393 3392/3637/3392
f 3375/3628/3375 3390/3645/3390 3380/3630/3380
f 3372/3594/3372 3408/3641/3408 3384/3636/3384
f 3386/3638/3386 3363/3619/3363 3385/3652/3385
f 3381/3620/3381 3377/3616/3377 3394/3642/3394
f 3379/3649/3379 3366/3622/3366 3388/3644/3388
f 3392/3637/3392 3380/3630/3380 3391/3646/3391
f 3393/3640/3393 3405/3654/3405 3394/3642/3394
f 3389/3658/3389 3379/3649/3379 3397/3650/3397
f 3382/3625/3382 3395/3633/3395 3423/3785/3423
f 3402/3786/3402 3388/3644/3388 3387/3643/3387 3401/3656/3401
f 3394/3642/3394 3406/3655/3406 3399/3632/3399
f 3425/3688/3425 3415/3787/3415 3401/3788/3401 3400/3687/3400
f 3397/3650/3397 3388/3644/3388 3402/3786/3402
f 3423/3785/3423 3395/3633/3395 3431/3657/3431
f 3389/3658/3389 3403/3659/3403 3404/3789/3404
f 3383/3634/3383 3466/3660/3466 3424/3635/3424
f 3390/3645/3390 3389/3658/3389 3404/3789/3404
f 3390/3645/3390 3404/3789/3404 3391/3646/3391
f 3385/3676/3385 3414/3675/3414 3400/3687/3400
f 3403/3679/3403 3397/3668/3397 3410/3670/3410
f 3391/3673/3391 3411/3672/3411 3398/3662/3398
f 3416/3689/3416 3402/3669/3402 3401/3788/3401 3415/3787/3415
f 3406/3664/3406 3413/3678/3413 3430/3665/3430
f 3419/3790/3419 3404/3671/3404 3403/3679/3403 3418/3680/3418
f 3410/3670/3410 3402/3669/3402 3416/3689/3416
f 3420/3700/3420 3411/3672/3411 3419/3790/3419 3428/3698/3428
f 3407/3683/3407 3461/3682/3461 3396/3729/3396
f 3404/3671/3404 3419/3790/3419 3411/3672/3411
f 3384/3684/3384 3432/3686/3432 3409/3674/3409
f 3415/3787/3415 3427/3791/3427 3416/3689/3416
f 3418/3680/3418 3410/3670/3410 3417/3690/3417
f 3421/3694/3421 3412/3663/3412 3411/3672/3411 3420/3700/3420
f 3432/3686/3432 3408/3685/3408 3436/3693/3436
f 3427/3791/3427 3433/3710/3433 3417/3690/3417 3416/3689/3416
f 3414/3675/3414 3409/3674/3409 3432/3686/3432
f 3412/3663/3412 3421/3694/3421 3422/3677/3422
f 3422/3677/3422 3429/3695/3429 3443/3701/3443
f 3415/3787/3415 3425/3688/3425 3426/3792/3426
f 3413/3678/3413 3422/3677/3422 3443/3701/3443
f 3415/3787/3415 3426/3792/3426 3427/3791/3427
f 3413/3678/3413 3443/3701/3443 3430/3665/3430
f 3428/3698/3428 3419/3790/3419 3418/3680/3418 3434/3704/3434
f 3417/3690/3417 3433/3710/3433 3434/3704/3434
f 3418/3680/3418 3417/3690/3417 3434/3704/3434
f 3461/3682/3461 3423/3691/3423 3451/3697/3451
f 3439/3711/3439 3427/3791/3427 3426/3792/3426 3438/3793/3438
f 3420/3700/3420 3435/3699/3435 3421/3694/3421
f 3438/3793/3438 3426/3792/3426 3425/3688/3425 3437/3709/3437
f 3430/3665/3430 3450/3702/3450 3444/3696/3444
f 3433/3710/3433 3427/3791/3427 3439/3711/3439
f 3451/3697/3451 3431/3667/3431 3460/3703/3460
f 3428/3698/3428 3440/3705/3440 3441/3713/3441
f 3424/3692/3424 3452/3707/3452 3436/3693/3436
f 3428/3698/3428 3441/3713/3441 3435/3699/3435
f 3421/3694/3421 3442/3708/3442 3429/3695/3429
f 3455/3794/3455 3438/3793/3438 3437/3709/3437 3454/3720/3454
f 3435/3699/3435 3448/3714/3448 3442/3708/3442
f 3437/3709/3437 3432/3686/3432 3453/3715/3453
f 3429/3695/3429 3449/3716/3449 3443/3701/3443
f 3444/3696/3444 3465/3722/3465 3460/3703/3460
f 3440/3705/3440 3447/3717/3447 3457/3723/3457
f 3441/3713/3441 3440/3705/3440 3457/3723/3457
f 3441/3713/3441 3457/3723/3457 3448/3714/3448
f 3453/3715/3453 3436/3693/3436 3489/3718/3489
f 3456/3795/3456 3439/3711/3439 3438/3793/3438 3455/3794/3455
f 3450/3702/3450 3443/3701/3443 3459/3721/3459
f 3456/3795/3456 3462/3735/3462 3446/3712/3446 3439/3711/3439
f 3054/3321/3054 3513/3356/3513 3396/3729/3396 3461/3682/3461
f 3458/3719/3458 3448/3714/3448 3463/3724/3463
f 3454/3720/3454 3453/3715/3453 3467/3731/3467
f 3450/3702/3450 3476/3726/3476 3465/3722/3465
f 3447/3717/3447 3446/3712/3446 3462/3735/3462
f 3469/3745/3469 3455/3794/3455 3454/3720/3454 3468/3732/3468
f 3457/3723/3457 3473/3737/3473 3463/3724/3463
f 3453/3715/3453 3480/3727/3480 3467/3731/3467
f 3464/3725/3464 3458/3719/3458 3474/3730/3474
f 3470/3747/3470 3456/3795/3456 3455/3794/3455 3469/3745/3469
f 3476/3726/3476 3459/3721/3459 3475/3733/3475
f 3470/3747/3470 3471/3740/3471 3462/3735/3462 3456/3795/3456
f 3496/3761/3496 3451/3697/3451 3460/3703/3460 3488/3734/3488
f 3486/3743/3486 3487/3739/3487 3476/3726/3476 3475/3733/3475
f 3503/3306/3503 3451/3697/3451 3496/3761/3496
f 3475/3733/3475 3464/3725/3464 3479/3738/3479
f 3465/3722/3465 3487/3739/3487 3488/3734/3488
f 3472/3736/3472 3462/3735/3462 3477/3741/3477
f 3474/3730/3474 3463/3724/3463 3478/3742/3478
f 3468/3732/3468 3481/3750/3481 3482/3744/3482
f 3040/3307/3040 3452/3707/3452 3466/3706/3466 3045/3308/3045
f 3470/3747/3470 3483/3746/3483 3484/3751/3484
f 3471/3740/3471 3470/3747/3470 3484/3751/3484
f 3471/3740/3471 3484/3751/3484 3477/3741/3477
f 3490/3767/3490 3484/3751/3484 3483/3746/3483 3499/3765/3499
f 3473/3737/3473 3472/3736/3472 3485/3749/3485
f 3452/3707/3452 3040/3307/3040 3489/3718/3489
f 3473/3737/3473 3485/3749/3485 3478/3742/3478
f 3468/3732/3468 3467/3731/3467 3481/3750/3481
f 3496/3761/3496 3488/3734/3488 3495/3303/3495
f 3445/3748/3445 3144/3318/3144 3045/3308/3045
f 3477/3741/3477 3492/3754/3492 3485/3749/3485
f 3486/3743/3486 3479/3738/3479 3501/3757/3501
f 3507/3796/3507 3491/3752/3491 3490/3767/3490 3506/3766/3506
f 3495/3303/3495 3488/3734/3488 3517/3301/3517
f 3484/3751/3484 3490/3767/3490 3491/3752/3491
f 3485/3749/3485 3500/3758/3500 3493/3755/3493
f 3482/3744/3482 3481/3750/3481 3497/3760/3497
f 3482/3744/3482 3497/3760/3497 3498/3797/3498
f 3486/3743/3486 3501/3757/3501 3502/3764/3502
f 3483/3746/3483 3482/3744/3482 3498/3797/3498
f 3487/3739/3487 3486/3743/3486 3502/3764/3502
f 3483/3746/3483 3498/3797/3498 3499/3765/3499
f 3507/3796/3507 3508/3768/3508 3492/3754/3492 3491/3752/3491
f 3510/3763/3510 3511/3769/3511 3494/3756/3494 3493/3755/3493
f 3503/3306/3503 3496/3761/3496 3053/3304/3053
f 3500/3758/3500 3492/3754/3492 3508/3768/3508
f 3505/3759/3505 3489/3718/3489 3504/3762/3504
f 3042/3295/3042 3498/3797/3498 3497/3760/3497 3514/3291/3514
f 3501/3757/3501 3494/3756/3494 3511/3769/3511
f 3501/3757/3501 3512/3772/3512 3502/3764/3502
f 3498/3797/3498 3042/3295/3042 3499/3765/3499
f 3487/3739/3487 3516/3300/3516 3517/3301/3517
f 3500/3758/3500 3509/3312/3509 3510/3763/3510
f 3501/3757/3501 3515/3771/3515 3512/3772/3512
f 3047/3313/3047 3048/3315/3048 3507/3796/3507 3506/3766/3506
f 3502/3764/3502 3052/3298/3052 3516/3300/3516
f 3499/3765/3499 3043/3297/3043 3506/3766/3506
f 3505/3759/3505 3041/3292/3041 3514/3291/3514
f 3515/3771/3515 3511/3769/3511 3050/3323/3050
f 3043/3297/3043 3042/3295/3042 3046/3294/3046
f 3508/3768/3508 3507/3796/3507 3048/3315/3048
f 3508/3768/3508 3048/3315/3048 3049/3310/3049
f 3509/3312/3509 3508/3768/3508 3049/3310/3049
o Boss_crown_horn_-1
v -0.365391 2.201205 -0.099746
v -0.349328 2.194020 -0.080195
v -0.367677 2.187178 -0.085066
v -0.359067 2.198750 -0.094616
v -0.365874 2.194029 -0.097580
v -0.360490 2.191988 -0.093607
v -0.353714 2.188594 -0.082807
v -0.353197 2.196124 -0.087471
v -0.356626 2.190260 -0.088911
v -0.366697 2.188977 -0.092293
v -0.360318 2.186131 -0.084560
v -0.360871 2.188077 -0.090417
v -0.342671 2.176041 -0.015551
v -0.331137 2.185914 -0.029621
v -0.328863 2.184912 -0.002802
v -0.337496 2.175962 -0.021105
v -0.336639 2.175583 -0.010931
v -0.333814 2.176013 -0.016281
v -0.329143 2.185323 -0.021233
v -0.333341 2.179519 -0.026174
v -0.331446 2.179012 -0.019542
v -0.331663 2.178779 -0.006337
v -0.328312 2.184957 -0.011426
v -0.330911 2.178777 -0.013222
v -0.358281 2.183013 0.073298
v -0.341103 2.190390 0.066893
v -0.354666 2.196468 0.087676
v -0.351411 2.181956 0.070278
v -0.358184 2.184990 0.080656
v -0.351574 2.183991 0.077450
v -0.343301 2.191382 0.075107
v -0.345106 2.184663 0.067927
v -0.347135 2.185897 0.075794
v -0.356857 2.189929 0.085934
v -0.348280 2.193613 0.082736
v -0.350640 2.187468 0.081165
v -0.449648 2.238777 0.147304
v -0.471963 2.248713 0.147304
v -0.466402 2.231177 0.141174
v -0.456710 2.241923 0.150255
v -0.453932 2.233166 0.147194
v -0.460598 2.236453 0.149965
v -0.473267 2.241774 0.147194
v -0.464901 2.245569 0.150255
v -0.466364 2.239020 0.149965
v -0.460082 2.230376 0.144945
v -0.471225 2.235337 0.144945
v -0.464927 2.234488 0.148381
v -0.573720 2.278944 0.073811
v -0.566961 2.290987 0.087676
v -0.579033 2.296363 0.066645
v -0.572853 2.280568 0.081052
v -0.578881 2.283252 0.070550
v -0.577782 2.284714 0.077617
v -0.573025 2.293686 0.082563
v -0.570372 2.284988 0.086142
v -0.576035 2.287827 0.081200
v -0.580831 2.289646 0.067920
v -0.577456 2.295660 0.074843
v -0.579154 2.289216 0.075765
v -0.576900 2.295459 -0.074446
v -0.582568 2.282909 -0.060874
v -0.586884 2.299888 -0.052908
v -0.580338 2.289466 -0.072958
v -0.582493 2.297945 -0.068980
v -0.585536 2.292095 -0.067677
v -0.587404 2.287072 -0.057220
v -0.582418 2.284860 -0.067976
v -0.587001 2.288852 -0.064170
v -0.586157 2.299571 -0.061074
v -0.588988 2.293304 -0.054296
v -0.588116 2.293240 -0.062111
v -0.449418 2.238664 -0.147796
v -0.465813 2.230918 -0.141182
v -0.471698 2.248615 -0.146807
v -0.453637 2.233025 -0.147624
v -0.456576 2.241862 -0.150433
v -0.460395 2.236363 -0.150092
v -0.470780 2.235151 -0.144702
v -0.459655 2.230182 -0.145196
v -0.464631 2.234361 -0.148383
v -0.464754 2.245515 -0.150070
v -0.472941 2.241647 -0.146767
v -0.466152 2.238935 -0.149837
v -0.223413 2.746279 -0.026380
v -0.233775 2.782998 -0.018989
v -0.251430 2.776528 0.001310
v -0.239358 2.771153 0.022342
v -0.217042 2.761218 0.022342
v -0.219315 2.690157 0.009076
v -0.230299 2.650991 -0.018687
v -0.226582 2.758423 -0.026319
v -0.224369 2.715897 -0.025014
v -0.214636 2.771524 -0.015291
v -0.241099 2.782273 -0.013611
v -0.230369 2.771842 -0.023617
v -0.220601 2.795802 -0.011107
v -0.249077 2.775988 0.009139
v -0.247540 2.779913 -0.006206
v -0.226890 2.798285 0.000689
v -0.232064 2.768453 0.024626
v -0.244674 2.774028 0.016810
v -0.221510 2.793817 0.011706
v -0.216175 2.738430 0.019248
v -0.223930 2.764831 0.024626
v -0.211636 2.779940 0.012659
v -0.221525 2.677467 0.000156
v -0.217006 2.712428 0.014394
v -0.210487 2.749056 0.003798
v -0.226889 2.681023 -0.022198
v -0.225544 2.663136 -0.010003
v -0.213807 2.738525 -0.009344
vn 0.4982 -0.1619 -0.8518
vn 0.8497 -0.3085 -0.4276
vn -0.2577 -0.9564 -0.1374
vn 0.6497 -0.1680 -0.7414
vn 0.3036 -0.5171 -0.8003
vn 0.4831 -0.4682 -0.7399
vn 0.6362 -0.6587 -0.4018
vn 0.7832 -0.2241 -0.5800
vn 0.6401 -0.5348 -0.5516
vn -0.0435 -0.8734 -0.4850
vn 0.1437 -0.9534 -0.2653
vn 0.2446 -0.8278 -0.5049
vn -0.2178 -0.9758 -0.0186
vn 0.8898 -0.3290 -0.3162
vn 0.9244 -0.3559 0.1374
vn 0.1674 -0.9701 -0.1759
vn 0.1867 -0.9797 0.0727
vn 0.4118 -0.9087 -0.0689
vn 0.9371 -0.3005 -0.1775
vn 0.6695 -0.6790 -0.3013
vn 0.7705 -0.6060 -0.1976
vn 0.7019 -0.6995 0.1341
vn 0.9514 -0.3078 -0.0053
vn 0.7884 -0.6149 0.0198
vn -0.2216 -0.9657 0.1357
vn 0.8974 -0.3658 0.2466
vn 0.5086 -0.2041 0.8365
vn 0.1717 -0.9695 0.1750
vn -0.0213 -0.8868 0.4616
vn 0.2598 -0.8683 0.4226
vn 0.8363 -0.3261 0.4408
vn 0.6546 -0.7229 0.2213
vn 0.6399 -0.6512 0.4080
vn 0.2897 -0.5685 0.7700
vn 0.6624 -0.2533 0.7051
vn 0.4653 -0.5774 0.6709
vn 0.3989 -0.1420 0.9059
vn -0.3707 0.2048 0.9059
vn -0.3954 -0.8889 0.2312
vn 0.1916 -0.0130 0.9814
vn 0.2030 -0.5105 0.8356
vn 0.0396 -0.3483 0.9365
vn -0.5141 -0.1882 0.8368
vn -0.1379 0.1336 0.9814
vn -0.2854 -0.2036 0.9365
vn -0.1423 -0.8279 0.5426
vn -0.5195 -0.6611 0.5414
vn -0.2761 -0.6200 0.7344
vn -0.5742 -0.8095 0.1228
vn -0.5002 0.2578 0.8267
vn -0.8896 0.4323 0.1475
vn -0.6573 -0.6013 0.4543
vn -0.8469 -0.5172 0.1236
vn -0.8431 -0.3711 0.3891
vn -0.6536 0.3518 0.6701
vn -0.6276 -0.1441 0.7651
vn -0.7665 -0.0031 0.6422
vn -0.9911 0.0185 0.1320
vn -0.8224 0.4269 0.3761
vn -0.9336 0.0713 0.3511
vn -0.5380 0.2807 -0.7949
vn -0.5827 -0.8061 -0.1037
vn -0.8966 0.4425 -0.0183
vn -0.6649 -0.1183 -0.7375
vn -0.6943 0.3848 -0.6082
vn -0.8096 0.0348 -0.5860
vn -0.8585 -0.5099 -0.0549
vn -0.6831 -0.5887 -0.4322
vn -0.8746 -0.3530 -0.3325
vn -0.8462 0.4543 -0.2784
vn -0.9994 0.0321 -0.0149
vn -0.9596 0.1032 -0.2619
vn 0.3698 -0.1171 -0.9217
vn -0.4036 -0.8852 -0.2313
vn -0.4040 0.2187 -0.8882
vn 0.1759 -0.4899 -0.8539
vn 0.1561 0.0045 -0.9877
vn 0.0056 -0.3317 -0.9434
vn -0.5392 -0.6533 -0.5315
vn -0.1618 -0.8181 -0.5519
vn -0.3034 -0.6079 -0.7338
vn -0.1747 0.1481 -0.9734
vn -0.5446 -0.1752 -0.8202
vn -0.3203 -0.1895 -0.9282
vn 0.5860 0.0387 -0.8094
vn -0.2834 0.5190 -0.8064
vn -0.7569 0.6498 0.0698
vn -0.3071 0.4651 0.8303
vn 0.6194 0.0649 0.7824
vn 0.9700 -0.1738 0.1701
vn 0.9118 -0.1743 -0.3718
vn 0.4097 0.1519 -0.8995
vn 0.7628 -0.0682 -0.6431
vn 0.8264 0.2286 -0.5145
vn -0.5243 0.6337 -0.5688
vn 0.0816 0.3422 -0.9361
vn 0.4536 0.6813 -0.5745
vn -0.6688 0.6507 0.3595
vn -0.7024 0.6826 -0.2018
vn 0.0426 0.9990 -0.0130
vn -0.0099 0.3706 0.9287
vn -0.4943 0.5740 0.6528
vn 0.4397 0.7003 0.5623
vn 0.8227 -0.0633 0.5649
vn 0.3801 0.1986 0.9034
vn 0.8641 0.2898 0.4115
vn 0.9827 -0.1804 -0.0421
vn 0.9363 -0.1401 0.3222
vn 0.9973 0.0441 0.0594
vn 0.8599 -0.1263 -0.4946
vn 0.9634 -0.1769 -0.2013
vn 0.9536 -0.0526 -0.2963
vt 0.411644 0.402945
vt 0.423022 0.397757
vt 0.426831 0.398306
vt 0.417924 0.404544
vt 0.434217 0.386327
vt 0.435110 0.389388
vt 0.439646 0.374366
vt 0.441758 0.380386
vt 0.941758 0.380386
vt 0.928841 0.380801
vt 0.926536 0.389748
vt 0.931221 0.387637
vt 0.917791 0.381098
vt 0.917738 0.392102
vt 0.917924 0.404544
vt 0.924491 0.394495
vt 0.434473 0.393335
vt 0.963264 0.274734
vt 0.971066 0.283219
vt 0.976465 0.275809
vt 0.972275 0.267666
vt 0.979885 0.292992
vt 0.984195 0.283113
vt 0.473693 0.296324
vt 0.478911 0.283977
vt 0.484195 0.283113
vt 0.479885 0.292992
vt 0.480155 0.268078
vt 0.485189 0.269946
vt 0.476899 0.255298
vt 0.482451 0.259681
vt 0.982451 0.259681
vt 0.985189 0.269946
vt 0.929023 0.140255
vt 0.939348 0.144592
vt 0.937201 0.133797
vt 0.927424 0.129285
vt 0.952372 0.146913
vt 0.949126 0.134742
vt 0.448698 0.149571
vt 0.445262 0.136885
vt 0.449126 0.134742
vt 0.452372 0.146913
vt 0.435879 0.124857
vt 0.439257 0.122246
vt 0.424803 0.118922
vt 0.428628 0.116593
vt 0.928628 0.116593
vt 0.939257 0.122246
vt 0.268819 0.035960
vt 0.258148 0.030359
vt 0.256961 0.027786
vt 0.269001 0.031693
vt 0.242805 0.030359
vt 0.243247 0.028167
vt 0.232080 0.035960
vt 0.231915 0.031693
vt 0.731915 0.031693
vt 0.741407 0.039426
vt 0.750572 0.034572
vt 0.745803 0.032295
vt 0.750635 0.044853
vt 0.759754 0.039428
vt 0.769001 0.031693
vt 0.755297 0.032295
vt 0.245389 0.026119
vt 0.573910 0.139241
vt 0.573830 0.128590
vt 0.564543 0.133409
vt 0.564253 0.143852
vt 0.571580 0.116532
vt 0.561185 0.122033
vt 0.075291 0.118922
vt 0.064462 0.124718
vt 0.061185 0.122033
vt 0.071580 0.116532
vt 0.056629 0.137201
vt 0.052788 0.135416
vt 0.056115 0.149485
vt 0.052351 0.147179
vt 0.552352 0.147179
vt 0.552788 0.135416
vt 0.066070 0.358561
vt 0.062408 0.360630
vt 0.052903 0.354692
vt 0.056163 0.352295
vt 0.562408 0.360630
vt 0.564976 0.349093
vt 0.556461 0.343555
vt 0.552903 0.354692
vt 0.565764 0.338650
vt 0.556714 0.333285
vt 0.545616 0.328569
vt 0.545191 0.340019
vt 0.049527 0.326906
vt 0.049153 0.338884
vt 0.045191 0.340019
vt 0.045616 0.328569
vt 0.269732 0.465332
vt 0.269856 0.469638
vt 0.259166 0.474337
vt 0.258527 0.470180
vt 0.769856 0.469638
vt 0.760966 0.461281
vt 0.751409 0.465505
vt 0.759166 0.474337
vt 0.752210 0.455286
vt 0.742713 0.460101
vt 0.732967 0.467187
vt 0.742573 0.473188
vt 0.233182 0.462965
vt 0.243258 0.469190
vt 0.242573 0.473188
vt 0.232967 0.467187
vt 0.269341 0.289247
vt 0.258477 0.290809
vt 0.269784 0.280267
vt 0.288002 0.289890
vt 0.242549 0.286389
vt 0.237328 0.274639
vt 0.232771 0.277594
vt 0.222130 0.271995
vt 0.213495 0.258727
vt 0.221255 0.247927
vt 0.212501 0.247749
vt 0.213157 0.235956
vt 0.221351 0.222897
vt 0.236948 0.223680
vt 0.231678 0.217186
vt 0.242088 0.211939
vt 0.258059 0.211939
vt 0.268763 0.223847
vt 0.268417 0.217186
vt 0.284646 0.219416
vt 0.301141 0.227999
vt 0.293403 0.243039
vt 0.310307 0.236528
vt 0.317760 0.249776
vt 0.321362 0.266230
vt 0.295219 0.267261
vt 0.320344 0.279046
vt 0.307629 0.285170
s 1
f 3518/3798/3518 3521/3799/3521 3523/3800/3523 3522/3801/3522
f 3521/3799/3521 3525/3802/3525 3526/3803/3526 3523/3800/3523
f 3519/3804/3519 3524/3805/3524 3526/3803/3526 3525/3802/3525
f 3524/3806/3524 3528/3807/3528 3529/3808/3529 3526/3809/3526
f 3520/3810/3520 3527/3811/3527 3529/3808/3529 3528/3807/3528
f 3527/3811/3527 3522/3812/3522 3523/3813/3523 3529/3808/3529
f 3523/3800/3523 3526/3803/3526 3529/3814/3529
f 3530/3815/3530 3533/3816/3533 3535/3817/3535 3534/3818/3534
f 3533/3816/3533 3537/3819/3537 3538/3820/3538 3535/3817/3535
f 3531/3821/3531 3536/3822/3536 3538/3823/3538 3537/3824/3537
f 3536/3822/3536 3540/3825/3540 3541/3826/3541 3538/3823/3538
f 3532/3827/3532 3539/3828/3539 3541/3826/3541 3540/3825/3540
f 3539/3829/3539 3534/3818/3534 3535/3817/3535 3541/3830/3541
f 3535/3817/3535 3538/3820/3538 3541/3830/3541
f 3542/3831/3542 3545/3832/3545 3547/3833/3547 3546/3834/3546
f 3545/3832/3545 3549/3835/3549 3550/3836/3550 3547/3833/3547
f 3543/3837/3543 3548/3838/3548 3550/3839/3550 3549/3840/3549
f 3548/3838/3548 3552/3841/3552 3553/3842/3553 3550/3839/3550
f 3544/3843/3544 3551/3844/3551 3553/3842/3553 3552/3841/3552
f 3551/3845/3551 3546/3834/3546 3547/3833/3547 3553/3846/3553
f 3547/3833/3547 3550/3836/3550 3553/3846/3553
f 3554/3847/3554 3557/3848/3557 3559/3849/3559 3558/3850/3558
f 3557/3848/3557 3561/3851/3561 3562/3852/3562 3559/3849/3559
f 3555/3853/3555 3560/3854/3560 3562/3852/3562 3561/3851/3561
f 3560/3855/3560 3564/3856/3564 3565/3857/3565 3562/3858/3562
f 3556/3859/3556 3563/3860/3563 3565/3857/3565 3564/3856/3564
f 3563/3860/3563 3558/3861/3558 3559/3862/3559 3565/3857/3565
f 3559/3849/3559 3562/3852/3562 3565/3863/3565
f 3566/3864/3566 3569/3865/3569 3571/3866/3571 3570/3867/3570
f 3569/3865/3569 3573/3868/3573 3574/3869/3574 3571/3866/3571
f 3567/3870/3567 3572/3871/3572 3574/3872/3574 3573/3873/3573
f 3572/3871/3572 3576/3874/3576 3577/3875/3577 3574/3872/3574
f 3568/3876/3568 3575/3877/3575 3577/3875/3577 3576/3874/3576
f 3575/3878/3575 3570/3867/3570 3571/3866/3571 3577/3879/3577
f 3571/3866/3571 3574/3869/3574 3577/3879/3577
f 3578/3880/3578 3581/3881/3581 3583/3882/3583 3582/3883/3582
f 3581/3884/3581 3585/3885/3585 3586/3886/3586 3583/3887/3583
f 3579/3888/3579 3584/3889/3584 3586/3886/3586 3585/3885/3585
f 3584/3889/3584 3588/3890/3588 3589/3891/3589 3586/3886/3586
f 3580/3892/3580 3587/3893/3587 3589/3894/3589 3588/3895/3588
f 3587/3893/3587 3582/3883/3582 3583/3882/3583 3589/3894/3589
f 3583/3887/3583 3586/3886/3586 3589/3891/3589
f 3590/3896/3590 3593/3897/3593 3595/3898/3595 3594/3899/3594
f 3593/3900/3593 3597/3901/3597 3598/3902/3598 3595/3903/3595
f 3591/3904/3591 3596/3905/3596 3598/3902/3598 3597/3901/3597
f 3596/3905/3596 3600/3906/3600 3601/3907/3601 3598/3902/3598
f 3592/3908/3592 3599/3909/3599 3601/3910/3601 3600/3911/3600
f 3599/3909/3599 3594/3899/3594 3595/3898/3595 3601/3910/3601
f 3595/3903/3595 3598/3902/3598 3601/3907/3601
f 3602/3912/3602 3609/3913/3609 3611/3914/3611 3610/3915/3610
f 3609/3913/3609 3613/3916/3613 3614/3917/3614 3611/3914/3611
f 3603/3918/3603 3612/3919/3612 3614/3917/3614 3613/3916/3613
f 3612/3919/3612 3616/3920/3616 3617/3921/3617 3614/3917/3614
f 3604/3922/3604 3615/3923/3615 3617/3921/3617 3616/3920/3616
f 3615/3923/3615 3619/3924/3619 3620/3925/3620 3617/3921/3617
f 3605/3926/3605 3618/3927/3618 3620/3925/3620 3619/3924/3619
f 3618/3927/3618 3622/3928/3622 3623/3929/3623 3620/3925/3620
f 3606/3930/3606 3621/3931/3621 3623/3929/3623 3622/3928/3622
f 3621/3931/3621 3625/3932/3625 3626/3933/3626 3623/3929/3623
f 3607/3934/3607 3624/3935/3624 3626/3933/3626 3625/3932/3625
f 3624/3935/3624 3628/3936/3628 3629/3937/3629 3626/3933/3626
f 3608/3938/3608 3627/3939/3627 3629/3937/3629 3628/3936/3628
f 3627/3939/3627 3610/3915/3610 3611/3914/3611 3629/3937/3629
f 3611/3914/3611 3614/3917/3614 3617/3921/3617 3620/3925/3620 3623/3929/3623 3626/3933/3626 3629/3937/3629
f 3608/3938/3608 3519/3804/3519 3525/3802/3525 3627/3939/3627
f 3627/3939/3627 3525/3802/3525 3521/3799/3521 3610/3915/3610
f 3610/3915/3610 3521/3799/3521 3518/3798/3518 3602/3912/3602
f 3519/3804/3519 3531/3821/3531 3537/3824/3537 3524/3805/3524
f 3524/3806/3524 3537/3819/3537 3533/3816/3533 3528/3807/3528
f 3528/3807/3528 3533/3816/3533 3530/3815/3530 3520/3810/3520
f 3607/3934/3607 3532/3827/3532 3540/3825/3540 3624/3935/3624
f 3624/3935/3624 3540/3825/3540 3536/3822/3536 3628/3936/3628
f 3628/3936/3628 3536/3822/3536 3531/3821/3531 3608/3938/3608
f 3532/3827/3532 3543/3837/3543 3549/3840/3549 3539/3828/3539
f 3539/3829/3539 3549/3835/3549 3545/3832/3545 3534/3818/3534
f 3534/3818/3534 3545/3832/3545 3542/3831/3542 3530/3815/3530
f 3606/3930/3606 3544/3843/3544 3552/3841/3552 3621/3931/3621
f 3621/3931/3621 3552/3841/3552 3548/3838/3548 3625/3932/3625
f 3625/3932/3625 3548/3838/3548 3543/3837/3543 3607/3934/3607
f 3605/3926/3605 3555/3853/3555 3561/3851/3561 3618/3927/3618
f 3618/3927/3618 3561/3851/3561 3557/3848/3557 3622/3928/3622
f 3622/3928/3622 3557/3848/3557 3554/3847/3554 3606/3930/3606
f 3555/3853/3555 3567/3870/3567 3573/3873/3573 3560/3854/3560
f 3560/3855/3560 3573/3868/3573 3569/3865/3569 3564/3856/3564
f 3564/3856/3564 3569/3865/3569 3566/3864/3566 3556/3859/3556
f 3604/3922/3604 3568/3876/3568 3576/3874/3576 3615/3923/3615
f 3615/3923/3615 3576/3874/3576 3572/3871/3572 3619/3924/3619
f 3619/3924/3619 3572/3871/3572 3567/3870/3567 3605/3926/3605
f 3603/3918/3603 3578/3880/3578 3582/3883/3582 3612/3919/3612
f 3612/3919/3612 3582/3883/3582 3587/3893/3587 3616/3920/3616
f 3616/3920/3616 3587/3893/3587 3580/3892/3580 3604/3922/3604
f 3602/3912/3602 3590/3896/3590 3594/3899/3594 3609/3913/3609
f 3609/3913/3609 3594/3899/3594 3599/3909/3599 3613/3916/3613
f 3613/3916/3613 3599/3909/3599 3592/3908/3592 3603/3918/3603
f 3579/3888/3579 3566/3864/3566 3570/3867/3570 3584/3889/3584
f 3584/3889/3584 3570/3867/3570 3575/3878/3575 3588/3890/3588
f 3588/3895/3588 3575/3877/3575 3568/3876/3568 3580/3892/3580
f 3591/3904/3591 3579/3888/3579 3585/3885/3585 3596/3905/3596
f 3596/3905/3596 3585/3885/3585 3581/3884/3581 3600/3906/3600
f 3600/3911/3600 3581/3881/3581 3578/3880/3578 3592/3908/3592
f 3520/3810/3520 3591/3904/3591 3597/3901/3597 3527/3811/3527
f 3527/3811/3527 3597/3901/3597 3593/3900/3593 3522/3812/3522
f 3522/3801/3522 3593/3897/3593 3590/3896/3590 3518/3798/3518
f 3556/3859/3556 3542/3831/3542 3546/3834/3546 3563/3860/3563
f 3563/3860/3563 3546/3834/3546 3551/3845/3551 3558/3861/3558
f 3558/3850/3558 3551/3844/3551 3544/3843/3544 3554/3847/3554
f 3519/3804/3519 3608/3938/3608 3531/3821/3531
f 3591/3904/3591 3520/3810/3520 3530/3815/3530 3542/3831/3542 3556/3859/3556 3566/3864/3566 3579/3888/3579
f 3590/3896/3590 3602/3912/3602 3518/3798/3518
f 3532/3827/3532 3607/3934/3607 3543/3837/3543
f 3544/3843/3544 3606/3930/3606 3554/3847/3554
f 3555/3853/3555 3605/3926/3605 3567/3870/3567
f 3568/3876/3568 3604/3922/3604 3580/3892/3580
f 3578/3880/3578 3603/3918/3603 3592/3908/3592
o Boss_royal_pauldron_1
v 0.647375 1.825893 -0.092857
v 0.640828 1.722470 -0.262264
v 0.661474 1.685162 -0.289631
v 0.656546 1.521707 -0.326254
v 0.664536 1.478776 -0.318345
v 0.668392 1.816196 -0.125683
v 0.697001 1.797353 -0.168578
v 0.697164 1.722195 -0.263463
v 0.700475 1.646226 -0.309683
v 0.703341 1.592359 -0.324686
v 0.703588 1.550000 -0.328111
v 0.700377 1.451240 -0.308468
v 0.705495 1.399252 -0.279824
v 0.686721 1.354102 -0.241344
v 0.650913 1.267363 -0.061960
v 0.742906 1.697415 -0.279209
v 0.749732 1.507632 -0.321709
v 0.725716 1.327580 -0.206303
v 0.741030 1.772419 -0.204907
v 0.767117 1.743742 -0.236124
v 0.788060 1.660444 -0.294161
v 0.783312 1.622412 -0.310200
v 0.800631 1.564166 -0.317865
v 0.768406 1.452644 -0.303711
v 0.784161 1.401658 -0.272799
v 0.764168 1.355617 -0.235999
v 0.818392 1.700106 -0.264299
v 0.842610 1.606304 -0.302245
v 0.879764 1.567040 -0.298201
v 0.840240 1.507632 -0.306232
v 0.736242 1.303865 -0.167502
v 0.726533 1.274212 -0.090414
v 0.725346 1.822303 -0.104092
v 0.759901 1.798162 -0.158865
v 0.871610 1.648253 -0.280075
v 0.924589 1.507632 -0.278986
v 0.856159 1.452070 -0.285054
v 0.871480 1.398290 -0.247563
v 0.830612 1.357002 -0.221458
v 0.677588 1.263290 -0.033551
v 0.827330 1.782452 -0.167220
v 0.846239 1.744618 -0.214821
v 0.891779 1.698364 -0.241949
v 0.930858 1.596263 -0.275320
v 0.930612 1.550000 -0.280166
v 0.931762 1.452644 -0.257475
v 0.814142 1.326630 -0.187016
v 0.748755 1.283432 -0.116302
v 0.949635 1.647254 -0.248708
v 0.941303 1.424394 -0.236051
v 0.808252 1.301149 -0.141866
v 0.805479 1.811494 -0.109492
v 0.916227 1.743720 -0.182343
v 0.956786 1.698364 -0.209067
v 0.999987 1.590010 -0.241252
v 1.002579 1.533445 -0.243205
v 0.901108 1.357984 -0.193599
v 0.723658 1.267426 -0.057355
v 0.998439 1.698261 -0.178833
v 1.023828 1.621703 -0.214802
v 1.011565 1.479971 -0.224743
v 1.002416 1.426591 -0.199400
v 0.962273 1.382072 -0.185468
v 0.913030 1.336007 -0.152603
v 0.779577 1.825703 -0.067351
v 0.905773 1.773265 -0.139830
v 1.030804 1.647906 -0.195548
v 1.084181 1.606334 -0.165636
v 1.063805 1.566381 -0.197469
v 1.062001 1.511945 -0.195004
v 0.870072 1.295758 -0.085838
v 0.801712 1.278607 -0.074554
v 0.737369 1.832782 -0.051562
v 0.894436 1.789868 -0.108675
v 0.973701 1.742468 -0.140795
v 1.033681 1.698365 -0.145161
v 1.070366 1.650806 -0.153656
v 1.089999 1.550000 -0.171251
v 1.083084 1.492568 -0.166489
v 1.068863 1.451661 -0.157711
v 1.041446 1.414052 -0.150971
v 1.011594 1.378116 -0.135448
v 0.896502 1.311037 -0.109722
v 0.881459 1.804554 -0.070987
v 1.114049 1.578292 -0.137141
v 1.117200 1.531855 -0.135224
v 1.064968 1.399488 -0.097239
v 0.979563 1.345146 -0.107811
v 0.941356 1.326735 -0.107045
v 0.841121 1.816568 -0.060097
v 0.972816 1.765573 -0.087940
v 1.037838 1.724600 -0.092607
v 1.089543 1.673409 -0.099910
v 1.118044 1.620140 -0.109999
v 1.118044 1.479860 -0.109999
v 1.099162 1.439605 -0.099687
v 1.023432 1.746137 -0.054063
v 1.078682 1.701388 -0.063058
v 1.146161 1.564169 -0.079815
v 1.144863 1.521708 -0.076642
v 1.082731 1.403571 -0.067112
v 1.034120 1.366771 -0.076670
v 0.993450 1.336267 -0.053193
v 0.935200 1.309967 -0.051683
v 0.680000 1.838000 0.000000
v 0.954277 1.784107 -0.044701
v 1.129006 1.646226 -0.044279
v 1.151284 1.593519 -0.043449
v 1.145639 1.492568 -0.048410
v 1.127584 1.451661 -0.044018
v 0.706512 1.837074 -0.027113
v 0.815888 1.825893 -0.022294
v 0.888112 1.810064 -0.008056
v 1.035903 1.743742 -0.012321
v 1.092058 1.698365 -0.014093
v 1.159991 1.535831 -0.016137
v 1.102914 1.414052 -0.016716
v 1.065878 1.378116 -0.012641
v 0.945382 1.309611 0.010088
v 0.903559 1.295467 -0.021685
v 0.858048 1.283228 -0.029694
v 0.815867 1.274212 -0.023793
v 1.131551 1.648339 0.016496
v 1.150512 1.607432 0.014596
v 1.158860 1.568146 0.021575
v 1.150731 1.493666 0.015722
v 1.132425 1.452745 0.015024
v 1.002435 1.335582 0.001393
v 0.968686 1.780453 0.017069
v 1.059469 1.724601 0.033595
v 1.099560 1.685948 0.039985
v 1.152398 1.521708 0.050754
v 1.098647 1.413224 0.041294
v 1.061333 1.377329 0.037342
v 0.774008 1.267244 -0.012778
v 1.012404 1.754056 0.048096
v 1.102366 1.669993 0.077259
v 1.133653 1.620140 0.074838
v 1.148027 1.560177 0.074492
v 1.133745 1.476914 0.070145
v 1.109569 1.439605 0.076244
v 0.775556 1.832589 0.000807
v 0.877493 1.811256 0.036304
v 1.049951 1.722152 0.075612
v 1.126737 1.507641 0.112123
v 1.089957 1.450520 0.129521
v 1.073319 1.404780 0.091337
v 1.017223 1.354660 0.073989
v 0.954404 1.317838 0.054443
v 0.900057 1.295703 0.037181
v 0.944350 1.784128 0.065941
v 0.997388 1.745493 0.106123
v 1.073643 1.676714 0.121466
v 1.103570 1.620140 0.133877
v 1.124115 1.564210 0.125795
v 1.046728 1.398612 0.124085
v 0.994424 1.355548 0.112563
v 0.858029 1.284058 0.036903
v 0.815080 1.274482 0.028000
v 1.035545 1.703141 0.136940
v 1.058683 1.660395 0.158171
v 1.087433 1.568146 0.173278
v 1.089522 1.511116 0.166725
v 1.076383 1.466239 0.159166
v 0.949045 1.327018 0.097830
v 0.809624 1.825774 0.037846
v 0.843132 1.810191 0.089124
v 0.919249 1.781842 0.107331
v 0.968714 1.743719 0.142772
v 1.057209 1.620140 0.187772
v 1.060206 1.494794 0.190594
v 1.031401 1.423286 0.171609
v 0.991486 1.375399 0.151863
v 0.855589 1.295390 0.097789
v 0.985952 1.698364 0.189137
v 1.006249 1.660395 0.205615
v 1.031520 1.578292 0.221542
v 1.036103 1.535831 0.220516
v 1.014935 1.453773 0.209085
v 0.926794 1.337744 0.145614
v 0.892455 1.309611 0.109137
v 0.763616 1.273805 0.076187
v 0.998678 1.622450 0.232039
v 0.999497 1.493696 0.236715
v 0.970746 1.401359 0.199915
v 0.934340 1.376043 0.196354
v 0.816756 1.283653 0.083696
v 0.728622 1.263039 0.000000
v 0.871527 1.780908 0.147970
v 0.908303 1.746895 0.183408
v 0.926075 1.698365 0.226290
v 0.941277 1.660395 0.245157
v 0.957894 1.616785 0.257323
v 0.961516 1.578292 0.264147
v 0.966303 1.535831 0.263752
v 0.946603 1.452762 0.250225
v 0.859911 1.334373 0.180674
v 0.752853 1.267461 0.041506
v 0.720665 1.836651 0.018567
v 0.746549 1.832539 0.046186
v 0.890165 1.733229 0.209306
v 0.883394 1.592368 0.294024
v 0.923643 1.492568 0.275440
v 0.900933 1.414052 0.246988
v 0.878216 1.378115 0.226589
v 0.767646 1.296180 0.144591
v 0.774128 1.821873 0.089695
v 0.817499 1.763733 0.199697
v 0.855237 1.697500 0.255949
v 0.871926 1.646135 0.280784
v 0.892645 1.539823 0.294480
v 0.871570 1.451661 0.279901
v 0.822521 1.346238 0.210628
v 0.819946 1.310554 0.156330
v 0.724397 1.811488 0.135760
v 0.783262 1.797817 0.152989
v 0.808103 1.732853 0.238106
v 0.834082 1.531855 0.310569
v 0.838885 1.493666 0.303197
v 0.826174 1.414052 0.271695
v 0.809717 1.378115 0.248660
v 0.750942 1.779840 0.192378
v 0.778149 1.699260 0.273119
v 0.792751 1.651417 0.297976
v 0.795542 1.592368 0.315490
v 0.768723 1.507688 0.319120
v 0.790292 1.452744 0.300206
v 0.754928 1.378206 0.258728
v 0.751700 1.283836 0.116714
v 0.741648 1.745997 0.237684
v 0.754635 1.550000 0.324374
v 0.724505 1.452844 0.307691
v 0.745797 1.414052 0.285961
v 0.742178 1.345944 0.228258
v 0.755635 1.318024 0.188897
v 0.698560 1.697500 0.282291
v 0.725004 1.647508 0.308257
v 0.703250 1.592368 0.324831
v 0.695515 1.531855 0.327760
v 0.705594 1.494794 0.321745
v 0.700798 1.377328 0.262855
v 0.689841 1.783059 0.193688
v 0.663058 1.743741 0.243237
v 0.633775 1.648843 0.307735
v 0.633344 1.507685 0.323270
v 0.658986 1.467264 0.314274
v 0.658354 1.426592 0.296785
v 0.644291 1.379028 0.263377
v 0.653813 1.310324 0.181688
v 0.672078 1.836668 0.033022
v 0.686121 1.825788 0.095751
v 0.617724 1.699260 0.277995
v 0.610225 1.616785 0.316230
v 0.617387 1.560177 0.325580
v 0.665609 1.333156 0.217006
v 0.670985 1.289011 0.140237
v 0.680598 1.274387 0.096150
v 0.680000 1.262000 0.000000
v 0.648798 1.810775 0.139358
v 0.630403 1.781889 0.192688
v 0.593940 1.743741 0.236305
v 0.559780 1.578292 0.316276
v 0.555613 1.531855 0.316724
v 0.567258 1.492568 0.312491
v 0.568230 1.451661 0.299412
v 0.578825 1.413224 0.280650
v 0.588239 1.377328 0.255662
v 0.683868 1.267269 0.064972
v 0.686399 1.263360 0.032878
v 0.525821 1.648339 0.290485
v 0.522978 1.607432 0.303435
v 0.578475 1.337322 0.211227
v 0.528082 1.695514 0.264513
v 0.474560 1.564169 0.296871
v 0.474522 1.508855 0.293491
v 0.484584 1.467264 0.284856
v 0.491762 1.427633 0.268410
v 0.515936 1.378882 0.239780
v 0.585292 1.302624 0.156241
v 0.562113 1.781646 0.179128
v 0.513225 1.743170 0.216335
v 0.450791 1.649103 0.266141
v 0.439692 1.605206 0.277238
v 0.465253 1.378206 0.219153
v 0.510266 1.336288 0.187787
v 0.665293 1.832993 0.063828
v 0.601912 1.821816 0.096503
v 0.458350 1.743654 0.190416
v 0.449784 1.698641 0.233861
v 0.393751 1.564169 0.263780
v 0.403761 1.503737 0.263732
v 0.413588 1.449150 0.248288
v 0.430615 1.414052 0.233997
v 0.595487 1.283666 0.111994
v 0.553513 1.804610 0.128408
v 0.483714 1.772917 0.159393
v 0.392987 1.649361 0.238904
v 0.338491 1.634812 0.209908
v 0.366571 1.606304 0.240473
v 0.355793 1.521708 0.240206
v 0.362020 1.476097 0.231641
v 0.420224 1.378115 0.195390
v 0.494355 1.318783 0.150405
v 0.475679 1.310353 0.117489
v 0.387441 1.698641 0.198677
v 0.329338 1.560177 0.224534
v 0.366784 1.423882 0.203767
v 0.436804 1.345944 0.162141
v 0.527635 1.295699 0.114874
v 0.528208 1.283666 0.071546
v 0.466702 1.783583 0.127535
v 0.406466 1.743894 0.156584
v 0.301100 1.646000 0.171345
v 0.297668 1.592368 0.193677
v 0.294230 1.535809 0.195387
v 0.308736 1.483670 0.194658
v 0.369432 1.378115 0.157005
v 0.597904 1.266749 0.029986
v 0.485213 1.804297 0.079230
v 0.336340 1.698641 0.155857
v 0.260730 1.592316 0.153090
v 0.318836 1.427551 0.166965
v 0.408536 1.334634 0.116233
v 0.590983 1.273432 0.072520
v 0.566893 1.825788 0.056674
v 0.415248 1.781103 0.077666
v 0.359636 1.743719 0.106690
v 0.317522 1.710178 0.114527
v 0.288273 1.672526 0.129901
v 0.247411 1.550000 0.142965
v 0.260299 1.507511 0.153577
v 0.280586 1.452808 0.146266
v 0.281187 1.413224 0.096311
v 0.461923 1.301523 0.075285
v 0.521630 1.816387 0.065587
v 0.305146 1.721885 0.063840
v 0.257347 1.649839 0.107590
v 0.237690 1.606304 0.111117
v 0.225509 1.568145 0.105289
v 0.228369 1.521708 0.107408
v 0.330097 1.374805 0.105537
v 0.271347 1.696568 0.050535
v 0.227278 1.623903 0.071885
v 0.233125 1.479660 0.092202
v 0.374759 1.334373 0.065199
v 0.593749 1.832582 0.027301
v 0.395796 1.781905 0.027761
v 0.347538 1.754854 0.043747
v 0.241563 1.660395 0.047105
v 0.204635 1.564169 0.048208
v 0.206382 1.521708 0.045137
v 0.240598 1.445855 0.063218
v 0.273563 1.402270 0.053163
v 0.327576 1.356259 0.036099
v 0.475816 1.289959 0.027827
v 0.213875 1.620153 0.015764
v 0.202596 1.578292 -0.018869
v 0.213875 1.479847 0.015764
v 0.400358 1.315983 0.026342
v 0.539574 1.274226 0.008377
v 0.496465 1.816515 0.000760
v 0.455502 1.804998 0.013804
v 0.321281 1.742622 -0.001002
v 0.268132 1.698342 -0.016588
v 0.236539 1.660395 -0.012249
v 0.200006 1.535831 -0.016090
v 0.236539 1.439605 -0.012249
v 0.273379 1.395581 -0.001943
v 0.324042 1.356259 -0.011577
v 0.413947 1.789647 -0.015648
v 0.218331 1.620153 -0.046678
v 0.218331 1.479847 -0.046678
v 0.253942 1.423287 -0.048448
v 0.282228 1.701188 -0.066863
v 0.248557 1.660395 -0.071132
v 0.233873 1.620072 -0.092401
v 0.217156 1.578291 -0.082150
v 0.211973 1.539823 -0.074492
v 0.233873 1.479928 -0.092401
v 0.305861 1.377327 -0.062703
v 0.351315 1.346238 -0.058338
v 0.497240 1.283485 -0.011537
v 0.540991 1.826267 -0.005663
v 0.386404 1.774207 -0.051821
v 0.338309 1.744812 -0.066327
v 0.323556 1.721794 -0.101170
v 0.274080 1.676746 -0.100952
v 0.230925 1.531854 -0.115633
v 0.270457 1.426592 -0.099910
v 0.385323 1.325793 -0.048871
v 0.443411 1.300012 -0.031022
v 0.450222 1.798176 -0.059441
v 0.348878 1.721886 -0.135984
v 0.266111 1.633761 -0.136786
v 0.249279 1.593575 -0.137681
v 0.258040 1.479847 -0.136246
v 0.318786 1.390484 -0.117723
v 0.512319 1.816196 -0.052251
v 0.405190 1.763713 -0.115985
v 0.304961 1.673387 -0.150411
v 0.271321 1.562764 -0.172645
v 0.270438 1.522872 -0.169097
v 0.305260 1.427633 -0.151712
v 0.358515 1.358935 -0.111728
v 0.444298 1.310305 -0.085642
v 0.299628 1.616331 -0.186266
v 0.299628 1.483670 -0.186267
v 0.357266 1.399077 -0.172528
v 0.418359 1.334672 -0.126404
v 0.485575 1.798450 -0.101283
v 0.443583 1.763713 -0.150391
v 0.394063 1.721885 -0.177514
v 0.355109 1.673387 -0.197518
v 0.328480 1.578292 -0.221542
v 0.323897 1.535830 -0.220516
v 0.344541 1.452744 -0.207983
v 0.398720 1.376042 -0.178373
v 0.497567 1.295408 -0.090969
v 0.525180 1.283666 -0.068450
v 0.578851 1.269877 -0.037955
v 0.633210 1.262903 0.005833
v 0.576671 1.825664 -0.065407
v 0.350347 1.620340 -0.225844
v 0.398484 1.521708 -0.264146
v 0.360503 1.493696 -0.236715
v 0.395714 1.413998 -0.214607
v 0.479974 1.318494 -0.140970
v 0.596633 1.832845 -0.031087
v 0.564053 1.804297 -0.133104
v 0.508438 1.789310 -0.140520
v 0.491063 1.763713 -0.179019
v 0.450237 1.721885 -0.212221
v 0.417743 1.673387 -0.237035
v 0.409344 1.633761 -0.253957
v 0.387367 1.560178 -0.260473
v 0.405400 1.449193 -0.244040
v 0.450237 1.378114 -0.212221
v 0.467700 1.345944 -0.181276
v 0.632439 1.837016 -0.005348
v 0.435411 1.592368 -0.278986
v 0.439924 1.479847 -0.273477
v 0.459942 1.423254 -0.254005
v 0.556230 1.782124 -0.175666
v 0.525965 1.744382 -0.218918
v 0.507256 1.698343 -0.256030
v 0.486552 1.647257 -0.279873
v 0.474499 1.535830 -0.296851
v 0.513580 1.377328 -0.237408
v 0.546013 1.303905 -0.145484
v 0.575587 1.816945 -0.103266
v 0.578826 1.686776 -0.280650
v 0.548803 1.647158 -0.295907
v 0.517390 1.606304 -0.302245
v 0.525918 1.568146 -0.310569
v 0.517390 1.493696 -0.302245
v 0.527629 1.452743 -0.291483
v 0.547330 1.332427 -0.196381
v 0.591903 1.283836 -0.111350
v 0.605699 1.763713 -0.214799
v 0.580204 1.724602 -0.252421
v 0.567841 1.521708 -0.317656
v 0.562051 1.407196 -0.274328
v 0.592883 1.356259 -0.236125
v 0.636249 1.294691 -0.150299
v 0.662217 1.832539 -0.063667
v 0.631658 1.797419 -0.166072
v 0.611716 1.648340 -0.305456
v 0.609156 1.607432 -0.318186
v 0.609451 1.564170 -0.324832
v 0.609156 1.492568 -0.318186
v 0.606175 1.449192 -0.303678
v 0.623061 1.380777 -0.263235
v 0.627572 1.273532 -0.087786
v 0.677181 1.762685 -0.222231
v 0.661271 1.413235 -0.288643
v 0.649564 1.327018 -0.207214
v 0.639025 1.309507 -0.179457
v 0.669907 1.283653 -0.125261
vn -0.0432 0.9674 -0.2494
vn -0.0554 0.6511 -0.7570
vn -0.0253 0.5145 -0.8571
vn -0.0328 -0.1081 -0.9936
vn -0.0156 -0.2749 -0.9613
vn -0.0160 0.9368 -0.3496
vn 0.0210 0.8842 -0.4667
vn 0.0290 0.6515 -0.7581
vn 0.0283 0.3710 -0.9282
vn 0.0319 0.1749 -0.9841
vn 0.0371 0.0017 -0.9993
vn 0.0279 -0.3886 -0.9210
vn 0.0436 -0.5768 -0.8157
vn 0.0118 -0.7191 -0.6948
vn -0.0342 -0.9866 -0.1595
vn 0.0874 0.5592 -0.8244
vn 0.1018 -0.1676 -0.9806
vn 0.0607 -0.8137 -0.5781
vn 0.0870 0.8133 -0.5753
vn 0.1205 0.7241 -0.6791
vn 0.1531 0.4349 -0.8873
vn 0.1441 0.2810 -0.9488
vn 0.1698 0.0514 -0.9841
vn 0.1260 -0.3809 -0.9160
vn 0.1447 -0.5732 -0.8066
vn 0.1165 -0.7181 -0.6861
vn 0.1947 0.5844 -0.7877
vn 0.2423 0.2311 -0.9423
vn 0.2939 0.0594 -0.9540
vn 0.2348 -0.1702 -0.9570
vn 0.0673 -0.8828 -0.4648
vn 0.0531 -0.9687 -0.2425
vn 0.0581 0.9563 -0.2866
vn 0.1024 0.8943 -0.4355
vn 0.2804 0.3989 -0.8731
vn 0.3736 -0.1865 -0.9086
vn 0.2534 -0.3932 -0.8839
vn 0.2703 -0.6009 -0.7522
vn 0.2072 -0.7261 -0.6556
vn -0.0059 -0.9961 -0.0879
vn 0.1989 0.8540 -0.4808
vn 0.2312 0.7428 -0.6283
vn 0.3059 0.5938 -0.7442
vn 0.3875 0.2004 -0.8998
vn 0.3896 -0.0049 -0.9210
vn 0.3836 -0.3954 -0.8346
vn 0.1823 -0.8274 -0.5312
vn 0.0892 -0.9417 -0.3243
vn 0.4141 0.4157 -0.8098
vn 0.3935 -0.5346 -0.7479
vn 0.1765 -0.9023 -0.3934
vn 0.1661 0.9360 -0.3103
vn 0.3350 0.7567 -0.5614
vn 0.4110 0.6166 -0.6715
vn 0.5147 0.1721 -0.8399
vn 0.5214 -0.0711 -0.8504
vn 0.3090 -0.7460 -0.5900
vn 0.0589 -0.9870 -0.1493
vn 0.4926 0.6363 -0.5937
vn 0.5653 0.3195 -0.7605
vn 0.5349 -0.3214 -0.7814
vn 0.5118 -0.5343 -0.6728
vn 0.4191 -0.6924 -0.5874
vn 0.3229 -0.8280 -0.4585
vn 0.1285 0.9745 -0.1842
vn 0.3085 0.8528 -0.4214
vn 0.5670 0.4594 -0.6837
vn 0.7182 0.2789 -0.6375
vn 0.6617 0.0874 -0.7447
vn 0.6595 -0.1887 -0.7277
vn 0.2487 -0.9382 -0.2408
vn 0.1554 -0.9658 -0.2074
vn 0.0734 0.9872 -0.1415
vn 0.2887 0.9042 -0.3147
vn 0.4351 0.7821 -0.4461
vn 0.5701 0.6583 -0.4916
vn 0.6701 0.4859 -0.5611
vn 0.7502 -0.0035 -0.6612
vn 0.7179 -0.2886 -0.6335
vn 0.6641 -0.4677 -0.5833
vn 0.5884 -0.6142 -0.5259
vn 0.5032 -0.7347 -0.4549
vn 0.2870 -0.9003 -0.3273
vn 0.2749 0.9398 -0.2028
vn 0.8227 0.1484 -0.5488
vn 0.8331 -0.1042 -0.5432
vn 0.6332 -0.6817 -0.3666
vn 0.4420 -0.8259 -0.3501
vn 0.3701 -0.8739 -0.3151
vn 0.2078 0.9641 -0.1652
vn 0.4204 0.8635 -0.2786
vn 0.5618 0.7618 -0.3225
vn 0.7141 0.5925 -0.3729
vn 0.8240 0.3671 -0.4316
vn 0.8220 -0.3612 -0.4402
vn 0.7456 -0.5443 -0.3844
vn 0.5274 0.8324 -0.1701
vn 0.6723 0.7068 -0.2201
vn 0.9338 0.0832 -0.3481
vn 0.9292 -0.1564 -0.3349
vn 0.6898 -0.6875 -0.2269
vn 0.5508 -0.7987 -0.2421
vn 0.4619 -0.8726 -0.1589
vn 0.3561 -0.9217 -0.1538
vn -0.0001 1.0000 0.0007
vn 0.3855 0.9137 -0.1289
vn 0.8443 0.5040 -0.1820
vn 0.9496 0.2544 -0.1829
vn 0.9249 -0.3245 -0.1981
vn 0.8417 -0.5092 -0.1797
vn 0.0308 0.9970 -0.0713
vn 0.1768 0.9826 -0.0567
vn 0.2799 0.9598 -0.0194
vn 0.5491 0.8347 -0.0411
vn 0.7073 0.7047 -0.0561
vn 0.9942 -0.0783 -0.0743
vn 0.7447 -0.6651 -0.0556
vn 0.6219 -0.7816 -0.0484
vn 0.3721 -0.9280 0.0182
vn 0.3015 -0.9516 -0.0595
vn 0.2370 -0.9682 -0.0802
vn 0.1754 -0.9824 -0.0637
vn 0.8543 0.5161 0.0614
vn 0.9461 0.3173 0.0650
vn 0.9892 0.1084 0.0983
vn 0.9476 -0.3147 0.0556
vn 0.8573 -0.5116 0.0577
vn 0.4828 -0.8757 0.0020
vn 0.4096 0.9114 0.0412
vn 0.6166 0.7801 0.1063
vn 0.7340 0.6633 0.1460
vn 0.9620 -0.1574 0.2232
vn 0.7328 -0.6646 0.1459
vn 0.6146 -0.7783 0.1287
vn 0.1177 -0.9923 -0.0393
vn 0.4957 0.8545 0.1554
vn 0.7498 0.5875 0.3044
vn 0.8733 0.3716 0.3151
vn 0.9437 0.0703 0.3232
vn 0.8726 -0.3903 0.2935
vn 0.7795 -0.5513 0.2974
vn 0.1197 0.9928 -0.0011
vn 0.2652 0.9584 0.1057
vn 0.5957 0.7566 0.2697
vn 0.8567 -0.2258 0.4637
vn 0.7275 -0.4856 0.4848
vn 0.6570 -0.6812 0.3231
vn 0.5165 -0.8241 0.2326
vn 0.3872 -0.9063 0.1693
vn 0.2934 -0.9493 0.1126
vn 0.3671 0.9098 0.1939
vn 0.4724 0.8164 0.3323
vn 0.6841 0.5902 0.4284
vn 0.7769 0.3562 0.5192
vn 0.8533 0.0782 0.5155
vn 0.5907 -0.6811 0.4326
vn 0.4721 -0.8029 0.3640
vn 0.2290 -0.9682 0.1008
vn 0.1700 -0.9826 0.0755
vn 0.5647 0.6787 0.4695
vn 0.6334 0.5128 0.5796
vn 0.7335 0.0899 0.6737
vn 0.7481 -0.1818 0.6382
vn 0.6913 -0.4014 0.6008
vn 0.3810 -0.8769 0.2931
vn 0.1695 0.9804 0.1007
vn 0.2171 0.9416 0.2573
vn 0.3317 0.8872 0.3207
vn 0.4184 0.7865 0.4543
vn 0.6480 0.3289 0.6870
vn 0.6449 -0.2683 0.7156
vn 0.5709 -0.5708 0.5901
vn 0.4698 -0.7308 0.4951
vn 0.2318 -0.9325 0.2771
vn 0.4662 0.6341 0.6168
vn 0.5194 0.4965 0.6955
vn 0.5861 0.1327 0.7993
vn 0.6012 -0.0628 0.7966
vn 0.5385 -0.4323 0.7233
vn 0.3435 -0.8267 0.4456
vn 0.2899 -0.9021 0.3196
vn 0.1073 -0.9726 0.2062
vn 0.5167 0.3205 0.7939
vn 0.5145 -0.2514 0.8199
vn 0.4402 -0.6114 0.6576
vn 0.3619 -0.7087 0.6056
vn 0.1759 -0.9564 0.2333
vn 0.0601 -0.9982 -0.0011
vn 0.2567 0.8670 0.4271
vn 0.3278 0.7716 0.5451
vn 0.3629 0.5986 0.7142
vn 0.3916 0.4671 0.7927
vn 0.4237 0.2841 0.8601
vn 0.4445 0.1153 0.8883
vn 0.4515 -0.0558 0.8905
vn 0.4092 -0.4175 0.8113
vn 0.2494 -0.8144 0.5240
vn 0.0922 -0.9899 0.1079
vn 0.0517 0.9973 0.0515
vn 0.0799 0.9875 0.1360
vn 0.2930 0.7090 0.6415
vn 0.2997 0.1747 0.9379
vn 0.3676 -0.2368 0.8993
vn 0.3242 -0.5526 0.7678
vn 0.2813 -0.6724 0.6847
vn 0.1108 -0.9103 0.3989
vn 0.1163 0.9615 0.2488
vn 0.1867 0.7977 0.5735
vn 0.2499 0.5736 0.7801
vn 0.2782 0.3917 0.8770
vn 0.3187 -0.0358 0.9472
vn 0.2797 -0.3964 0.8744
vn 0.1893 -0.7671 0.6130
vn 0.1933 -0.8785 0.4369
vn 0.0566 0.9250 0.3756
vn 0.1400 0.8954 0.4226
vn 0.1792 0.6945 0.6968
vn 0.2267 -0.0614 0.9720
vn 0.2361 -0.2340 0.9432
vn 0.2062 -0.5345 0.8196
vn 0.1814 -0.6541 0.7344
vn 0.0928 0.8363 0.5403
vn 0.1364 0.5687 0.8112
vn 0.1656 0.3968 0.9029
vn 0.1726 0.1734 0.9696
vn 0.1277 -0.1774 0.9758
vn 0.1562 -0.3775 0.9127
vn 0.1054 -0.6443 0.7575
vn 0.0921 -0.9440 0.3167
vn 0.0798 0.7259 0.6832
vn 0.1107 0.0066 0.9938
vn 0.0637 -0.3745 0.9250
vn 0.0901 -0.5253 0.8461
vn 0.0833 -0.7545 0.6510
vn 0.0946 -0.8437 0.5284
vn 0.0280 0.5625 0.8263
vn 0.0576 0.3798 0.9233
vn 0.0297 0.1690 0.9852
vn 0.0185 -0.0599 0.9980
vn 0.0421 -0.2246 0.9735
vn 0.0240 -0.6471 0.7620
vn 0.0145 0.8418 0.5397
vn -0.0204 0.7168 0.6969
vn -0.0675 0.3946 0.9164
vn -0.0705 -0.1701 0.9829
vn -0.0377 -0.3238 0.9454
vn -0.0322 -0.4834 0.8748
vn -0.0494 -0.6460 0.7617
vn -0.0315 -0.8647 0.5014
vn -0.0115 0.9963 0.0847
vn 0.0138 0.9665 0.2563
vn -0.0866 0.5638 0.8213
vn -0.0989 0.2533 0.9623
vn -0.0812 0.0428 0.9958
vn -0.0230 -0.7894 0.6134
vn -0.0099 -0.9237 0.3831
vn -0.0022 -0.9646 0.2635
vn 0.0006 -1.0000 -0.0011
vn -0.0433 0.9205 0.3883
vn -0.0694 0.8404 0.5375
vn -0.1195 0.7219 0.6816
vn -0.1769 0.1118 0.9779
vn -0.1852 -0.0716 0.9801
vn -0.1650 -0.2333 0.9583
vn -0.1592 -0.3770 0.9124
vn -0.1432 -0.5308 0.8353
vn -0.1262 -0.6537 0.7461
vn 0.0010 -0.9851 0.1722
vn 0.0025 -0.9958 0.0917
vn -0.2161 0.3955 0.8927
vn -0.2332 0.2374 0.9430
vn -0.1336 -0.7850 0.6050
vn -0.2083 0.5667 0.7972
vn -0.3097 0.0486 0.9496
vn -0.3089 -0.1731 0.9352
vn -0.2883 -0.3359 0.8967
vn -0.2667 -0.4996 0.8242
vn -0.2271 -0.6588 0.7172
vn -0.1232 -0.8871 0.4448
vn -0.1573 0.8486 0.5051
vn -0.2313 0.7342 0.6383
vn -0.3331 0.4079 0.8501
vn -0.3629 0.2363 0.9014
vn -0.3012 -0.6816 0.6668
vn -0.2297 -0.8006 0.5535
vn -0.0179 0.9857 0.1675
vn -0.0995 0.9601 0.2615
vn -0.3184 0.7509 0.5786
vn -0.3301 0.6023 0.7268
vn -0.4458 0.0540 0.8935
vn -0.4201 -0.1940 0.8865
vn -0.4022 -0.4156 0.8158
vn -0.3654 -0.5638 0.7407
vn -0.1036 -0.9444 0.3120
vn -0.1652 0.9167 0.3638
vn -0.2570 0.8443 0.4703
vn -0.4479 0.4337 0.7818
vn -0.5500 0.4216 0.7209
vn -0.5032 0.2420 0.8296
vn -0.5351 -0.1281 0.8350
vn -0.5207 -0.3316 0.7867
vn -0.3799 -0.6959 0.6094
vn -0.2475 -0.8646 0.4373
vn -0.2842 -0.8980 0.3358
vn -0.4433 0.6195 0.6478
vn -0.5853 0.0529 0.8091
vn -0.4896 -0.5426 0.6826
vn -0.3433 -0.7989 0.4939
vn -0.1962 -0.9261 0.3224
vn -0.1972 -0.9614 0.1917
vn -0.2930 0.8824 0.3681
vn -0.4019 0.7810 0.4780
vn -0.6387 0.4519 0.6228
vn -0.6650 0.1988 0.7199
vn -0.6770 -0.0732 0.7323
vn -0.6273 -0.3165 0.7115
vn -0.4761 -0.7197 0.5053
vn -0.1058 -0.9908 0.0840
vn -0.2662 0.9373 0.2252
vn -0.5358 0.6528 0.5355
vn -0.7668 0.2214 0.6025
vn -0.5863 -0.5633 0.5821
vn -0.3900 -0.8506 0.3527
vn -0.1099 -0.9735 0.2004
vn -0.1408 0.9785 0.1509
vn -0.3724 0.8962 0.2411
vn -0.4730 0.8115 0.3432
vn -0.5812 0.7155 0.3877
vn -0.6679 0.5873 0.4572
vn -0.8069 0.0078 0.5907
vn -0.7670 -0.2240 0.6013
vn -0.7042 -0.4694 0.5326
vn -0.6749 -0.6352 0.3755
vn -0.3005 -0.9287 0.2172
vn -0.2066 0.9620 0.1785
vn -0.6012 0.7665 0.2261
vn -0.7596 0.5002 0.4158
vn -0.8380 0.3008 0.4552
vn -0.8994 0.0965 0.4263
vn -0.8884 -0.1503 0.4337
vn -0.5472 -0.7581 0.3548
vn -0.7012 0.6885 0.1852
vn -0.8781 0.3813 0.2891
vn -0.8478 -0.3731 0.3770
vn -0.4443 -0.8702 0.2131
vn -0.1076 0.9911 0.0778
vn -0.4033 0.9114 0.0816
vn -0.4994 0.8534 0.1493
vn -0.8046 0.5658 0.1799
vn -0.9724 0.0919 0.2143
vn -0.9645 -0.1657 0.2058
vn -0.8093 -0.5347 0.2430
vn -0.6884 -0.7016 0.1840
vn -0.5466 -0.8282 0.1237
vn -0.2732 -0.9584 0.0820
vn -0.9238 0.3765 0.0698
vn -0.9832 0.1632 -0.0822
vn -0.9216 -0.3817 0.0699
vn -0.3959 -0.9156 0.0705
vn -0.1766 -0.9839 0.0284
vn -0.2430 0.9700 0.0024
vn -0.2992 0.9530 0.0465
vn -0.5579 0.8298 -0.0126
vn -0.7022 0.7096 -0.0581
vn -0.8182 0.5729 -0.0489
vn -0.9934 -0.0872 -0.0739
vn -0.8235 -0.5665 -0.0300
vn -0.6915 -0.7223 -0.0045
vn -0.5449 -0.8377 -0.0371
vn -0.3768 0.9250 -0.0489
vn -0.9053 0.3803 -0.1892
vn -0.9037 -0.3759 -0.2052
vn -0.7571 -0.6231 -0.1963
vn -0.6667 0.7109 -0.2240
vn -0.7882 0.5526 -0.2708
vn -0.8441 0.3755 -0.3828
vn -0.9245 0.1509 -0.3501
vn -0.9463 -0.0630 -0.3172
vn -0.8495 -0.3737 -0.3725
vn -0.6071 -0.7642 -0.2177
vn -0.4961 -0.8457 -0.1965
vn -0.2385 -0.9701 -0.0450
vn -0.1765 0.9842 -0.0121
vn -0.4248 0.8914 -0.1578
vn -0.5241 0.8242 -0.2144
vn -0.5616 0.7506 -0.3483
vn -0.6964 0.6035 -0.3885
vn -0.8698 -0.0950 -0.4842
vn -0.7181 -0.5908 -0.3677
vn -0.4232 -0.8938 -0.1484
vn -0.3211 -0.9428 -0.0898
vn -0.3124 0.9340 -0.1735
vn -0.5082 0.7334 -0.4515
vn -0.7382 0.4256 -0.5234
vn -0.8099 0.2100 -0.5476
vn -0.7653 -0.3610 -0.5329
vn -0.5788 -0.7076 -0.4053
vn -0.2181 0.9647 -0.1475
vn -0.3966 0.8485 -0.3504
vn -0.6144 0.5692 -0.5463
vn -0.7394 0.0679 -0.6698
vn -0.7428 -0.1377 -0.6551
vn -0.6263 -0.5554 -0.5471
vn -0.4795 -0.7994 -0.3619
vn -0.3285 -0.9105 -0.2512
vn -0.6565 0.3255 -0.6805
vn -0.6527 -0.3185 -0.6874
vn -0.5067 -0.6476 -0.5691
vn -0.3764 -0.8436 -0.3831
vn -0.2620 0.9201 -0.2911
vn -0.3370 0.8256 -0.4527
vn -0.4255 0.7065 -0.5655
vn -0.5106 0.5415 -0.6679
vn -0.5894 0.1332 -0.7968
vn -0.6016 -0.0736 -0.7954
vn -0.5442 -0.4410 -0.7137
vn -0.4149 -0.7233 -0.5519
vn -0.2403 -0.9342 -0.2638
vn -0.1989 -0.9613 -0.1905
vn -0.1277 -0.9864 -0.1037
vn -0.0597 -0.9982 0.0099
vn -0.1331 0.9753 -0.1762
vn -0.5323 0.3231 -0.7825
vn -0.4397 -0.1244 -0.8895
vn -0.5175 -0.2521 -0.8177
vn -0.4307 -0.5731 -0.6972
vn -0.2695 -0.8711 -0.4105
vn -0.1048 0.9904 -0.0901
vn -0.1467 0.9155 -0.3746
vn -0.2326 0.8865 -0.4001
vn -0.2631 0.8061 -0.5300
vn -0.3330 0.6811 -0.6521
vn -0.3919 0.5210 -0.7582
vn -0.4190 0.3528 -0.8366
vn -0.4642 0.0554 -0.8840
vn -0.4221 -0.4241 -0.8013
vn -0.3236 -0.6819 -0.6560
vn -0.2935 -0.7882 -0.5410
vn -0.0588 0.9982 -0.0121
vn -0.3734 0.1789 -0.9102
vn -0.3591 -0.2925 -0.8863
vn -0.3142 -0.5162 -0.7968
vn -0.1612 0.8493 -0.5026
vn -0.2102 0.7366 -0.6428
vn -0.2483 0.5787 -0.7768
vn -0.2859 0.3998 -0.8709
vn -0.3108 -0.0577 -0.9487
vn -0.2307 -0.6680 -0.7075
vn -0.1730 -0.8966 -0.4077
vn -0.1340 0.9491 -0.2852
vn -0.1432 0.5272 -0.8376
vn -0.1882 0.3860 -0.9031
vn -0.2336 0.2260 -0.9457
vn -0.2249 0.0740 -0.9716
vn -0.2359 -0.2298 -0.9442
vn -0.2219 -0.3881 -0.8945
vn -0.1782 -0.8070 -0.5630
vn -0.1213 -0.9452 -0.3032
vn -0.0990 0.7864 -0.6098
vn -0.1357 0.6665 -0.7330
vn -0.1641 -0.1083 -0.9805
vn -0.1668 -0.5516 -0.8173
vn -0.1192 -0.7260 -0.6773
vn -0.0563 -0.9091 -0.4128
vn -0.0222 0.9862 -0.1642
vn -0.0642 0.8852 -0.4608
vn -0.0919 0.3736 -0.9230
vn -0.0995 0.2262 -0.9690
vn -0.1004 0.0599 -0.9931
vn -0.1105 -0.2275 -0.9675
vn -0.1060 -0.3959 -0.9122
vn -0.0756 -0.6358 -0.7681
vn -0.0671 -0.9691 -0.2373
vn -0.0074 0.7783 -0.6279
vn -0.0280 -0.5143 -0.8571
vn -0.0404 -0.8101 -0.5849
vn -0.0543 -0.8637 -0.5010
vn -0.0056 -0.9405 -0.3397
vt 0.758763 0.125000
vt 0.696136 0.093750
vt 0.811615 0.093750
vt 0.787489 0.906250
vt 0.779966 0.937500
vt 0.702929 0.893285
vt 0.742188 0.500000
vt 0.726518 0.454461
vt 0.757812 0.468750
vt 0.753343 0.762012
vt 0.741626 0.827946
vt 0.718048 0.781250
vt 0.742295 0.702910
vt 0.766042 0.703729
vt 0.726214 0.669982
vt 0.756950 0.656250
vt 0.746715 0.263125
vt 0.726080 0.218750
vt 0.765927 0.218750
vt 0.774617 0.187500
vt 0.715536 0.174644
vt 0.781196 0.156250
vt 0.710857 0.625000
vt 0.742465 0.609864
vt 0.714742 0.580311
vt 0.742200 0.546803
vt 0.688857 0.125000
vt 0.710265 0.515508
vt 0.656297 0.968750
vt 0.646423 0.937500
vt 0.673721 0.062500
vt 0.799485 0.062500
vt 0.718749 0.389994
vt 0.743001 0.388998
vt 0.739418 0.325085
vt 0.710294 0.328388
vt 0.710928 0.734272
vt 0.695391 0.451889
vt 0.695312 0.674056
vt 0.711346 0.265099
vt 0.677492 0.218750
vt 0.693928 0.562500
vt 0.682577 0.519693
vt 0.686852 0.391214
vt 0.698046 0.830725
vt 0.662583 0.796855
vt 0.673732 0.323251
vt 0.680047 0.609805
vt 0.672265 0.735813
vt 0.664073 0.671758
vt 0.661799 0.169797
vt 0.660504 0.551931
vt 0.664067 0.453174
vt 0.656249 0.389994
vt 0.646217 0.355999
vt 0.644912 0.267714
vt 0.680187 0.266461
vt 0.648446 0.609277
vt 0.624158 0.906250
vt 0.621144 0.305197
vt 0.623633 0.235654
vt 0.632812 0.544203
vt 0.617186 0.109820
vt 0.662678 0.500000
vt 0.632812 0.481746
vt 0.499878 0.031250
vt 0.757803 0.031250
vt 0.624679 0.421439
vt 0.648438 0.000000
vt 0.632823 0.671759
vt 0.609038 0.609295
vt 0.601546 0.187500
vt 0.645573 0.860692
vt 0.601562 0.812500
vt 0.618012 0.579773
vt 0.603713 0.519239
vt 0.531033 0.062500
vt 0.603111 0.460360
vt 0.579501 0.875000
vt 0.575759 0.843750
vt 0.617164 0.781250
vt 0.597860 0.731644
vt 0.633432 0.734129
vt 0.585978 0.562500
vt 0.609375 0.671903
vt 0.585948 0.671759
vt 0.592945 0.156250
vt 0.538119 0.125000
vt 0.568928 0.531250
vt 0.537500 0.906250
vt 0.587323 0.500000
vt 0.566766 0.479259
vt 0.566271 0.768564
vt 0.555367 0.420757
vt 0.586530 0.437500
vt 0.585585 0.389896
vt 0.535589 0.802162
vt 0.553303 0.375000
vt 0.558408 0.707393
vt 0.585961 0.218750
vt 0.545866 0.187500
vt 0.498002 0.937500
vt 0.536888 0.331658
vt 0.556935 0.324839
vt 0.577159 0.250000
vt 0.548831 0.281250
vt 0.539055 0.234462
vt 0.522434 0.156250
vt 0.555401 0.578142
vt 0.539064 0.515608
vt 0.537678 0.468750
vt 0.554677 0.640513
vt 0.535386 0.676354
vt 0.523057 0.608753
vt 0.520703 0.549607
vt 0.511025 0.856763
vt 0.524030 0.437500
vt 0.523085 0.389896
vt 0.507803 0.296987
vt 0.509197 0.343750
vt 0.535295 0.738412
vt 0.507822 0.734272
vt 0.507823 0.671759
vt 0.491835 0.610104
vt 0.492780 0.562500
vt 0.488641 0.520741
vt 0.507814 0.484392
vt 0.492227 0.437500
vt 0.487808 0.794888
vt 0.491137 0.187500
vt 0.461410 0.156250
vt 0.492188 1.000000
vt 0.406449 0.968750
vt 0.435749 0.906250
vt 0.475178 0.468750
vt 0.492196 0.390722
vt 0.477184 0.343750
vt 0.466778 0.750000
vt 0.464810 0.418347
vt 0.459553 0.375000
vt 0.499516 0.234304
vt 0.476927 0.296189
vt 0.449788 0.262552
vt 0.477947 0.656250
vt 0.457507 0.636576
vt 0.444632 0.453303
vt 0.448771 0.332076
vt 0.453212 0.702914
vt 0.480283 0.707393
vt 0.464480 0.510488
vt 0.461650 0.578142
vt 0.437493 0.515609
vt 0.445251 0.801063
vt 0.426184 0.738217
vt 0.422161 0.218750
vt 0.453152 0.203435
vt 0.453091 0.093750
vt 0.389345 0.062500
vt 0.431885 0.387170
vt 0.426010 0.323646
vt 0.421875 0.264455
vt 0.397424 0.187500
vt 0.430367 0.579243
vt 0.410516 0.520741
vt 0.373707 0.937500
vt 0.415715 0.458429
vt 0.396386 0.855170
vt 0.458302 0.860770
vt 0.402158 0.292607
vt 0.386314 0.236375
vt 0.412678 0.625000
vt 0.399110 0.577912
vt 0.453089 0.125000
vt 0.391154 0.156250
vt 0.383776 0.125000
vt 0.406764 0.796514
vt 0.415447 0.406250
vt 0.402076 0.354707
vt 0.399057 0.734128
vt 0.381428 0.531250
vt 0.399269 0.437500
vt 0.382432 0.391246
vt 0.374926 0.328305
vt 0.417798 0.680070
vt 0.382823 0.671759
vt 0.347369 0.891454
vt 0.382814 0.484392
vt 0.368572 0.437500
vt 0.364089 0.794737
vt 0.362137 0.742736
vt 0.364911 0.293690
vt 0.381428 0.625000
vt 0.370323 0.581066
vt 0.350841 0.390634
vt 0.346167 0.231750
vt 0.351508 0.485703
vt 0.336530 0.437500
vt 0.320428 0.828054
vt 0.351562 0.000000
vt 0.271005 0.031250
vt 0.337322 0.343750
vt 0.350178 0.625000
vt 0.349895 0.572871
vt 0.337378 0.187500
vt 0.312462 0.156250
vt 0.319878 0.608526
vt 0.352420 0.093750
vt 0.256630 0.062500
vt 0.319960 0.389896
vt 0.351573 0.671759
vt 0.345719 0.718750
vt 0.319924 0.671233
vt 0.335928 0.296987
vt 0.318928 0.250000
vt 0.320312 1.000000
vt 0.224354 0.968750
vt 0.306072 0.343750
vt 0.320305 0.765538
vt 0.306072 0.718750
vt 0.290630 0.204106
vt 0.225125 0.937500
vt 0.256990 0.906250
vt 0.304727 0.437500
vt 0.289071 0.390722
vt 0.287069 0.792727
vt 0.277512 0.737599
vt 0.288703 0.672565
vt 0.304678 0.296987
vt 0.279282 0.250000
vt 0.285176 0.860909
vt 0.274822 0.343750
vt 0.313283 0.125000
vt 0.250660 0.093750
vt 0.289058 0.546826
vt 0.274822 0.500000
vt 0.301141 0.479259
vt 0.281250 0.453118
vt 0.281250 0.296839
vt 0.258177 0.296189
vt 0.257424 0.671233
vt 0.242683 0.229046
vt 0.242644 0.141169
vt 0.265306 0.609113
vt 0.257808 0.546826
vt 0.254266 0.479259
vt 0.254366 0.798337
vt 0.234383 0.187500
vt 0.226202 0.859722
vt 0.258644 0.437500
vt 0.242735 0.406250
vt 0.265625 0.390607
vt 0.242177 0.359487
vt 0.242197 0.734271
vt 0.233574 0.610273
vt 0.224895 0.572871
vt 0.230105 0.510488
vt 0.234375 0.453118
vt 0.234375 0.298005
vt 0.226203 0.672565
vt 0.209553 0.531250
vt 0.207391 0.479259
vt 0.220251 0.796143
vt 0.210947 0.734271
vt 0.172028 0.890764
vt 0.191199 0.667817
vt 0.194960 0.610105
vt 0.187658 0.172117
vt 0.179689 0.515608
vt 0.179346 0.454046
vt 0.056609 0.031250
vt 0.211530 0.437500
vt 0.195312 0.000000
vt 0.210585 0.389895
vt 0.180234 0.406250
vt 0.179355 0.360364
vt 0.211559 0.343750
vt 0.181243 0.795559
vt 0.172243 0.733754
vt 0.195905 0.562500
vt 0.156176 0.671695
vt 0.198978 0.236803
vt 0.180082 0.297513
vt 0.163458 0.234601
vt 0.166335 0.612573
vt 0.138963 0.093750
vt 0.079222 0.062500
vt 0.139990 0.204697
vt 0.164894 0.562500
vt 0.148439 0.515608
vt 0.139918 0.609932
vt 0.134197 0.562500
vt 0.100721 0.906250
vt 0.151996 0.448069
vt 0.131428 0.468750
vt 0.150645 0.385844
vt 0.129234 0.416916
vt 0.155702 0.843750
vt 0.112627 0.801507
vt 0.138655 0.781250
vt 0.140625 0.734415
vt 0.156250 0.296838
vt 0.149822 0.343750
vt 0.132803 0.296986
vt 0.132812 1.000000
vt 0.062411 0.968750
vt 0.132813 0.156250
vt 0.096089 0.125000
vt 0.174212 0.125000
vt 0.120730 0.510488
vt 0.086711 0.875000
vt 0.121094 0.356012
vt 0.109329 0.734229
vt 0.116585 0.593750
vt 0.101558 0.546826
vt 0.101554 0.484391
vt 0.085465 0.843750
vt 0.101553 0.296986
vt 0.124926 0.671695
vt 0.093676 0.671695
vt 0.123028 0.250000
vt 0.089013 0.231635
vt 0.092946 0.608575
vt 0.111342 0.187500
vt 0.074269 0.169497
vt 0.065833 0.794500
vt 0.094539 0.360374
vt 0.066365 0.292880
vt 0.071275 0.638700
vt 0.078125 0.546883
vt 0.077925 0.390780
vt 0.054066 0.343750
vt 0.049292 0.231750
vt 0.068928 0.687500
vt 0.057631 0.613227
vt 0.056072 0.562500
vt 0.051141 0.520741
vt 0.022891 0.093750
vt 0.078145 0.453174
vt 0.071697 0.500000
vt 0.053303 0.468750
vt 0.046841 0.421958
vt 0.030284 0.750000
vt 0.070932 0.734127
vt 0.030402 0.329023
vt 0.019003 0.197544
vt 0.034103 0.142620
vt 0.068957 0.937500
vt 0.022684 0.906250
vt 0.018009 0.843750
vt 0.032761 0.382140
vt 0.028089 0.663543
vt 0.024822 0.625000
vt 0.009341 0.875000
vt 0.023447 0.265730
vt 0.035484 0.583084
vt 0.007819 0.578047
vt 0.022053 0.468750
vt 0.007819 0.421953
vt 0.004062 0.736197
vt 0.039053 0.703014
vt 0.023439 0.515608
vt 0.000000 0.531250
vt 0.000000 0.937500
vt 0.000000 0.812500
vt 0.024238 0.796597
vt 0.000000 0.375000
vt 0.003551 0.321324
vt 0.000000 0.265730
vt 0.000000 0.671840
vt 0.000000 0.156250
vt 0.992189 0.484391
vt 0.976569 0.421953
vt 1.000000 0.421953
vt 0.986327 0.812500
vt 0.959846 0.781250
vt 1.000000 0.781250
vt 0.995491 0.328427
vt 0.993572 0.375000
vt 0.972924 0.354708
vt 0.992197 0.265730
vt 0.962124 0.218750
vt 1.000000 0.207112
vt 0.969432 0.167936
vt 1.000000 0.578047
vt 0.993572 0.625000
vt 0.976569 0.578047
vt 0.990803 0.843750
vt 0.986327 0.875000
vt 0.941912 0.829972
vt 0.993535 0.729726
vt 0.956341 0.736618
vt 0.961302 0.296188
vt 0.959553 0.250000
vt 0.990803 0.531250
vt 0.959553 0.531250
vt 0.987456 0.093750
vt 0.922235 0.076564
vt 0.992843 0.062500
vt 0.962322 0.625000
vt 0.953125 0.578136
vt 0.981901 0.125000
vt 0.979378 0.906250
vt 0.931906 0.875000
vt 0.945323 0.359487
vt 0.929169 0.312500
vt 0.922214 0.187500
vt 0.908616 0.125000
vt 0.941944 0.480194
vt 0.929694 0.421952
vt 0.953125 0.421864
vt 0.913286 0.765628
vt 0.925495 0.270798
vt 0.902656 0.232597
vt 0.899658 0.156250
vt 0.930035 0.547673
vt 0.911362 0.512726
vt 0.920625 0.937500
vt 0.881014 0.906250
vt 0.914395 0.360364
vt 0.928303 0.593750
vt 0.914717 0.640367
vt 0.901996 0.573066
vt 0.913497 0.468750
vt 0.901996 0.426934
vt 0.894260 0.829585
vt 0.894510 0.324863
vt 0.874192 0.204431
vt 0.881428 0.531250
vt 0.846224 0.875000
vt 0.882804 0.390721
vt 0.882036 0.765628
vt 0.880536 0.293689
vt 0.882814 0.484391
vt 0.868572 0.437500
vt 0.867087 0.343750
vt 0.857403 0.250000
vt 0.855105 0.510489
vt 0.850178 0.468750
vt 0.835465 0.843750
vt 0.867187 0.000000
vt 0.937567 0.031250
vt 0.855167 0.385794
vt 0.860680 0.812500
vt 0.850786 0.765628
vt 0.851553 0.296986
vt 0.840096 0.174249
vt 0.874966 0.578042
vt 0.835945 0.421953
vt 0.833338 0.353874
vt 0.819157 0.229500
vt 0.850178 0.593750
vt 0.835933 0.546826
vt 0.820697 0.797582
vt 0.820677 0.296188
vt 0.820649 0.734813
vt 0.851553 0.703014
vt 0.819571 0.671841
vt 0.852217 0.640367
vt 0.946682 0.968750
vt 0.820314 0.484391
vt 0.820304 0.609280
vt 0.806072 0.562500
vt 0.820312 1.000000
vt 0.801141 0.520742
vt 0.806072 0.437500
vt 0.804679 0.390720
vt 0.795626 0.335318
vt 0.787678 0.468750
vt 0.781254 0.827430
vt 0.788380 0.766098
vt 0.788441 0.656250
vt 0.773790 0.610106
vt 0.796875 0.609395
vt 0.828922 0.125000
vt 0.760043 0.875000
vt 0.774031 0.437500
vt 0.789072 0.265730
vt 0.773439 0.515609
vt 0.777042 0.385794
vt 0.754412 0.419850
vt 0.757053 0.343750
vt 0.771225 0.301399
vt 0.617178 0.359486
vt 0.587322 0.343750
vt 0.585928 0.296987
vt 0.582332 0.614205
vt 0.539901 0.093750
vt 0.433095 0.644517
vt 0.350178 0.531250
vt 0.323683 0.488577
vt 0.320308 0.546826
vt 0.291290 0.614469
vt 0.211302 0.296188
vt 0.105121 0.426934
vt 0.008447 0.125000
vt 0.000000 0.484391
vt 0.000000 0.625000
vt 0.962770 0.676570
vt 0.991446 0.671840
vt 0.964480 0.489512
vt 0.942714 0.646127
vt 0.937500 0.703163
vt 0.914053 0.703015
vt 0.883467 0.640367
vt 0.882803 0.703014
vt 0.792783 0.707394
vt 0.774031 0.562500
s 1
f 4107/3940/4107 3661/3941/3661 4102/3942/4102
f 3630/3943/3630 4094/3944/4094 3662/3945/3662
f 3640/3946/3640 3646/3947/3646 3633/3948/3633
f 4103/3949/4103 3636/3950/3636 3648/3951/3648
f 4103/3949/4103 3637/3952/3637 3631/3953/3631
f 3637/3952/3637 3645/3954/3645 3632/3955/3632
f 3643/3956/3643 3647/3957/3647 4105/3958/4105
f 4106/3959/4106 3660/3960/3660 4093/3961/4093
f 3645/3954/3645 3650/3962/3650 3638/3963/3638
f 3638/3963/3638 3651/3964/3651 3639/3965/3639
f 3660/3960/3660 3677/3966/3677 4107/3940/4107
f 3639/3965/3639 3651/3964/3651 3652/3967/3652
f 3740/3968/3740 3702/3969/3702 4094/3944/4094
f 3661/3941/3661 3687/3970/3687 3644/3971/3644
f 3646/3947/3646 3653/3972/3653 3641/3973/3641
f 3642/3974/3642 3653/3972/3653 3654/3975/3654
f 3648/3951/3648 3649/3976/3649 4103/3949/4103
f 3652/3967/3652 3659/3977/3659 3646/3947/3646
f 3649/3976/3649 3656/3978/3656 3645/3954/3645
f 3647/3957/3647 3655/3979/3655 3676/3980/3676
f 3652/3967/3652 3657/3981/3657 3658/3982/3658
f 3659/3977/3659 3666/3983/3666 3653/3972/3653
f 3648/3951/3648 3663/3984/3663 3670/3985/3670
f 3654/3975/3654 3666/3983/3666 3667/3986/3667
f 3656/3978/3656 3664/3987/3664 3650/3962/3650
f 3650/3962/3650 3664/3987/3664 3651/3964/3651
f 3656/3978/3656 3671/3988/3671 3672/3989/3672
f 3676/3980/3676 3680/3990/3680 3660/3960/3660
f 3657/3981/3657 3664/3987/3664 3673/3991/3673
f 3665/3992/3665 3675/3993/3675 3666/3983/3666
f 3675/3993/3675 3679/3994/3679 3667/3986/3667
f 3667/3986/3667 3686/3995/3686 3668/3996/3668
f 3664/3987/3664 3672/3989/3672 3678/3997/3678
f 3702/3969/3702 3694/3998/3694 3662/3945/3662
f 3667/3986/3667 3679/3994/3679 3692/3999/3692
f 3676/3980/3676 3686/3995/3686 3693/4000/3693
f 3673/3991/3673 3678/3997/3678 3684/4001/3684
f 3680/3990/3680 3701/4002/3701 3677/3966/3677
f 3677/3966/3677 3701/4002/3701 3661/3941/3661
f 3674/4003/3674 3685/4004/3685 3665/3992/3665
f 3687/3970/3687 3817/4005/3817 3669/4006/3669
f 3665/3992/3665 3685/4004/3685 3690/4007/3690
f 3887/4008/3887 3669/4006/3669 3817/4005/3817
f 3678/3997/3678 3683/4009/3683 3696/4010/3696
f 3693/4000/3693 3712/4011/3712 3680/3990/3680
f 3670/3985/3670 3681/4012/3681 3703/4013/3703
f 3684/4001/3684 3689/4014/3689 3698/4015/3698
f 3684/4001/3684 3698/4015/3698 3685/4004/3685
f 3701/4002/3701 3764/4016/3764 3687/3970/3687
f 3685/4004/3685 3698/4015/3698 3699/4017/3699
f 3694/3998/3694 3719/4018/3719 3681/4012/3681
f 3685/4004/3685 3699/4017/3699 3690/4007/3690
f 3681/4012/3681 3719/4018/3719 3713/4019/3713
f 3695/4020/3695 3704/4021/3704 3682/4022/3682
f 3689/4014/3689 3696/4010/3696 3697/4023/3697
f 3688/4024/3688 3704/4021/3704 3705/4025/3705
f 3701/4002/3701 3700/4026/3700 3750/4027/3750
f 3698/4015/3698 3697/4023/3697 3714/4028/3714
f 3702/3969/3702 3741/4029/3741 3694/3998/3694
f 3699/4017/3699 3707/4030/3707 3715/4031/3715
f 3703/4013/3703 3720/4032/3720 3695/4020/3695
f 3715/4031/3715 3724/4033/3724 3708/4034/3708
f 3708/4034/3708 3724/4033/3724 3709/4035/3709
f 3713/4019/3713 3735/4036/3735 3703/4013/3703
f 3709/4035/3709 3724/4033/3724 3725/4037/3725
f 3720/4032/3720 3721/4038/3721 3704/4021/3704
f 3712/4011/3712 3718/4039/3718 3733/4040/3733
f 3702/3969/3702 3740/3968/3740 3771/4041/3771
f 3714/4028/3714 3715/4031/3715 3707/4030/3707
f 3725/4037/3725 3730/4042/3730 3716/4043/3716
f 3717/4044/3717 3731/4045/3731 3732/4046/3732
f 3717/4044/3717 3732/4046/3732 3718/4039/3718
f 3700/4026/3700 3733/4040/3733 3749/4047/3749
f 3714/4028/3714 3723/4048/3723 3728/4049/3728
f 3714/4028/3714 3728/4049/3728 3715/4031/3715
f 3715/4031/3715 3728/4049/3728 3729/4050/3729
f 3722/4051/3722 3727/4052/3727 3736/4053/3736
f 3722/4051/3722 3736/4053/3736 3723/4048/3723
f 3723/4048/3723 3736/4053/3736 3737/4054/3737
f 3719/4018/3719 3741/4029/3741 3742/4055/3742
f 3729/4050/3729 3738/4056/3738 3724/4033/3724
f 3724/4033/3724 3738/4056/3738 3739/4057/3739
f 3730/4042/3730 3747/4058/3747 3731/4045/3731
f 3739/4057/3739 3746/4059/3746 3730/4042/3730
f 3726/4060/3726 3735/4036/3735 3743/4061/3743
f 3730/4042/3730 3746/4059/3746 3747/4058/3747
f 3736/4053/3736 3744/4062/3744 3752/4063/3752
f 3737/4054/3737 3753/4064/3753 3754/4065/3754
f 3745/4066/3745 3755/4067/3755 3738/4056/3738
f 3742/4055/3742 3758/4068/3758 3735/4036/3735
f 3748/4069/3748 3779/4070/3779 3749/4047/3749
f 3740/3968/3740 3734/4071/3734 3828/4072/3828
f 3741/4029/3741 3771/4041/3771 3795/4073/3795
f 3745/4066/3745 3754/4065/3754 3761/4074/3761
f 3756/4075/3756 3762/4076/3762 3746/4059/3746
f 3743/4061/3743 3758/4068/3758 3765/4077/3765
f 3761/4074/3761 3769/4078/3769 3755/4067/3755
f 3755/4067/3755 3769/4078/3769 3756/4075/3756
f 3756/4075/3756 3769/4078/3769 3770/4079/3770
f 3757/4080/3757 3763/4081/3763 3777/4082/3777
f 3752/4063/3752 3760/4083/3760 3766/4084/3766
f 3761/4074/3761 3774/4085/3774 3769/4078/3769
f 3770/4079/3770 3776/4086/3776 3762/4076/3762
f 3762/4076/3762 3776/4086/3776 3763/4081/3763
f 3765/4077/3765 3773/4087/3773 3759/4088/3759
f 3773/4087/3773 3766/4084/3766 3760/4083/3760
f 3768/4089/3768 3767/4090/3767 3784/4091/3784
f 3761/4074/3761 3768/4089/3768 3774/4085/3774
f 3765/4077/3765 3780/4092/3780 3781/4093/3781
f 3777/4082/3777 3794/4094/3794 3778/4095/3778
f 3764/4016/3764 3788/4096/3788 3827/4097/3827
f 3774/4085/3774 3775/4098/3775 3769/4078/3769
f 3785/4099/3785 3786/4100/3786 3777/4082/3777
f 3778/4095/3778 3794/4094/3794 3810/4101/3810
f 3784/4091/3784 3783/4102/3783 3791/4103/3791
f 3828/4072/3828 3829/4104/3829 3771/4041/3771
f 3774/4085/3774 3784/4091/3784 3792/4105/3792
f 3795/4073/3795 3796/4106/3796 3772/4107/3772
f 3775/4098/3775 3785/4099/3785 3776/4086/3776
f 3786/4100/3786 3802/4108/3802 3809/4109/3809
f 3790/4110/3790 3799/4111/3799 3783/4102/3783
f 3787/4112/3787 3803/4113/3803 3816/4114/3816
f 3796/4106/3796 3797/4115/3797 3780/4092/3780
f 3775/4098/3775 3793/4116/3793 3801/4117/3801
f 3775/4098/3775 3801/4117/3801 3785/4099/3785
f 3797/4115/3797 3798/4118/3798 3781/4093/3781
f 3785/4099/3785 3801/4117/3801 3802/4108/3802
f 3785/4099/3785 3802/4108/3802 3786/4100/3786
f 3791/4103/3791 3799/4111/3799 3806/4119/3806
f 3800/4120/3800 3808/4121/3808 3793/4116/3793
f 3802/4108/3802 3801/4117/3801 3814/4122/3814
f 3789/4123/3789 3798/4118/3798 3804/4124/3804
f 3829/4104/3829 3836/4125/3836 3795/4073/3795
f 3795/4073/3795 3836/4125/3836 3796/4106/3796
f 3807/4126/3807 3813/4127/3813 3800/4120/3800
f 3796/4106/3796 3818/4128/3818 3797/4115/3797
f 3808/4121/3808 3814/4122/3814 3801/4117/3801
f 3818/4128/3818 3819/4129/3819 3798/4118/3798
f 3814/4122/3814 3815/4130/3815 3802/4108/3802
f 3805/4131/3805 3812/4132/3812 3799/4111/3799
f 3808/4121/3808 3813/4127/3813 3825/4133/3825
f 3809/4109/3809 3815/4130/3815 3826/4134/3826
f 3824/4135/3824 3832/4136/3832 3813/4127/3813
f 3796/4106/3796 3836/4125/3836 3845/4137/3845
f 3887/4138/3887 3817/4005/3817 3898/4139/3898
f 3825/4133/3825 3833/4140/3833 3814/4122/3814
f 3821/4141/3821 3822/4142/3822 3812/4132/3812
f 3843/4143/3843 3835/4144/3835 3803/4113/3803
f 3817/4005/3817 3827/4097/3827 3898/4139/3898
f 3821/4141/3821 3839/4145/3839 3822/4142/3822
f 3827/4097/3827 3811/4146/3811 3897/4147/3897
f 3825/4133/3825 3832/4136/3832 3841/4148/3841
f 3820/4149/3820 3830/4150/3830 3838/4151/3838
f 3826/4134/3826 3834/4152/3834 3842/4153/3842
f 3828/4072/3828 3734/4154/3734 3879/4155/3879
f 3841/4148/3841 3849/4156/3849 3833/4140/3833
f 3837/4157/3837 3846/4158/3846 3830/4150/3830
f 3842/4153/3842 3864/4159/3864 3826/4134/3826
f 3915/4160/3915 3880/4161/3880 3836/4125/3836
f 3848/4162/3848 3856/4163/3856 3841/4148/3841
f 3845/4137/3845 3851/4164/3851 3837/4157/3837
f 3837/4157/3837 3851/4164/3851 3859/4165/3859
f 3838/4151/3838 3846/4158/3846 3852/4166/3852
f 3842/4153/3842 3850/4167/3850 3863/4168/3863
f 3844/4169/3844 3851/4164/3851 3845/4137/3845
f 3856/4163/3856 3862/4170/3862 3849/4156/3849
f 3858/4171/3858 3886/4172/3886 3811/4146/3811
f 3854/4173/3854 3860/4174/3860 3847/4175/3847
f 3847/4175/3847 3860/4174/3860 3855/4176/3855
f 3847/4175/3847 3855/4176/3855 3848/4162/3848
f 3857/4177/3857 3862/4170/3862 3870/4178/3870
f 3852/4166/3852 3859/4165/3859 3865/4179/3865
f 3863/4168/3863 3884/4180/3884 3864/4159/3864
f 3835/4144/3835 3864/4159/3864 3885/4181/3885
f 3866/4182/3866 3867/4183/3867 3854/4173/3854
f 3855/4176/3855 3860/4174/3860 3868/4184/3868
f 3844/4169/3844 3871/4185/3871 3851/4164/3851
f 3863/4168/3863 3870/4178/3870 3884/4180/3884
f 3884/4180/3884 3878/4186/3878 3864/4159/3864
f 3867/4183/3867 3868/4184/3868 3860/4174/3860
f 3880/4161/3880 3888/4187/3888 3844/4169/3844
f 3869/4188/3869 3875/4189/3875 3861/4190/3861
f 3861/4190/3861 3875/4189/3875 3876/4191/3876
f 3861/4190/3861 3876/4191/3876 3862/4170/3862
f 3859/4165/3859 3871/4185/3871 3872/4192/3872
f 3873/4193/3873 3882/4194/3882 3867/4183/3867
f 3867/4183/3867 3882/4194/3882 3883/4195/3883
f 3867/4183/3867 3883/4195/3883 3868/4184/3868
f 3868/4184/3868 3883/4195/3883 3874/4196/3874
f 3868/4184/3868 3874/4196/3874 3869/4188/3869
f 3876/4191/3876 3877/4197/3877 3870/4178/3870
f 3865/4179/3865 3872/4192/3872 3881/4198/3881
f 3883/4195/3883 3882/4194/3882 3891/4199/3891
f 3874/4196/3874 3883/4195/3883 3892/4200/3892
f 3888/4187/3888 3889/4201/3889 3871/4185/3871
f 3872/4192/3872 3889/4201/3889 3890/4202/3890
f 3891/4199/3891 3892/4200/3892 3883/4195/3883
f 3915/4160/3915 3916/4203/3916 3880/4161/3880
f 3881/4198/3881 3890/4202/3890 3902/4204/3902
f 3873/4193/3873 3899/4205/3899 3882/4194/3882
f 3878/4186/3878 3908/4206/3908 3885/4181/3885
f 3892/4200/3892 3903/4207/3903 3904/4208/3904
f 3898/4139/3898 3897/4147/3897 4050/4209/4050
f 3892/4200/3892 3904/4208/3904 3893/4210/3893
f 3887/4211/3887 3898/4139/3898 4050/4209/4050
f 3894/4212/3894 3905/4213/3905 3906/4214/3906
f 3894/4212/3894 3906/4214/3906 3895/4215/3895
f 3890/4202/3890 3909/4216/3909 3910/4217/3910
f 3891/4199/3891 3900/4218/3900 3903/4207/3903
f 3891/4199/3891 3903/4207/3903 3892/4200/3892
f 3902/4204/3902 3910/4217/3910 3918/4219/3918
f 3901/4220/3901 3907/4221/3907 3914/4222/3914
f 3899/4205/3899 3902/4204/3902 3911/4223/3911
f 3897/4147/3897 3953/4224/3953 3947/4225/3947
f 3914/4222/3914 3932/4226/3932 3908/4206/3908
f 3903/4207/3903 3912/4227/3912 3919/4228/3919
f 3911/4223/3911 3918/4219/3918 3926/4229/3926
f 3926/4229/3926 3928/4230/3928 3912/4227/3912
f 3915/4160/3915 3954/4231/3954 3916/4203/3916
f 3920/4232/3920 3919/4228/3919 3929/4233/3929
f 3921/4234/3921 3920/4232/3920 3930/4235/3930
f 3924/4236/3924 3940/4237/3940 3909/4216/3909
f 3925/4238/3925 3917/4239/3917 3910/4217/3910
f 3913/4240/3913 3922/4241/3922 3931/4242/3931
f 3879/4155/3879 3734/4243/3734 4068/4244/4068
f 3938/4245/3938 3939/4246/3939 3923/4247/3923
f 3919/4228/3919 3928/4230/3928 3935/4248/3935
f 3954/4231/3954 3964/4249/3964 3916/4203/3916
f 3929/4233/3929 3930/4235/3930 3920/4232/3920
f 3930/4235/3930 3936/4250/3936 3921/4234/3921
f 3921/4234/3921 3936/4250/3936 3922/4241/3922
f 3925/4238/3925 3941/4251/3941 3917/4239/3917
f 3927/4252/3927 3943/4253/3943 3928/4230/3928
f 3929/4233/3929 3935/4248/3935 3944/4254/3944
f 3964/4249/3964 3948/4255/3948 3924/4236/3924
f 3931/4242/3931 3936/4250/3936 3946/4256/3946
f 3934/4257/3934 3941/4251/3941 3949/4258/3949
f 3932/4226/3932 3937/4259/3937 3952/4260/3952
f 3926/4229/3926 3934/4257/3934 3942/4261/3942
f 3943/4253/3943 3944/4254/3944 3935/4248/3935
f 3937/4259/3937 3946/4256/3946 3952/4260/3952
f 3938/4245/3938 3933/4262/3933 3963/4263/3963
f 3948/4255/3948 3955/4264/3955 3940/4237/3940
f 3946/4256/3946 3951/4265/3951 3970/4266/3970
f 3942/4261/3942 3949/4258/3949 3958/4267/3958
f 3952/4260/3952 3963/4263/3963 3933/4262/3933
f 3942/4261/3942 3950/4268/3950 3943/4253/3943
f 3951/4265/3951 3961/4269/3961 3962/4270/3962
f 3952/4260/3952 3970/4266/3970 3974/4271/3974
f 3957/4272/3957 3958/4267/3958 3949/4258/3949
f 3958/4267/3958 3966/4273/3966 3942/4261/3942
f 3950/4268/3950 3967/4274/3967 3968/4275/3968
f 3953/4224/3953 3939/4246/3939 3989/4276/3989
f 3960/4277/3960 3959/4278/3959 3969/4279/3969
f 3961/4269/3961 3960/4277/3960 3973/4280/3973
f 3955/4264/3955 3977/4281/3977 3956/4282/3956
f 3962/4270/3962 3982/4283/3982 3970/4266/3970
f 3974/4271/3974 3988/4284/3988 3963/4263/3963
f 3963/4263/3963 3988/4284/3988 3984/4285/3984
f 3963/4263/3963 3984/4285/3984 3939/4246/3939
f 3975/4286/3975 4012/4287/4012 3954/4231/3954
f 3969/4279/3969 3973/4280/3973 3960/4277/3960
f 3964/4249/3964 3991/4288/3991 3948/4255/3948
f 3973/4280/3973 3981/4289/3981 3961/4269/3961
f 3971/4290/3971 3978/4291/3978 3966/4273/3966
f 4012/4287/4012 3990/4292/3990 3964/4249/3964
f 3962/4270/3962 3981/4289/3981 3982/4283/3982
f 3982/4283/3982 3983/4293/3983 3970/4266/3970
f 3972/4294/3972 3978/4291/3978 3985/4295/3985
f 3980/4296/3980 3987/4297/3987 3973/4280/3973
f 3977/4281/3977 3992/4298/3992 3965/4299/3965
f 3965/4299/3965 3992/4298/3992 3971/4290/3971
f 3983/4293/3983 3988/4284/3988 3974/4271/3974
f 3979/4300/3979 3985/4295/3985 3986/4301/3986
f 4068/4244/4068 4057/4302/4057 3975/4286/3975
f 3991/4288/3991 3999/4303/3999 3976/4304/3976
f 3987/4297/3987 3996/4305/3996 3981/4289/3981
f 3977/4281/3977 3976/4304/3976 3992/4298/3992
f 3997/4306/3997 3998/4307/3998 3983/4293/3983
f 3971/4290/3971 3992/4298/3992 3993/4308/3993
f 3984/4285/3984 3988/4284/3988 4020/4309/4020
f 3995/4310/3995 4001/4311/4001 3987/4312/3987
f 3999/4313/3999 4013/4314/4013 3976/4315/3976
f 3997/4316/3997 3996/4317/3996 4002/4318/4002
f 3998/4319/3998 4019/4320/4019 3988/4321/3988
f 3988/4321/3988 4019/4320/4019 4020/4322/4020
f 3985/4323/3985 3994/4324/3994 4000/4325/4000
f 3991/4326/3991 3990/4327/3990 4021/4328/4021
f 4001/4311/4001 4002/4318/4002 3996/4317/3996
f 3992/4329/3992 4013/4314/4013 4014/4330/4014
f 3997/4316/3997 4002/4318/4002 4009/4331/4009
f 3997/4316/3997 4009/4331/4009 3998/4319/3998
f 3998/4319/3998 4009/4331/4009 4010/4332/4010
f 3986/4333/3986 4000/4325/4000 4006/4334/4006
f 3989/4335/3989 4049/4336/4049 3947/4337/3947
f 4000/4325/4000 4004/4338/4004 4005/4339/4005
f 3989/4335/3989 4011/4340/4011 4049/4336/4049
f 4012/4341/4012 4027/4342/4027 3990/4327/3990
f 4018/4343/4018 4026/4344/4026 4009/4331/4009
f 4019/4320/4019 4034/4345/4034 4020/4322/4020
f 4020/4322/4020 4048/4346/4048 4011/4340/4011
f 4017/4347/4017 4025/4348/4025 4008/4349/4008
f 4013/4314/4013 4028/4350/4028 4014/4330/4014
f 4033/4351/4033 4038/4352/4038 4019/4320/4019
f 4034/4345/4034 4047/4353/4047 4020/4322/4020
f 4024/4354/4024 4030/4355/4030 4017/4347/4017
f 4012/4341/4012 4057/4356/4057 4051/4357/4051
f 4025/4348/4025 4032/4358/4032 4018/4343/4018
f 4013/4314/4013 4021/4328/4021 4028/4350/4028
f 4023/4359/4023 4029/4360/4029 4035/4361/4035
f 4023/4359/4023 4035/4361/4035 4024/4354/4024
f 4024/4354/4024 4035/4361/4035 4030/4355/4030
f 4031/4362/4031 4036/4363/4036 4025/4348/4025
f 4027/4342/4027 4039/4364/4039 4021/4328/4021
f 4026/4344/4026 4032/4358/4032 4037/4365/4037
f 4038/4352/4038 4056/4366/4056 4034/4345/4034
f 4030/4355/4030 4035/4361/4035 4043/4367/4043
f 4051/4357/4051 4079/4368/4079 4027/4342/4027
f 4036/4363/4036 4045/4369/4045 4032/4358/4032
f 4028/4350/4028 4039/4364/4039 4040/4370/4040
f 4032/4358/4032 4045/4369/4045 4037/4365/4037
f 4037/4365/4037 4046/4371/4046 4033/4351/4033
f 4049/4336/4049 4048/4346/4048 4102/3942/4102
f 4044/4372/4044 4054/4373/4054 4036/4363/4036
f 4037/4365/4037 4045/4369/4045 4055/4374/4055
f 4037/4365/4037 4055/4374/4055 4046/4371/4046
f 4038/4352/4038 4046/4371/4046 4067/4375/4067
f 4043/4367/4043 4064/4376/4064 4044/4372/4044
f 4102/3942/4102 3644/3971/3644 4049/4336/4049
f 4044/4372/4044 4064/4376/4064 4053/4377/4053
f 4079/4368/4079 4058/4378/4058 4039/4364/4039
f 3887/4379/3887 4050/4380/4050 3669/4006/3669
f 4045/4369/4045 4054/4373/4054 4065/4381/4065
f 4040/4370/4040 4059/4382/4059 4060/4383/4060
f 4046/4371/4046 4055/4374/4055 4066/4384/4066
f 4056/4366/4056 4078/4385/4078 4047/4353/4047
f 4043/4367/4043 4052/4386/4052 4064/4376/4064
f 4053/4377/4053 4070/4387/4070 4054/4373/4054
f 4055/4374/4055 4065/4381/4065 4071/4388/4071
f 4056/4366/4056 4067/4375/4067 4086/4389/4086
f 4063/4390/4063 4069/4391/4069 4052/4386/4052
f 4058/4378/4058 4072/4392/4072 4059/4382/4059
f 4070/4387/4070 4071/4388/4071 4065/4381/4065
f 4066/4384/4066 4071/4388/4071 4077/4393/4077
f 4060/4383/4060 4073/4394/4073 4061/4395/4061
f 4061/4395/4061 4073/4394/4073 4074/4396/4074
f 4061/4395/4061 4074/4396/4074 4062/4397/4062
f 4068/4398/4068 4094/3944/4094 4057/4356/4057
f 4069/4391/4069 4076/4399/4076 4064/4376/4064
f 4075/4400/4075 4082/4401/4082 4069/4391/4069
f 4068/4398/4068 3734/4402/3734 3740/3968/3740
f 4069/4391/4069 4082/4401/4082 4083/4403/4083
f 4076/4399/4076 4084/4404/4084 4070/4387/4070
f 4070/4387/4070 4084/4404/4084 4085/4405/4085
f 4070/4387/4070 4085/4405/4085 4071/4388/4071
f 4071/4388/4071 4085/4405/4085 4091/4406/4091
f 4086/4389/4086 4106/3959/4106 4078/4385/4078
f 4076/4399/4076 4083/4403/4083 4090/4407/4090
f 4079/4368/4079 4095/4408/4095 4058/4378/4058
f 4058/4378/4058 4095/4408/4095 4072/4392/4072
f 4072/4392/4072 4095/4408/4095 4088/4409/4088
f 4080/4410/4080 4096/4411/4096 4081/4412/4081
f 4087/4413/4087 4093/3961/4093 4107/3940/4107
f 3630/3943/3630 3635/4414/3635 4079/4368/4079
f 4090/4407/4090 4099/4415/4099 4084/4404/4084
f 4092/4416/4092 4105/3958/4105 4086/4389/4086
f 4090/4407/4090 4098/4417/4098 3633/3948/3633
f 4100/4418/4100 4099/4415/4099 3634/4419/3634
f 4088/4409/4088 4095/4408/4095 4103/3949/4103
f 4091/4406/4091 4100/4418/4100 4104/4420/4104
f 4092/4416/4092 4101/4421/4101 3643/3956/3643
f 4080/4410/4080 3631/3953/3631 3632/3955/3632
f 3633/3948/3633 3634/4419/3634 4099/4415/4099
f 4095/4408/4095 3635/4414/3635 3636/3950/3636
f 3634/4419/3634 3641/3973/3641 4100/4418/4100
f 4104/4420/4104 3642/3974/3642 4101/4421/4101
f 4101/4421/4101 3642/3974/3642 3643/3956/3643
f 3632/3955/3632 3638/3963/3638 4096/4411/4096
f 4102/3942/4102 3661/3941/3661 3644/3971/3644
f 3630/3943/3630 3662/3945/3662 3635/4414/3635
f 3634/4419/3634 3633/3948/3633 3646/3947/3646
f 3634/4419/3634 3646/3947/3646 3641/3973/3641
f 3660/3960/3660 4106/3959/4106 4105/3958/4105 3647/3957/3647
f 3632/3955/3632 3645/3954/3645 3638/3963/3638
f 3662/3945/3662 3663/3984/3663 3636/3950/3636 3635/4414/3635
f 4093/3961/4093 3660/3960/3660 4107/3940/4107
f 3637/3952/3637 3649/3976/3649 3645/3954/3645
f 3647/3957/3647 3643/3956/3643 3655/3979/3655
f 3638/3963/3638 3650/3962/3650 3651/3964/3651
f 3661/3941/3661 4107/3940/4107 3677/3966/3677
f 3640/3946/3640 3639/3965/3639 3652/3967/3652
f 4094/3944/4094 3702/3969/3702 3662/3945/3662
f 3640/3946/3640 3652/3967/3652 3646/3947/3646
f 3669/4006/3669 3644/3971/3644 3687/3970/3687
f 3655/3979/3655 3643/3956/3643 3642/3974/3642 3654/3975/3654
f 3636/3950/3636 3663/3984/3663 3648/3951/3648
f 3637/3952/3637 4103/3949/4103 3649/3976/3649
f 3671/3988/3671 3649/3976/3649 3648/3951/3648 3670/3985/3670
f 3645/3954/3645 3656/3978/3656 3650/3962/3650
f 3647/3957/3647 3676/3980/3676 3660/3960/3660
f 3651/3964/3651 3657/3981/3657 3652/3967/3652
f 3646/3947/3646 3659/3977/3659 3653/3972/3653
f 3653/3972/3653 3666/3983/3666 3654/3975/3654
f 3657/3981/3657 3651/3964/3651 3664/3987/3664
f 3677/3966/3677 3660/3960/3660 3680/3990/3680
f 3652/3967/3652 3658/3982/3658 3659/3977/3659
f 3668/3996/3668 3655/3979/3655 3654/3975/3654 3667/3986/3667
f 3665/3992/3665 3659/3977/3659 3658/3982/3658 3674/4003/3674
f 3649/3976/3649 3671/3988/3671 3656/3978/3656
f 3655/3979/3655 3668/3996/3668 3676/3980/3676
f 3682/4022/3682 3671/3988/3671 3670/3985/3670 3695/4020/3695
f 3663/3984/3663 3662/3945/3662 3681/4012/3681
f 3659/3977/3659 3665/3992/3665 3666/3983/3666
f 3666/3983/3666 3675/3993/3675 3667/3986/3667
f 3664/3987/3664 3656/3978/3656 3672/3989/3672
f 3657/3981/3657 3673/3991/3673 3658/3982/3658
f 3663/3984/3663 3681/4012/3681 3670/3985/3670
f 3676/3980/3676 3668/3996/3668 3686/3995/3686
f 3673/3991/3673 3664/3987/3664 3678/3997/3678
f 3674/4003/3674 3658/3982/3658 3673/3991/3673
f 3662/3945/3662 3694/3998/3694 3681/4012/3681
f 3682/4022/3682 3683/4009/3683 3672/3989/3672 3671/3988/3671
f 3667/3986/3667 3692/3999/3692 3686/3995/3686
f 3684/4001/3684 3685/4004/3685 3674/4003/3674 3673/3991/3673
f 3678/3997/3678 3672/3989/3672 3683/4009/3683
f 3676/3980/3676 3693/4000/3693 3680/3990/3680
f 3690/4007/3690 3691/4422/3691 3679/3994/3679 3675/3993/3675
f 3661/3941/3661 3701/4002/3701 3687/3970/3687
f 3665/3992/3665 3690/4007/3690 3675/3993/3675
f 3692/3999/3692 3679/3994/3679 3691/4422/3691
f 3678/3997/3678 3696/4010/3696 3689/4014/3689
f 3680/3990/3680 3712/4011/3712 3700/4026/3700
f 3684/4001/3684 3678/3997/3678 3689/4014/3689
f 3680/3990/3680 3700/4026/3700 3701/4002/3701
f 3704/4021/3704 3688/4024/3688 3683/4009/3683 3682/4022/3682
f 3670/3985/3670 3703/4013/3703 3695/4020/3695
f 3693/4000/3693 3686/3995/3686 3692/3999/3692
f 3696/4010/3696 3683/4009/3683 3688/4024/3688
f 3693/4000/3693 3718/4039/3718 3712/4011/3712
f 3687/3970/3687 3764/4016/3764 3817/4005/3817
f 3681/4012/3681 3713/4019/3713 3703/4013/3703
f 3708/4034/3708 3709/4035/3709 3690/4007/3690 3699/4017/3699
f 3698/4015/3698 3689/4014/3689 3697/4023/3697
f 3699/4017/3699 3698/4015/3698 3707/4030/3707
f 3710/4423/3710 3711/4424/3711 3692/3999/3692 3691/4422/3691
f 3691/4422/3691 3690/4007/3690 3709/4035/3709
f 3691/4422/3691 3709/4035/3709 3710/4423/3710
f 3711/4424/3711 3717/4044/3717 3693/4000/3693 3692/3999/3692
f 3705/4025/3705 3706/4425/3706 3696/4010/3696 3688/4024/3688
f 3718/4039/3718 3693/4000/3693 3717/4044/3717
f 3716/4043/3716 3710/4423/3710 3709/4035/3709 3725/4037/3725
f 3701/4002/3701 3750/4027/3750 3751/4426/3751
f 3698/4015/3698 3714/4028/3714 3707/4030/3707
f 3701/4002/3701 3751/4426/3751 3764/4016/3764
f 3694/3998/3694 3741/4029/3741 3719/4018/3719
f 3699/4017/3699 3715/4031/3715 3708/4034/3708
f 3704/4021/3704 3695/4020/3695 3720/4032/3720
f 3697/4023/3697 3696/4010/3696 3706/4425/3706
f 3720/4032/3720 3703/4013/3703 3735/4036/3735
f 3743/4061/3743 3744/4062/3744 3727/4052/3727 3726/4060/3726
f 3711/4424/3711 3710/4423/3710 3716/4043/3716
f 3711/4424/3711 3716/4043/3716 3731/4045/3731
f 3705/4025/3705 3704/4021/3704 3721/4038/3721
f 3717/4044/3717 3711/4424/3711 3731/4045/3731
f 3705/4025/3705 3721/4038/3721 3722/4051/3722
f 3706/4425/3706 3705/4025/3705 3722/4051/3722
f 3706/4425/3706 3722/4051/3722 3723/4048/3723
f 3700/4026/3700 3712/4011/3712 3733/4040/3733
f 3697/4023/3697 3706/4425/3706 3723/4048/3723
f 3714/4028/3714 3697/4023/3697 3723/4048/3723
f 3702/3969/3702 3771/4041/3771 3741/4029/3741
f 3720/4032/3720 3726/4060/3726 3721/4038/3721
f 3721/4038/3721 3727/4052/3727 3722/4051/3722
f 3733/4040/3733 3718/4039/3718 3732/4046/3732
f 3700/4026/3700 3749/4047/3749 3750/4027/3750
f 3715/4031/3715 3729/4050/3729 3724/4033/3724
f 3725/4037/3725 3739/4057/3739 3730/4042/3730
f 3726/4060/3726 3720/4032/3720 3735/4036/3735
f 3716/4043/3716 3730/4042/3730 3731/4045/3731
f 3727/4052/3727 3721/4038/3721 3726/4060/3726
f 3728/4049/3728 3723/4048/3723 3737/4054/3737
f 3713/4019/3713 3719/4018/3719 3742/4055/3742
f 3713/4019/3713 3742/4055/3742 3735/4036/3735
f 3725/4037/3725 3724/4033/3724 3739/4057/3739
f 3747/4058/3747 3757/4080/3757 3732/4046/3732 3731/4045/3731
f 3757/4080/3757 3748/4069/3748 3733/4040/3733 3732/4046/3732
f 3736/4053/3736 3727/4052/3727 3744/4062/3744
f 3753/4064/3753 3737/4054/3737 3736/4053/3736 3752/4063/3752
f 3733/4040/3733 3748/4069/3748 3749/4047/3749
f 3728/4049/3728 3737/4054/3737 3745/4066/3745
f 3729/4050/3729 3728/4049/3728 3745/4066/3745
f 3729/4050/3729 3745/4066/3745 3738/4056/3738
f 3756/4075/3756 3739/4057/3739 3738/4056/3738 3755/4067/3755
f 3737/4054/3737 3754/4065/3754 3745/4066/3745
f 3787/4112/3787 3750/4027/3750 3749/4047/3749 3779/4070/3779
f 3739/4057/3739 3756/4075/3756 3746/4059/3746
f 3743/4061/3743 3735/4036/3735 3758/4068/3758
f 3788/4096/3788 3751/4426/3751 3750/4027/3750 3787/4112/3787
f 3771/4041/3771 3740/3968/3740 3828/4072/3828
f 3772/4107/3772 3742/4055/3742 3741/4029/3741 3795/4073/3795
f 3751/4426/3751 3788/4096/3788 3764/4016/3764
f 3762/4076/3762 3763/4081/3763 3747/4058/3747 3746/4059/3746
f 3745/4066/3745 3761/4074/3761 3755/4067/3755
f 3772/4107/3772 3780/4092/3780 3758/4068/3758 3742/4055/3742
f 3743/4061/3743 3765/4077/3765 3759/4088/3759
f 3744/4062/3744 3743/4061/3743 3759/4088/3759
f 3757/4080/3757 3747/4058/3747 3763/4081/3763
f 3744/4062/3744 3759/4088/3759 3760/4083/3760
f 3752/4063/3752 3744/4062/3744 3760/4083/3760
f 3761/4074/3761 3754/4065/3754 3768/4089/3768
f 3767/4090/3767 3768/4089/3768 3754/4065/3754 3753/4064/3753
f 3756/4075/3756 3770/4079/3770 3762/4076/3762
f 3759/4088/3759 3773/4087/3773 3760/4083/3760
f 3757/4080/3757 3777/4082/3777 3778/4095/3778
f 3757/4080/3757 3778/4095/3778 3748/4069/3748
f 3752/4063/3752 3766/4084/3766 3767/4090/3767
f 3753/4064/3753 3752/4063/3752 3767/4090/3767
f 3782/4427/3782 3766/4084/3766 3773/4087/3773 3789/4123/3789
f 3758/4068/3758 3780/4092/3780 3765/4077/3765
f 3763/4081/3763 3776/4086/3776 3777/4082/3777
f 3748/4069/3748 3778/4095/3778 3779/4070/3779
f 3770/4079/3770 3769/4078/3769 3775/4098/3775
f 3770/4079/3770 3775/4098/3775 3776/4086/3776
f 3765/4077/3765 3781/4093/3781 3773/4087/3773
f 3776/4086/3776 3785/4099/3785 3777/4082/3777
f 3783/4102/3783 3767/4090/3767 3766/4084/3766 3782/4427/3782
f 3803/4113/3803 3779/4070/3779 3778/4095/3778 3810/4101/3810
f 3784/4091/3784 3767/4090/3767 3783/4102/3783
f 3774/4085/3774 3768/4089/3768 3784/4091/3784
f 3817/4005/3817 3764/4016/3764 3827/4097/3827
f 3780/4092/3780 3797/4115/3797 3781/4093/3781
f 3789/4123/3789 3773/4087/3773 3781/4093/3781
f 3794/4094/3794 3777/4082/3777 3786/4100/3786
f 3782/4427/3782 3790/4110/3790 3783/4102/3783
f 3793/4116/3793 3775/4098/3775 3774/4085/3774 3792/4105/3792
f 3779/4070/3779 3803/4113/3803 3787/4112/3787
f 3771/4041/3771 3829/4104/3829 3795/4073/3795
f 3816/4114/3816 3811/4146/3811 3788/4096/3788 3787/4112/3787
f 3772/4107/3772 3796/4106/3796 3780/4092/3780
f 3789/4123/3789 3781/4093/3781 3798/4118/3798
f 3786/4100/3786 3809/4109/3809 3794/4094/3794
f 3790/4110/3790 3782/4427/3782 3789/4123/3789
f 3791/4103/3791 3783/4102/3783 3799/4111/3799
f 3804/4124/3804 3805/4131/3805 3790/4110/3790 3789/4123/3789
f 3827/4097/3827 3788/4096/3788 3811/4146/3811
f 3792/4105/3792 3784/4091/3784 3791/4103/3791
f 3792/4105/3792 3800/4120/3800 3793/4116/3793
f 3824/4135/3824 3807/4126/3807 3806/4119/3806 3823/4428/3823
f 3794/4094/3794 3809/4109/3809 3810/4101/3810
f 3790/4110/3790 3805/4131/3805 3799/4111/3799
f 3791/4103/3791 3806/4119/3806 3807/4126/3807
f 3792/4105/3792 3791/4103/3791 3807/4126/3807
f 3792/4105/3792 3807/4126/3807 3800/4120/3800
f 3801/4117/3801 3793/4116/3793 3808/4121/3808
f 3797/4115/3797 3818/4128/3818 3798/4118/3798
f 3806/4119/3806 3799/4111/3799 3812/4132/3812
f 3808/4121/3808 3800/4120/3800 3813/4127/3813
f 3804/4124/3804 3798/4118/3798 3819/4129/3819
f 3809/4109/3809 3802/4108/3802 3815/4130/3815
f 3830/4150/3830 3820/4149/3820 3804/4124/3804 3819/4129/3819
f 3807/4126/3807 3824/4135/3824 3813/4127/3813
f 3808/4121/3808 3825/4133/3825 3814/4122/3814
f 3820/4149/3820 3821/4141/3821 3805/4131/3805 3804/4124/3804
f 3843/4143/3843 3810/4101/3810 3809/4109/3809 3826/4134/3826
f 3822/4142/3822 3823/4428/3823 3806/4119/3806 3812/4132/3812
f 3805/4131/3805 3821/4141/3821 3812/4132/3812
f 3810/4101/3810 3843/4143/3843 3803/4113/3803
f 3833/4140/3833 3834/4152/3834 3815/4130/3815 3814/4122/3814
f 3825/4133/3825 3813/4127/3813 3832/4136/3832
f 3818/4128/3818 3796/4106/3796 3845/4137/3845
f 3858/4171/3858 3816/4114/3816 3803/4113/3803 3835/4144/3835
f 3826/4134/3826 3815/4130/3815 3834/4152/3834
f 3840/4429/3840 3824/4135/3824 3823/4428/3823 3831/4430/3831
f 3811/4146/3811 3816/4114/3816 3858/4171/3858
f 3822/4142/3822 3839/4145/3839 3831/4430/3831
f 3823/4428/3823 3822/4142/3822 3831/4430/3831
f 3838/4151/3838 3839/4145/3839 3821/4141/3821 3820/4149/3820
f 3898/4139/3898 3827/4097/3827 3897/4147/3897
f 3824/4135/3824 3840/4429/3840 3832/4136/3832
f 3818/4128/3818 3845/4137/3845 3837/4157/3837
f 3825/4133/3825 3841/4148/3841 3833/4140/3833
f 3819/4129/3819 3818/4128/3818 3837/4157/3837
f 3819/4129/3819 3837/4157/3837 3830/4150/3830
f 3915/4160/3915 3829/4104/3829 3828/4072/3828 3879/4155/3879
f 3848/4162/3848 3832/4136/3832 3840/4429/3840 3847/4175/3847
f 3829/4104/3829 3915/4160/3915 3836/4125/3836
f 3849/4156/3849 3850/4167/3850 3834/4152/3834 3833/4140/3833
f 3836/4125/3836 3844/4169/3844 3845/4137/3845
f 3832/4136/3832 3848/4162/3848 3841/4148/3841
f 3853/4431/3853 3839/4145/3839 3838/4151/3838 3852/4166/3852
f 3838/4151/3838 3830/4150/3830 3846/4158/3846
f 3842/4153/3842 3834/4152/3834 3850/4167/3850
f 3826/4134/3826 3864/4159/3864 3843/4143/3843
f 3836/4125/3836 3880/4161/3880 3844/4169/3844
f 3841/4148/3841 3856/4163/3856 3849/4156/3849
f 3837/4157/3837 3859/4165/3859 3846/4158/3846
f 3842/4153/3842 3863/4168/3863 3864/4159/3864
f 3854/4173/3854 3831/4430/3831 3839/4145/3839 3853/4431/3853
f 3835/4144/3835 3843/4143/3843 3864/4159/3864
f 3847/4175/3847 3840/4429/3840 3831/4430/3831 3854/4173/3854
f 3862/4170/3862 3857/4177/3857 3850/4167/3850 3849/4156/3849
f 3848/4162/3848 3855/4176/3855 3856/4163/3856
f 3865/4179/3865 3866/4182/3866 3853/4431/3853 3852/4166/3852
f 3852/4166/3852 3846/4158/3846 3859/4165/3859
f 3863/4168/3863 3850/4167/3850 3857/4177/3857
f 3853/4431/3853 3866/4182/3866 3854/4173/3854
f 3897/4147/3897 3811/4146/3811 3886/4172/3886
f 3856/4163/3856 3861/4190/3861 3862/4170/3862
f 3859/4165/3859 3851/4164/3851 3871/4185/3871
f 3863/4168/3863 3857/4177/3857 3870/4178/3870
f 3861/4190/3861 3856/4163/3856 3855/4176/3855 3869/4188/3869
f 3858/4171/3858 3835/4144/3835 3885/4181/3885
f 3886/4172/3886 3858/4171/3858 3885/4181/3885
f 3854/4173/3854 3867/4183/3867 3860/4174/3860
f 3855/4176/3855 3868/4184/3868 3869/4188/3869
f 3873/4193/3873 3866/4182/3866 3865/4179/3865 3881/4198/3881
f 3865/4179/3865 3859/4165/3859 3872/4192/3872
f 3885/4181/3885 3864/4159/3864 3878/4186/3878
f 3866/4182/3866 3873/4193/3873 3867/4183/3867
f 3844/4169/3844 3888/4187/3888 3871/4185/3871
f 3870/4178/3870 3862/4170/3862 3876/4191/3876
f 3893/4210/3893 3894/4212/3894 3875/4189/3875 3874/4196/3874
f 3642/3974/3642 4104/4420/4104 3641/3973/3641 3653/3972/3653
f 3875/4189/3875 3869/4188/3869 3874/4196/3874
f 3872/4192/3872 3871/4185/3871 3889/4201/3889
f 3884/4180/3884 3870/4178/3870 3877/4197/3877
f 3874/4196/3874 3892/4200/3892 3893/4210/3893
f 3895/4215/3895 3896/4432/3896 3877/4197/3877 3876/4191/3876
f 3876/4191/3876 3875/4189/3875 3894/4212/3894
f 3876/4191/3876 3894/4212/3894 3895/4215/3895
f 3896/4432/3896 3901/4220/3901 3884/4180/3884 3877/4197/3877
f 3881/4198/3881 3872/4192/3872 3890/4202/3890
f 3923/4247/3923 3953/4224/3953 3886/4172/3886 3885/4181/3885
f 3891/4199/3891 3882/4194/3882 3900/4218/3900
f 3902/4204/3902 3899/4205/3899 3873/4193/3873 3881/4198/3881
f 3897/4147/3897 3886/4172/3886 3953/4224/3953
f 3880/4161/3880 3916/4203/3916 3888/4187/3888
f 3890/4202/3890 3889/4201/3889 3909/4216/3909
f 3901/4220/3901 3908/4206/3908 3878/4186/3878 3884/4180/3884
f 3905/4213/3905 3894/4212/3894 3893/4210/3893 3904/4208/3904
f 3882/4194/3882 3899/4205/3899 3900/4218/3900
f 3885/4181/3885 3908/4206/3908 3923/4247/3923
f 3888/4187/3888 3916/4203/3916 3924/4236/3924
f 3909/4216/3909 3889/4201/3889 3888/4187/3888 3924/4236/3924
f 3907/4221/3907 3896/4432/3896 3895/4215/3895 3906/4214/3906
f 3911/4223/3911 3912/4227/3912 3900/4218/3900 3899/4205/3899
f 3902/4204/3902 3890/4202/3890 3910/4217/3910
f 3901/4220/3901 3896/4432/3896 3907/4221/3907
f 3901/4220/3901 3914/4222/3914 3908/4206/3908
f 3922/4241/3922 3913/4240/3913 3907/4221/3907 3906/4214/3906
f 3903/4207/3903 3900/4218/3900 3912/4227/3912
f 4050/4209/4050 3897/4147/3897 3947/4225/3947
f 3906/4214/3906 3921/4234/3921 3922/4241/3922
f 3909/4216/3909 3925/4238/3925 3910/4217/3910
f 3919/4228/3919 3920/4232/3920 3904/4208/3904 3903/4207/3903
f 3914/4222/3914 3907/4221/3907 3913/4240/3913
f 3911/4223/3911 3902/4204/3902 3918/4219/3918
f 3908/4206/3908 3932/4226/3932 3938/4245/3938
f 3911/4223/3911 3926/4229/3926 3912/4227/3912
f 3923/4247/3923 3908/4206/3908 3938/4245/3938
f 3920/4232/3920 3921/4234/3921 3905/4213/3905 3904/4208/3904
f 3917/4239/3917 3934/4257/3934 3918/4219/3918 3910/4217/3910
f 3906/4214/3906 3905/4213/3905 3921/4234/3921
f 3931/4242/3931 3937/4259/3937 3914/4222/3914 3913/4240/3913
f 3975/4286/3975 3915/4160/3915 3879/4155/3879 4068/4244/4068
f 3914/4222/3914 3937/4259/3937 3932/4226/3932
f 3919/4228/3919 3912/4227/3912 3928/4230/3928
f 3925/4238/3925 3909/4216/3909 3940/4237/3940
f 3926/4229/3926 3918/4219/3918 3934/4257/3934
f 3938/4245/3938 3932/4226/3932 3933/4262/3933
f 3926/4229/3926 3927/4252/3927 3928/4230/3928
f 3945/4433/3945 3930/4235/3930 3929/4233/3929 3944/4254/3944
f 3953/4224/3953 3923/4247/3923 3939/4246/3939
f 3915/4160/3915 3975/4286/3975 3954/4231/3954
f 3929/4233/3929 3919/4228/3919 3935/4248/3935
f 3924/4236/3924 3916/4203/3916 3964/4249/3964
f 3931/4242/3931 3922/4241/3922 3936/4250/3936
f 3934/4257/3934 3917/4239/3917 3941/4251/3941
f 3935/4248/3935 3928/4230/3928 3943/4253/3943
f 3951/4265/3951 3936/4250/3936 3930/4235/3930 3945/4433/3945
f 3924/4236/3924 3948/4255/3948 3940/4237/3940
f 3956/4282/3956 3941/4251/3941 3940/4237/3940 3955/4264/3955
f 3925/4238/3925 3940/4237/3940 3941/4251/3941
f 3937/4259/3937 3931/4242/3931 3946/4256/3946
f 3932/4226/3932 3952/4260/3952 3933/4262/3933
f 3927/4252/3927 3926/4229/3926 3942/4261/3942
f 3944/4254/3944 3960/4277/3960 3945/4433/3945
f 3945/4433/3945 3961/4269/3961 3951/4265/3951
f 3946/4256/3946 3936/4250/3936 3951/4265/3951
f 3942/4261/3942 3934/4257/3934 3949/4258/3949
f 3927/4252/3927 3942/4261/3942 3943/4253/3943
f 3938/4245/3938 3963/4263/3963 3939/4246/3939
f 3961/4269/3961 3945/4433/3945 3960/4277/3960
f 3956/4282/3956 3957/4272/3957 3949/4258/3949 3941/4251/3941
f 3959/4278/3959 3944/4254/3944 3943/4253/3943 3950/4268/3950
f 3952/4260/3952 3946/4256/3946 3970/4266/3970
f 3967/4274/3967 3950/4268/3950 3942/4261/3942 3966/4273/3966
f 3960/4277/3960 3944/4254/3944 3959/4278/3959
f 3970/4266/3970 3951/4265/3951 3962/4270/3962
f 3952/4260/3952 3974/4271/3974 3963/4263/3963
f 3971/4290/3971 3958/4267/3958 3957/4272/3957 3965/4299/3965
f 3950/4268/3950 3968/4275/3968 3959/4278/3959
f 3953/4224/3953 3989/4276/3989 3947/4225/3947
f 3956/4282/3956 3977/4281/3977 3965/4299/3965
f 3957/4272/3957 3956/4282/3956 3965/4299/3965
f 3976/4304/3976 3955/4264/3955 3948/4255/3948 3991/4288/3991
f 3958/4267/3958 3971/4290/3971 3966/4273/3966
f 3966/4273/3966 3972/4294/3972 3967/4274/3967
f 3989/4276/3989 3939/4246/3939 3984/4285/3984
f 3969/4279/3969 3959/4278/3959 3968/4275/3968
f 3954/4231/3954 4012/4287/4012 3964/4249/3964
f 3972/4294/3972 3979/4300/3979 3968/4275/3968 3967/4274/3967
f 3962/4270/3962 3961/4269/3961 3981/4289/3981
f 3974/4271/3974 3970/4266/3970 3983/4293/3983
f 3972/4294/3972 3966/4273/3966 3978/4291/3978
f 3979/4300/3979 3980/4296/3980 3969/4279/3969 3968/4275/3968
f 3996/4305/3996 3997/4306/3997 3982/4283/3982 3981/4289/3981
f 3969/4279/3969 3980/4296/3980 3973/4280/3973
f 3964/4249/3964 3990/4292/3990 3991/4288/3991
f 3977/4281/3977 3955/4264/3955 3976/4304/3976
f 3979/4300/3979 3972/4294/3972 3985/4295/3985
f 3989/4276/3989 3984/4285/3984 4011/4434/4011
f 3981/4289/3981 3973/4280/3973 3987/4297/3987
f 3982/4283/3982 3997/4306/3997 3983/4293/3983
f 4011/4434/4011 3984/4285/3984 4020/4309/4020
f 3979/4300/3979 3986/4301/3986 3995/4435/3995
f 3975/4286/3975 4057/4302/4057 4012/4287/4012
f 3980/4296/3980 3979/4300/3979 3995/4435/3995
f 3980/4296/3980 3995/4435/3995 3987/4297/3987
f 3994/4436/3994 3978/4291/3978 3971/4290/3971 3993/4308/3993
f 3983/4293/3983 3998/4307/3998 3988/4284/3988
f 4014/4330/4014 4003/4437/4003 3993/4438/3993 3992/4329/3992
f 3985/4295/3985 3978/4291/3978 3994/4436/3994
f 3987/4312/3987 4001/4311/4001 3996/4317/3996
f 3976/4315/3976 4013/4314/4013 3992/4329/3992
f 3986/4333/3986 3985/4323/3985 4000/4325/4000
f 3995/4310/3995 4007/4439/4007 4001/4311/4001
f 3991/4326/3991 4021/4328/4021 3999/4313/3999
f 4004/4338/4004 3994/4324/3994 3993/4438/3993 4003/4437/4003
f 3998/4319/3998 4010/4332/4010 4019/4320/4019
f 4007/4439/4007 3995/4310/3995 3986/4333/3986 4006/4334/4006
f 4000/4325/4000 3994/4324/3994 4004/4338/4004
f 4018/4343/4018 4002/4318/4002 4001/4311/4001 4008/4349/4008
f 3947/4337/3947 4049/4336/4049 4050/4380/4050
f 4008/4349/4008 4001/4311/4001 4007/4439/4007 4017/4347/4017
f 4013/4314/4013 3999/4313/3999 4021/4328/4021
f 4002/4318/4002 4018/4343/4018 4009/4331/4009
f 4003/4437/4003 4016/4440/4016 4004/4338/4004
f 4006/4334/4006 4000/4325/4000 4005/4339/4005
f 4016/4440/4016 4023/4359/4023 4005/4339/4005 4004/4338/4004
f 4021/4328/4021 3990/4327/3990 4027/4342/4027
f 4008/4349/4008 4025/4348/4025 4018/4343/4018
f 4009/4331/4009 4026/4344/4026 4033/4351/4033
f 4003/4437/4003 4014/4330/4014 4015/4441/4015
f 4010/4332/4010 4009/4331/4009 4033/4351/4033
f 4003/4437/4003 4015/4441/4015 4016/4440/4016
f 4010/4332/4010 4033/4351/4033 4019/4320/4019
f 4017/4347/4017 4007/4439/4007 4006/4334/4006 4024/4354/4024
f 4005/4339/4005 4023/4359/4023 4024/4354/4024
f 4006/4334/4006 4005/4339/4005 4024/4354/4024
f 4049/4336/4049 4011/4340/4011 4048/4346/4048
f 4022/4442/4022 4015/4441/4015 4014/4330/4014 4028/4350/4028
f 4018/4343/4018 4032/4358/4032 4026/4344/4026
f 4029/4360/4029 4016/4440/4016 4015/4441/4015 4022/4442/4022
f 4042/4443/4042 4052/4386/4052 4035/4361/4035 4029/4360/4029
f 4019/4320/4019 4038/4352/4038 4034/4345/4034
f 4023/4359/4023 4016/4440/4016 4029/4360/4029
f 4048/4346/4048 4020/4322/4020 4047/4353/4047
f 4017/4347/4017 4030/4355/4030 4031/4362/4031
f 4012/4341/4012 4051/4357/4051 4027/4342/4027
f 4017/4347/4017 4031/4362/4031 4025/4348/4025
f 4026/4344/4026 4037/4365/4037 4033/4351/4033
f 4025/4348/4025 4036/4363/4036 4032/4358/4032
f 4028/4350/4028 4021/4328/4021 4039/4364/4039
f 4041/4444/4041 4022/4442/4022 4028/4350/4028 4040/4370/4040
f 4034/4345/4034 4056/4366/4056 4047/4353/4047
f 4030/4355/4030 4043/4367/4043 4044/4372/4044
f 4031/4362/4031 4030/4355/4030 4044/4372/4044
f 4031/4362/4031 4044/4372/4044 4036/4363/4036
f 4039/4364/4039 4027/4342/4027 4079/4368/4079
f 4042/4443/4042 4029/4360/4029 4022/4442/4022 4041/4444/4041
f 4038/4352/4038 4033/4351/4033 4046/4371/4046
f 3644/3971/3644 3669/4006/3669 4050/4380/4050 4049/4336/4049
f 4043/4367/4043 4035/4361/4035 4052/4386/4052
f 4045/4369/4045 4036/4363/4036 4054/4373/4054
f 4040/4370/4040 4039/4364/4039 4059/4382/4059
f 4038/4352/4038 4067/4375/4067 4056/4366/4056
f 4102/3942/4102 4048/4346/4048 4087/4413/4087
f 4061/4395/4061 4041/4444/4041 4040/4370/4040 4060/4383/4060
f 4044/4372/4044 4053/4377/4053 4054/4373/4054
f 4039/4364/4039 4058/4378/4058 4059/4382/4059
f 4055/4374/4055 4045/4369/4045 4065/4381/4065
f 4062/4397/4062 4042/4443/4042 4041/4444/4041 4061/4395/4061
f 4067/4375/4067 4046/4371/4046 4066/4384/4066
f 4062/4397/4062 4063/4390/4063 4052/4386/4052 4042/4443/4042
f 4087/4413/4087 4048/4346/4048 4047/4353/4047 4078/4385/4078
f 4077/4393/4077 4086/4389/4086 4067/4375/4067 4066/4384/4066
f 4065/4381/4065 4054/4373/4054 4070/4387/4070
f 4066/4384/4066 4055/4374/4055 4071/4388/4071
f 4056/4366/4056 4086/4389/4086 4078/4385/4078
f 4064/4376/4064 4052/4386/4052 4069/4391/4069
f 4060/4383/4060 4059/4382/4059 4072/4392/4072
f 4060/4383/4060 4072/4392/4072 4073/4394/4073
f 3630/3943/3630 4051/4357/4051 4057/4356/4057 4094/3944/4094
f 4062/4397/4062 4074/4396/4074 4075/4400/4075
f 4063/4390/4063 4062/4397/4062 4075/4400/4075
f 4063/4390/4063 4075/4400/4075 4069/4391/4069
f 4081/4412/4081 4075/4400/4075 4074/4396/4074 4080/4410/4080
f 4053/4377/4053 4064/4376/4064 4076/4399/4076
f 4051/4357/4051 3630/3943/3630 4079/4368/4079
f 4053/4377/4053 4076/4399/4076 4070/4387/4070
f 4077/4393/4077 4071/4388/4071 4091/4406/4091
f 4087/4413/4087 4078/4385/4078 4093/3961/4093
f 4068/4398/4068 3740/3968/3740 4094/3944/4094
f 4069/4391/4069 4083/4403/4083 4076/4399/4076
f 4074/4396/4074 4073/4394/4073 4089/4445/4089
f 4086/4389/4086 4077/4393/4077 4092/4416/4092
f 4074/4396/4074 4089/4445/4089 4080/4410/4080
f 4097/4446/4097 4082/4401/4082 4081/4412/4081 4096/4411/4096
f 4093/3961/4093 4078/4385/4078 4106/3959/4106
f 4075/4400/4075 4081/4412/4081 4082/4401/4082
f 4076/4399/4076 4090/4407/4090 4084/4404/4084
f 4073/4394/4073 4072/4392/4072 4088/4409/4088
f 4073/4394/4073 4088/4409/4088 4089/4445/4089
f 4077/4393/4077 4091/4406/4091 4092/4416/4092
f 4086/4389/4086 4105/3958/4105 4106/3959/4106
f 4097/4446/4097 4098/4417/4098 4083/4403/4083 4082/4401/4082
f 4099/4415/4099 4100/4418/4100 4085/4405/4085 4084/4404/4084
f 4102/3942/4102 4087/4413/4087 4107/3940/4107
f 4090/4407/4090 4083/4403/4083 4098/4417/4098
f 4095/4408/4095 4079/4368/4079 3635/4414/3635
f 3631/3953/3631 4089/4445/4089 4088/4409/4088 4103/3949/4103
f 4091/4406/4091 4085/4405/4085 4100/4418/4100
f 4091/4406/4091 4101/4421/4101 4092/4416/4092
f 4089/4445/4089 3631/3953/3631 4080/4410/4080
f 4090/4407/4090 3633/3948/3633 4099/4415/4099
f 4091/4406/4091 4104/4420/4104 4101/4421/4101
f 3638/3963/3638 3639/3965/3639 4097/4446/4097 4096/4411/4096
f 4092/4416/4092 3643/3956/3643 4105/3958/4105
f 4080/4410/4080 3632/3955/3632 4096/4411/4096
f 4098/4417/4098 3639/3965/3639 3640/3946/3640
f 3633/3948/3633 4098/4417/4098 3640/3946/3640
f 4095/4408/4095 3636/3950/3636 4103/3949/4103
f 4104/4420/4104 4100/4418/4100 3641/3973/3641
f 3632/3955/3632 3631/3953/3631 3637/3952/3637
f 4098/4417/4098 4097/4446/4097 3639/3965/3639
o Boss_crown_horn_1
v 0.556264 2.286187 -0.099746
v 0.572352 2.293316 -0.080195
v 0.565159 2.275102 -0.085066
v 0.562320 2.289244 -0.094616
v 0.561274 2.281026 -0.097580
v 0.566393 2.283662 -0.093607
v 0.573449 2.286426 -0.082807
v 0.568199 2.291849 -0.087471
v 0.570263 2.285377 -0.088911
v 0.564477 2.277034 -0.092293
v 0.570860 2.279871 -0.084560
v 0.569045 2.280761 -0.090417
v 0.590168 2.286233 -0.015551
v 0.590548 2.301411 -0.029621
v 0.592814 2.302431 -0.002802
v 0.593688 2.290027 -0.021105
v 0.594544 2.290410 -0.010931
v 0.596115 2.292796 -0.016281
v 0.592321 2.302497 -0.021233
v 0.593825 2.295495 -0.026174
v 0.595471 2.296563 -0.019542
v 0.595498 2.296246 -0.006337
v 0.593150 2.302870 -0.011426
v 0.596003 2.296803 -0.013222
v 0.574541 2.279299 0.073298
v 0.580553 2.297000 0.066893
v 0.566961 2.290987 0.087676
v 0.579924 2.283696 0.070278
v 0.573137 2.280693 0.080656
v 0.578302 2.284936 0.077450
v 0.578345 2.296030 0.075107
v 0.582130 2.290193 0.067927
v 0.579856 2.289511 0.075794
v 0.570354 2.284984 0.085934
v 0.573356 2.293823 0.082736
v 0.576343 2.287957 0.081165
v 0.471963 2.248713 0.147304
v 0.449648 2.238777 0.147304
v 0.466402 2.231177 0.141174
v 0.464901 2.245569 0.150255
v 0.473267 2.241774 0.147194
v 0.466364 2.239020 0.149965
v 0.453932 2.233166 0.147194
v 0.456710 2.241923 0.150255
v 0.460598 2.236453 0.149965
v 0.471225 2.235337 0.144945
v 0.460082 2.230376 0.144945
v 0.464927 2.234488 0.148381
v 0.359093 2.183386 0.073811
v 0.354666 2.196468 0.087676
v 0.342594 2.191094 0.066645
v 0.358467 2.185117 0.081052
v 0.352438 2.182433 0.070550
v 0.352087 2.184229 0.077617
v 0.348603 2.193767 0.082563
v 0.356842 2.189918 0.086142
v 0.350943 2.187609 0.081200
v 0.346382 2.185262 0.067920
v 0.344172 2.191794 0.074843
v 0.347824 2.186221 0.075765
v 0.344693 2.192074 -0.074446
v 0.350226 2.179464 -0.060874
v 0.334721 2.187618 -0.052908
v 0.346846 2.185509 -0.072958
v 0.339103 2.189581 -0.068980
v 0.341414 2.183405 -0.067677
v 0.343897 2.178656 -0.057220
v 0.348877 2.180881 -0.067976
v 0.342844 2.180146 -0.064170
v 0.335443 2.187945 -0.061074
v 0.338206 2.181649 -0.054296
v 0.338837 2.182254 -0.062111
v 0.472202 2.248808 -0.147796
v 0.466988 2.231441 -0.141182
v 0.449898 2.238909 -0.146807
v 0.473569 2.241899 -0.147624
v 0.465035 2.245629 -0.150433
v 0.466567 2.239111 -0.150092
v 0.460518 2.230582 -0.144702
v 0.471655 2.235525 -0.145196
v 0.465219 2.234623 -0.148383
v 0.456849 2.241995 -0.150070
v 0.454245 2.233323 -0.146767
v 0.460803 2.236553 -0.149837
v 0.246197 2.756423 -0.026380
v 0.211976 2.773293 -0.018989
v 0.204970 2.755843 0.001310
v 0.217042 2.761218 0.022342
v 0.239358 2.771153 0.022342
v 0.290646 2.721916 0.009076
v 0.312402 2.687546 -0.018687
v 0.235052 2.762194 -0.026319
v 0.268136 2.735383 -0.025014
v 0.233309 2.779838 -0.015291
v 0.207613 2.767364 -0.013611
v 0.222546 2.768359 -0.023617
v 0.211276 2.791650 -0.011107
v 0.206946 2.757230 0.009139
v 0.205058 2.760999 -0.006206
v 0.205223 2.788638 0.000689
v 0.223930 2.764831 0.024626
v 0.211349 2.759191 0.016810
v 0.212143 2.789647 0.011706
v 0.256873 2.756550 0.019248
v 0.232064 2.768453 0.024626
v 0.229062 2.787699 0.012659
v 0.298598 2.711782 0.000156
v 0.275640 2.738534 0.014394
v 0.252783 2.767887 0.003798
v 0.292366 2.710176 -0.022198
v 0.306559 2.699205 -0.010003
v 0.258387 2.758374 -0.009344
vn 0.4537 0.2619 -0.8518
vn 0.7978 0.4250 -0.4276
vn 0.5383 -0.8315 -0.1374
vn 0.5596 0.3704 -0.7414
vn 0.5874 -0.1204 -0.8003
vn 0.6711 0.0457 -0.7399
vn 0.9152 0.0320 -0.4018
vn 0.6906 0.4321 -0.5800
vn 0.8257 0.1178 -0.5516
vn 0.6200 -0.6168 -0.4850
vn 0.8047 -0.5311 -0.2653
vn 0.7788 -0.3721 -0.5049
vn 0.5795 -0.8148 -0.0186
vn 0.8399 0.4411 -0.3162
vn 0.8830 0.4488 0.1374
vn 0.8329 -0.5247 -0.1759
vn 0.8530 -0.5168 0.0727
vn 0.9508 -0.3020 -0.0689
vn 0.8504 0.4953 -0.1775
vn 0.9525 0.0432 -0.3013
vn 0.9659 0.1671 -0.1976
vn 0.9895 0.0536 0.1341
vn 0.8654 0.5011 -0.0053
vn 0.9845 0.1744 0.0198
vn 0.5694 -0.8108 0.1357
vn 0.8723 0.4222 0.2466
vn 0.4920 0.2414 0.8365
vn 0.8354 -0.5211 0.1750
vn 0.6448 -0.6093 0.4616
vn 0.8191 -0.3879 0.4226
vn 0.8019 0.4033 0.4408
vn 0.9752 0.0028 0.2213
vn 0.9121 0.0398 0.4080
vn 0.6163 -0.1651 0.7700
vn 0.6314 0.3228 0.7051
vn 0.7404 -0.0405 0.6709
vn 0.3724 0.2014 0.9059
vn -0.4002 -0.1384 0.9059
vn 0.3961 -0.8886 0.2312
vn 0.1379 0.1336 0.9814
vn 0.5152 -0.1907 0.8356
vn 0.2854 -0.2036 0.9365
vn -0.2041 -0.5080 0.8368
vn -0.1916 -0.0130 0.9814
vn -0.0396 -0.3483 0.9365
vn 0.5200 -0.6597 0.5426
vn 0.1437 -0.8284 0.5414
vn 0.2761 -0.6200 0.7344
vn 0.2173 -0.9683 0.1228
vn -0.5263 -0.1992 0.8267
vn -0.9165 -0.3718 0.1475
vn 0.0070 -0.8908 0.4543
vn -0.1824 -0.9754 0.1236
vn -0.2884 -0.8749 0.3891
vn -0.6987 -0.2503 0.6701
vn -0.3128 -0.5628 0.7651
vn -0.5106 -0.5717 0.6422
vn -0.6769 -0.7241 0.1320
vn -0.8675 -0.3255 0.3761
vn -0.6777 -0.6461 0.3511
vn -0.5686 -0.2120 -0.7949
vn 0.2092 -0.9724 -0.1037
vn -0.9288 -0.3702 -0.0183
vn -0.3570 -0.5732 -0.7375
vn -0.7505 -0.2585 -0.6082
vn -0.5676 -0.5783 -0.5860
vn -0.1955 -0.9792 -0.0549
vn -0.0195 -0.9016 -0.4322
vn -0.3229 -0.8861 -0.3325
vn -0.9038 -0.3249 -0.2784
vn -0.6926 -0.7212 -0.0149
vn -0.7187 -0.6441 -0.2619
vn 0.3345 0.1964 -0.9217
vn 0.3878 -0.8922 -0.2313
vn -0.4329 -0.1539 -0.8882
vn 0.4817 -0.1971 -0.8539
vn 0.1011 0.1190 -0.9877
vn 0.2502 -0.2178 -0.9434
vn 0.1247 -0.8379 -0.5315
vn 0.4997 -0.6677 -0.5519
vn 0.2487 -0.6322 -0.7338
vn -0.2270 -0.0307 -0.9734
vn -0.2342 -0.5220 -0.8202
vn -0.0735 -0.3649 -0.9282
vn 0.3633 0.4614 -0.8094
vn -0.5754 0.1366 -0.8064
vn -0.9894 -0.1276 0.0698
vn -0.5511 0.0830 0.8303
vn 0.3663 0.5037 0.7824
vn 0.7782 0.6045 0.1701
vn 0.7396 0.5610 -0.3718
vn 0.1613 0.4061 -0.8995
vn 0.5611 0.5212 -0.6431
vn 0.3831 0.7672 -0.5145
vn -0.8218 0.0343 -0.5688
vn -0.1997 0.2896 -0.9361
vn -0.2028 0.7930 -0.5745
vn -0.9311 -0.0616 0.3595
vn -0.9773 -0.0652 -0.2018
vn -0.7139 0.7001 -0.0130
vn -0.2820 0.2406 0.9287
vn -0.7573 0.0168 0.6528
vn -0.2262 0.7954 0.5623
vn 0.5975 0.5691 0.5649
vn 0.1067 0.4154 0.9034
vn 0.3628 0.8361 0.4115
vn 0.7916 0.6096 -0.0421
vn 0.7306 0.6021 0.3222
vn 0.6345 0.7706 0.0594
vn 0.6692 0.5545 -0.4946
vn 0.7761 0.5976 -0.2013
vn 0.6772 0.6735 -0.2963
vt 0.411644 0.402945
vt 0.423022 0.397757
vt 0.426831 0.398306
vt 0.417924 0.404544
vt 0.434217 0.386327
vt 0.435110 0.389388
vt 0.439646 0.374366
vt 0.441758 0.380386
vt 0.941758 0.380386
vt 0.928841 0.380801
vt 0.926536 0.389748
vt 0.931221 0.387637
vt 0.917791 0.381098
vt 0.917738 0.392102
vt 0.917924 0.404544
vt 0.924491 0.394495
vt 0.434473 0.393335
vt 0.963264 0.274734
vt 0.971066 0.283218
vt 0.976465 0.275809
vt 0.972275 0.267666
vt 0.979885 0.292992
vt 0.984195 0.283113
vt 0.473693 0.296324
vt 0.478911 0.283977
vt 0.484195 0.283113
vt 0.479885 0.292992
vt 0.480155 0.268078
vt 0.485189 0.269946
vt 0.476899 0.255298
vt 0.482451 0.259681
vt 0.982451 0.259681
vt 0.985189 0.269946
vt 0.929023 0.140255
vt 0.939348 0.144592
vt 0.937201 0.133797
vt 0.927424 0.129285
vt 0.952372 0.146913
vt 0.949126 0.134742
vt 0.448698 0.149571
vt 0.445262 0.136885
vt 0.449126 0.134742
vt 0.452372 0.146913
vt 0.435879 0.124857
vt 0.439257 0.122246
vt 0.424803 0.118922
vt 0.428628 0.116593
vt 0.928628 0.116593
vt 0.939257 0.122246
vt 0.268819 0.035960
vt 0.258148 0.030359
vt 0.256961 0.027786
vt 0.269001 0.031693
vt 0.242805 0.030359
vt 0.243247 0.028167
vt 0.232080 0.035960
vt 0.231915 0.031693
vt 0.731915 0.031693
vt 0.741408 0.039426
vt 0.750572 0.034572
vt 0.745803 0.032295
vt 0.750635 0.044853
vt 0.759754 0.039428
vt 0.769001 0.031693
vt 0.755297 0.032295
vt 0.245389 0.026119
vt 0.573910 0.139241
vt 0.573830 0.128590
vt 0.564543 0.133409
vt 0.564253 0.143852
vt 0.571580 0.116532
vt 0.561185 0.122033
vt 0.075291 0.118922
vt 0.064462 0.124718
vt 0.061185 0.122033
vt 0.071580 0.116532
vt 0.056629 0.137201
vt 0.052788 0.135416
vt 0.056115 0.149485
vt 0.052351 0.147179
vt 0.552352 0.147179
vt 0.552788 0.135416
vt 0.066070 0.358561
vt 0.062408 0.360630
vt 0.052903 0.354692
vt 0.056163 0.352295
vt 0.562408 0.360630
vt 0.564976 0.349093
vt 0.556461 0.343555
vt 0.552903 0.354692
vt 0.565764 0.338650
vt 0.556714 0.333285
vt 0.545616 0.328569
vt 0.545191 0.340019
vt 0.049527 0.326906
vt 0.049153 0.338884
vt 0.045191 0.340019
vt 0.045616 0.328569
vt 0.269732 0.465332
vt 0.269856 0.469638
vt 0.259166 0.474337
vt 0.258527 0.470180
vt 0.769856 0.469638
vt 0.760966 0.461281
vt 0.751409 0.465505
vt 0.759166 0.474337
vt 0.752210 0.455286
vt 0.742713 0.460101
vt 0.732967 0.467187
vt 0.742573 0.473188
vt 0.233182 0.462965
vt 0.243258 0.469190
vt 0.242573 0.473188
vt 0.232967 0.467187
vt 0.269341 0.289247
vt 0.258477 0.290809
vt 0.269784 0.280267
vt 0.288002 0.289890
vt 0.242549 0.286389
vt 0.237328 0.274639
vt 0.232771 0.277594
vt 0.222130 0.271995
vt 0.213495 0.258727
vt 0.221255 0.247927
vt 0.212501 0.247749
vt 0.213157 0.235956
vt 0.221351 0.222897
vt 0.236948 0.223680
vt 0.231678 0.217186
vt 0.242088 0.211939
vt 0.258059 0.211939
vt 0.268763 0.223847
vt 0.268417 0.217186
vt 0.284646 0.219416
vt 0.301141 0.227999
vt 0.293403 0.243039
vt 0.310307 0.236528
vt 0.317760 0.249776
vt 0.321362 0.266230
vt 0.295219 0.267261
vt 0.320344 0.279046
vt 0.307629 0.285170
s 1
f 4108/4447/4108 4111/4448/4111 4113/4449/4113 4112/4450/4112
f 4111/4448/4111 4115/4451/4115 4116/4452/4116 4113/4449/4113
f 4109/4453/4109 4114/4454/4114 4116/4452/4116 4115/4451/4115
f 4114/4455/4114 4118/4456/4118 4119/4457/4119 4116/4458/4116
f 4110/4459/4110 4117/4460/4117 4119/4457/4119 4118/4456/4118
f 4117/4460/4117 4112/4461/4112 4113/4462/4113 4119/4457/4119
f 4113/4449/4113 4116/4452/4116 4119/4463/4119
f 4120/4464/4120 4123/4465/4123 4125/4466/4125 4124/4467/4124
f 4123/4465/4123 4127/4468/4127 4128/4469/4128 4125/4466/4125
f 4121/4470/4121 4126/4471/4126 4128/4472/4128 4127/4473/4127
f 4126/4471/4126 4130/4474/4130 4131/4475/4131 4128/4472/4128
f 4122/4476/4122 4129/4477/4129 4131/4475/4131 4130/4474/4130
f 4129/4478/4129 4124/4467/4124 4125/4466/4125 4131/4479/4131
f 4125/4466/4125 4128/4469/4128 4131/4479/4131
f 4132/4480/4132 4135/4481/4135 4137/4482/4137 4136/4483/4136
f 4135/4481/4135 4139/4484/4139 4140/4485/4140 4137/4482/4137
f 4133/4486/4133 4138/4487/4138 4140/4488/4140 4139/4489/4139
f 4138/4487/4138 4142/4490/4142 4143/4491/4143 4140/4488/4140
f 4134/4492/4134 4141/4493/4141 4143/4491/4143 4142/4490/4142
f 4141/4494/4141 4136/4483/4136 4137/4482/4137 4143/4495/4143
f 4137/4482/4137 4140/4485/4140 4143/4495/4143
f 4144/4496/4144 4147/4497/4147 4149/4498/4149 4148/4499/4148
f 4147/4497/4147 4151/4500/4151 4152/4501/4152 4149/4498/4149
f 4145/4502/4145 4150/4503/4150 4152/4501/4152 4151/4500/4151
f 4150/4504/4150 4154/4505/4154 4155/4506/4155 4152/4507/4152
f 4146/4508/4146 4153/4509/4153 4155/4506/4155 4154/4505/4154
f 4153/4509/4153 4148/4510/4148 4149/4511/4149 4155/4506/4155
f 4149/4498/4149 4152/4501/4152 4155/4512/4155
f 4156/4513/4156 4159/4514/4159 4161/4515/4161 4160/4516/4160
f 4159/4514/4159 4163/4517/4163 4164/4518/4164 4161/4515/4161
f 4157/4519/4157 4162/4520/4162 4164/4521/4164 4163/4522/4163
f 4162/4520/4162 4166/4523/4166 4167/4524/4167 4164/4521/4164
f 4158/4525/4158 4165/4526/4165 4167/4524/4167 4166/4523/4166
f 4165/4527/4165 4160/4516/4160 4161/4515/4161 4167/4528/4167
f 4161/4515/4161 4164/4518/4164 4167/4528/4167
f 4168/4529/4168 4171/4530/4171 4173/4531/4173 4172/4532/4172
f 4171/4533/4171 4175/4534/4175 4176/4535/4176 4173/4536/4173
f 4169/4537/4169 4174/4538/4174 4176/4535/4176 4175/4534/4175
f 4174/4538/4174 4178/4539/4178 4179/4540/4179 4176/4535/4176
f 4170/4541/4170 4177/4542/4177 4179/4543/4179 4178/4544/4178
f 4177/4542/4177 4172/4532/4172 4173/4531/4173 4179/4543/4179
f 4173/4536/4173 4176/4535/4176 4179/4540/4179
f 4180/4545/4180 4183/4546/4183 4185/4547/4185 4184/4548/4184
f 4183/4549/4183 4187/4550/4187 4188/4551/4188 4185/4552/4185
f 4181/4553/4181 4186/4554/4186 4188/4551/4188 4187/4550/4187
f 4186/4554/4186 4190/4555/4190 4191/4556/4191 4188/4551/4188
f 4182/4557/4182 4189/4558/4189 4191/4559/4191 4190/4560/4190
f 4189/4558/4189 4184/4548/4184 4185/4547/4185 4191/4559/4191
f 4185/4552/4185 4188/4551/4188 4191/4556/4191
f 4192/4561/4192 4199/4562/4199 4201/4563/4201 4200/4564/4200
f 4199/4562/4199 4203/4565/4203 4204/4566/4204 4201/4563/4201
f 4193/4567/4193 4202/4568/4202 4204/4566/4204 4203/4565/4203
f 4202/4568/4202 4206/4569/4206 4207/4570/4207 4204/4566/4204
f 4194/4571/4194 4205/4572/4205 4207/4570/4207 4206/4569/4206
f 4205/4572/4205 4209/4573/4209 4210/4574/4210 4207/4570/4207
f 4195/4575/4195 4208/4576/4208 4210/4574/4210 4209/4573/4209
f 4208/4576/4208 4212/4577/4212 4213/4578/4213 4210/4574/4210
f 4196/4579/4196 4211/4580/4211 4213/4578/4213 4212/4577/4212
f 4211/4580/4211 4215/4581/4215 4216/4582/4216 4213/4578/4213
f 4197/4583/4197 4214/4584/4214 4216/4582/4216 4215/4581/4215
f 4214/4584/4214 4218/4585/4218 4219/4586/4219 4216/4582/4216
f 4198/4587/4198 4217/4588/4217 4219/4586/4219 4218/4585/4218
f 4217/4588/4217 4200/4564/4200 4201/4563/4201 4219/4586/4219
f 4201/4563/4201 4204/4566/4204 4207/4570/4207 4210/4574/4210 4213/4578/4213 4216/4582/4216 4219/4586/4219
f 4198/4587/4198 4109/4453/4109 4115/4451/4115 4217/4588/4217
f 4217/4588/4217 4115/4451/4115 4111/4448/4111 4200/4564/4200
f 4200/4564/4200 4111/4448/4111 4108/4447/4108 4192/4561/4192
f 4109/4453/4109 4121/4470/4121 4127/4473/4127 4114/4454/4114
f 4114/4455/4114 4127/4468/4127 4123/4465/4123 4118/4456/4118
f 4118/4456/4118 4123/4465/4123 4120/4464/4120 4110/4459/4110
f 4197/4583/4197 4122/4476/4122 4130/4474/4130 4214/4584/4214
f 4214/4584/4214 4130/4474/4130 4126/4471/4126 4218/4585/4218
f 4218/4585/4218 4126/4471/4126 4121/4470/4121 4198/4587/4198
f 4122/4476/4122 4133/4486/4133 4139/4489/4139 4129/4477/4129
f 4129/4478/4129 4139/4484/4139 4135/4481/4135 4124/4467/4124
f 4124/4467/4124 4135/4481/4135 4132/4480/4132 4120/4464/4120
f 4196/4579/4196 4134/4492/4134 4142/4490/4142 4211/4580/4211
f 4211/4580/4211 4142/4490/4142 4138/4487/4138 4215/4581/4215
f 4215/4581/4215 4138/4487/4138 4133/4486/4133 4197/4583/4197
f 4195/4575/4195 4145/4502/4145 4151/4500/4151 4208/4576/4208
f 4208/4576/4208 4151/4500/4151 4147/4497/4147 4212/4577/4212
f 4212/4577/4212 4147/4497/4147 4144/4496/4144 4196/4579/4196
f 4145/4502/4145 4157/4519/4157 4163/4522/4163 4150/4503/4150
f 4150/4504/4150 4163/4517/4163 4159/4514/4159 4154/4505/4154
f 4154/4505/4154 4159/4514/4159 4156/4513/4156 4146/4508/4146
f 4194/4571/4194 4158/4525/4158 4166/4523/4166 4205/4572/4205
f 4205/4572/4205 4166/4523/4166 4162/4520/4162 4209/4573/4209
f 4209/4573/4209 4162/4520/4162 4157/4519/4157 4195/4575/4195
f 4193/4567/4193 4168/4529/4168 4172/4532/4172 4202/4568/4202
f 4202/4568/4202 4172/4532/4172 4177/4542/4177 4206/4569/4206
f 4206/4569/4206 4177/4542/4177 4170/4541/4170 4194/4571/4194
f 4192/4561/4192 4180/4545/4180 4184/4548/4184 4199/4562/4199
f 4199/4562/4199 4184/4548/4184 4189/4558/4189 4203/4565/4203
f 4203/4565/4203 4189/4558/4189 4182/4557/4182 4193/4567/4193
f 4169/4537/4169 4156/4513/4156 4160/4516/4160 4174/4538/4174
f 4174/4538/4174 4160/4516/4160 4165/4527/4165 4178/4539/4178
f 4178/4544/4178 4165/4526/4165 4158/4525/4158 4170/4541/4170
f 4181/4553/4181 4169/4537/4169 4175/4534/4175 4186/4554/4186
f 4186/4554/4186 4175/4534/4175 4171/4533/4171 4190/4555/4190
f 4190/4560/4190 4171/4530/4171 4168/4529/4168 4182/4557/4182
f 4110/4459/4110 4181/4553/4181 4187/4550/4187 4117/4460/4117
f 4117/4460/4117 4187/4550/4187 4183/4549/4183 4112/4461/4112
f 4112/4450/4112 4183/4546/4183 4180/4545/4180 4108/4447/4108
f 4146/4508/4146 4132/4480/4132 4136/4483/4136 4153/4509/4153
f 4153/4509/4153 4136/4483/4136 4141/4494/4141 4148/4510/4148
f 4148/4499/4148 4141/4493/4141 4134/4492/4134 4144/4496/4144
f 4109/4453/4109 4198/4587/4198 4121/4470/4121
f 4181/4553/4181 4110/4459/4110 4120/4464/4120 4132/4480/4132 4146/4508/4146 4156/4513/4156 4169/4537/4169
f 4180/4545/4180 4192/4561/4192 4108/4447/4108
f 4122/4476/4122 4197/4583/4197 4133/4486/4133
f 4134/4492/4134 4196/4579/4196 4144/4496/4144
f 4145/4502/4145 4195/4575/4195 4157/4519/4157
f 4158/4525/4158 4194/4571/4194 4170/4541/4170
f 4168/4529/4168 4193/4567/4193 4182/4557/4182
o Boss_crown_spike_1
v -0.187725 2.210069 -0.116085
v -0.205828 2.202461 -0.113329
v -0.210131 2.219002 -0.123185
v -0.191918 2.204335 -0.116156
v -0.194067 2.212595 -0.121078
v -0.197913 2.207036 -0.120905
v -0.209751 2.206003 -0.118690
v -0.198563 2.201542 -0.115144
v -0.202591 2.205070 -0.120193
v -0.202291 2.215874 -0.123684
v -0.211331 2.212075 -0.122307
v -0.203703 2.209345 -0.122740
v -0.116466 2.181658 -0.044692
v -0.111309 2.179615 -0.021829
v -0.124543 2.170038 -0.031886
v -0.112066 2.179908 -0.038181
v -0.118674 2.175126 -0.043203
v -0.114404 2.173741 -0.036930
v -0.114206 2.173356 -0.023394
v -0.110173 2.179158 -0.029789
v -0.113071 2.173213 -0.031022
v -0.121639 2.170861 -0.038503
v -0.119064 2.169841 -0.027086
v -0.116491 2.170738 -0.033621
v -0.166545 2.186798 0.094178
v -0.149200 2.194723 0.091885
v -0.166651 2.201693 0.106304
v -0.159316 2.185893 0.093650
v -0.168030 2.189374 0.100850
v -0.161014 2.188498 0.100050
v -0.153002 2.196240 0.098863
v -0.152949 2.188802 0.092808
v -0.156532 2.190546 0.099457
v -0.168069 2.194841 0.105301
v -0.159408 2.198798 0.104156
v -0.161042 2.192347 0.103183
v -0.290492 2.236319 0.105232
v -0.278450 2.246374 0.116275
v -0.297632 2.254017 0.104999
v -0.286740 2.236812 0.111460
v -0.296319 2.240628 0.105830
v -0.292433 2.241011 0.111754
v -0.285885 2.249340 0.115397
v -0.282320 2.240503 0.115513
v -0.289321 2.243609 0.114608
v -0.298940 2.247124 0.105744
v -0.292927 2.252145 0.111258
v -0.294278 2.245584 0.111694
v -0.342533 2.257053 -0.000378
v -0.343256 2.272179 0.012422
v -0.343833 2.272393 -0.012715
v -0.345182 2.260094 0.005998
v -0.345470 2.260201 -0.006554
v -0.347836 2.263072 -0.000186
v -0.346097 2.273306 0.004536
v -0.345448 2.265646 0.010696
v -0.348023 2.266981 0.003122
v -0.345947 2.265831 -0.011083
v -0.346309 2.273385 -0.004691
v -0.348172 2.267036 -0.003374
v -0.301280 2.240583 -0.094886
v -0.309036 2.258515 -0.092423
v -0.290630 2.251165 -0.107631
v -0.307311 2.244975 -0.094063
v -0.298121 2.241305 -0.101656
v -0.303986 2.245573 -0.100573
v -0.304840 2.256841 -0.099522
v -0.310158 2.251557 -0.093158
v -0.305990 2.250207 -0.099936
v -0.294211 2.245189 -0.106334
v -0.298084 2.254143 -0.105104
v -0.301234 2.248308 -0.103866
v -0.052140 2.683377 -0.027923
v -0.070545 2.690728 -0.012715
v -0.059072 2.707194 0.012422
v -0.033066 2.712512 0.021049
v -0.015616 2.705542 0.006630
v -0.023434 2.692960 -0.017025
v -0.059021 2.686592 -0.024772
v -0.042336 2.686587 -0.026443
v -0.034626 2.721602 -0.015103
v -0.068665 2.697103 -0.004689
v -0.065735 2.689274 -0.019224
v -0.043970 2.725334 -0.007383
v -0.051743 2.709830 0.017390
v -0.064473 2.703119 0.004495
v -0.039003 2.732618 0.005596
v -0.025914 2.710208 0.018448
v -0.042261 2.711769 0.020536
v -0.025274 2.735245 0.010522
v -0.015611 2.701124 -0.001484
v -0.019561 2.707670 0.013198
v -0.015868 2.731488 0.002751
v -0.031849 2.690088 -0.022462
v -0.018462 2.696537 -0.010109
v -0.020251 2.725128 -0.009898
vn 0.5911 -0.2159 -0.7772
vn -0.3007 -0.9277 -0.2213
vn -0.0945 0.0559 -0.9939
vn 0.3916 -0.5858 -0.7096
vn 0.4217 -0.1296 -0.8974
vn 0.2681 -0.4665 -0.8429
vn -0.3278 -0.7506 -0.5737
vn 0.0031 -0.8846 -0.4664
vn -0.0651 -0.7153 -0.6957
vn 0.1219 -0.0080 -0.9925
vn -0.2458 -0.3327 -0.9104
vn -0.0286 -0.3464 -0.9376
vn 0.7096 -0.2477 -0.6597
vn 0.9135 -0.3276 0.2413
vn -0.1580 -0.9860 -0.0536
vn 0.8661 -0.2705 -0.4203
vn 0.5048 -0.6097 -0.6111
vn 0.6951 -0.5935 -0.4057
vn 0.6942 -0.6842 0.2235
vn 0.9510 -0.3065 -0.0413
vn 0.7773 -0.6280 -0.0362
vn 0.1279 -0.9303 -0.3438
vn 0.2234 -0.9704 0.0918
vn 0.4081 -0.8965 -0.1725
vn -0.2343 -0.9557 0.1784
vn 0.8509 -0.3045 0.4280
vn 0.1790 -0.0362 0.9832
vn 0.1580 -0.9447 0.2873
vn -0.1654 -0.8155 0.5546
vn 0.1597 -0.7991 0.5796
vn 0.7187 -0.2193 0.6599
vn 0.6357 -0.6629 0.3956
vn 0.5558 -0.5448 0.6279
vn 0.0130 -0.4142 0.9101
vn 0.4353 -0.1061 0.8940
vn 0.2794 -0.4344 0.8563
vn -0.4621 -0.8645 0.1977
vn -0.0038 0.0388 0.9992
vn -0.7599 0.3392 0.5545
vn -0.3575 -0.7383 0.5719
vn -0.7227 -0.5906 0.3591
vn -0.5784 -0.5024 0.6427
vn -0.2514 0.1737 0.9522
vn -0.1556 -0.3448 0.9257
vn -0.3713 -0.1692 0.9129
vn -0.8558 -0.0663 0.5131
vn -0.5684 0.3025 0.7651
vn -0.6808 -0.0439 0.7312
vn -0.5749 -0.8182 0.0054
vn -0.8414 0.3563 0.4064
vn -0.8592 0.3614 -0.3621
vn -0.8021 -0.5630 0.1990
vn -0.8120 -0.5573 -0.1737
vn -0.9287 -0.3705 0.0179
vn -0.8973 0.3973 0.1924
vn -0.9240 -0.0604 0.3775
vn -0.9814 0.0326 0.1895
vn -0.9399 -0.0555 -0.3369
vn -0.9042 0.4019 -0.1446
vn -0.9889 0.0371 -0.1442
vn -0.4918 -0.8511 -0.1839
vn -0.8024 0.3411 -0.4898
vn -0.2227 0.1096 -0.9687
vn -0.7513 -0.5804 -0.3142
vn -0.4691 -0.6931 -0.5474
vn -0.6658 -0.4724 -0.5775
vn -0.6663 0.3133 -0.6766
vn -0.8926 -0.0712 -0.4452
vn -0.7713 -0.0423 -0.6350
vn -0.3537 -0.2864 -0.8904
vn -0.4140 0.2126 -0.8851
vn -0.5219 -0.1420 -0.8411
vn -0.0773 0.2789 -0.9572
vn -0.7311 0.5400 -0.4170
vn -0.6931 0.5590 0.4552
vn 0.1692 0.2508 0.9531
vn 0.9492 -0.0608 0.3086
vn 0.7100 -0.0015 -0.7042
vn -0.3162 0.4001 -0.8602
vn 0.1411 0.2197 -0.9653
vn -0.0298 0.5868 -0.8092
vn -0.7827 0.5887 -0.2019
vn -0.5710 0.5019 -0.6497
vn -0.4689 0.7622 -0.4464
vn -0.5284 0.5253 0.6670
vn -0.7876 0.6006 0.1378
vn -0.4082 0.9062 0.1099
vn 0.4755 0.1551 0.8659
vn -0.1873 0.4085 0.8933
vn 0.2037 0.8830 0.4228
vn 0.9945 -0.0635 -0.0831
vn 0.8033 0.0242 0.5951
vn 0.7447 0.6669 -0.0243
vn 0.4515 0.1058 -0.8860
vn 0.8713 -0.0338 -0.4896
vn 0.5265 0.5329 -0.6624
vt 0.325827 0.454378
vt 0.327057 0.459157
vt 0.317868 0.469096
vt 0.316199 0.464717
vt 0.827057 0.459157
vt 0.814307 0.452803
vt 0.806333 0.461806
vt 0.817868 0.469096
vt 0.802346 0.449492
vt 0.794399 0.458870
vt 0.787410 0.471292
vt 0.801035 0.474285
vt 0.285971 0.466529
vt 0.300201 0.469597
vt 0.301035 0.474285
vt 0.287410 0.471292
vt 0.445537 0.324896
vt 0.454510 0.315072
vt 0.456832 0.315330
vt 0.449772 0.326426
vt 0.458452 0.297712
vt 0.460823 0.299730
vt 0.454560 0.285163
vt 0.458929 0.285916
vt 0.958929 0.285916
vt 0.948647 0.294418
vt 0.951780 0.305497
vt 0.955419 0.300891
vt 0.940326 0.302974
vt 0.944139 0.314254
vt 0.949772 0.326426
vt 0.953085 0.311158
vt 0.459307 0.313957
vt 0.872360 0.090595
vt 0.884000 0.091132
vt 0.880162 0.080403
vt 0.868860 0.079432
vt 0.897087 0.090331
vt 0.893280 0.078291
vt 0.394047 0.093780
vt 0.389997 0.081209
vt 0.393280 0.078291
vt 0.397087 0.090331
vt 0.376860 0.071056
vt 0.378834 0.067127
vt 0.363740 0.070357
vt 0.366286 0.066527
vt 0.866287 0.066527
vt 0.878834 0.067127
vt 0.650710 0.079226
vt 0.656866 0.068944
vt 0.645400 0.068756
vt 0.638865 0.078436
vt 0.662457 0.056780
vt 0.649987 0.056184
vt 0.164289 0.060819
vt 0.151230 0.060267
vt 0.149987 0.056184
vt 0.162457 0.056780
vt 0.135476 0.068571
vt 0.132539 0.065325
vt 0.128230 0.079827
vt 0.125683 0.076117
vt 0.625683 0.076117
vt 0.632539 0.065325
vt 0.543838 0.251037
vt 0.537568 0.240322
vt 0.530877 0.250386
vt 0.536791 0.261162
vt 0.528166 0.229620
vt 0.520864 0.241115
vt 0.033100 0.229573
vt 0.025522 0.241597
vt 0.020864 0.241115
vt 0.028166 0.229620
vt 0.024893 0.258345
vt 0.020149 0.258754
vt 0.031539 0.271296
vt 0.026567 0.271140
vt 0.526566 0.271140
vt 0.520149 0.258754
vt 0.625870 0.411783
vt 0.613337 0.410015
vt 0.618680 0.421146
vt 0.630816 0.423427
vt 0.598888 0.410735
vt 0.605264 0.423042
vt 0.101788 0.406892
vt 0.108500 0.419717
vt 0.105264 0.423042
vt 0.098888 0.410735
vt 0.122689 0.430605
vt 0.120316 0.434591
vt 0.136815 0.433768
vt 0.133854 0.437565
vt 0.633854 0.437565
vt 0.620316 0.434591
vt 0.240666 0.298427
vt 0.227121 0.295216
vt 0.242564 0.284982
vt 0.253778 0.299076
vt 0.212246 0.283802
vt 0.218135 0.266236
vt 0.205640 0.271550
vt 0.201619 0.259053
vt 0.204812 0.241446
vt 0.221233 0.236627
vt 0.214143 0.229837
vt 0.222088 0.220405
vt 0.239243 0.213394
vt 0.251406 0.222245
vt 0.252659 0.215120
vt 0.265324 0.215963
vt 0.278894 0.226451
vt 0.276415 0.241573
vt 0.282966 0.238543
vt 0.288082 0.251141
vt 0.285749 0.269531
vt 0.270335 0.274429
vt 0.278715 0.279573
vt 0.269941 0.291501
s 1
f 4220/4589/4220 4223/4590/4223 4225/4591/4225 4224/4592/4224
f 4223/4593/4223 4227/4594/4227 4228/4595/4228 4225/4596/4225
f 4221/4597/4221 4226/4598/4226 4228/4595/4228 4227/4594/4227
f 4226/4598/4226 4230/4599/4230 4231/4600/4231 4228/4595/4228
f 4222/4601/4222 4229/4602/4229 4231/4603/4231 4230/4604/4230
f 4229/4602/4229 4224/4592/4224 4225/4591/4225 4231/4603/4231
f 4225/4596/4225 4228/4595/4228 4231/4600/4231
f 4232/4605/4232 4235/4606/4235 4237/4607/4237 4236/4608/4236
f 4235/4606/4235 4239/4609/4239 4240/4610/4240 4237/4607/4237
f 4233/4611/4233 4238/4612/4238 4240/4610/4240 4239/4609/4239
f 4238/4613/4238 4242/4614/4242 4243/4615/4243 4240/4616/4240
f 4234/4617/4234 4241/4618/4241 4243/4615/4243 4242/4614/4242
f 4241/4618/4241 4236/4619/4236 4237/4620/4237 4243/4615/4243
f 4237/4607/4237 4240/4610/4240 4243/4621/4243
f 4244/4622/4244 4247/4623/4247 4249/4624/4249 4248/4625/4248
f 4247/4623/4247 4251/4626/4251 4252/4627/4252 4249/4624/4249
f 4245/4628/4245 4250/4629/4250 4252/4630/4252 4251/4631/4251
f 4250/4629/4250 4254/4632/4254 4255/4633/4255 4252/4630/4252
f 4246/4634/4246 4253/4635/4253 4255/4633/4255 4254/4632/4254
f 4253/4636/4253 4248/4625/4248 4249/4624/4249 4255/4637/4255
f 4249/4624/4249 4252/4627/4252 4255/4637/4255
f 4256/4638/4256 4259/4639/4259 4261/4640/4261 4260/4641/4260
f 4259/4639/4259 4263/4642/4263 4264/4643/4264 4261/4640/4261
f 4257/4644/4257 4262/4645/4262 4264/4646/4264 4263/4647/4263
f 4262/4645/4262 4266/4648/4266 4267/4649/4267 4264/4646/4264
f 4258/4650/4258 4265/4651/4265 4267/4649/4267 4266/4648/4266
f 4265/4652/4265 4260/4641/4260 4261/4640/4261 4267/4653/4267
f 4261/4640/4261 4264/4643/4264 4267/4653/4267
f 4268/4654/4268 4271/4655/4271 4273/4656/4273 4272/4657/4272
f 4271/4655/4271 4275/4658/4275 4276/4659/4276 4273/4656/4273
f 4269/4660/4269 4274/4661/4274 4276/4662/4276 4275/4663/4275
f 4274/4661/4274 4278/4664/4278 4279/4665/4279 4276/4662/4276
f 4270/4666/4270 4277/4667/4277 4279/4665/4279 4278/4664/4278
f 4277/4668/4277 4272/4657/4272 4273/4656/4273 4279/4669/4279
f 4273/4656/4273 4276/4659/4276 4279/4669/4279
f 4280/4670/4280 4283/4671/4283 4285/4672/4285 4284/4673/4284
f 4283/4671/4283 4287/4674/4287 4288/4675/4288 4285/4672/4285
f 4281/4676/4281 4286/4677/4286 4288/4678/4288 4287/4679/4287
f 4286/4677/4286 4290/4680/4290 4291/4681/4291 4288/4678/4288
f 4282/4682/4282 4289/4683/4289 4291/4681/4291 4290/4680/4290
f 4289/4684/4289 4284/4673/4284 4285/4672/4285 4291/4685/4291
f 4285/4672/4285 4288/4675/4288 4291/4685/4291
f 4292/4686/4292 4298/4687/4298 4300/4688/4300 4299/4689/4299
f 4298/4687/4298 4302/4690/4302 4303/4691/4303 4300/4688/4300
f 4293/4692/4293 4301/4693/4301 4303/4691/4303 4302/4690/4302
f 4301/4693/4301 4305/4694/4305 4306/4695/4306 4303/4691/4303
f 4294/4696/4294 4304/4697/4304 4306/4695/4306 4305/4694/4305
f 4304/4697/4304 4308/4698/4308 4309/4699/4309 4306/4695/4306
f 4295/4700/4295 4307/4701/4307 4309/4699/4309 4308/4698/4308
f 4307/4701/4307 4311/4702/4311 4312/4703/4312 4309/4699/4309
f 4296/4704/4296 4310/4705/4310 4312/4703/4312 4311/4702/4311
f 4310/4705/4310 4314/4706/4314 4315/4707/4315 4312/4703/4312
f 4297/4708/4297 4313/4709/4313 4315/4707/4315 4314/4706/4314
f 4313/4709/4313 4299/4689/4299 4300/4688/4300 4315/4707/4315
f 4300/4688/4300 4303/4691/4303 4306/4695/4306 4309/4699/4309 4312/4703/4312 4315/4707/4315
f 4222/4601/4222 4292/4686/4292 4299/4689/4299 4229/4602/4229
f 4229/4602/4229 4299/4689/4299 4313/4709/4313 4224/4592/4224
f 4224/4592/4224 4313/4709/4313 4297/4708/4297 4220/4589/4220
f 4296/4704/4296 4233/4611/4233 4239/4609/4239 4310/4705/4310
f 4310/4705/4310 4239/4609/4239 4235/4606/4235 4314/4706/4314
f 4314/4706/4314 4235/4606/4235 4232/4605/4232 4297/4708/4297
f 4233/4611/4233 4245/4628/4245 4251/4631/4251 4238/4612/4238
f 4238/4613/4238 4251/4626/4251 4247/4623/4247 4242/4614/4242
f 4242/4614/4242 4247/4623/4247 4244/4622/4244 4234/4617/4234
f 4295/4700/4295 4246/4634/4246 4254/4632/4254 4307/4701/4307
f 4307/4701/4307 4254/4632/4254 4250/4629/4250 4311/4702/4311
f 4311/4702/4311 4250/4629/4250 4245/4628/4245 4296/4704/4296
f 4246/4634/4246 4257/4644/4257 4263/4647/4263 4253/4635/4253
f 4253/4636/4253 4263/4642/4263 4259/4639/4259 4248/4625/4248
f 4248/4625/4248 4259/4639/4259 4256/4638/4256 4244/4622/4244
f 4294/4696/4294 4258/4650/4258 4266/4648/4266 4304/4697/4304
f 4304/4697/4304 4266/4648/4266 4262/4645/4262 4308/4698/4308
f 4308/4698/4308 4262/4645/4262 4257/4644/4257 4295/4700/4295
f 4258/4650/4258 4269/4660/4269 4275/4663/4275 4265/4651/4265
f 4265/4652/4265 4275/4658/4275 4271/4655/4271 4260/4641/4260
f 4260/4641/4260 4271/4655/4271 4268/4654/4268 4256/4638/4256
f 4293/4692/4293 4270/4666/4270 4278/4664/4278 4301/4693/4301
f 4301/4693/4301 4278/4664/4278 4274/4661/4274 4305/4694/4305
f 4305/4694/4305 4274/4661/4274 4269/4660/4269 4294/4696/4294
f 4270/4666/4270 4281/4676/4281 4287/4679/4287 4277/4667/4277
f 4277/4668/4277 4287/4674/4287 4283/4671/4283 4272/4657/4272
f 4272/4657/4272 4283/4671/4283 4280/4670/4280 4268/4654/4268
f 4292/4686/4292 4282/4682/4282 4290/4680/4290 4298/4687/4298
f 4298/4687/4298 4290/4680/4290 4286/4677/4286 4302/4690/4302
f 4302/4690/4302 4286/4677/4286 4281/4676/4281 4293/4692/4293
f 4282/4682/4282 4222/4601/4222 4230/4604/4230 4289/4683/4289
f 4289/4684/4289 4230/4599/4230 4226/4598/4226 4284/4673/4284
f 4284/4673/4284 4226/4598/4226 4221/4597/4221 4280/4670/4280
f 4220/4589/4220 4232/4605/4232 4236/4608/4236 4223/4590/4223
f 4223/4593/4223 4236/4619/4236 4241/4618/4241 4227/4594/4227
f 4227/4594/4227 4241/4618/4241 4234/4617/4234 4221/4597/4221
f 4282/4682/4282 4292/4686/4292 4222/4601/4222
f 4280/4670/4280 4221/4597/4221 4234/4617/4234 4244/4622/4244 4256/4638/4256 4268/4654/4268
f 4220/4589/4220 4297/4708/4297 4232/4605/4232
f 4233/4611/4233 4296/4704/4296 4245/4628/4245
f 4246/4634/4246 4295/4700/4295 4257/4644/4257
f 4258/4650/4258 4294/4696/4294 4269/4660/4269
f 4270/4666/4270 4293/4692/4293 4281/4676/4281
o Boss_crown_spike_2
v 0.043965 2.203822 -0.116085
v 0.029975 2.190041 -0.113329
v 0.019843 2.203806 -0.123185
v 0.042197 2.196942 -0.116156
v 0.037138 2.203815 -0.121078
v 0.035628 2.197226 -0.120905
v 0.025017 2.191875 -0.118690
v 0.037062 2.191883 -0.115144
v 0.032013 2.193665 -0.120193
v 0.028284 2.203809 -0.123684
v 0.021298 2.196928 -0.122307
v 0.029395 2.197222 -0.122740
v 0.120678 2.203869 -0.044692
v 0.126225 2.203885 -0.021829
v 0.117488 2.190082 -0.031886
v 0.125414 2.203876 -0.038181
v 0.121051 2.196983 -0.043203
v 0.125529 2.197281 -0.036930
v 0.125857 2.196997 -0.023394
v 0.127450 2.203882 -0.029789
v 0.126963 2.197286 -0.031022
v 0.119879 2.191923 -0.038503
v 0.122649 2.191931 -0.027086
v 0.124705 2.193719 -0.033621
v 0.072265 2.190066 0.094178
v 0.085433 2.203860 0.091885
v 0.066642 2.203860 0.106304
v 0.079314 2.191908 0.093650
v 0.069931 2.191908 0.100850
v 0.076771 2.193697 0.100050
v 0.081340 2.203858 0.098863
v 0.084148 2.196971 0.092808
v 0.080174 2.197261 0.099457
v 0.067867 2.196971 0.105301
v 0.074442 2.203858 0.104156
v 0.075318 2.197261 0.103183
v -0.061208 2.190081 0.105232
v -0.053755 2.203885 0.116275
v -0.074404 2.203867 0.104999
v -0.057907 2.191930 0.111460
v -0.068218 2.191921 0.105830
v -0.064751 2.193718 0.111754
v -0.061760 2.203882 0.115397
v -0.055171 2.196997 0.115513
v -0.062825 2.197285 0.114608
v -0.073061 2.196982 0.105744
v -0.069340 2.203875 0.111258
v -0.068161 2.197281 0.111694
v -0.117227 2.190033 -0.000378
v -0.123510 2.203811 0.012422
v -0.124125 2.203796 -0.012715
v -0.120816 2.191874 0.005998
v -0.121123 2.191866 -0.006554
v -0.124385 2.193655 -0.000186
v -0.126566 2.203804 0.004536
v -0.123122 2.196932 0.010696
v -0.126009 2.197216 0.003122
v -0.123655 2.196918 -0.011083
v -0.126792 2.203799 -0.004691
v -0.126168 2.197212 -0.003374
v -0.072809 2.190039 -0.094886
v -0.086663 2.203815 -0.092423
v -0.066844 2.203816 -0.107631
v -0.080039 2.191880 -0.094063
v -0.070142 2.191881 -0.101656
v -0.077172 2.193670 -0.100573
v -0.082145 2.203816 -0.099522
v -0.085124 2.196937 -0.093158
v -0.080752 2.197229 -0.099936
v -0.067952 2.196938 -0.106334
v -0.074870 2.203817 -0.105104
v -0.075631 2.197230 -0.103866
v -0.005682 2.693657 -0.027923
v -0.025501 2.693657 -0.012715
v -0.020954 2.713204 0.012422
v 0.001224 2.727789 0.021049
v 0.020015 2.727789 0.006630
v 0.017422 2.713204 -0.017025
v -0.013265 2.694091 -0.024772
v 0.002232 2.700275 -0.026443
v -0.003596 2.735652 -0.015103
v -0.026120 2.700275 -0.004689
v -0.020495 2.694091 -0.019224
v -0.013658 2.735652 -0.007383
v -0.015125 2.718370 0.017390
v -0.024459 2.707416 0.004495
v -0.011747 2.744258 0.005596
v 0.008721 2.728302 0.018448
v -0.007039 2.723688 0.020536
v 0.000029 2.751791 0.010522
v 0.021658 2.723688 -0.001484
v 0.015562 2.728302 0.013198
v 0.010156 2.751791 0.002751
v 0.010672 2.707416 -0.022462
v 0.020712 2.718370 -0.010109
v 0.008446 2.744258 -0.009898
vn 0.6290 0.0188 -0.7772
vn 0.0649 -0.9731 -0.2213
vn -0.1085 0.0169 -0.9939
vn 0.5809 -0.3988 -0.7096
vn 0.4397 0.0361 -0.8974
vn 0.4220 -0.3337 -0.8429
vn -0.0261 -0.8186 -0.5737
vn 0.3310 -0.8203 -0.4664
vn 0.2049 -0.6884 -0.6957
vn 0.1162 0.0378 -0.9925
vn -0.1048 -0.4001 -0.9104
vn 0.1020 -0.3323 -0.9376
vn 0.7508 0.0332 -0.6597
vn 0.9698 0.0346 0.2413
vn 0.2190 -0.9742 -0.0536
vn 0.9047 0.0701 -0.4203
vn 0.6949 -0.3790 -0.6111
vn 0.8657 -0.2933 -0.4057
vn 0.8985 -0.3779 0.2235
vn 0.9968 0.0681 -0.0413
vn 0.9548 -0.2949 -0.0362
vn 0.4638 -0.8165 -0.3438
vn 0.5674 -0.8183 0.0918
vn 0.7115 -0.6812 -0.1725
vn 0.1369 -0.9744 0.1784
vn 0.9032 0.0328 0.4280
vn 0.1796 0.0328 0.9832
vn 0.4971 -0.8187 0.2873
vn 0.1489 -0.8187 0.5546
vn 0.4447 -0.6829 0.5796
vn 0.7487 0.0629 0.6599
vn 0.8362 -0.3798 0.3956
vn 0.7182 -0.2998 0.6279
vn 0.1657 -0.3798 0.9101
vn 0.4436 0.0629 0.8940
vn 0.4206 -0.2998 0.8563
vn -0.1084 -0.9742 0.1977
vn -0.0179 0.0346 0.9992
vn -0.8315 0.0332 0.5545
vn -0.0582 -0.8183 0.5719
vn -0.4520 -0.8165 0.3591
vn -0.3508 -0.6811 0.6427
vn -0.2979 0.0680 0.9522
vn -0.0166 -0.3779 0.9257
vn -0.2821 -0.2949 0.9129
vn -0.7701 -0.3790 0.5131
vn -0.6401 0.0701 0.7651
vn -0.6159 -0.2933 0.7312
vn -0.2304 -0.9731 0.0054
vn -0.9135 0.0188 0.4064
vn -0.9320 0.0169 -0.3621
vn -0.5361 -0.8204 0.1990
vn -0.5474 -0.8187 -0.1737
vn -0.7250 -0.6885 0.0179
vn -0.9806 0.0361 0.1924
vn -0.8357 -0.3988 0.3775
vn -0.9234 -0.3338 0.1895
vn -0.8523 -0.4001 -0.3369
vn -0.9888 0.0378 -0.1446
vn -0.9321 -0.3324 -0.1442
vn -0.1410 -0.9728 -0.1839
vn -0.8716 0.0192 -0.4898
vn -0.2475 0.0192 -0.9687
vn -0.4824 -0.8177 -0.3142
vn -0.1786 -0.8176 -0.5474
vn -0.4431 -0.6857 -0.5775
vn -0.7350 0.0438 -0.6766
vn -0.8025 -0.3972 -0.4452
vn -0.7006 -0.3254 -0.6350
vn -0.2223 -0.3972 -0.8904
vn -0.4633 0.0438 -0.8851
vn -0.4320 -0.3254 -0.8411
vn -0.1752 0.2303 -0.9572
vn -0.8792 0.2303 -0.4170
vn -0.8510 0.2620 0.4552
vn 0.0641 0.2957 0.9531
vn 0.9041 0.2957 0.3086
vn 0.6599 0.2620 -0.7042
vn -0.4421 0.2543 -0.8602
vn 0.0496 0.2563 -0.9653
vn -0.2453 0.5339 -0.8092
vn -0.9453 0.2563 -0.2019
vn -0.7164 0.2543 -0.6497
vn -0.7181 0.5339 -0.4464
vn -0.6856 0.2918 0.6670
vn -0.9542 0.2657 0.1378
vn -0.7152 0.6902 0.1099
vn 0.3840 0.3204 0.8659
vn -0.3254 0.3099 0.8933
vn -0.1384 0.8956 0.4228
vn 0.9471 0.3099 -0.0831
vn 0.7370 0.3204 0.5951
vn 0.4442 0.8956 -0.0243
vn 0.3801 0.2657 -0.8860
vn 0.8217 0.2918 -0.4896
vn 0.2913 0.6902 -0.6624
vt 0.325827 0.454379
vt 0.327057 0.459157
vt 0.317868 0.469096
vt 0.316199 0.464717
vt 0.827057 0.459157
vt 0.814307 0.452803
vt 0.806333 0.461806
vt 0.817868 0.469096
vt 0.802346 0.449492
vt 0.794399 0.458870
vt 0.787410 0.471292
vt 0.801035 0.474285
vt 0.285971 0.466529
vt 0.300201 0.469596
vt 0.301035 0.474285
vt 0.287410 0.471292
vt 0.445537 0.324896
vt 0.454511 0.315072
vt 0.456832 0.315330
vt 0.449772 0.326426
vt 0.458453 0.297712
vt 0.460823 0.299730
vt 0.454560 0.285163
vt 0.458929 0.285916
vt 0.958929 0.285916
vt 0.948647 0.294418
vt 0.951780 0.305497
vt 0.955419 0.300891
vt 0.940326 0.302974
vt 0.944139 0.314254
vt 0.949772 0.326426
vt 0.953085 0.311158
vt 0.459307 0.313957
vt 0.872360 0.090595
vt 0.884000 0.091132
vt 0.880162 0.080403
vt 0.868860 0.079432
vt 0.897087 0.090331
vt 0.893280 0.078291
vt 0.394047 0.093780
vt 0.389997 0.081209
vt 0.393280 0.078291
vt 0.397087 0.090331
vt 0.376860 0.071056
vt 0.378834 0.067127
vt 0.363740 0.070357
vt 0.366286 0.066527
vt 0.866287 0.066527
vt 0.878834 0.067127
vt 0.650710 0.079226
vt 0.656866 0.068944
vt 0.645400 0.068756
vt 0.638865 0.078436
vt 0.662457 0.056780
vt 0.649987 0.056184
vt 0.164289 0.060819
vt 0.151230 0.060267
vt 0.149987 0.056184
vt 0.162457 0.056780
vt 0.135476 0.068571
vt 0.132539 0.065325
vt 0.128230 0.079827
vt 0.125683 0.076117
vt 0.625683 0.076117
vt 0.632539 0.065325
vt 0.543838 0.251037
vt 0.537568 0.240322
vt 0.530877 0.250386
vt 0.536791 0.261162
vt 0.528166 0.229620
vt 0.520864 0.241115
vt 0.033100 0.229573
vt 0.025522 0.241597
vt 0.020864 0.241115
vt 0.028166 0.229620
vt 0.024893 0.258345
vt 0.020149 0.258754
vt 0.031539 0.271296
vt 0.026567 0.271140
vt 0.526566 0.271140
vt 0.520149 0.258754
vt 0.625870 0.411783
vt 0.613337 0.410015
vt 0.618680 0.421146
vt 0.630817 0.423428
vt 0.598888 0.410735
vt 0.605264 0.423042
vt 0.101788 0.406892
vt 0.108500 0.419717
vt 0.105264 0.423042
vt 0.098888 0.410735
vt 0.122689 0.430605
vt 0.120316 0.434591
vt 0.136815 0.433768
vt 0.133854 0.437565
vt 0.633854 0.437565
vt 0.620316 0.434591
vt 0.240666 0.298427
vt 0.227121 0.295216
vt 0.242564 0.284982
vt 0.253778 0.299076
vt 0.212246 0.283802
vt 0.218135 0.266236
vt 0.205640 0.271550
vt 0.201619 0.259053
vt 0.204812 0.241446
vt 0.221233 0.236627
vt 0.214143 0.229837
vt 0.222088 0.220405
vt 0.239243 0.213394
vt 0.251406 0.222245
vt 0.252659 0.215120
vt 0.265325 0.215963
vt 0.278894 0.226451
vt 0.276415 0.241573
vt 0.282966 0.238543
vt 0.288082 0.251141
vt 0.285749 0.269531
vt 0.270335 0.274429
vt 0.278715 0.279573
vt 0.269941 0.291501
s 1
f 4316/4710/4316 4319/4711/4319 4321/4712/4321 4320/4713/4320
f 4319/4714/4319 4323/4715/4323 4324/4716/4324 4321/4717/4321
f 4317/4718/4317 4322/4719/4322 4324/4716/4324 4323/4715/4323
f 4322/4719/4322 4326/4720/4326 4327/4721/4327 4324/4716/4324
f 4318/4722/4318 4325/4723/4325 4327/4724/4327 4326/4725/4326
f 4325/4723/4325 4320/4713/4320 4321/4712/4321 4327/4724/4327
f 4321/4717/4321 4324/4716/4324 4327/4721/4327
f 4328/4726/4328 4331/4727/4331 4333/4728/4333 4332/4729/4332
f 4331/4727/4331 4335/4730/4335 4336/4731/4336 4333/4728/4333
f 4329/4732/4329 4334/4733/4334 4336/4731/4336 4335/4730/4335
f 4334/4734/4334 4338/4735/4338 4339/4736/4339 4336/4737/4336
f 4330/4738/4330 4337/4739/4337 4339/4736/4339 4338/4735/4338
f 4337/4739/4337 4332/4740/4332 4333/4741/4333 4339/4736/4339
f 4333/4728/4333 4336/4731/4336 4339/4742/4339
f 4340/4743/4340 4343/4744/4343 4345/4745/4345 4344/4746/4344
f 4343/4744/4343 4347/4747/4347 4348/4748/4348 4345/4745/4345
f 4341/4749/4341 4346/4750/4346 4348/4751/4348 4347/4752/4347
f 4346/4750/4346 4350/4753/4350 4351/4754/4351 4348/4751/4348
f 4342/4755/4342 4349/4756/4349 4351/4754/4351 4350/4753/4350
f 4349/4757/4349 4344/4746/4344 4345/4745/4345 4351/4758/4351
f 4345/4745/4345 4348/4748/4348 4351/4758/4351
f 4352/4759/4352 4355/4760/4355 4357/4761/4357 4356/4762/4356
f 4355/4760/4355 4359/4763/4359 4360/4764/4360 4357/4761/4357
f 4353/4765/4353 4358/4766/4358 4360/4767/4360 4359/4768/4359
f 4358/4766/4358 4362/4769/4362 4363/4770/4363 4360/4767/4360
f 4354/4771/4354 4361/4772/4361 4363/4770/4363 4362/4769/4362
f 4361/4773/4361 4356/4762/4356 4357/4761/4357 4363/4774/4363
f 4357/4761/4357 4360/4764/4360 4363/4774/4363
f 4364/4775/4364 4367/4776/4367 4369/4777/4369 4368/4778/4368
f 4367/4776/4367 4371/4779/4371 4372/4780/4372 4369/4777/4369
f 4365/4781/4365 4370/4782/4370 4372/4783/4372 4371/4784/4371
f 4370/4782/4370 4374/4785/4374 4375/4786/4375 4372/4783/4372
f 4366/4787/4366 4373/4788/4373 4375/4786/4375 4374/4785/4374
f 4373/4789/4373 4368/4778/4368 4369/4777/4369 4375/4790/4375
f 4369/4777/4369 4372/4780/4372 4375/4790/4375
f 4376/4791/4376 4379/4792/4379 4381/4793/4381 4380/4794/4380
f 4379/4792/4379 4383/4795/4383 4384/4796/4384 4381/4793/4381
f 4377/4797/4377 4382/4798/4382 4384/4799/4384 4383/4800/4383
f 4382/4798/4382 4386/4801/4386 4387/4802/4387 4384/4799/4384
f 4378/4803/4378 4385/4804/4385 4387/4802/4387 4386/4801/4386
f 4385/4805/4385 4380/4794/4380 4381/4793/4381 4387/4806/4387
f 4381/4793/4381 4384/4796/4384 4387/4806/4387
f 4388/4807/4388 4394/4808/4394 4396/4809/4396 4395/4810/4395
f 4394/4808/4394 4398/4811/4398 4399/4812/4399 4396/4809/4396
f 4389/4813/4389 4397/4814/4397 4399/4812/4399 4398/4811/4398
f 4397/4814/4397 4401/4815/4401 4402/4816/4402 4399/4812/4399
f 4390/4817/4390 4400/4818/4400 4402/4816/4402 4401/4815/4401
f 4400/4818/4400 4404/4819/4404 4405/4820/4405 4402/4816/4402
f 4391/4821/4391 4403/4822/4403 4405/4820/4405 4404/4819/4404
f 4403/4822/4403 4407/4823/4407 4408/4824/4408 4405/4820/4405
f 4392/4825/4392 4406/4826/4406 4408/4824/4408 4407/4823/4407
f 4406/4826/4406 4410/4827/4410 4411/4828/4411 4408/4824/4408
f 4393/4829/4393 4409/4830/4409 4411/4828/4411 4410/4827/4410
f 4409/4830/4409 4395/4810/4395 4396/4809/4396 4411/4828/4411
f 4396/4809/4396 4399/4812/4399 4402/4816/4402 4405/4820/4405 4408/4824/4408 4411/4828/4411
f 4318/4722/4318 4388/4807/4388 4395/4810/4395 4325/4723/4325
f 4325/4723/4325 4395/4810/4395 4409/4830/4409 4320/4713/4320
f 4320/4713/4320 4409/4830/4409 4393/4829/4393 4316/4710/4316
f 4392/4825/4392 4329/4732/4329 4335/4730/4335 4406/4826/4406
f 4406/4826/4406 4335/4730/4335 4331/4727/4331 4410/4827/4410
f 4410/4827/4410 4331/4727/4331 4328/4726/4328 4393/4829/4393
f 4329/4732/4329 4341/4749/4341 4347/4752/4347 4334/4733/4334
f 4334/4734/4334 4347/4747/4347 4343/4744/4343 4338/4735/4338
f 4338/4735/4338 4343/4744/4343 4340/4743/4340 4330/4738/4330
f 4391/4821/4391 4342/4755/4342 4350/4753/4350 4403/4822/4403
f 4403/4822/4403 4350/4753/4350 4346/4750/4346 4407/4823/4407
f 4407/4823/4407 4346/4750/4346 4341/4749/4341 4392/4825/4392
f 4342/4755/4342 4353/4765/4353 4359/4768/4359 4349/4756/4349
f 4349/4757/4349 4359/4763/4359 4355/4760/4355 4344/4746/4344
f 4344/4746/4344 4355/4760/4355 4352/4759/4352 4340/4743/4340
f 4390/4817/4390 4354/4771/4354 4362/4769/4362 4400/4818/4400
f 4400/4818/4400 4362/4769/4362 4358/4766/4358 4404/4819/4404
f 4404/4819/4404 4358/4766/4358 4353/4765/4353 4391/4821/4391
f 4354/4771/4354 4365/4781/4365 4371/4784/4371 4361/4772/4361
f 4361/4773/4361 4371/4779/4371 4367/4776/4367 4356/4762/4356
f 4356/4762/4356 4367/4776/4367 4364/4775/4364 4352/4759/4352
f 4389/4813/4389 4366/4787/4366 4374/4785/4374 4397/4814/4397
f 4397/4814/4397 4374/4785/4374 4370/4782/4370 4401/4815/4401
f 4401/4815/4401 4370/4782/4370 4365/4781/4365 4390/4817/4390
f 4366/4787/4366 4377/4797/4377 4383/4800/4383 4373/4788/4373
f 4373/4789/4373 4383/4795/4383 4379/4792/4379 4368/4778/4368
f 4368/4778/4368 4379/4792/4379 4376/4791/4376 4364/4775/4364
f 4388/4807/4388 4378/4803/4378 4386/4801/4386 4394/4808/4394
f 4394/4808/4394 4386/4801/4386 4382/4798/4382 4398/4811/4398
f 4398/4811/4398 4382/4798/4382 4377/4797/4377 4389/4813/4389
f 4378/4803/4378 4318/4722/4318 4326/4725/4326 4385/4804/4385
f 4385/4805/4385 4326/4720/4326 4322/4719/4322 4380/4794/4380
f 4380/4794/4380 4322/4719/4322 4317/4718/4317 4376/4791/4376
f 4316/4710/4316 4328/4726/4328 4332/4729/4332 4319/4711/4319
f 4319/4714/4319 4332/4740/4332 4337/4739/4337 4323/4715/4323
f 4323/4715/4323 4337/4739/4337 4330/4738/4330 4317/4718/4317
f 4378/4803/4378 4388/4807/4388 4318/4722/4318
f 4376/4791/4376 4317/4718/4317 4330/4738/4330 4340/4743/4340 4352/4759/4352 4364/4775/4364
f 4316/4710/4316 4393/4829/4393 4328/4726/4328
f 4329/4732/4329 4392/4825/4392 4341/4749/4341
f 4342/4755/4342 4391/4821/4391 4353/4765/4353
f 4354/4771/4354 4390/4817/4390 4365/4781/4365
f 4366/4787/4366 4389/4813/4389 4377/4797/4377
o Boss_crown_spike_3
v 0.269381 2.242684 -0.116085
v 0.261501 2.224697 -0.113329
v 0.246986 2.233722 -0.123185
v 0.270292 2.235639 -0.116156
v 0.263045 2.240146 -0.121078
v 0.264086 2.233467 -0.120905
v 0.256217 2.224562 -0.118690
v 0.267400 2.229037 -0.115144
v 0.262049 2.228818 -0.120193
v 0.254824 2.236856 -0.123684
v 0.250889 2.227875 -0.122307
v 0.258299 2.231151 -0.122740
v 0.340605 2.271182 -0.044692
v 0.345751 2.273255 -0.021829
v 0.342756 2.257195 -0.031886
v 0.345000 2.272945 -0.038181
v 0.343505 2.264926 -0.043203
v 0.347554 2.266864 -0.036930
v 0.347963 2.266722 -0.023394
v 0.346889 2.273706 -0.029789
v 0.348884 2.267400 -0.031022
v 0.344294 2.259792 -0.038503
v 0.346864 2.260827 -0.027086
v 0.348110 2.263250 -0.033621
v 0.300765 2.240407 0.094178
v 0.307878 2.258101 0.091885
v 0.290427 2.251130 0.106304
v 0.306628 2.244732 0.093650
v 0.297915 2.241251 0.100850
v 0.303603 2.245450 0.100050
v 0.304077 2.256581 0.098863
v 0.309239 2.251226 0.092808
v 0.305441 2.250022 0.099457
v 0.294120 2.245187 0.105301
v 0.297671 2.254023 0.104156
v 0.300931 2.248221 0.103183
v 0.176808 2.190912 0.105232
v 0.178610 2.206496 0.116275
v 0.159440 2.198821 0.104999
v 0.179188 2.193854 0.111460
v 0.169616 2.190022 0.105830
v 0.172169 2.192976 0.111754
v 0.171176 2.203524 0.115397
v 0.179849 2.199575 0.115513
v 0.172634 2.197003 0.114608
v 0.163241 2.192924 0.105744
v 0.164140 2.200706 0.111258
v 0.167680 2.195020 0.111694
v 0.124803 2.170089 -0.000378
v 0.113857 2.180554 0.012422
v 0.113292 2.180312 -0.012715
v 0.120788 2.170468 0.005998
v 0.120505 2.170347 -0.006554
v 0.116812 2.170798 -0.000186
v 0.111022 2.179414 0.004536
v 0.116770 2.174309 0.010696
v 0.113984 2.173502 0.003122
v 0.116280 2.174099 -0.011083
v 0.110815 2.179325 -0.004691
v 0.113838 2.173440 -0.003374
v 0.166050 2.186571 -0.094886
v 0.148075 2.194225 -0.092423
v 0.166480 2.201578 -0.107631
v 0.158653 2.185599 -0.094063
v 0.167844 2.189270 -0.101656
v 0.160652 2.188324 -0.100573
v 0.152270 2.195902 -0.099522
v 0.152055 2.188409 -0.093158
v 0.156007 2.190302 -0.099936
v 0.168001 2.194779 -0.106334
v 0.159026 2.198601 -0.105104
v 0.160763 2.192202 -0.103866
v 0.041586 2.679162 -0.027923
v 0.023181 2.671810 -0.012715
v 0.020154 2.691649 0.012422
v 0.035340 2.713420 0.021049
v 0.052790 2.720390 0.006630
v 0.055792 2.705884 -0.017025
v 0.034384 2.676752 -0.024772
v 0.046481 2.688243 -0.026443
v 0.027947 2.718934 -0.015103
v 0.020152 2.677727 -0.004689
v 0.027669 2.674070 -0.019224
v 0.018603 2.715202 -0.007383
v 0.023651 2.698609 0.017390
v 0.019046 2.684975 0.004495
v 0.017185 2.723904 0.005596
v 0.042111 2.716677 0.018448
v 0.029187 2.706547 0.020536
v 0.025327 2.735266 0.010522
v 0.055837 2.717191 -0.001484
v 0.048465 2.719215 0.013198
v 0.034732 2.739023 0.002751
v 0.051671 2.698005 -0.022462
v 0.056932 2.711902 -0.010109
v 0.035937 2.731393 -0.009898
vn 0.5772 0.2507 -0.7772
vn 0.4212 -0.8796 -0.2213
vn -0.1071 -0.0246 -0.9939
vn 0.6874 -0.1548 -0.7096
vn 0.3949 0.1966 -0.8974
vn 0.5157 -0.1534 -0.8429
vn 0.2794 -0.7699 -0.5737
vn 0.6116 -0.6390 -0.4664
vn 0.4457 -0.5633 -0.6957
vn 0.0939 0.0782 -0.9925
vn 0.0510 -0.4105 -0.9104
vn 0.2180 -0.2708 -0.9376
vn 0.6850 0.3093 -0.6597
vn 0.8878 0.3919 0.2413
vn 0.5648 -0.8235 -0.0536
vn 0.8142 0.4006 -0.4203
vn 0.7859 -0.0942 -0.6111
vn 0.9127 0.0487 -0.4057
vn 0.9745 -0.0177 0.2235
vn 0.9005 0.4329 -0.0413
vn 0.9961 0.0803 -0.0362
vn 0.7336 -0.5862 -0.3438
vn 0.8305 -0.5494 0.0918
vn 0.9134 -0.3687 -0.1725
vn 0.4885 -0.8541 0.1784
vn 0.8266 0.3655 0.4280
vn 0.1546 0.0971 0.9832
vn 0.7653 -0.5759 0.2873
vn 0.4419 -0.7051 0.5546
vn 0.6663 -0.4692 0.5796
vn 0.6720 0.3362 0.6599
vn 0.9174 -0.0426 0.3956
vn 0.7782 -0.0120 0.6279
vn 0.2948 -0.2913 0.9101
vn 0.3886 0.2230 0.8940
vn 0.5018 -0.1224 0.8563
vn 0.2607 -0.9450 0.1977
vn -0.0295 0.0255 0.9992
vn -0.7845 -0.2776 0.5545
vn 0.2495 -0.7815 0.5719
vn -0.1169 -0.9260 0.3591
vn -0.0731 -0.7627 0.6427
vn -0.3019 -0.0473 0.9522
vn 0.1247 -0.3571 0.9257
vn -0.1526 -0.3785 0.9129
vn -0.5746 -0.6376 0.5131
vn -0.6204 -0.1724 0.7651
vn -0.4632 -0.5008 0.7312
vn 0.1470 -0.9891 0.0054
vn -0.8553 -0.3214 0.4064
vn -0.8718 -0.3300 -0.3621
vn -0.1936 -0.9607 0.1990
vn -0.2046 -0.9633 -0.1737
vn -0.4179 -0.9083 0.0179
vn -0.9241 -0.3302 0.1924
vn -0.6282 -0.6803 0.3775
vn -0.7337 -0.6525 0.1895
vn -0.6430 -0.6877 -0.3369
vn -0.9322 -0.3317 -0.1446
vn -0.7423 -0.6544 -0.1442
vn 0.2298 -0.9557 -0.1839
vn -0.8166 -0.3055 -0.4898
vn -0.2369 -0.0740 -0.9687
vn -0.1447 -0.9383 -0.3142
vn 0.1374 -0.8255 -0.5474
vn -0.1571 -0.8011 -0.5775
vn -0.6988 -0.2319 -0.6766
vn -0.5980 -0.6665 -0.4452
vn -0.5299 -0.5621 -0.6350
vn -0.0591 -0.4513 -0.8904
vn -0.4465 -0.1312 -0.8851
vn -0.2805 -0.4624 -0.8411
vn -0.2482 0.1489 -0.9572
vn -0.9020 -0.1122 -0.4170
vn -0.8875 -0.0723 0.4552
vn -0.0501 0.2984 0.9531
vn 0.7299 0.6099 0.3086
vn 0.5157 0.4881 -0.7042
vn -0.5049 0.0722 -0.8602
vn -0.0490 0.2565 -0.9653
vn -0.4258 0.4048 -0.8092
vn -0.9729 -0.1126 -0.2019
vn -0.7597 -0.0296 -0.6497
vn -0.8649 0.2295 -0.4464
vn -0.7449 0.0167 0.6670
vn -0.9846 -0.1072 0.1378
vn -0.9202 0.3756 0.1099
vn 0.2378 0.4400 0.8659
vn -0.4172 0.1671 0.8933
vn -0.4607 0.7804 0.4228
vn 0.7646 0.6391 -0.0831
vn 0.5656 0.5709 0.5951
vn 0.0803 0.9965 -0.0243
vn 0.2544 0.3877 -0.8860
vn 0.6548 0.5757 -0.4896
vn 0.0145 0.7490 -0.6624
vt 0.325827 0.454378
vt 0.327057 0.459157
vt 0.317868 0.469096
vt 0.316199 0.464717
vt 0.827057 0.459157
vt 0.814307 0.452803
vt 0.806333 0.461806
vt 0.817868 0.469096
vt 0.802346 0.449492
vt 0.794399 0.458870
vt 0.787410 0.471292
vt 0.801035 0.474285
vt 0.285971 0.466529
vt 0.300201 0.469597
vt 0.301035 0.474285
vt 0.287410 0.471292
vt 0.445537 0.324896
vt 0.454510 0.315072
vt 0.456832 0.315330
vt 0.449772 0.326426
vt 0.458453 0.297712
vt 0.460823 0.299730
vt 0.454560 0.285163
vt 0.458929 0.285916
vt 0.958929 0.285916
vt 0.948647 0.294418
vt 0.951780 0.305497
vt 0.955419 0.300891
vt 0.940326 0.302974
vt 0.944139 0.314254
vt 0.949772 0.326426
vt 0.953085 0.311158
vt 0.459307 0.313957
vt 0.872360 0.090595
vt 0.884000 0.091132
vt 0.880162 0.080403
vt 0.868860 0.079432
vt 0.897087 0.090331
vt 0.893280 0.078291
vt 0.394047 0.093780
vt 0.389997 0.081209
vt 0.393280 0.078291
vt 0.397087 0.090331
vt 0.376860 0.071056
vt 0.378834 0.067127
vt 0.363740 0.070357
vt 0.366286 0.066527
vt 0.866287 0.066527
vt 0.878834 0.067127
vt 0.650710 0.079226
vt 0.656866 0.068944
vt 0.645400 0.068756
vt 0.638865 0.078436
vt 0.662457 0.056780
vt 0.649987 0.056184
vt 0.164289 0.060819
vt 0.151230 0.060267
vt 0.149987 0.056184
vt 0.162457 0.056780
vt 0.135476 0.068571
vt 0.132539 0.065325
vt 0.128230 0.079827
vt 0.125683 0.076117
vt 0.625683 0.076117
vt 0.632539 0.065325
vt 0.543838 0.251037
vt 0.537568 0.240322
vt 0.530877 0.250386
vt 0.536791 0.261162
vt 0.528166 0.229620
vt 0.520864 0.241115
vt 0.033100 0.229573
vt 0.025522 0.241597
vt 0.020864 0.241115
vt 0.028166 0.229620
vt 0.024893 0.258345
vt 0.020149 0.258754
vt 0.031539 0.271296
vt 0.026567 0.271140
vt 0.526566 0.271140
vt 0.520149 0.258754
vt 0.625870 0.411783
vt 0.613337 0.410015
vt 0.618680 0.421146
vt 0.630816 0.423427
vt 0.598888 0.410735
vt 0.605264 0.423042
vt 0.101788 0.406892
vt 0.108500 0.419717
vt 0.105264 0.423042
vt 0.098888 0.410735
vt 0.122689 0.430605
vt 0.120316 0.434591
vt 0.136815 0.433768
vt 0.133854 0.437565
vt 0.633854 0.437565
vt 0.620316 0.434591
vt 0.240666 0.298427
vt 0.227121 0.295216
vt 0.242564 0.284982
vt 0.253778 0.299076
vt 0.212246 0.283802
vt 0.218135 0.266236
vt 0.205640 0.271550
vt 0.201619 0.259053
vt 0.204812 0.241446
vt 0.221233 0.236627
vt 0.214143 0.229837
vt 0.222088 0.220405
vt 0.239243 0.213394
vt 0.251406 0.222245
vt 0.252659 0.215120
vt 0.265324 0.215963
vt 0.278894 0.226451
vt 0.276415 0.241573
vt 0.282966 0.238543
vt 0.288082 0.251141
vt 0.285749 0.269531
vt 0.270335 0.274429
vt 0.278715 0.279573
vt 0.269941 0.291501
s 1
f 4412/4831/4412 4415/4832/4415 4417/4833/4417 4416/4834/4416
f 4415/4835/4415 4419/4836/4419 4420/4837/4420 4417/4838/4417
f 4413/4839/4413 4418/4840/4418 4420/4837/4420 4419/4836/4419
f 4418/4840/4418 4422/4841/4422 4423/4842/4423 4420/4837/4420
f 4414/4843/4414 4421/4844/4421 4423/4845/4423 4422/4846/4422
f 4421/4844/4421 4416/4834/4416 4417/4833/4417 4423/4845/4423
f 4417/4838/4417 4420/4837/4420 4423/4842/4423
f 4424/4847/4424 4427/4848/4427 4429/4849/4429 4428/4850/4428
f 4427/4848/4427 4431/4851/4431 4432/4852/4432 4429/4849/4429
f 4425/4853/4425 4430/4854/4430 4432/4852/4432 4431/4851/4431
f 4430/4855/4430 4434/4856/4434 4435/4857/4435 4432/4858/4432
f 4426/4859/4426 4433/4860/4433 4435/4857/4435 4434/4856/4434
f 4433/4860/4433 4428/4861/4428 4429/4862/4429 4435/4857/4435
f 4429/4849/4429 4432/4852/4432 4435/4863/4435
f 4436/4864/4436 4439/4865/4439 4441/4866/4441 4440/4867/4440
f 4439/4865/4439 4443/4868/4443 4444/4869/4444 4441/4866/4441
f 4437/4870/4437 4442/4871/4442 4444/4872/4444 4443/4873/4443
f 4442/4871/4442 4446/4874/4446 4447/4875/4447 4444/4872/4444
f 4438/4876/4438 4445/4877/4445 4447/4875/4447 4446/4874/4446
f 4445/4878/4445 4440/4867/4440 4441/4866/4441 4447/4879/4447
f 4441/4866/4441 4444/4869/4444 4447/4879/4447
f 4448/4880/4448 4451/4881/4451 4453/4882/4453 4452/4883/4452
f 4451/4881/4451 4455/4884/4455 4456/4885/4456 4453/4882/4453
f 4449/4886/4449 4454/4887/4454 4456/4888/4456 4455/4889/4455
f 4454/4887/4454 4458/4890/4458 4459/4891/4459 4456/4888/4456
f 4450/4892/4450 4457/4893/4457 4459/4891/4459 4458/4890/4458
f 4457/4894/4457 4452/4883/4452 4453/4882/4453 4459/4895/4459
f 4453/4882/4453 4456/4885/4456 4459/4895/4459
f 4460/4896/4460 4463/4897/4463 4465/4898/4465 4464/4899/4464
f 4463/4897/4463 4467/4900/4467 4468/4901/4468 4465/4898/4465
f 4461/4902/4461 4466/4903/4466 4468/4904/4468 4467/4905/4467
f 4466/4903/4466 4470/4906/4470 4471/4907/4471 4468/4904/4468
f 4462/4908/4462 4469/4909/4469 4471/4907/4471 4470/4906/4470
f 4469/4910/4469 4464/4899/4464 4465/4898/4465 4471/4911/4471
f 4465/4898/4465 4468/4901/4468 4471/4911/4471
f 4472/4912/4472 4475/4913/4475 4477/4914/4477 4476/4915/4476
f 4475/4913/4475 4479/4916/4479 4480/4917/4480 4477/4914/4477
f 4473/4918/4473 4478/4919/4478 4480/4920/4480 4479/4921/4479
f 4478/4919/4478 4482/4922/4482 4483/4923/4483 4480/4920/4480
f 4474/4924/4474 4481/4925/4481 4483/4923/4483 4482/4922/4482
f 4481/4926/4481 4476/4915/4476 4477/4914/4477 4483/4927/4483
f 4477/4914/4477 4480/4917/4480 4483/4927/4483
f 4484/4928/4484 4490/4929/4490 4492/4930/4492 4491/4931/4491
f 4490/4929/4490 4494/4932/4494 4495/4933/4495 4492/4930/4492
f 4485/4934/4485 4493/4935/4493 4495/4933/4495 4494/4932/4494
f 4493/4935/4493 4497/4936/4497 4498/4937/4498 4495/4933/4495
f 4486/4938/4486 4496/4939/4496 4498/4937/4498 4497/4936/4497
f 4496/4939/4496 4500/4940/4500 4501/4941/4501 4498/4937/4498
f 4487/4942/4487 4499/4943/4499 4501/4941/4501 4500/4940/4500
f 4499/4943/4499 4503/4944/4503 4504/4945/4504 4501/4941/4501
f 4488/4946/4488 4502/4947/4502 4504/4945/4504 4503/4944/4503
f 4502/4947/4502 4506/4948/4506 4507/4949/4507 4504/4945/4504
f 4489/4950/4489 4505/4951/4505 4507/4949/4507 4506/4948/4506
f 4505/4951/4505 4491/4931/4491 4492/4930/4492 4507/4949/4507
f 4492/4930/4492 4495/4933/4495 4498/4937/4498 4501/4941/4501 4504/4945/4504 4507/4949/4507
f 4414/4843/4414 4484/4928/4484 4491/4931/4491 4421/4844/4421
f 4421/4844/4421 4491/4931/4491 4505/4951/4505 4416/4834/4416
f 4416/4834/4416 4505/4951/4505 4489/4950/4489 4412/4831/4412
f 4488/4946/4488 4425/4853/4425 4431/4851/4431 4502/4947/4502
f 4502/4947/4502 4431/4851/4431 4427/4848/4427 4506/4948/4506
f 4506/4948/4506 4427/4848/4427 4424/4847/4424 4489/4950/4489
f 4425/4853/4425 4437/4870/4437 4443/4873/4443 4430/4854/4430
f 4430/4855/4430 4443/4868/4443 4439/4865/4439 4434/4856/4434
f 4434/4856/4434 4439/4865/4439 4436/4864/4436 4426/4859/4426
f 4487/4942/4487 4438/4876/4438 4446/4874/4446 4499/4943/4499
f 4499/4943/4499 4446/4874/4446 4442/4871/4442 4503/4944/4503
f 4503/4944/4503 4442/4871/4442 4437/4870/4437 4488/4946/4488
f 4438/4876/4438 4449/4886/4449 4455/4889/4455 4445/4877/4445
f 4445/4878/4445 4455/4884/4455 4451/4881/4451 4440/4867/4440
f 4440/4867/4440 4451/4881/4451 4448/4880/4448 4436/4864/4436
f 4486/4938/4486 4450/4892/4450 4458/4890/4458 4496/4939/4496
f 4496/4939/4496 4458/4890/4458 4454/4887/4454 4500/4940/4500
f 4500/4940/4500 4454/4887/4454 4449/4886/4449 4487/4942/4487
f 4450/4892/4450 4461/4902/4461 4467/4905/4467 4457/4893/4457
f 4457/4894/4457 4467/4900/4467 4463/4897/4463 4452/4883/4452
f 4452/4883/4452 4463/4897/4463 4460/4896/4460 4448/4880/4448
f 4485/4934/4485 4462/4908/4462 4470/4906/4470 4493/4935/4493
f 4493/4935/4493 4470/4906/4470 4466/4903/4466 4497/4936/4497
f 4497/4936/4497 4466/4903/4466 4461/4902/4461 4486/4938/4486
f 4462/4908/4462 4473/4918/4473 4479/4921/4479 4469/4909/4469
f 4469/4910/4469 4479/4916/4479 4475/4913/4475 4464/4899/4464
f 4464/4899/4464 4475/4913/4475 4472/4912/4472 4460/4896/4460
f 4484/4928/4484 4474/4924/4474 4482/4922/4482 4490/4929/4490
f 4490/4929/4490 4482/4922/4482 4478/4919/4478 4494/4932/4494
f 4494/4932/4494 4478/4919/4478 4473/4918/4473 4485/4934/4485
f 4474/4924/4474 4414/4843/4414 4422/4846/4422 4481/4925/4481
f 4481/4926/4481 4422/4841/4422 4418/4840/4418 4476/4915/4476
f 4476/4915/4476 4418/4840/4418 4413/4839/4413 4472/4912/4472
f 4412/4831/4412 4424/4847/4424 4428/4850/4428 4415/4832/4415
f 4415/4835/4415 4428/4861/4428 4433/4860/4433 4419/4836/4419
f 4419/4836/4419 4433/4860/4433 4426/4859/4426 4413/4839/4413
f 4474/4924/4474 4484/4928/4484 4414/4843/4414
f 4472/4912/4472 4413/4839/4413 4426/4859/4426 4436/4864/4436 4448/4880/4448 4460/4896/4460
f 4412/4831/4412 4489/4950/4489 4424/4847/4424
f 4425/4853/4425 4488/4946/4488 4437/4870/4437
f 4438/4876/4438 4487/4942/4487 4449/4886/4449
f 4450/4892/4450 4486/4938/4486 4461/4902/4461
f 4462/4908/4462 4485/4934/4485 4473/4918/4473
o Boss_eye_left_socket
v -0.172994 2.128144 0.280581
v -0.166118 2.034266 0.257556
v -0.161189 1.999505 0.257834
v -0.170558 1.936442 0.269744
v -0.172202 1.915682 0.278396
v -0.165987 2.153591 0.301837
v -0.163056 2.114820 0.273766
v -0.154764 2.091405 0.265985
v -0.158499 2.067487 0.260761
v -0.153277 2.047275 0.258416
v -0.152438 2.019432 0.257259
v -0.151063 1.984203 0.259348
v -0.163756 1.886425 0.301817
v -0.163922 2.156888 0.307740
v -0.150086 2.132473 0.282916
v -0.146607 2.113677 0.273728
v -0.140821 2.060076 0.260411
v -0.139107 2.033140 0.258129
v -0.139623 2.006289 0.258130
v -0.148024 1.960362 0.263301
v -0.149994 1.928433 0.272674
v -0.154331 1.907312 0.282882
v -0.153673 2.146266 0.293121
v -0.132731 2.103235 0.271011
v -0.129402 2.080711 0.265031
v -0.125131 2.053492 0.260974
v -0.125570 2.020575 0.259080
v -0.127092 1.986019 0.260789
v -0.118716 1.959160 0.266487
v -0.136627 1.945587 0.267758
v -0.111809 2.039150 0.261614
v -0.113192 2.006289 0.261108
v -0.132576 1.917259 0.279142
v -0.144282 1.896612 0.291126
v -0.151552 1.891003 0.296083
v -0.142002 2.153576 0.303531
v -0.106046 2.079776 0.268572
v -0.101824 2.060572 0.265871
v -0.099196 2.020000 0.263425
v -0.100568 1.997778 0.263937
v -0.103653 1.972892 0.266462
v -0.116244 1.935910 0.273713
v -0.127178 1.907426 0.285716
v -0.161238 1.882921 0.307685
v -0.127007 2.136006 0.288202
v -0.122199 2.124783 0.281881
v -0.109109 2.102297 0.274539
v -0.089890 2.040518 0.266348
v -0.079243 1.986019 0.270963
v -0.093579 1.958623 0.272070
v -0.132390 2.146905 0.296671
v -0.105859 2.119180 0.283040
v -0.092986 2.104913 0.280190
v -0.084787 2.079776 0.274296
v -0.079475 2.060572 0.272018
v -0.075875 2.013138 0.269833
v -0.073782 1.966968 0.276731
v -0.087274 1.947731 0.277250
v -0.101268 1.925066 0.282064
v -0.067977 2.040518 0.273534
v -0.110146 1.907526 0.290078
v -0.128323 1.890906 0.300780
v -0.141090 1.886422 0.303646
v -0.109625 2.139998 0.297065
v -0.093084 2.123774 0.290442
v -0.077064 2.102845 0.285763
v -0.066418 2.079776 0.281778
v -0.060221 2.060572 0.280010
v -0.056745 2.014856 0.277642
v -0.059536 1.986019 0.278995
v -0.071083 1.948136 0.283802
v -0.082448 1.926167 0.289106
v -0.050636 2.067060 0.287141
v -0.049600 2.040518 0.282505
v -0.048372 2.006289 0.282735
v -0.057069 1.966528 0.285020
v -0.095188 1.907084 0.297122
v -0.113963 1.896539 0.299017
v -0.156322 2.158958 0.313806
v -0.086446 2.128007 0.297795
v -0.070545 2.113833 0.296508
v -0.057098 2.091864 0.292303
v -0.038727 2.040495 0.290224
v -0.038668 2.014608 0.288873
v -0.044506 1.987871 0.287683
v -0.057098 1.948136 0.292303
v -0.119111 1.888767 0.308627
v -0.121435 2.151681 0.307991
v -0.040968 2.067107 0.294701
v -0.030678 2.026854 0.296468
v -0.040968 1.972892 0.294701
v -0.068662 1.926817 0.297390
v -0.140302 2.156960 0.311136
v -0.097916 2.143389 0.309840
v -0.089184 2.135748 0.304928
v -0.071088 2.123217 0.306035
v -0.048760 2.093329 0.301067
v -0.031454 2.047272 0.298734
v -0.030167 1.999482 0.298541
v -0.043726 1.954150 0.301790
v -0.053543 2.105274 0.306018
v -0.037428 2.079776 0.306142
v -0.024247 2.026862 0.305236
v -0.024740 1.999505 0.307347
v -0.032287 1.972892 0.305636
v -0.051113 1.939387 0.304435
v -0.073591 1.914683 0.305654
v -0.093902 1.899322 0.308766
v -0.152045 1.881063 0.314643
v -0.078063 2.132435 0.314270
v -0.062498 2.118905 0.313676
v -0.026909 2.054071 0.308167
v -0.035528 1.958623 0.312698
v -0.057376 1.926167 0.313701
v -0.136349 1.883082 0.313439
v -0.160000 2.159500 0.320000
v -0.047920 2.103245 0.316987
v -0.033776 2.079776 0.317169
v -0.021177 2.033711 0.316923
v -0.020455 2.013138 0.317437
v -0.024532 1.986019 0.316983
v -0.040809 1.947096 0.317927
v -0.076824 1.907814 0.317079
v -0.107035 2.149139 0.316571
v -0.057786 2.114903 0.323630
v -0.029137 2.067060 0.325820
v -0.024336 2.054071 0.320079
v -0.022403 1.999505 0.325561
v -0.028957 1.971815 0.323412
v -0.056617 1.926167 0.322831
v -0.094219 1.896846 0.321868
v -0.119996 1.886324 0.317330
v -0.133649 2.157011 0.323545
v -0.119417 2.153636 0.319282
v -0.077740 2.132888 0.322353
v -0.041410 2.091864 0.327966
v -0.022025 2.026862 0.329737
v -0.041410 1.948136 0.327966
v -0.078191 1.907099 0.324266
v -0.106785 1.890782 0.318969
v -0.095028 2.143289 0.324150
v -0.059831 2.113833 0.331853
v -0.032321 2.067107 0.334424
v -0.026862 2.047272 0.334455
v -0.026859 2.026854 0.338728
v -0.025555 1.999482 0.334617
v -0.032321 1.972893 0.334424
v -0.059831 1.926167 0.331853
v -0.080916 2.132135 0.332245
v -0.047142 2.091864 0.338224
v -0.047142 1.948136 0.338224
v -0.081614 1.907567 0.332263
v -0.073465 2.116294 0.343894
v -0.059693 2.104572 0.341627
v -0.041027 2.067108 0.345356
v -0.035859 2.046735 0.346184
v -0.034006 2.026262 0.347117
v -0.034475 1.999482 0.346139
v -0.041027 1.972892 0.345356
v -0.060160 1.935087 0.341810
v -0.115750 1.888575 0.327760
v -0.115880 2.151253 0.328650
v -0.060122 2.091834 0.349901
v -0.044673 2.013146 0.355314
v -0.053488 1.958623 0.349890
v -0.100444 1.896864 0.332676
v -0.133482 1.883162 0.323574
v -0.055734 2.073472 0.354170
v -0.051542 2.054540 0.356520
v -0.048087 2.034272 0.357065
v -0.049404 1.997778 0.357168
v -0.053374 1.979428 0.356236
v -0.069199 1.937155 0.349925
v -0.076047 1.920852 0.343366
v -0.088833 1.911400 0.343389
v -0.104692 2.143299 0.336103
v -0.093287 2.132626 0.342189
v -0.057343 2.020000 0.362606
v -0.061476 1.999505 0.363579
v -0.063513 1.971815 0.360047
v -0.098255 1.903562 0.340887
v -0.118535 1.892690 0.338111
v -0.087332 2.114282 0.353051
v -0.074975 2.091998 0.358024
v -0.071647 2.067107 0.363914
v -0.065344 2.039402 0.365481
v -0.072419 2.013146 0.368858
v -0.074975 1.948002 0.358024
v -0.091346 1.926167 0.354898
v -0.131146 1.886313 0.332844
v -0.146304 2.158890 0.321870
v -0.090049 2.079906 0.367359
v -0.077461 2.047272 0.369182
v -0.078143 1.997778 0.370014
v -0.081340 1.979428 0.368604
v -0.084643 1.960224 0.365655
v -0.110218 1.907787 0.350031
v -0.107248 2.128144 0.352008
v -0.103284 2.113563 0.359211
v -0.100040 2.097923 0.364614
v -0.092971 2.055075 0.372890
v -0.088719 2.026262 0.374046
v -0.093830 1.999505 0.374573
v -0.098051 1.972941 0.372198
v -0.107401 1.925829 0.359974
v -0.125330 1.896846 0.345225
v -0.147437 1.881136 0.323022
v -0.152848 2.156944 0.332030
v -0.128312 2.149139 0.339403
v -0.121180 2.140607 0.346626
v -0.112550 2.014855 0.379138
v -0.103872 1.947822 0.367706
v -0.137269 2.153687 0.335130
v -0.131186 2.136079 0.352427
v -0.127967 2.123801 0.359540
v -0.123308 2.108840 0.365565
v -0.111796 2.079751 0.372598
v -0.114909 2.054541 0.377480
v -0.112708 2.034272 0.378798
v -0.112742 1.992728 0.377846
v -0.115717 1.972893 0.375786
v -0.121660 1.936386 0.367371
v -0.131186 1.903921 0.352427
v -0.145469 2.146285 0.346105
v -0.125772 2.094272 0.371040
v -0.133942 2.026854 0.381668
v -0.126211 2.006289 0.380670
v -0.132501 1.921160 0.362678
v -0.128999 1.911806 0.357340
v -0.147556 2.132213 0.357045
v -0.140787 2.079272 0.376304
v -0.140049 2.053981 0.380371
v -0.140201 1.997778 0.381473
v -0.140753 1.972893 0.378602
v -0.137800 1.951103 0.373848
v -0.150124 1.936925 0.370467
v -0.147833 2.112824 0.366748
v -0.154774 2.097923 0.372086
v -0.154305 2.026862 0.382795
v -0.158811 1.999505 0.382166
v -0.156323 1.925308 0.366181
v -0.154372 1.907308 0.357137
v -0.147128 1.890650 0.343124
v -0.151463 1.886464 0.337925
v -0.148387 1.883052 0.331295
v -0.158003 2.153517 0.338292
v -0.165037 2.079766 0.376826
v -0.166606 2.053981 0.380963
v -0.174844 2.026854 0.382416
v -0.167716 1.979428 0.380027
v -0.166112 1.960224 0.376805
v -0.167955 2.132256 0.357344
v -0.170888 2.118840 0.364165
v -0.192481 2.040518 0.380500
v -0.179147 1.999482 0.381642
v -0.180233 1.947021 0.372861
v -0.174505 1.925846 0.366029
v -0.172734 1.907565 0.356871
v -0.155776 1.896452 0.349501
v -0.175872 1.891077 0.343149
v -0.164609 2.146672 0.346585
v -0.179756 2.108752 0.367761
v -0.184524 2.094872 0.371986
v -0.192054 2.067107 0.377456
v -0.195109 2.020000 0.380825
v -0.192054 1.972893 0.377456
v -0.171729 1.883091 0.331160
v -0.192186 2.123791 0.359550
v -0.202482 2.085850 0.371999
v -0.210365 2.067060 0.374663
v -0.214468 2.026854 0.377789
v -0.205503 1.999482 0.378776
v -0.204366 1.958623 0.372841
v -0.197144 1.936386 0.367563
v -0.191415 1.915929 0.359509
v -0.160000 1.881164 0.326335
v -0.207369 2.103638 0.365649
v -0.219432 2.042222 0.376063
v -0.224073 1.999505 0.375077
v -0.218176 1.979428 0.374129
v -0.224896 1.960224 0.368801
v -0.187770 1.900156 0.349871
v -0.183970 2.146376 0.344633
v -0.194160 2.136218 0.351363
v -0.209043 2.123217 0.356177
v -0.224896 2.079776 0.368801
v -0.229686 2.060572 0.371302
v -0.235761 2.040495 0.371986
v -0.232834 2.020000 0.373620
v -0.215179 1.935938 0.363647
v -0.208582 1.917055 0.356475
v -0.173153 1.886423 0.337373
v -0.177903 2.153525 0.336565
v -0.228488 2.104340 0.359655
v -0.240046 2.079725 0.363936
v -0.242783 2.006289 0.370242
v -0.240757 1.986019 0.369037
v -0.232975 1.947100 0.362448
v -0.173779 2.156838 0.330712
v -0.223369 2.123792 0.350996
v -0.251049 2.053981 0.365239
v -0.254647 2.026862 0.366215
v -0.256843 1.999505 0.364336
v -0.248994 1.971815 0.363419
v -0.229434 1.926157 0.354580
v -0.203183 1.899456 0.345165
v -0.203578 2.143154 0.342252
v -0.238979 2.113801 0.350088
v -0.246033 2.097589 0.355089
v -0.253360 2.079272 0.358470
v -0.272864 2.026862 0.357018
v -0.249629 1.948146 0.355843
v -0.241426 1.925517 0.348345
v -0.222679 1.912003 0.348205
v -0.199836 2.149025 0.335986
v -0.218231 2.136218 0.343093
v -0.268912 2.053981 0.356376
v -0.270400 1.999482 0.357495
v -0.265777 1.972893 0.355263
v -0.219866 1.903898 0.342207
v -0.237578 2.132326 0.333567
v -0.234268 2.127975 0.341741
v -0.256370 2.103256 0.345923
v -0.265638 2.085876 0.348452
v -0.273171 2.068185 0.349924
v -0.281273 2.040495 0.349776
v -0.283574 2.013146 0.349122
v -0.279469 1.986058 0.348751
v -0.256370 1.936744 0.345923
v -0.193511 1.888207 0.334611
v -0.160000 1.880500 0.320000
v -0.247137 2.118879 0.340878
v -0.270946 1.959630 0.347060
v -0.235223 1.908387 0.336986
v -0.216056 1.896846 0.335602
v -0.165408 2.158997 0.325875
v -0.267923 2.102654 0.334968
v -0.278596 2.079766 0.339652
v -0.287688 2.053981 0.340583
v -0.291104 2.033140 0.340874
v -0.291642 2.012537 0.340911
v -0.287688 1.986019 0.340583
v -0.278430 1.958607 0.338742
v -0.265922 1.935445 0.335538
v -0.250647 1.920820 0.337195
v -0.195623 2.153753 0.328568
v -0.214171 2.146711 0.330796
v -0.247793 1.911806 0.325299
v -0.209403 1.890907 0.329051
v -0.185504 2.156857 0.324754
v -0.230801 2.139678 0.326508
v -0.261227 2.114323 0.329094
v -0.284837 2.079766 0.328863
v -0.292335 2.060572 0.328305
v -0.296614 2.041107 0.329386
v -0.298249 2.020575 0.328999
v -0.296641 1.999482 0.329648
v -0.290227 1.972892 0.328661
v -0.278775 1.948146 0.327395
v -0.230374 1.900164 0.326777
v -0.252399 2.124670 0.323049
v -0.279054 2.093103 0.321252
v -0.295480 2.053942 0.320014
v -0.299489 2.026855 0.319470
v -0.297256 1.992692 0.320028
v -0.286245 1.960280 0.320585
v -0.262261 1.925066 0.324268
v -0.271921 2.103075 0.314513
v -0.288881 2.073472 0.317656
v -0.294173 1.986019 0.311066
v -0.206057 1.888038 0.322257
v -0.172915 1.881125 0.322749
v -0.261441 2.114224 0.311134
v -0.284080 2.081393 0.311407
v -0.294173 2.053981 0.311066
v -0.297490 2.033140 0.310598
v -0.298317 2.014310 0.311296
v -0.285179 1.960234 0.312174
v -0.272272 1.937703 0.313785
v -0.251625 1.915685 0.312490
v -0.237226 1.903898 0.316653
v -0.186770 1.883052 0.323126
v -0.206742 2.151680 0.318333
v -0.229938 2.140794 0.316371
v -0.240585 2.132478 0.310763
v -0.290853 2.039983 0.299753
v -0.294869 2.012184 0.303755
v -0.264650 2.101208 0.299792
v -0.279381 2.079766 0.301335
v -0.285410 2.060572 0.299253
v -0.288421 2.013145 0.295489
v -0.287721 1.986019 0.299459
v -0.279381 1.960234 0.301335
v -0.265738 1.937155 0.302651
v -0.224792 1.896701 0.314647
v -0.247241 2.123043 0.303570
v -0.284584 2.042222 0.293255
v -0.253023 1.931430 0.295402
v -0.251688 1.921160 0.303502
v -0.235702 1.907333 0.304923
v -0.198956 1.886470 0.314682
v -0.254810 2.103899 0.293372
v -0.268996 2.079766 0.291213
v -0.274005 2.060572 0.288641
v -0.275525 2.040495 0.285907
v -0.280050 2.014855 0.287832
v -0.278080 1.992728 0.288776
v -0.272877 1.972892 0.289519
v -0.261968 2.042222 0.278133
v -0.267080 2.026855 0.279769
v -0.271649 2.006289 0.282748
v -0.261104 1.949031 0.290467
v -0.226092 1.907796 0.297206
v -0.215216 1.896923 0.303837
v -0.207918 1.890740 0.309556
v -0.184147 2.156999 0.313966
v -0.205504 2.149120 0.307298
v -0.215308 2.143299 0.303897
v -0.224685 2.132939 0.296909
v -0.238892 2.114574 0.290152
v -0.248579 2.091405 0.283472
v -0.258521 2.068828 0.281197
v -0.262275 1.992728 0.279009
v -0.258521 1.971172 0.281197
v -0.242583 1.936386 0.285932
v -0.237098 1.921160 0.292235
v -0.173325 2.158855 0.317751
v -0.235930 2.091815 0.278307
v -0.252929 2.013138 0.273084
v -0.245929 1.985929 0.272759
v -0.182962 1.883162 0.313043
v -0.208542 2.132204 0.289554
v -0.221568 2.113843 0.282524
v -0.243706 2.067223 0.274273
v -0.243322 2.040518 0.270320
v -0.236517 2.013145 0.267514
v -0.240401 1.956892 0.277041
v -0.226706 1.935429 0.279948
v -0.219051 1.916371 0.287211
v -0.209348 1.903898 0.293060
v -0.190156 2.153782 0.307832
v -0.204637 2.114171 0.278111
v -0.221548 2.091865 0.273694
v -0.227694 2.060572 0.268160
v -0.226170 2.040495 0.265427
v -0.226170 1.999505 0.265427
v -0.226677 1.972901 0.268923
v -0.200970 2.093593 0.269799
v -0.219056 2.019432 0.263063
v -0.215318 1.948376 0.272004
v -0.205376 1.926167 0.278103
v -0.197404 1.896701 0.295598
v -0.185873 1.886336 0.305813
v -0.191908 2.143299 0.294066
v -0.192129 2.132929 0.285869
v -0.211284 2.070444 0.265999
v -0.207258 2.047272 0.262154
v -0.206336 2.026100 0.260716
v -0.207686 1.999482 0.261575
v -0.205759 1.971641 0.264725
v -0.198149 1.942414 0.270674
v -0.195343 1.907525 0.286140
v -0.170172 1.881153 0.315559
v -0.182154 2.149120 0.298062
v -0.186340 2.113833 0.274924
v -0.184372 2.080782 0.264346
v -0.186296 2.054071 0.260109
v -0.192596 2.033704 0.259205
v -0.189841 1.958607 0.265126
v -0.187854 1.925097 0.275596
v -0.184429 1.890698 0.298641
v -0.171945 2.139812 0.288109
v -0.175333 2.093329 0.266928
v -0.179345 2.013137 0.257758
v -0.186295 1.985929 0.260109
v -0.177236 1.948073 0.266666
v -0.173554 1.899658 0.288605
v -0.167140 1.971152 0.261164
vn -0.0614 0.4824 -0.8738
vn -0.0236 0.0480 -0.9986
vn -0.0078 -0.0678 -0.9977
vn -0.0360 -0.3184 -0.9473
vn -0.0544 -0.4528 -0.8900
vn -0.0351 0.8239 -0.5656
vn -0.0141 0.3792 -0.9252
vn 0.0209 0.2580 -0.9659
vn 0.0010 0.1637 -0.9865
vn 0.0186 0.0874 -0.9960
vn 0.0224 -0.0010 -0.9997
vn 0.0296 -0.1190 -0.9925
vn -0.0285 -0.8151 -0.5787
vn -0.0301 0.9168 -0.3983
vn 0.0495 0.5206 -0.8523
vn 0.0602 0.3823 -0.9221
vn 0.0677 0.1366 -0.9883
vn 0.0693 0.0446 -0.9966
vn 0.0686 -0.0462 -0.9966
vn 0.0419 -0.2096 -0.9769
vn 0.0426 -0.3646 -0.9302
vn 0.0276 -0.5197 -0.8539
vn 0.0337 0.6874 -0.7255
vn 0.1107 0.3217 -0.9404
vn 0.1109 0.2172 -0.9698
vn 0.1206 0.1162 -0.9859
vn 0.1156 0.0029 -0.9933
vn 0.1123 -0.1187 -0.9866
vn 0.1492 -0.2205 -0.9639
vn 0.0834 -0.2811 -0.9560
vn 0.1643 0.0636 -0.9844
vn 0.1533 -0.0459 -0.9871
vn 0.1207 -0.4423 -0.8887
vn 0.0898 -0.6487 -0.7557
vn 0.0373 -0.7405 -0.6710
vn 0.1078 0.8451 -0.5237
vn 0.2001 0.2241 -0.9538
vn 0.2087 0.1488 -0.9666
vn 0.2160 0.0008 -0.9764
vn 0.2150 -0.0823 -0.9731
vn 0.2063 -0.1670 -0.9641
vn 0.1781 -0.3397 -0.9235
vn 0.1634 -0.5525 -0.8173
vn -0.0079 -0.9154 -0.4024
vn 0.1713 0.5901 -0.7890
vn 0.1703 0.4768 -0.8623
vn 0.2033 0.3319 -0.9211
vn 0.2585 0.0732 -0.9632
vn 0.3140 -0.1284 -0.9407
vn 0.2582 -0.2408 -0.9356
vn 0.1619 0.7307 -0.6632
vn 0.2588 0.4719 -0.8428
vn 0.3053 0.3719 -0.8766
vn 0.3077 0.2472 -0.9188
vn 0.3169 0.1618 -0.9346
vn 0.3214 -0.0277 -0.9465
vn 0.3649 -0.2233 -0.9039
vn 0.3080 -0.3174 -0.8969
vn 0.2711 -0.4338 -0.8593
vn 0.3708 0.0795 -0.9253
vn 0.2587 -0.5832 -0.7701
vn 0.1895 -0.7764 -0.6011
vn 0.1186 -0.8547 -0.5054
vn 0.2917 0.6901 -0.6624
vn 0.3438 0.5395 -0.7686
vn 0.4023 0.4008 -0.8231
vn 0.4218 0.2774 -0.8632
vn 0.4363 0.1776 -0.8821
vn 0.4371 -0.0207 -0.8992
vn 0.4342 -0.1442 -0.8892
vn 0.4180 -0.3469 -0.8396
vn 0.3968 -0.4791 -0.7829
vn 0.5453 0.2323 -0.8054
vn 0.5130 0.0926 -0.8534
vn 0.5194 -0.0611 -0.8523
vn 0.4975 -0.2571 -0.8285
vn 0.3863 -0.6497 -0.6547
vn 0.2722 -0.7325 -0.6240
vn 0.0231 0.9756 -0.2185
vn 0.4310 0.6345 -0.6416
vn 0.5155 0.5318 -0.6719
vn 0.5539 0.3873 -0.7370
vn 0.6300 0.1107 -0.7687
vn 0.6185 -0.0263 -0.7853
vn 0.5838 -0.1608 -0.7958
vn 0.5555 -0.3894 -0.7347
vn 0.2833 -0.8805 -0.3800
vn 0.2609 0.8752 -0.4073
vn 0.6684 0.2641 -0.6953
vn 0.7436 0.0332 -0.6678
vn 0.6658 -0.2640 -0.6979
vn 0.5280 -0.5383 -0.6568
vn 0.1402 0.9477 -0.2865
vn 0.4223 0.8417 -0.3365
vn 0.4552 0.7416 -0.4928
vn 0.5819 0.6721 -0.4579
vn 0.6775 0.4420 -0.5879
vn 0.7655 0.1697 -0.6207
vn 0.7643 -0.1226 -0.6331
vn 0.7216 -0.4041 -0.5622
vn 0.7008 0.5551 -0.4480
vn 0.8119 0.3881 -0.4361
vn 0.8858 0.0407 -0.4624
vn 0.9026 -0.1355 -0.4086
vn 0.8346 -0.2996 -0.4622
vn 0.7005 -0.5242 -0.4842
vn 0.5625 -0.6838 -0.4648
vn 0.4429 -0.8144 -0.3749
vn 0.0609 -0.9789 -0.1951
vn 0.5772 0.7958 -0.1832
vn 0.6873 0.6975 -0.2028
vn 0.8896 0.2338 -0.3925
vn 0.8682 -0.4251 -0.2561
vn 0.7198 -0.6553 -0.2293
vn 0.1632 -0.9590 -0.2316
vn 0.0006 1.0000 -0.0006
vn 0.8049 0.5829 -0.1112
vn 0.8955 0.4298 -0.1153
vn 0.9896 0.0990 -0.1041
vn 0.9944 -0.0482 -0.0943
vn 0.9623 -0.2425 -0.1232
vn 0.8469 -0.5262 -0.0762
vn 0.5955 -0.7942 -0.1213
vn 0.3844 0.9171 -0.1057
vn 0.7224 0.6795 0.1281
vn 0.9183 0.3338 0.2127
vn 0.9697 0.2441 0.0054
vn 0.9680 -0.1474 0.2032
vn 0.9298 -0.3435 0.1326
vn 0.7360 -0.6690 0.1034
vn 0.4725 -0.8781 0.0758
vn 0.2810 -0.9555 -0.0896
vn 0.1862 0.9740 0.1294
vn 0.2834 0.9584 -0.0350
vn 0.5915 0.8024 0.0789
vn 0.8232 0.4994 0.2700
vn 0.9502 0.0484 0.3080
vn 0.8216 -0.4977 0.2781
vn 0.5845 -0.7927 0.1730
vn 0.3879 -0.9207 -0.0419
vn 0.4601 0.8765 0.1416
vn 0.6687 0.6300 0.3949
vn 0.8288 0.3062 0.4684
vn 0.8671 0.1770 0.4657
vn 0.8178 0.0354 0.5743
vn 0.8646 -0.1359 0.4837
vn 0.8304 -0.3019 0.4683
vn 0.6681 -0.6305 0.3951
vn 0.5321 0.7432 0.4056
vn 0.7031 0.4379 0.5602
vn 0.7026 -0.4403 0.5591
vn 0.5275 -0.7449 0.4086
vn 0.4868 0.5500 0.6786
vn 0.5953 0.5001 0.6288
vn 0.6657 0.2677 0.6966
vn 0.6858 0.1511 0.7119
vn 0.6886 0.0361 0.7243
vn 0.6957 -0.1186 0.7084
vn 0.6699 -0.2561 0.6968
vn 0.5932 -0.4978 0.6328
vn 0.3126 -0.9136 0.2601
vn 0.3063 0.9039 0.2986
vn 0.5214 0.3757 0.7662
vn 0.5579 -0.0292 0.8294
vn 0.5515 -0.3233 0.7690
vn 0.4030 -0.8246 0.3970
vn 0.1916 -0.9739 0.1220
vn 0.5058 0.2613 0.8221
vn 0.5110 0.1590 0.8447
vn 0.5269 0.0679 0.8472
vn 0.5190 -0.1106 0.8476
vn 0.5165 -0.1896 0.8350
vn 0.4703 -0.4261 0.7728
vn 0.4878 -0.5712 0.6601
vn 0.4042 -0.6175 0.6748
vn 0.3531 0.7880 0.5043
vn 0.3880 0.6540 0.6494
vn 0.4374 -0.0001 0.8993
vn 0.4120 -0.0933 0.9064
vn 0.4228 -0.2118 0.8811
vn 0.3604 -0.7025 0.6136
vn 0.2556 -0.7844 0.5651
vn 0.3668 0.4618 0.8076
vn 0.3866 0.3320 0.8604
vn 0.3726 0.1975 0.9067
vn 0.3877 0.0787 0.9184
vn 0.3384 -0.0182 0.9408
vn 0.3836 -0.3318 0.8618
vn 0.3309 -0.4467 0.8313
vn 0.1864 -0.8827 0.4314
vn 0.0979 0.9931 0.0644
vn 0.2754 0.2341 0.9324
vn 0.3163 0.1047 0.9429
vn 0.3126 -0.0900 0.9456
vn 0.3128 -0.1566 0.9368
vn 0.3093 -0.2478 0.9181
vn 0.2632 -0.5788 0.7718
vn 0.2706 0.5477 0.7917
vn 0.2519 0.4106 0.8763
vn 0.2491 0.3217 0.9135
vn 0.2447 0.1293 0.9609
vn 0.2564 0.0249 0.9662
vn 0.2348 -0.0741 0.9692
vn 0.2300 -0.1717 0.9579
vn 0.2396 -0.4160 0.8772
vn 0.1918 -0.6906 0.6973
vn 0.0947 -0.9907 0.0975
vn 0.0489 0.9200 0.3889
vn 0.1979 0.7870 0.5844
vn 0.2195 0.6622 0.7165
vn 0.1657 -0.0162 0.9860
vn 0.2229 -0.2856 0.9321
vn 0.1459 0.8695 0.4719
vn 0.1421 0.5780 0.8036
vn 0.1437 0.4622 0.8750
vn 0.1521 0.3648 0.9186
vn 0.1750 0.2138 0.9611
vn 0.1571 0.1216 0.9801
vn 0.1618 0.0524 0.9854
vn 0.1604 -0.0979 0.9822
vn 0.1539 -0.1683 0.9736
vn 0.1489 -0.3289 0.9326
vn 0.1390 -0.5928 0.7933
vn 0.0799 0.6932 0.7163
vn 0.1285 0.2850 0.9499
vn 0.0856 0.0255 0.9960
vn 0.1059 -0.0457 0.9933
vn 0.1107 -0.4149 0.9031
vn 0.1424 -0.4946 0.8574
vn 0.0537 0.5205 0.8522
vn 0.0686 0.2023 0.9769
vn 0.0681 0.1158 0.9909
vn 0.0636 -0.0760 0.9951
vn 0.0652 -0.1571 0.9854
vn 0.0853 -0.2459 0.9655
vn 0.0343 -0.3125 0.9493
vn 0.0459 0.3714 0.9273
vn 0.0167 0.2885 0.9573
vn 0.0185 0.0209 0.9996
vn 0.0049 -0.0646 0.9979
vn 0.0141 -0.3912 0.9202
vn 0.0284 -0.5120 0.8585
vn 0.0804 -0.7474 0.6595
vn 0.0464 -0.8342 0.5495
vn 0.0752 -0.9218 0.3803
vn 0.0106 0.8251 0.5649
vn -0.0189 0.2047 0.9787
vn -0.0207 0.1137 0.9933
vn -0.0462 0.0205 0.9987
vn -0.0235 -0.1346 0.9906
vn -0.0192 -0.2101 0.9775
vn -0.0374 0.5254 0.8501
vn -0.0386 0.4128 0.9100
vn -0.1091 0.0740 0.9913
vn -0.0639 -0.0658 0.9958
vn -0.0721 -0.2697 0.9603
vn -0.0589 -0.3820 0.9223
vn -0.0600 -0.5216 0.8511
vn 0.0201 -0.6473 0.7619
vn -0.0926 -0.7378 0.6686
vn -0.0275 0.6825 0.7303
vn -0.0768 0.3533 0.9323
vn -0.0869 0.2783 0.9566
vn -0.1078 0.1602 0.9812
vn -0.1163 -0.0031 0.9932
vn -0.1100 -0.1599 0.9810
vn -0.0809 -0.9256 0.3697
vn -0.1413 0.4584 0.8774
vn -0.1597 0.2461 0.9560
vn -0.1800 0.1628 0.9701
vn -0.1856 0.0173 0.9825
vn -0.1543 -0.0702 0.9855
vn -0.1637 -0.2294 0.9595
vn -0.1511 -0.3322 0.9310
vn -0.1418 -0.4628 0.8751
vn -0.0018 -0.9737 0.2280
vn -0.1940 0.3425 0.9193
vn -0.2035 0.0829 0.9756
vn -0.2289 -0.0705 0.9709
vn -0.2089 -0.1474 0.9668
vn -0.2521 -0.2327 0.9393
vn -0.1458 -0.6248 0.7670
vn -0.1322 0.7078 0.6939
vn -0.1721 0.5915 0.7877
vn -0.2347 0.4858 0.8420
vn -0.2550 0.2370 0.9375
vn -0.2661 0.1531 0.9517
vn -0.2884 0.0753 0.9546
vn -0.2619 -0.0002 0.9651
vn -0.2300 -0.3534 0.9068
vn -0.2266 -0.4842 0.8451
vn -0.0744 -0.8383 0.5401
vn -0.1138 0.8454 0.5219
vn -0.3030 0.3719 0.8774
vn -0.3343 0.2494 0.9089
vn -0.3174 -0.0497 0.9470
vn -0.3104 -0.1345 0.9410
vn -0.3157 -0.3129 0.8958
vn -0.0948 0.9230 0.3731
vn -0.3201 0.5330 0.7832
vn -0.3770 0.1398 0.9156
vn -0.3891 0.0289 0.9207
vn -0.4102 -0.0852 0.9080
vn -0.3794 -0.2051 0.9022
vn -0.3335 -0.4442 0.8315
vn -0.2390 -0.6763 0.6968
vn -0.2568 0.7173 0.6478
vn -0.4101 0.4858 0.7719
vn -0.4155 0.3690 0.8314
vn -0.4287 0.2711 0.8618
vn -0.5152 0.0314 0.8565
vn -0.4276 -0.3401 0.8376
vn -0.4380 -0.5085 0.7413
vn -0.3350 -0.5771 0.7448
vn -0.2489 0.8220 0.5123
vn -0.3346 0.6730 0.6596
vn -0.5026 0.1551 0.8505
vn -0.5061 -0.0937 0.8574
vn -0.4997 -0.2222 0.8372
vn -0.3530 -0.6794 0.6432
vn -0.5138 0.7368 0.4395
vn -0.4327 0.6368 0.6381
vn -0.5396 0.4533 0.7095
vn -0.5617 0.3554 0.7471
vn -0.5913 0.2490 0.7670
vn -0.6385 0.1055 0.7624
vn -0.6494 -0.0380 0.7595
vn -0.6360 -0.1774 0.7510
vn -0.5395 -0.4560 0.7078
vn -0.2167 -0.8513 0.4779
vn -0.0000 -1.0000 0.0001
vn -0.5329 0.5922 0.6044
vn -0.6029 -0.3310 0.7259
vn -0.4774 -0.6989 0.5326
vn -0.3577 -0.7910 0.4963
vn -0.0366 0.9790 0.2003
vn -0.7007 0.5271 0.4809
vn -0.7242 0.3639 0.5857
vn -0.7684 0.2123 0.6038
vn -0.7874 0.0769 0.6116
vn -0.7873 -0.0426 0.6150
vn -0.7688 -0.2061 0.6054
vn -0.7334 -0.3781 0.5650
vn -0.6824 -0.5392 0.4936
vn -0.5705 -0.6261 0.5315
vn -0.2472 0.9255 0.2870
vn -0.3730 0.8555 0.3592
vn -0.6198 -0.7607 0.1926
vn -0.3391 -0.8892 0.3070
vn -0.1821 0.9729 0.1424
vn -0.4988 0.8428 0.2020
vn -0.7000 0.6508 0.2940
vn -0.8582 0.4082 0.3112
vn -0.9082 0.2867 0.3049
vn -0.9338 0.1386 0.3298
vn -0.9516 -0.0024 0.3073
vn -0.9340 -0.1378 0.3295
vn -0.8965 -0.3229 0.3033
vn -0.8264 -0.5047 0.2498
vn -0.4892 -0.8412 0.2303
vn -0.6594 0.7468 0.0869
vn -0.8458 0.5286 0.0725
vn -0.9709 0.2395 0.0076
vn -0.9989 0.0458 -0.0062
vn -0.9808 -0.1948 -0.0024
vn -0.9067 -0.4216 0.0121
vn -0.7306 -0.6672 0.1451
vn -0.7884 0.5843 -0.1924
vn -0.9231 0.3791 -0.0652
vn -0.9174 -0.2422 -0.3157
vn -0.3342 -0.9394 0.0764
vn -0.0949 -0.9911 0.0938
vn -0.6963 0.6541 -0.2956
vn -0.8463 0.4218 -0.3254
vn -0.9181 0.2367 -0.3179
vn -0.9409 0.0974 -0.3244
vn -0.9568 -0.0438 -0.2874
vn -0.8679 -0.4078 -0.2839
vn -0.7871 -0.5777 -0.2163
vn -0.6475 -0.7203 -0.2488
vn -0.5556 -0.8236 -0.1137
vn -0.1943 -0.9735 0.1208
vn -0.3390 0.9391 -0.0567
vn -0.4913 0.8621 -0.1246
vn -0.5518 0.7738 -0.3112
vn -0.7979 0.1119 -0.5923
vn -0.8523 -0.0513 -0.5205
vn -0.6443 0.4924 -0.5852
vn -0.7411 0.3708 -0.5598
vn -0.7555 0.2513 -0.6050
vn -0.7301 -0.0396 -0.6822
vn -0.7667 -0.2054 -0.6083
vn -0.7359 -0.3687 -0.5679
vn -0.6741 -0.5158 -0.5288
vn -0.4533 -0.8723 -0.1832
vn -0.5453 0.6452 -0.5351
vn -0.6732 0.1157 -0.7304
vn -0.5261 -0.5013 -0.6870
vn -0.5820 -0.6248 -0.5205
vn -0.4885 -0.7273 -0.4820
vn -0.2734 -0.9448 -0.1804
vn -0.5162 0.4567 -0.7245
vn -0.5760 0.3189 -0.7527
vn -0.5796 0.2080 -0.7879
vn -0.5582 0.1013 -0.8235
vn -0.6171 -0.0226 -0.7865
vn -0.6037 -0.1435 -0.7842
vn -0.5842 -0.2454 -0.7736
vn -0.4345 0.1017 -0.8949
vn -0.4715 0.0241 -0.8815
vn -0.5078 -0.0644 -0.8590
vn -0.5297 -0.3658 -0.7652
vn -0.3856 -0.6517 -0.6532
vn -0.3449 -0.7827 -0.5181
vn -0.3214 -0.8746 -0.3630
vn -0.1714 0.9645 -0.2011
vn -0.3030 0.8593 -0.4121
vn -0.3545 0.7816 -0.5133
vn -0.3736 0.6486 -0.6631
vn -0.4056 0.4936 -0.7693
vn -0.4182 0.3373 -0.8434
vn -0.4479 0.2197 -0.8667
vn -0.4510 -0.1208 -0.8843
vn -0.4477 -0.2249 -0.8654
vn -0.4024 -0.4016 -0.8227
vn -0.4166 -0.5332 -0.7363
vn -0.0941 0.9919 -0.0857
vn -0.3318 0.3128 -0.8900
vn -0.3736 -0.0258 -0.9272
vn -0.3398 -0.1352 -0.9307
vn -0.1601 -0.9591 -0.2335
vn -0.2610 0.5766 -0.7742
vn -0.2881 0.4369 -0.8521
vn -0.3370 0.1941 -0.9213
vn -0.3222 0.0759 -0.9436
vn -0.2860 -0.0225 -0.9580
vn -0.3453 -0.2686 -0.8992
vn -0.2967 -0.3778 -0.8771
vn -0.2925 -0.5081 -0.8101
vn -0.2768 -0.6343 -0.7218
vn -0.1975 0.8876 -0.4161
vn -0.1911 0.4089 -0.8924
vn -0.2486 0.2863 -0.9253
vn -0.2541 0.1598 -0.9539
vn -0.2360 0.0721 -0.9691
vn -0.2390 -0.0820 -0.9675
vn -0.2496 -0.1755 -0.9523
vn -0.1562 0.2847 -0.9458
vn -0.2136 -0.0002 -0.9769
vn -0.2191 -0.2788 -0.9350
vn -0.1958 -0.4089 -0.8913
vn -0.2184 -0.7047 -0.6751
vn -0.1761 -0.8713 -0.4581
vn -0.1903 0.6869 -0.7014
vn -0.1588 0.5370 -0.8285
vn -0.1880 0.1828 -0.9650
vn -0.1651 0.0976 -0.9814
vn -0.1542 0.0171 -0.9879
vn -0.1599 -0.0724 -0.9845
vn -0.1659 -0.1698 -0.9714
vn -0.1446 -0.3002 -0.9428
vn -0.1687 -0.5430 -0.8226
vn -0.0762 -0.9843 -0.1593
vn -0.1319 0.7628 -0.6330
vn -0.1082 0.3831 -0.9174
vn -0.0856 0.2089 -0.9742
vn -0.0843 0.1165 -0.9896
vn -0.1010 0.0438 -0.9939
vn -0.1085 -0.2159 -0.9704
vn -0.1167 -0.3920 -0.9125
vn -0.1413 -0.7636 -0.6301
vn -0.0573 0.6101 -0.7903
vn -0.0535 0.2758 -0.9597
vn -0.0658 -0.0229 -0.9976
vn -0.0863 -0.1131 -0.9898
vn -0.0581 -0.2614 -0.9635
vn -0.0673 -0.6169 -0.7842
vn -0.0281 -0.1666 -0.9856
vt 0.757011 0.531250
vt 0.742188 0.562500
vt 0.725997 0.531250
vt 0.741375 0.500000
vt 0.726583 0.468750
vt 0.750000 0.453118
vt 0.738808 0.417801
vt 0.735261 0.359317
vt 0.760351 0.384937
vt 0.718557 0.321868
vt 0.765282 0.296952
vt 0.727665 0.732169
vt 0.710880 0.702951
vt 0.742615 0.671980
vt 0.734835 0.273588
vt 0.705335 0.237439
vt 0.738619 0.201199
vt 0.727109 0.593750
vt 0.707572 0.575961
vt 0.724931 0.125000
vt 0.673580 0.093750
vt 0.764767 0.093750
vt 0.710363 0.500000
vt 0.773434 0.906250
vt 0.772815 0.937500
vt 0.677272 0.906250
vt 0.711029 0.420715
vt 0.731409 0.797922
vt 0.754468 0.736966
vt 0.687270 0.203342
vt 0.710938 0.642919
vt 0.692428 0.542788
vt 0.708479 0.968750
vt 0.624886 0.937500
vt 0.695332 0.468750
vt 0.671737 0.862451
vt 0.734511 0.858817
vt 0.680477 0.812500
vt 0.697533 0.355999
vt 0.684863 0.770785
vt 0.685245 0.293491
vt 0.678303 0.500000
vt 0.678015 0.447887
vt 0.679679 0.390723
vt 0.675992 0.698822
vt 0.711745 0.156250
vt 0.648459 0.125000
vt 0.660655 0.355483
vt 0.652829 0.263729
vt 0.678303 0.593750
vt 0.664743 0.546698
vt 0.587729 0.062500
vt 0.757134 0.062500
vt 0.647749 0.484511
vt 0.645524 0.326124
vt 0.657246 0.750000
vt 0.645383 0.708237
vt 0.679697 0.640514
vt 0.648448 0.640514
vt 0.648590 0.203134
vt 0.626088 0.156250
vt 0.625447 0.827787
vt 0.648444 0.421952
vt 0.633664 0.375000
vt 0.647053 0.593750
vt 0.633491 0.545562
vt 0.617177 0.328241
vt 0.618837 0.489691
vt 0.596245 0.891660
vt 0.616505 0.265045
vt 0.605565 0.200472
vt 0.615803 0.593750
vt 0.602267 0.546928
vt 0.589249 0.111226
vt 0.617194 0.421952
vt 0.602947 0.375000
vt 0.624925 0.764839
vt 0.594037 0.781250
vt 0.582090 0.488028
vt 0.601582 0.468750
vt 0.589496 0.426933
vt 0.555522 0.843750
vt 0.570306 0.812500
vt 0.585927 0.328241
vt 0.585174 0.734357
vt 0.617509 0.702146
vt 0.557429 0.168715
vt 0.570304 0.390723
vt 0.581199 0.269275
vt 0.555758 0.228859
vt 0.585927 0.671759
vt 0.570304 0.609277
vt 0.593750 0.609392
vt 0.555392 0.453072
vt 0.554233 0.765382
vt 0.553303 0.343750
vt 0.556072 0.562500
vt 0.578125 0.546882
vt 0.570312 1.000000
vt 0.452887 0.968750
vt 0.562500 0.515628
vt 0.539054 0.390723
vt 0.558365 0.676354
vt 0.539073 0.640514
vt 0.531216 0.578043
vt 0.506832 0.125000
vt 0.538374 0.515489
vt 0.506284 0.906250
vt 0.523659 0.797450
vt 0.519799 0.354707
vt 0.515122 0.204875
vt 0.453704 0.937500
vt 0.531250 0.453118
vt 0.505565 0.324839
vt 0.548497 0.304830
vt 0.522783 0.750000
vt 0.508445 0.702867
vt 0.543508 0.711364
vt 0.522674 0.265644
vt 0.489976 0.156250
vt 0.507833 0.531250
vt 0.507124 0.484511
vt 0.655812 0.031250
vt 0.422242 0.031250
vt 0.523438 0.000000
vt 0.523446 0.093750
vt 0.453632 0.062500
vt 0.522752 0.875000
vt 0.477546 0.843750
vt 0.507819 0.421952
vt 0.489990 0.387171
vt 0.491506 0.266436
vt 0.499966 0.578043
vt 0.475874 0.515489
vt 0.484375 0.453118
vt 0.476552 0.328241
vt 0.481825 0.200648
vt 0.444850 0.110362
vt 0.461642 0.453072
vt 0.433092 0.888370
vt 0.460255 0.265045
vt 0.476552 0.671759
vt 0.460929 0.609277
vt 0.484375 0.609392
vt 0.445687 0.796029
vt 0.488740 0.798337
vt 0.460929 0.390723
vt 0.445302 0.328241
vt 0.460255 0.734955
vt 0.445302 0.671759
vt 0.445738 0.202132
vt 0.462322 0.562500
vt 0.453125 0.515628
vt 0.408575 0.843750
vt 0.412484 0.741732
vt 0.426902 0.292394
vt 0.411874 0.250000
vt 0.429679 0.609277
vt 0.429679 0.390723
vt 0.410424 0.354707
vt 0.427350 0.707510
vt 0.406109 0.671607
vt 0.399624 0.218750
vt 0.397424 0.187500
vt 0.398874 0.296889
vt 0.399822 0.625000
vt 0.398088 0.578885
vt 0.430244 0.562500
vt 0.429699 0.156250
vt 0.377594 0.135318
vt 0.429344 0.514743
vt 0.399021 0.531250
vt 0.406250 0.484372
vt 0.430392 0.453072
vt 0.397534 0.796698
vt 0.381428 0.500000
vt 0.344647 0.906250
vt 0.375889 0.093750
vt 0.318892 0.062500
vt 0.397053 0.406250
vt 0.380615 0.387171
vt 0.375074 0.328305
vt 0.375000 0.453118
vt 0.396765 0.447887
vt 0.366424 0.265644
vt 0.373796 0.735258
vt 0.375074 0.671695
vt 0.367179 0.609277
vt 0.291524 0.937500
vt 0.369577 0.541456
vt 0.359375 0.484372
vt 0.350896 0.875000
vt 0.343103 0.831809
vt 0.351765 0.202709
vt 0.352947 0.562500
vt 0.351563 0.781250
vt 0.340604 0.731439
vt 0.351572 0.359486
vt 0.327700 0.328211
vt 0.336569 0.687500
vt 0.343689 0.640477
vt 0.331955 0.581121
vt 0.335594 0.514743
vt 0.306931 0.218750
vt 0.310548 0.187500
vt 0.335938 1.000000
vt 0.187213 0.968750
vt 0.338161 0.156250
vt 0.289068 0.125000
vt 0.328125 0.453118
vt 0.349890 0.447887
vt 0.350178 0.406250
vt 0.328125 0.390608
vt 0.312672 0.640416
vt 0.335568 0.264938
vt 0.283626 0.093750
vt 0.305271 0.531250
vt 0.306337 0.489690
vt 0.250150 0.031250
vt 0.320312 0.000000
vt 0.310548 0.812500
vt 0.305064 0.766322
vt 0.305078 0.296367
vt 0.294920 0.250000
vt 0.288911 0.859370
vt 0.304679 0.390724
vt 0.279579 0.336052
vt 0.260246 0.156250
vt 0.273444 0.796805
vt 0.269355 0.731600
vt 0.296921 0.677843
vt 0.273770 0.639637
vt 0.261293 0.201331
vt 0.257815 0.906250
vt 0.289082 0.468750
vt 0.271765 0.447888
vt 0.306072 0.437500
vt 0.257181 0.687500
vt 0.264647 0.298145
vt 0.254309 0.261784
vt 0.281250 0.515629
vt 0.273444 0.578049
vt 0.257124 0.515490
vt 0.237475 0.860977
vt 0.242842 0.640368
vt 0.250000 0.453119
vt 0.234404 0.796642
vt 0.202337 0.125000
vt 0.242194 0.578049
vt 0.234375 0.515629
vt 0.242197 0.359486
vt 0.222839 0.325661
vt 0.232425 0.750000
vt 0.220723 0.718750
vt 0.211642 0.546927
vt 0.209553 0.500000
vt 0.177928 0.906250
vt 0.240803 0.406250
vt 0.227267 0.453073
vt 0.210929 0.390724
vt 0.166496 0.937500
vt 0.196017 0.453073
vt 0.191674 0.354707
vt 0.195703 0.296367
vt 0.226899 0.265185
vt 0.195340 0.233137
vt 0.226178 0.202418
vt 0.187488 0.172048
vt 0.180989 0.858394
vt 0.178303 0.406250
vt 0.194985 0.766086
vt 0.180052 0.703811
vt 0.193928 0.656250
vt 0.187500 0.609392
vt 0.210929 0.609276
vt 0.178015 0.552112
vt 0.187500 0.515629
vt 0.164072 0.359486
vt 0.177484 0.812500
vt 0.163756 0.764690
vt 0.164072 0.640514
vt 0.162678 0.593750
vt 0.162677 0.500000
vt 0.179603 0.062500
vt 0.077372 0.031250
vt 0.179688 0.000000
vt 0.145276 0.325432
vt 0.167772 0.293995
vt 0.145239 0.706389
vt 0.164204 0.235812
vt 0.144680 0.168902
vt 0.156250 0.546881
vt 0.148458 0.468750
vt 0.171875 0.453119
vt 0.132822 0.265729
vt 0.140625 0.640648
vt 0.132819 0.578048
vt 0.132124 0.515490
vt 0.115896 0.875000
vt 0.135036 0.843750
vt 0.114984 0.812500
vt 0.148444 0.421952
vt 0.130615 0.387171
vt 0.125013 0.218750
vt 0.109726 0.187500
vt 0.078126 0.906250
vt 0.125000 0.453118
vt 0.116506 0.327319
vt 0.088161 0.156250
vt 0.062553 0.937500
vt 0.120494 0.108259
vt 0.047826 0.062500
vt 0.132396 0.766718
vt 0.091780 0.781250
vt 0.109375 0.734415
vt 0.104419 0.263464
vt 0.117520 0.639637
vt 0.101569 0.578049
vt 0.065100 0.860698
vt 0.101554 0.390724
vt 0.079265 0.358275
vt 0.077875 0.750000
vt 0.085927 0.296987
vt 0.073823 0.205695
vt 0.061517 0.125000
vt 0.060853 0.795710
vt 0.063496 0.250000
vt 0.100874 0.515490
vt 0.078125 0.546881
vt 0.078125 0.484371
vt 0.102267 0.453073
vt 0.049160 0.698518
vt 0.085927 0.703013
vt 0.085837 0.656250
vt 0.055342 0.640368
vt 0.083740 0.612829
vt 0.054694 0.578049
vt 0.054122 0.531250
vt 0.021936 0.106731
vt 0.021216 0.218750
vt 0.032402 0.171992
vt 0.054694 0.421951
vt 0.052089 0.353872
vt 0.031775 0.734984
vt 0.050565 0.293367
vt 0.013971 0.262351
vt 0.024092 0.640368
vt 0.039063 1.000000
vt 0.015634 0.968750
vt 0.054310 0.483678
vt 0.024142 0.453073
vt 0.023429 0.390723
vt 0.031860 0.827617
vt 0.011666 0.769103
vt 0.022696 0.328159
vt 0.007166 0.891876
vt 0.003885 0.675138
vt 0.023785 0.547673
vt 0.000000 0.578137
vt 0.000000 0.515629
vt 0.000000 0.937500
vt 0.000000 0.832790
vt 0.000000 0.359353
vt 0.000000 0.312500
vt 0.000000 0.718750
vt 0.000000 0.187500
vt 0.022053 0.593750
vt 1.000000 0.515629
vt 0.978805 0.488934
vt 1.000000 0.437416
vt 1.000000 0.769103
vt 0.983000 0.832790
vt 0.959067 0.796694
vt 1.000000 0.578137
vt 0.993572 0.625000
vt 0.976569 0.578049
vt 0.975997 0.531250
vt 0.997672 0.106731
vt 0.971116 0.156250
vt 0.928277 0.125000
vt 0.935016 0.762432
vt 0.970262 0.734631
vt 0.983397 0.701855
vt 0.936079 0.695777
vt 0.972091 0.232023
vt 0.933978 0.201497
vt 0.984726 0.187500
vt 0.953139 0.093750
vt 0.905756 0.062500
vt 0.990548 0.062500
vt 0.957741 0.481582
vt 0.945319 0.421951
vt 0.976569 0.421951
vt 0.960938 0.000000
vt 0.992876 0.031250
vt 0.877322 0.031250
vt 0.939472 0.250000
vt 0.943928 0.593750
vt 0.928015 0.552112
vt 0.948036 0.544039
vt 0.937500 0.484371
vt 0.919183 0.937500
vt 0.883684 0.906250
vt 0.983786 0.891876
vt 0.911605 0.875000
vt 0.908603 0.843750
vt 0.911232 0.705406
vt 0.914717 0.640368
vt 0.945967 0.640368
vt 0.908214 0.156250
vt 0.915447 0.437500
vt 0.914054 0.390723
vt 0.893461 0.798449
vt 0.945967 0.359632
vt 0.909464 0.331255
vt 0.915447 0.281250
vt 0.892576 0.250000
vt 0.912678 0.593750
vt 0.906250 0.546881
vt 0.859404 0.093750
vt 0.881140 0.552112
vt 0.890625 0.515629
vt 0.898458 0.468750
vt 0.884197 0.437500
vt 0.882412 0.295579
vt 0.888380 0.736570
vt 0.882347 0.671009
vt 0.866499 0.484510
vt 0.886418 0.385796
vt 0.859341 0.421957
vt 0.861318 0.351856
vt 0.897851 0.203329
vt 0.859263 0.234647
vt 0.817855 0.875000
vt 0.853900 0.292491
vt 0.859422 0.609260
vt 0.852267 0.546927
vt 0.835274 0.390865
vt 0.827104 0.329475
vt 0.851553 0.734272
vt 0.835826 0.671736
vt 0.859375 0.671905
vt 0.939066 0.968750
vt 0.851562 1.000000
vt 0.843750 0.484371
vt 0.821076 0.265644
vt 0.814011 0.617859
vt 0.834553 0.593750
vt 0.828125 0.546881
vt 0.828125 0.453119
vt 0.850881 0.797243
vt 0.830469 0.843750
vt 0.814969 0.799323
vt 0.820682 0.735062
vt 0.806983 0.676667
vt 0.806072 0.562500
vt 0.803827 0.513903
vt 0.819501 0.500000
vt 0.805392 0.453073
vt 0.819362 0.202791
vt 0.779257 0.169208
vt 0.846094 0.156250
vt 0.787678 0.531250
vt 0.825648 0.125000
vt 0.807956 0.385849
vt 0.781216 0.421957
vt 0.786817 0.354707
vt 0.803303 0.312500
vt 0.793038 0.262597
vt 0.772760 0.484254
vt 0.774248 0.828173
vt 0.789062 0.000000
vt 0.773373 0.328253
vt 0.789826 0.734356
vt 0.770010 0.675652
vt 0.770720 0.232435
vt 0.781216 0.578043
vt 0.773437 0.781250
vt 0.781877 0.640508
vt 0.748573 0.611613
vt 0.617197 0.640514
vt 0.507822 0.640514
vt 0.488481 0.736857
vt 0.304338 0.578886
vt 0.305330 0.718750
vt 0.273429 0.390723
vt 0.216772 0.679293
vt 0.197727 0.093750
vt 0.117187 0.687500
vt 0.078125 0.421862
vt 0.022863 0.500000
vt 0.000000 0.437416
vt 0.000000 0.156250
vt 0.000000 0.625000
vt 0.977217 0.359632
vt 1.000000 0.359353
vt 0.980115 0.301318
vt 1.000000 0.262351
vt 1.000000 0.675138
vt 0.973964 0.646128
vt 1.000000 0.218750
vt 0.944991 0.297854
vt 0.915712 0.489690
vt 0.886418 0.614204
vt 0.859714 0.187500
s 1
f 4509/4952/4509 4517/4953/4517 4525/4954/4525
f 4518/4955/4518 4526/4956/4526 4510/4957/4510
f 4519/4958/4519 4527/4959/4527 4985/4960/4985
f 4527/4959/4527 4537/4961/4537 4511/4962/4511
f 4523/4963/4523 4531/4964/4531 4515/4965/4515
f 4528/4966/4528 4540/4967/4540 4529/4968/4529
f 4517/4953/4517 4524/4969/4524 4533/4970/4533
f 4542/4971/4542 4570/4972/4570 4520/4973/4520
f 4525/4954/4525 4534/4974/4534 4518/4955/4518
f 4513/4975/4513 4521/4976/4521 4543/4977/4543
f 4526/4956/4526 4535/4978/4535 4519/4958/4519
f 4522/4979/4522 4523/4963/4523 4514/4980/4514
f 4540/4967/4540 4550/4981/4550 4529/4968/4529
f 4532/4982/4532 4533/4970/4533 4524/4969/4524
f 4525/4954/4525 4533/4970/4533 4538/4983/4538
f 4521/4976/4521 4586/4984/4586 4600/4985/4600
f 4534/4974/4534 4539/4986/4539 4526/4956/4526
f 4543/4977/4543 4558/4987/4558 4530/4988/4530
f 4530/4988/4530 4552/4989/4552 4522/4979/4522
f 4535/4978/4535 4536/4990/4536 4527/4959/4527
f 4522/4979/4522 4552/4989/4552 4553/4991/4553
f 4522/4979/4522 4553/4991/4553 4523/4963/4523
f 4537/4961/4537 4549/4992/4549 4528/4966/4528
f 4534/4974/4534 4538/4983/4538 4546/4993/4546
f 4539/4986/4539 4547/4994/4547 4535/4978/4535
f 4535/4978/4535 4547/4994/4547 4548/4995/4548
f 4535/4978/4535 4548/4995/4548 4536/4990/4536
f 4536/4990/4536 4549/4992/4549 4537/4961/4537
f 4553/4991/4553 4554/4996/4554 4531/4964/4531
f 4542/4971/4542 4541/4997/4541 4569/4998/4569
f 4546/4993/4546 4547/4994/4547 4539/4986/4539
f 4536/4990/4536 4548/4995/4548 4557/4999/4557
f 4540/4967/4540 4549/4992/4549 4566/5000/4566
f 4545/5001/4545 4555/5002/4555 4538/4983/4538
f 4570/4972/4570 4622/5003/4622 4551/5004/4551
f 4546/4993/4546 4563/5005/4563 4547/4994/4547
f 4557/4999/4557 4565/5006/4565 4549/4992/4549
f 4559/5007/4559 4560/5008/4560 4554/4996/4554
f 4544/5009/4544 4554/4996/4554 4561/5010/4561
f 4550/4981/4550 4566/5000/4566 4568/5011/4568
f 4541/4997/4541 4568/5011/4568 4585/5012/4585
f 4546/4993/4546 4555/5002/4555 4563/5005/4563
f 4558/4987/4558 4571/5013/4571 4552/4989/4552
f 4556/5014/4556 4564/5015/4564 4557/4999/4557
f 4562/5016/4562 4567/5017/4567 4555/5002/4555
f 4565/5006/4565 4564/5015/4564 4578/5018/4578
f 4563/5005/4563 4567/5017/4567 4576/5019/4576
f 4543/4977/4543 4600/4985/4600 4595/5020/4595
f 4543/4977/4543 4595/5020/4595 4558/4987/4558
f 4579/5021/4579 4584/5022/4584 4568/5011/4568
f 4575/5023/4575 4581/5024/4581 4567/5017/4567
f 4585/5012/4585 4594/5025/4594 4569/4998/4569
f 4569/4998/4569 4594/5025/4594 4570/4972/4570
f 4577/5026/4577 4583/5027/4583 4564/5015/4564
f 4572/5028/4572 4571/5013/4571 4587/5029/4587
f 4576/5019/4576 4581/5024/4581 4591/5030/4591
f 4582/5031/4582 4592/5032/4592 4577/5026/4577
f 4595/5020/4595 4601/5033/4601 4571/5013/4571
f 4571/5013/4571 4601/5033/4601 4602/5034/4602
f 4578/5018/4578 4583/5027/4583 4593/5035/4593
f 4572/5028/4572 4587/5029/4587 4588/5036/4588
f 4572/5028/4572 4588/5036/4588 4573/5037/4573
f 4584/5022/4584 4615/5038/4615 4585/5012/4585
f 4592/5032/4592 4598/5039/4598 4583/5027/4583
f 4599/5040/4599 4614/5041/4614 4584/5022/4584
f 4589/5042/4589 4596/5043/4596 4580/5044/4580
f 4584/5022/4584 4614/5041/4614 4615/5038/4615
f 4591/5030/4591 4606/5045/4606 4592/5032/4592
f 4587/5029/4587 4602/5034/4602 4603/5046/4603
f 4593/5035/4593 4598/5039/4598 4607/5047/4607
f 4596/5043/4596 4605/5048/4605 4590/5049/4590
f 4586/4984/4586 4623/5050/4623 4698/5051/4698
f 4590/5049/4590 4605/5048/4605 4597/5052/4597
f 4598/5039/4598 4606/5045/4606 4612/5053/4612
f 4604/5054/4604 4609/5055/4609 4596/5043/4596
f 4596/5043/4596 4609/5055/4609 4619/5056/4619
f 4594/5025/4594 4615/5038/4615 4647/5057/4647
f 4597/5052/4597 4605/5048/4605 4610/5058/4610
f 4600/4985/4600 4641/5059/4641 4595/5020/4595
f 4601/5033/4601 4617/5060/4617 4602/5034/4602
f 4602/5034/4602 4617/5060/4617 4603/5046/4603
f 4607/5047/4607 4612/5053/4612 4620/5061/4620
f 4614/5041/4614 4630/5062/4630 4615/5038/4615
f 4698/5051/4698 4640/5063/4640 4600/4985/4600
f 4610/5058/4610 4611/5064/4611 4606/5045/4606
f 4620/5061/4620 4629/5065/4629 4613/5066/4613
f 4618/5067/4618 4624/5068/4624 4608/5069/4608
f 4621/5070/4621 4630/5062/4630 4614/5041/4614
f 4615/5038/4615 4630/5062/4630 4638/5071/4638
f 4610/5058/4610 4619/5056/4619 4626/5072/4626
f 4610/5058/4610 4626/5072/4626 4627/5073/4627
f 4610/5058/4610 4627/5073/4627 4611/5064/4611
f 4616/5074/4616 4622/5003/4622 4714/5075/4714
f 4838/5076/4838 4616/5074/4616 4714/5075/4714
f 4639/5077/4639 4674/5078/4674 4622/5003/4622
f 4631/5079/4631 4648/5080/4648 4601/5033/4601
f 4628/5081/4628 4636/5082/4636 4620/5061/4620
f 4620/5061/4620 4636/5082/4636 4629/5065/4629
f 4621/5070/4621 4629/5065/4629 4637/5083/4637
f 4626/5072/4626 4634/5084/4634 4644/5085/4644
f 4627/5073/4627 4635/5086/4635 4628/5081/4628
f 4628/5081/4628 4635/5086/4635 4636/5082/4636
f 4629/5065/4629 4636/5082/4636 4645/5087/4645
f 4630/5062/4630 4637/5083/4637 4646/5088/4646
f 4647/5057/4647 4668/5089/4668 4639/5077/4639
f 4644/5085/4644 4653/5090/4653 4635/5086/4635
f 4641/5059/4641 4669/5091/4669 4631/5079/4631
f 4637/5083/4637 4645/5087/4645 4655/5092/4655
f 4643/5093/4643 4650/5094/4650 4633/5095/4633
f 4641/5059/4641 4640/5063/4640 4669/5091/4669
f 4648/5080/4648 4656/5096/4656 4642/5097/4642
f 4645/5087/4645 4654/5098/4654 4658/5099/4658
f 4649/5100/4649 4657/5101/4657 4643/5093/4643
f 4655/5092/4655 4659/5102/4659 4646/5088/4646
f 4644/5085/4644 4651/5103/4651 4652/5104/4652
f 4669/5091/4669 4683/5105/4683 4648/5080/4648
f 4649/5100/4649 4656/5096/4656 4660/5106/4660
f 4655/5092/4655 4658/5099/4658 4667/5107/4667
f 4655/5092/4655 4667/5107/4667 4681/5108/4681
f 4657/5101/4657 4662/5109/4662 4650/5094/4650
f 4658/5099/4658 4666/5110/4666 4672/5111/4672
f 4657/5101/4657 4661/5112/4661 4670/5113/4670
f 4681/5108/4681 4682/5114/4682 4659/5102/4659
f 4659/5102/4659 4682/5114/4682 4688/5115/4688
f 4672/5111/4672 4680/5116/4680 4667/5107/4667
f 4661/5112/4661 4660/5106/4660 4670/5113/4670
f 4670/5113/4670 4675/5117/4675 4662/5109/4662
f 4662/5109/4662 4675/5117/4675 4676/5118/4676
f 4662/5109/4662 4676/5118/4676 4663/5119/4663
f 4668/5089/4668 4673/5120/4673 4689/5121/4689
f 4664/5122/4664 4677/5123/4677 4671/5124/4671
f 4664/5122/4664 4671/5124/4671 4665/5125/4665
f 4683/5105/4683 4684/5126/4684 4656/5096/4656
f 4688/5115/4688 4689/5121/4689 4673/5120/4673
f 4671/5124/4671 4677/5123/4677 4685/5127/4685
f 4640/5063/4640 4720/5128/4720 4669/5091/4669
f 4674/5078/4674 4697/5129/4697 4752/5130/4752
f 4679/5131/4679 4687/5132/4687 4672/5111/4672
f 4672/5111/4672 4687/5132/4687 4695/5133/4695
f 4685/5127/4685 4686/5134/4686 4678/5135/4678
f 4680/5116/4680 4695/5133/4695 4696/5136/4696
f 4690/5137/4690 4691/5138/4691 4670/5113/4670
f 4691/5138/4691 4692/5139/4692 4675/5117/4675
f 4698/5051/4698 4715/5140/4715 4640/5063/4640
f 4685/5127/4685 4693/5141/4693 4694/5142/4694
f 4685/5127/4685 4694/5142/4694 4686/5134/4686
f 4716/5143/4716 4717/5144/4717 4683/5105/4683
f 4696/5136/4696 4704/5145/4704 4682/5114/4682
f 4682/5114/4682 4704/5145/4704 4688/5115/4688
f 4692/5139/4692 4700/5146/4700 4693/5141/4693
f 4690/5137/4690 4705/5147/4705 4706/5148/4706
f 4703/5149/4703 4719/5150/4719 4695/5133/4695
f 4706/5148/4706 4707/5151/4707 4691/5138/4691
f 4692/5139/4692 4699/5152/4699 4708/5153/4708
f 4693/5141/4693 4700/5146/4700 4709/5154/4709
f 4704/5145/4704 4736/5155/4736 4730/5156/4730
f 4698/5051/4698 4623/5157/4623 4843/5158/4843
f 4689/5121/4689 4713/5159/4713 4750/5160/4750
f 4709/5154/4709 4710/5161/4710 4701/5162/4701
f 4702/5163/4702 4711/5164/4711 4703/5149/4703
f 4703/5149/4703 4711/5164/4711 4719/5150/4719
f 4699/5152/4699 4707/5151/4707 4724/5165/4724
f 4712/5166/4712 4736/5155/4736 4704/5145/4704
f 4750/5160/4750 4751/5167/4751 4697/5129/4697
f 4709/5154/4709 4726/5168/4726 4718/5169/4718
f 4709/5154/4709 4718/5169/4718 4710/5161/4710
f 4752/5130/4752 4783/5170/4783 4714/5075/4714
f 4838/5171/4838 4714/5075/4714 4783/5170/4783
f 4721/5172/4721 4722/5173/4722 4705/5147/4705
f 4719/5150/4719 4729/5174/4729 4712/5166/4712
f 4712/5166/4712 4729/5174/4729 4735/5175/4735
f 4720/5128/4720 4731/5176/4731 4716/5143/4716
f 4716/5143/4716 4731/5176/4731 4717/5144/4717
f 4719/5150/4719 4728/5177/4728 4742/5178/4742
f 4730/5156/4730 4766/5179/4766 4713/5159/4713
f 4721/5172/4721 4731/5176/4731 4737/5180/4737
f 4721/5172/4721 4737/5180/4737 4722/5173/4722
f 4722/5173/4722 4737/5180/4737 4744/5181/4744
f 4732/5182/4732 4738/5183/4738 4724/5165/4724
f 4730/5156/4730 4736/5155/4736 4749/5184/4749
f 4715/5140/4715 4753/5185/4753 4720/5128/4720
f 4734/5186/4734 4740/5187/4740 4727/5188/4727
f 4744/5181/4744 4745/5189/4745 4732/5182/4732
f 4735/5175/4735 4743/5190/4743 4748/5191/4748
f 4733/5192/4733 4739/5193/4739 4746/5194/4746
f 4731/5176/4731 4753/5185/4753 4768/5195/4768
f 4745/5189/4745 4754/5196/4754 4738/5183/4738
f 4746/5194/4746 4747/5197/4747 4740/5187/4740
f 4737/5180/4737 4768/5195/4768 4759/5198/4759
f 4766/5179/4766 4767/5199/4767 4750/5160/4750
f 4746/5194/4746 4755/5200/4755 4756/5201/4756
f 4743/5190/4743 4758/5202/4758 4763/5203/4763
f 4760/5204/4760 4769/5205/4769 4744/5181/4744
f 4756/5201/4756 4761/5206/4761 4772/5207/4772
f 4753/5185/4753 4715/5140/4715 4800/5208/4800
f 4757/5209/4757 4762/5210/4762 4773/5211/4773
f 4757/5209/4757 4773/5211/4773 4758/5202/4758
f 4758/5202/4758 4773/5211/4773 4763/5203/4763
f 4843/5158/4843 4806/5212/4806 4715/5140/4715
f 4772/5207/4772 4779/5213/4779 4762/5210/4762
f 4763/5203/4763 4773/5211/4773 4780/5214/4780
f 4763/5203/4763 4781/5215/4781 4764/5216/4764
f 4764/5216/4764 4781/5215/4781 4782/5217/4782
f 4764/5216/4764 4782/5217/4782 4765/5218/4765
f 4765/5218/4765 4782/5217/4782 4789/5219/4789
f 4765/5218/4765 4789/5219/4789 4766/5179/4766
f 4800/5208/4800 4790/5220/4790 4768/5195/4768
f 4773/5211/4773 4779/5213/4779 4787/5221/4787
f 4775/5222/4775 4784/5223/4784 4769/5205/4769
f 4776/5224/4776 4777/5225/4777 4771/5226/4771
f 4761/5206/4761 4785/5227/4785 4778/5228/4778
f 4787/5221/4787 4788/5229/4788 4780/5214/4780
f 4775/5222/4775 4791/5230/4791 4792/5231/4792
f 4776/5224/4776 4784/5223/4784 4793/5232/4793
f 4776/5224/4776 4793/5232/4793 4777/5225/4777
f 4777/5225/4777 4793/5232/4793 4794/5233/4794
f 4778/5228/4778 4785/5227/4785 4796/5234/4796
f 4783/5170/4783 4774/5235/4774 4879/5236/4879
f 4838/5237/4838 4783/5170/4783 4879/5236/4879
f 4788/5229/4788 4805/5238/4805 4797/5239/4797
f 4792/5231/4792 4801/5240/4801 4784/5223/4784
f 4789/5219/4789 4798/5241/4798 4813/5242/4813
f 4794/5233/4794 4795/5243/4795 4785/5227/4785
f 4796/5234/4796 4803/5244/4803 4786/5245/4786
f 4805/5238/4805 4812/5246/4812 4797/5239/4797
f 4793/5232/4793 4801/5240/4801 4802/5247/4802
f 4794/5233/4794 4808/5248/4808 4795/5243/4795
f 4795/5243/4795 4808/5248/4808 4809/5249/4809
f 4800/5208/4800 4822/5250/4822 4790/5220/4790
f 4791/5230/4791 4814/5251/4814 4823/5252/4823
f 4804/5253/4804 4811/5254/4811 4788/5229/4788
f 4788/5229/4788 4811/5254/4811 4805/5238/4805
f 4821/5255/4821 4827/5256/4827 4813/5242/4813
f 4806/5212/4806 4853/5257/4853 4800/5208/4800
f 4809/5249/4809 4810/5258/4810 4803/5244/4803
f 4803/5244/4803 4810/5258/4810 4804/5253/4804
f 4804/5253/4804 4810/5258/4810 4811/5254/4811
f 4805/5238/4805 4811/5254/4811 4819/5259/4819
f 4827/5256/4827 4842/5260/4842 4813/5242/4813
f 4843/5158/4843 4857/5261/4857 4806/5212/4806
f 4837/5262/4837 4889/5263/4889 4774/5235/4774
f 4807/5264/4807 4823/5252/4823 4829/5265/4829
f 4807/5264/4807 4815/5266/4815 4801/5240/4801
f 4819/5259/4819 4820/5267/4820 4812/5246/4812
f 4808/5248/4808 4817/5268/4817 4824/5269/4824
f 4822/5250/4822 4854/5270/4854 4814/5251/4814
f 4819/5259/4819 4826/5271/4826 4840/5272/4840
f 4829/5265/4829 4839/5273/4839 4815/5266/4815
f 4819/5259/4819 4840/5272/4840 4836/5274/4836
f 4819/5259/4819 4836/5274/4836 4820/5267/4820
f 4821/5255/4821 4820/5267/4820 4841/5275/4841
f 4837/5262/4837 4842/5260/4842 4856/5276/4856
f 4823/5252/4823 4854/5270/4854 4828/5277/4828
f 4820/5267/4820 4836/5274/4836 4852/5278/4852
f 4818/5279/4818 4833/5280/4833 4834/5281/4834
f 4818/5279/4818 4834/5281/4834 4825/5282/4825
f 4822/5250/4822 4853/5257/4853 4854/5270/4854
f 4839/5273/4839 4844/5283/4844 4830/5284/4830
f 4831/5285/4831 4845/5286/4845 4832/5287/4832
f 4832/5287/4832 4845/5286/4845 4846/5288/4846
f 4832/5287/4832 4846/5288/4846 4833/5280/4833
f 4833/5280/4833 4846/5288/4846 4847/5289/4847
f 4856/5276/4856 4878/5290/4878 4837/5262/4837
f 4841/5275/4841 4852/5278/4852 4855/5291/4855
f 4841/5275/4841 4867/5292/4867 4842/5260/4842
f 4849/5293/4849 4850/5294/4850 4840/5272/4840
f 4828/5277/4828 4859/5295/4859 4839/5273/4839
f 4851/5296/4851 4874/5297/4874 4852/5278/4852
f 4844/5283/4844 4860/5298/4860 4845/5286/4845
f 4843/5158/4843 4623/5299/4623 4934/5300/4934
f 4848/5301/4848 4864/5302/4864 4849/5293/4849
f 4849/5293/4849 4864/5302/4864 4865/5303/4865
f 4849/5293/4849 4865/5303/4865 4850/5294/4850
f 4828/5277/4828 4858/5304/4858 4868/5305/4868
f 4850/5294/4850 4865/5303/4865 4866/5306/4866
f 4867/5292/4867 4878/5290/4878 4856/5276/4856
f 4853/5257/4853 4857/5261/4857 4890/5307/4890
f 4866/5306/4866 4874/5297/4874 4851/5296/4851
f 4844/5283/4844 4859/5295/4859 4869/5308/4869
f 4862/5309/4862 4870/5310/4870 4871/5311/4871
f 4857/5261/4857 4934/5300/4934 4923/5312/4923
f 4890/5307/4890 4891/5313/4891 4858/5304/4858
f 4866/5306/4866 4873/5314/4873 4886/5315/4886
f 4859/5295/4859 4868/5305/4868 4875/5316/4875
f 4855/5291/4855 4888/5317/4888 4867/5292/4867
f 4861/5318/4861 4870/5310/4870 4862/5309/4862
f 4871/5319/4871 4884/5320/4884 4872/5321/4872
f 4868/5322/4868 4891/5323/4891 4892/5324/4892
f 4870/5325/4870 4876/5326/4876 4882/5327/4882
f 4871/5319/4871 4883/5328/4883 4884/5320/4884
f 4878/5329/4878 4902/5330/4902 4922/5331/4922
f 4892/5324/4892 4903/5332/4903 4880/5333/4880
f 4875/5334/4875 4880/5333/4880 4895/5335/4895
f 4887/5336/4887 4907/5337/4907 4888/5338/4888
f 4908/5339/4908 4938/5340/4938 4889/5341/4889
f 4894/5342/4894 4899/5343/4899 4877/5344/4877
f 4838/5345/4838 4879/5346/4879 4970/5347/4970
f 4903/5332/4903 4895/5335/4895 4880/5333/4880
f 4906/5348/4906 4907/5337/4907 4887/5336/4887
f 4897/5349/4897 4904/5350/4904 4893/5351/4893
f 4894/5342/4894 4893/5351/4893 4898/5352/4898
f 4923/5353/4923 4948/5354/4948 4890/5355/4890
f 4924/5356/4924 4925/5357/4925 4891/5323/4891
f 4895/5335/4895 4903/5332/4903 4909/5358/4909
f 4895/5335/4895 4910/5359/4910 4896/5360/4896
f 4907/5337/4907 4921/5361/4921 4902/5330/4902
f 4899/5343/4899 4914/5362/4914 4915/5363/4915
f 4892/5324/4892 4925/5357/4925 4926/5364/4926
f 4899/5343/4899 4915/5363/4915 4900/5365/4900
f 4900/5365/4900 4915/5363/4915 4919/5366/4919
f 4905/5367/4905 4933/5368/4933 4906/5348/4906
f 4911/5369/4911 4912/5370/4912 4904/5350/4904
f 4922/5331/4922 4960/5371/4960 4908/5339/4908
f 4912/5370/4912 4916/5372/4916 4917/5373/4917
f 4918/5374/4918 4930/5375/4930 4914/5362/4914
f 4919/5366/4919 4932/5376/4932 4905/5367/4905
f 4909/5358/4909 4927/5377/4927 4928/5378/4928
f 4909/5358/4909 4928/5378/4928 4910/5359/4910
f 4917/5373/4917 4916/5372/4916 4936/5379/4936
f 4917/5373/4917 4936/5379/4936 4918/5374/4918
f 4931/5380/4931 4930/5375/4930 4937/5381/4937
f 4931/5380/4931 4944/5382/4944 4919/5366/4919
f 4920/5383/4920 4933/5368/4933 4946/5384/4946
f 4924/5356/4924 4948/5354/4948 4971/5385/4971
f 4936/5379/4936 4937/5381/4937 4930/5375/4930
f 4937/5381/4937 4944/5382/4944 4931/5380/4931
f 4932/5376/4932 4944/5382/4944 4945/5386/4945
f 4941/5387/4941 4942/5388/4942 4916/5372/4916
f 4937/5381/4937 4954/5389/4954 4944/5382/4944
f 4945/5386/4945 4944/5382/4944 4957/5390/4957
f 4940/5391/4940 4950/5392/4950 4935/5393/4935
f 4934/5394/4934 4623/5395/4623 4586/4984/4586
f 4936/5379/4936 4942/5388/4942 4943/5396/4943
f 4938/5340/4938 4960/5371/4960 4551/5004/4551
f 4954/5389/4954 4957/5390/4957 4944/5382/4944
f 4957/5390/4957 4958/5397/4958 4945/5386/4945
f 4945/5386/4945 4958/5397/4958 4946/5384/4946
f 4950/5392/4950 4963/5398/4963 4941/5387/4941
f 4951/5399/4951 4952/5400/4952 4942/5388/4942
f 4923/5353/4923 4586/4984/4586 4521/4976/4521
f 4943/5396/4943 4953/5401/4953 4937/5381/4937
f 4939/5402/4939 4961/5403/4961 4962/5404/4962
f 4949/5405/4949 4955/5406/4955 4950/5392/4950
f 4952/5400/4952 4964/5407/4964 4965/5408/4965
f 4521/4976/4521 4513/4975/4513 4948/5354/4948
f 4956/5409/4956 4966/5410/4966 4953/5401/4953
f 4969/5411/4969 4984/5412/4984 4959/5413/4959
f 4965/5408/4965 4964/5407/4964 4975/5414/4975
f 4960/5371/4960 4978/5415/4978 4520/4973/4520
f 4967/5416/4967 4966/5410/4966 4982/5417/4982
f 4957/5390/4957 4967/5416/4967 4976/5418/4976
f 4968/5419/4968 4977/5420/4977 4958/5397/4958
f 4965/5408/4965 4975/5414/4975 4981/5421/4981
f 4965/5408/4965 4981/5421/4981 4966/5410/4966
f 4551/5004/4551 4616/5074/4616 4970/5347/4970
f 4971/5385/4971 4979/5422/4979 4961/5403/4961
f 4838/5423/4838 4970/5347/4970 4616/5074/4616
f 4982/5417/4982 4976/5418/4976 4967/5416/4967
f 4968/5419/4968 4976/5418/4976 4983/5424/4983
f 4955/5406/4955 4972/5425/4972 4980/5426/4980
f 4512/5427/4512 4984/5412/4984 4969/5411/4969
f 4975/5414/4975 4974/5428/4974 4509/4952/4509
f 4971/5385/4971 4513/4975/4513 4530/4988/4530
f 4982/5417/4982 4985/4960/4985 4976/5418/4976
f 4508/5429/4508 4514/4980/4514 4972/5425/4972
f 4511/4962/4511 4512/5427/4512 4977/5420/4977
f 4974/5428/4974 4973/5430/4973 4516/5431/4516
f 4978/5415/4978 4984/5412/4984 4542/4971/4542
f 4981/5421/4981 4510/4957/4510 4982/5417/4982
f 4979/5422/4979 4530/4988/4530 4522/4979/4522
f 4985/4960/4985 4527/4959/4527 4983/5424/4983
f 4980/5426/4980 4514/4980/4514 4515/4965/4515
f 4512/5427/4512 4529/4968/4529 4984/5412/4984
f 4516/5431/4516 4517/4953/4517 4974/5428/4974
f 4981/5421/4981 4509/4952/4509 4518/4955/4518
f 4517/4953/4517 4516/5431/4516 4524/4969/4524
f 4518/4955/4518 4509/4952/4509 4525/4954/4525
f 4510/4957/4510 4526/4956/4526 4519/4958/4519
f 4514/4980/4514 4508/5429/4508 4522/4979/4522
f 4511/4962/4511 4537/4961/4537 4528/4966/4528
f 4515/4965/4515 4514/4980/4514 4523/4963/4523
f 4512/5427/4512 4528/4966/4528 4529/4968/4529
f 4515/4965/4515 4531/4964/4531 4532/4982/4532
f 4516/5431/4516 4515/4965/4515 4532/4982/4532
f 4516/5431/4516 4532/4982/4532 4524/4969/4524
f 4517/4953/4517 4533/4970/4533 4525/4954/4525
f 4520/4973/4520 4570/4972/4570 4551/5004/4551
f 4518/4955/4518 4534/4974/4534 4526/4956/4526
f 4513/4975/4513 4543/4977/4543 4530/4988/4530
f 4519/4958/4519 4535/4978/4535 4527/4959/4527
f 4528/4966/4528 4549/4992/4549 4540/4967/4540
f 4541/4997/4541 4529/4968/4529 4550/4981/4550
f 4525/4954/4525 4538/4983/4538 4534/4974/4534
f 4543/4977/4543 4521/4976/4521 4600/4985/4600
f 4526/4956/4526 4539/4986/4539 4535/4978/4535
f 4537/4961/4537 4527/4959/4527 4536/4990/4536
f 4523/4963/4523 4553/4991/4553 4531/4964/4531
f 4554/4996/4554 4544/5009/4544 4532/4982/4532 4531/4964/4531
f 4533/4970/4533 4545/5001/4545 4538/4983/4538
f 4534/4974/4534 4546/4993/4546 4539/4986/4539
f 4552/4989/4552 4530/4988/4530 4558/4987/4558
f 4561/5010/4561 4562/5016/4562 4545/5001/4545 4544/5009/4544
f 4570/4972/4570 4542/4971/4542 4569/4998/4569
f 4546/4993/4546 4538/4983/4538 4555/5002/4555
f 4536/4990/4536 4557/4999/4557 4549/4992/4549
f 4553/4991/4553 4559/5007/4559 4554/4996/4554
f 4550/4981/4550 4540/4967/4540 4566/5000/4566
f 4550/4981/4550 4568/5011/4568 4541/4997/4541
f 4551/5004/4551 4622/5003/4622 4616/5074/4616
f 4547/4994/4547 4563/5005/4563 4556/5014/4556
f 4548/4995/4548 4547/4994/4547 4556/5014/4556
f 4548/4995/4548 4556/5014/4556 4557/4999/4557
f 4549/4992/4549 4565/5006/4565 4566/5000/4566
f 4572/5028/4572 4553/4991/4553 4552/4989/4552 4571/5013/4571
f 4545/5001/4545 4562/5016/4562 4555/5002/4555
f 4569/4998/4569 4541/4997/4541 4585/5012/4585
f 4572/5028/4572 4573/5037/4573 4560/5008/4560 4559/5007/4559
f 4557/4999/4557 4564/5015/4564 4565/5006/4565
f 4559/5007/4559 4553/4991/4553 4572/5028/4572
f 4561/5010/4561 4554/4996/4554 4560/5008/4560
f 4563/5005/4563 4555/5002/4555 4567/5017/4567
f 4578/5018/4578 4579/5021/4579 4566/5000/4566 4565/5006/4565
f 4573/5037/4573 4574/5432/4574 4561/5010/4561 4560/5008/4560
f 4574/5432/4574 4575/5023/4575 4562/5016/4562 4561/5010/4561
f 4566/5000/4566 4579/5021/4579 4568/5011/4568
f 4577/5026/4577 4556/5014/4556 4563/5005/4563 4576/5019/4576
f 4568/5011/4568 4584/5022/4584 4585/5012/4585
f 4562/5016/4562 4575/5023/4575 4567/5017/4567
f 4593/5035/4593 4599/5040/4599 4579/5021/4579 4578/5018/4578
f 4558/4987/4558 4595/5020/4595 4571/5013/4571
f 4556/5014/4556 4577/5026/4577 4564/5015/4564
f 4576/5019/4576 4567/5017/4567 4581/5024/4581
f 4622/5003/4622 4570/4972/4570 4594/5025/4594
f 4576/5019/4576 4582/5031/4582 4577/5026/4577
f 4578/5018/4578 4564/5015/4564 4583/5027/4583
f 4579/5021/4579 4599/5040/4599 4584/5022/4584
f 4574/5432/4574 4589/5042/4589 4580/5044/4580
f 4575/5023/4575 4574/5432/4574 4580/5044/4580
f 4575/5023/4575 4580/5044/4580 4581/5024/4581
f 4576/5019/4576 4591/5030/4591 4582/5031/4582
f 4577/5026/4577 4592/5032/4592 4583/5027/4583
f 4587/5029/4587 4571/5013/4571 4602/5034/4602
f 4590/5049/4590 4581/5024/4581 4580/5044/4580 4596/5043/4596
f 4573/5037/4573 4588/5036/4588 4589/5042/4589
f 4574/5432/4574 4573/5037/4573 4589/5042/4589
f 4604/5054/4604 4589/5042/4589 4588/5036/4588 4608/5069/4608
f 4594/5025/4594 4585/5012/4585 4615/5038/4615
f 4591/5030/4591 4581/5024/4581 4590/5049/4590
f 4582/5031/4582 4591/5030/4591 4592/5032/4592
f 4593/5035/4593 4583/5027/4583 4598/5039/4598
f 4586/4984/4586 4698/5051/4698 4600/4985/4600
f 4591/5030/4591 4590/5049/4590 4597/5052/4597
f 4622/5003/4622 4594/5025/4594 4639/5077/4639
f 4591/5030/4591 4597/5052/4597 4606/5045/4606
f 4595/5020/4595 4631/5079/4631 4601/5033/4601
f 4598/5039/4598 4592/5032/4592 4606/5045/4606
f 4588/5036/4588 4587/5029/4587 4603/5046/4603
f 4593/5035/4593 4607/5047/4607 4613/5066/4613
f 4588/5036/4588 4603/5046/4603 4608/5069/4608
f 4599/5040/4599 4593/5035/4593 4613/5066/4613
f 4624/5068/4624 4625/5433/4625 4609/5055/4609 4608/5069/4608
f 4589/5042/4589 4604/5054/4604 4596/5043/4596
f 4595/5020/4595 4641/5059/4641 4631/5079/4631
f 4607/5047/4607 4598/5039/4598 4612/5053/4612
f 4614/5041/4614 4599/5040/4599 4613/5066/4613
f 4596/5043/4596 4619/5056/4619 4605/5048/4605
f 4594/5025/4594 4647/5057/4647 4639/5077/4639
f 4597/5052/4597 4610/5058/4610 4606/5045/4606
f 4603/5046/4603 4617/5060/4617 4618/5067/4618
f 4607/5047/4607 4620/5061/4620 4613/5066/4613
f 4603/5046/4603 4618/5067/4618 4608/5069/4608
f 4614/5041/4614 4613/5066/4613 4621/5070/4621
f 4609/5055/4609 4604/5054/4604 4608/5069/4608
f 4610/5058/4610 4605/5048/4605 4619/5056/4619
f 4600/4985/4600 4640/5063/4640 4641/5059/4641
f 4612/5053/4612 4606/5045/4606 4611/5064/4611
f 4621/5070/4621 4613/5066/4613 4629/5065/4629
f 4625/5433/4625 4634/5084/4634 4619/5056/4619 4609/5055/4609
f 4642/5097/4642 4617/5060/4617 4601/5033/4601 4648/5080/4648
f 4615/5038/4615 4638/5071/4638 4647/5057/4647
f 4611/5064/4611 4627/5073/4627 4628/5081/4628
f 4612/5053/4612 4611/5064/4611 4628/5081/4628
f 4612/5053/4612 4628/5081/4628 4620/5061/4620
f 4621/5070/4621 4637/5083/4637 4630/5062/4630
f 4630/5062/4630 4646/5088/4646 4638/5071/4638
f 4626/5072/4626 4619/5056/4619 4634/5084/4634
f 4714/5075/4714 4622/5003/4622 4674/5078/4674
f 4642/5097/4642 4632/5434/4632 4618/5067/4618 4617/5060/4617
f 4651/5103/4651 4634/5084/4634 4633/5095/4633 4650/5094/4650
f 4618/5067/4618 4632/5434/4632 4624/5068/4624
f 4625/5433/4625 4643/5093/4643 4633/5095/4633
f 4634/5084/4634 4625/5433/4625 4633/5095/4633
f 4627/5073/4627 4626/5072/4626 4644/5085/4644
f 4627/5073/4627 4644/5085/4644 4635/5086/4635
f 4637/5083/4637 4629/5065/4629 4645/5087/4645
f 4624/5068/4624 4632/5434/4632 4643/5093/4643
f 4625/5433/4625 4624/5068/4624 4643/5093/4643
f 4653/5090/4653 4654/5098/4654 4636/5082/4636 4635/5086/4635
f 4644/5085/4644 4634/5084/4634 4651/5103/4651
f 4639/5077/4639 4668/5089/4668 4674/5078/4674
f 4631/5079/4631 4669/5091/4669 4648/5080/4648
f 4656/5096/4656 4649/5100/4649 4632/5434/4632 4642/5097/4642
f 4645/5087/4645 4636/5082/4636 4654/5098/4654
f 4659/5102/4659 4673/5120/4673 4638/5071/4638 4646/5088/4646
f 4632/5434/4632 4649/5100/4649 4643/5093/4643
f 4637/5083/4637 4655/5092/4655 4646/5088/4646
f 4644/5085/4644 4652/5104/4652 4653/5090/4653
f 4655/5092/4655 4645/5087/4645 4658/5099/4658
f 4643/5093/4643 4657/5101/4657 4650/5094/4650
f 4668/5089/4668 4647/5057/4647 4638/5071/4638 4673/5120/4673
f 4665/5125/4665 4666/5110/4666 4654/5098/4654 4653/5090/4653
f 4663/5119/4663 4651/5103/4651 4650/5094/4650 4662/5109/4662
f 4656/5096/4656 4648/5080/4648 4683/5105/4683
f 4658/5099/4658 4654/5098/4654 4666/5110/4666
f 4649/5100/4649 4660/5106/4660 4661/5112/4661
f 4649/5100/4649 4661/5112/4661 4657/5101/4657
f 4655/5092/4655 4681/5108/4681 4659/5102/4659
f 4663/5119/4663 4664/5122/4664 4652/5104/4652 4651/5103/4651
f 4665/5125/4665 4653/5090/4653 4652/5104/4652 4664/5122/4664
f 4677/5123/4677 4664/5122/4664 4663/5119/4663 4676/5118/4676
f 4656/5096/4656 4684/5126/4684 4660/5106/4660
f 4658/5099/4658 4672/5111/4672 4667/5107/4667
f 4657/5101/4657 4670/5113/4670 4662/5109/4662
f 4659/5102/4659 4688/5115/4688 4673/5120/4673
f 4674/5078/4674 4668/5089/4668 4697/5129/4697
f 4667/5107/4667 4680/5116/4680 4681/5108/4681
f 4678/5135/4678 4679/5131/4679 4666/5110/4666 4665/5125/4665
f 4697/5129/4697 4668/5089/4668 4689/5121/4689
f 4665/5125/4665 4671/5124/4671 4678/5135/4678
f 4686/5134/4686 4687/5132/4687 4679/5131/4679 4678/5135/4678
f 4666/5110/4666 4679/5131/4679 4672/5111/4672
f 4670/5113/4670 4691/5138/4691 4675/5117/4675
f 4671/5124/4671 4685/5127/4685 4678/5135/4678
f 4669/5091/4669 4720/5128/4720 4716/5143/4716
f 4714/5075/4714 4674/5078/4674 4752/5130/4752
f 4669/5091/4669 4716/5143/4716 4683/5105/4683
f 4672/5111/4672 4695/5133/4695 4680/5116/4680
f 4660/5106/4660 4690/5137/4690 4670/5113/4670
f 4676/5118/4676 4675/5117/4675 4692/5139/4692
f 4676/5118/4676 4692/5139/4692 4693/5141/4693
f 4677/5123/4677 4676/5118/4676 4693/5141/4693
f 4685/5127/4685 4677/5123/4677 4693/5141/4693
f 4690/5137/4690 4660/5106/4660 4684/5126/4684 4705/5147/4705
f 4701/5162/4701 4702/5163/4702 4687/5132/4687 4686/5134/4686
f 4681/5108/4681 4680/5116/4680 4696/5136/4696
f 4681/5108/4681 4696/5136/4696 4682/5114/4682
f 4720/5128/4720 4640/5063/4640 4715/5140/4715
f 4686/5134/4686 4694/5142/4694 4701/5162/4701
f 4713/5159/4713 4689/5121/4689 4688/5115/4688 4704/5145/4704
f 4684/5126/4684 4683/5105/4683 4717/5144/4717
f 4687/5132/4687 4702/5163/4702 4703/5149/4703
f 4705/5147/4705 4684/5126/4684 4717/5144/4717
f 4695/5133/4695 4687/5132/4687 4703/5149/4703
f 4690/5137/4690 4706/5148/4706 4691/5138/4691
f 4691/5138/4691 4699/5152/4699 4692/5139/4692
f 4719/5150/4719 4712/5166/4712 4696/5136/4696 4695/5133/4695
f 4694/5142/4694 4709/5154/4709 4701/5162/4701
f 4710/5161/4710 4711/5164/4711 4702/5163/4702 4701/5162/4701
f 4699/5152/4699 4691/5138/4691 4707/5151/4707
f 4696/5136/4696 4712/5166/4712 4704/5145/4704
f 4692/5139/4692 4708/5153/4708 4700/5146/4700
f 4694/5142/4694 4693/5141/4693 4709/5154/4709
f 4704/5145/4704 4730/5156/4730 4713/5159/4713
f 4709/5154/4709 4700/5146/4700 4708/5153/4708
f 4715/5140/4715 4698/5051/4698 4843/5158/4843
f 4697/5129/4697 4689/5121/4689 4750/5160/4750
f 4726/5168/4726 4709/5154/4709 4708/5153/4708 4725/5435/4725
f 4717/5144/4717 4721/5172/4721 4705/5147/4705
f 4727/5188/4727 4728/5177/4728 4711/5164/4711 4710/5161/4710
f 4752/5130/4752 4697/5129/4697 4751/5167/4751
f 4710/5161/4710 4718/5169/4718 4727/5188/4727
f 4723/5436/4723 4732/5182/4732 4707/5151/4707 4706/5148/4706
f 4719/5150/4719 4711/5164/4711 4728/5177/4728
f 4706/5148/4706 4705/5147/4705 4722/5173/4722
f 4706/5148/4706 4722/5173/4722 4723/5436/4723
f 4724/5165/4724 4725/5435/4725 4708/5153/4708 4699/5152/4699
f 4724/5165/4724 4707/5151/4707 4732/5182/4732
f 4712/5166/4712 4735/5175/4735 4736/5155/4736
f 4740/5187/4740 4741/5437/4741 4728/5177/4728 4727/5188/4727
f 4718/5169/4718 4734/5186/4734 4727/5188/4727
f 4721/5172/4721 4717/5144/4717 4731/5176/4731
f 4719/5150/4719 4742/5178/4742 4729/5174/4729
f 4750/5160/4750 4713/5159/4713 4766/5179/4766
f 4738/5183/4738 4739/5193/4739 4725/5435/4725 4724/5165/4724
f 4742/5178/4742 4728/5177/4728 4741/5437/4741
f 4723/5436/4723 4722/5173/4722 4744/5181/4744
f 4729/5174/4729 4742/5178/4742 4743/5190/4743
f 4732/5182/4732 4723/5436/4723 4744/5181/4744
f 4729/5174/4729 4743/5190/4743 4735/5175/4735
f 4739/5193/4739 4733/5192/4733 4726/5168/4726 4725/5435/4725
f 4730/5156/4730 4749/5184/4749 4766/5179/4766
f 4749/5184/4749 4736/5155/4736 4735/5175/4735 4748/5191/4748
f 4718/5169/4718 4726/5168/4726 4733/5192/4733
f 4718/5169/4718 4733/5192/4733 4734/5186/4734
f 4731/5176/4731 4720/5128/4720 4753/5185/4753
f 4732/5182/4732 4745/5189/4745 4738/5183/4738
f 4740/5187/4740 4734/5186/4734 4733/5192/4733 4746/5194/4746
f 4754/5196/4754 4755/5200/4755 4739/5193/4739 4738/5183/4738
f 4731/5176/4731 4768/5195/4768 4737/5180/4737
f 4747/5197/4747 4757/5209/4757 4741/5437/4741 4740/5187/4740
f 4746/5194/4746 4739/5193/4739 4755/5200/4755
f 4759/5198/4759 4760/5204/4760 4744/5181/4744 4737/5180/4737
f 4741/5437/4741 4757/5209/4757 4758/5202/4758
f 4742/5178/4742 4741/5437/4741 4758/5202/4758
f 4764/5216/4764 4765/5218/4765 4749/5184/4749 4748/5191/4748
f 4742/5178/4742 4758/5202/4758 4743/5190/4743
f 4745/5189/4745 4770/5438/4770 4754/5196/4754
f 4799/5439/4799 4751/5167/4751 4750/5160/4750 4767/5199/4767
f 4749/5184/4749 4765/5218/4765 4766/5179/4766
f 4799/5439/4799 4774/5235/4774 4752/5130/4752 4751/5167/4751
f 4762/5210/4762 4747/5197/4747 4746/5194/4746 4756/5201/4756
f 4764/5216/4764 4748/5191/4748 4743/5190/4743 4763/5203/4763
f 4783/5170/4783 4752/5130/4752 4774/5235/4774
f 4757/5209/4757 4747/5197/4747 4762/5210/4762
f 4769/5205/4769 4770/5438/4770 4745/5189/4745 4744/5181/4744
f 4790/5220/4790 4791/5230/4791 4759/5198/4759 4768/5195/4768
f 4755/5200/4755 4754/5196/4754 4771/5226/4771
f 4755/5200/4755 4771/5226/4771 4761/5206/4761
f 4756/5201/4756 4755/5200/4755 4761/5206/4761
f 4756/5201/4756 4772/5207/4772 4762/5210/4762
f 4753/5185/4753 4800/5208/4800 4768/5195/4768
f 4754/5196/4754 4770/5438/4770 4771/5226/4771
f 4800/5208/4800 4715/5140/4715 4806/5212/4806
f 4773/5211/4773 4762/5210/4762 4779/5213/4779
f 4785/5227/4785 4761/5206/4761 4771/5226/4771 4777/5225/4777
f 4759/5198/4759 4791/5230/4791 4775/5222/4775
f 4760/5204/4760 4759/5198/4759 4775/5222/4775
f 4763/5203/4763 4780/5214/4780 4781/5215/4781
f 4760/5204/4760 4775/5222/4775 4769/5205/4769
f 4770/5438/4770 4776/5224/4776 4771/5226/4771
f 4767/5199/4767 4766/5179/4766 4789/5219/4789
f 4772/5207/4772 4778/5228/4778 4779/5213/4779
f 4773/5211/4773 4787/5221/4787 4780/5214/4780
f 4770/5438/4770 4769/5205/4769 4784/5223/4784
f 4770/5438/4770 4784/5223/4784 4776/5224/4776
f 4797/5239/4797 4781/5215/4781 4780/5214/4780 4788/5229/4788
f 4772/5207/4772 4761/5206/4761 4778/5228/4778
f 4787/5221/4787 4779/5213/4779 4786/5245/4786
f 4798/5241/4798 4782/5217/4782 4781/5215/4781 4797/5239/4797
f 4775/5222/4775 4792/5231/4792 4784/5223/4784
f 4786/5245/4786 4779/5213/4779 4778/5228/4778 4796/5234/4796
f 4782/5217/4782 4798/5241/4798 4789/5219/4789
f 4777/5225/4777 4794/5233/4794 4785/5227/4785
f 4813/5242/4813 4837/5262/4837 4767/5199/4767 4789/5219/4789
f 4793/5232/4793 4784/5223/4784 4801/5240/4801
f 4802/5247/4802 4808/5248/4808 4794/5233/4794 4793/5232/4793
f 4767/5199/4767 4837/5262/4837 4799/5439/4799
f 4796/5234/4796 4785/5227/4785 4795/5243/4795
f 4786/5245/4786 4803/5244/4803 4804/5253/4804
f 4787/5221/4787 4786/5245/4786 4804/5253/4804
f 4791/5230/4791 4790/5220/4790 4814/5251/4814
f 4787/5221/4787 4804/5253/4804 4788/5229/4788
f 4798/5241/4798 4797/5239/4797 4812/5246/4812
f 4798/5241/4798 4812/5246/4812 4821/5255/4821
f 4813/5242/4813 4798/5241/4798 4821/5255/4821
f 4807/5264/4807 4792/5231/4792 4791/5230/4791 4823/5252/4823
f 4796/5234/4796 4795/5243/4795 4809/5249/4809
f 4774/5235/4774 4799/5439/4799 4837/5262/4837
f 4796/5234/4796 4809/5249/4809 4803/5244/4803
f 4790/5220/4790 4822/5250/4822 4814/5251/4814
f 4816/5440/4816 4817/5268/4817 4802/5247/4802 4801/5240/4801
f 4792/5231/4792 4807/5264/4807 4801/5240/4801
f 4808/5248/4808 4802/5247/4802 4817/5268/4817
f 4800/5208/4800 4853/5257/4853 4822/5250/4822
f 4805/5238/4805 4819/5259/4819 4812/5246/4812
f 4824/5269/4824 4818/5279/4818 4809/5249/4809 4808/5248/4808
f 4837/5262/4837 4813/5242/4813 4842/5260/4842
f 4825/5282/4825 4810/5258/4810 4809/5249/4809 4818/5279/4818
f 4853/5257/4853 4806/5212/4806 4857/5261/4857
f 4825/5282/4825 4826/5271/4826 4811/5254/4811 4810/5258/4810
f 4774/5235/4774 4889/5263/4889 4879/5236/4879
f 4831/5285/4831 4817/5268/4817 4816/5440/4816 4830/5284/4830
f 4819/5259/4819 4811/5254/4811 4826/5271/4826
f 4807/5264/4807 4829/5265/4829 4815/5266/4815
f 4816/5440/4816 4801/5240/4801 4815/5266/4815
f 4812/5246/4812 4820/5267/4820 4821/5255/4821
f 4823/5252/4823 4814/5251/4814 4854/5270/4854
f 4815/5266/4815 4839/5273/4839 4830/5284/4830
f 4816/5440/4816 4815/5266/4815 4830/5284/4830
f 4850/5294/4850 4851/5296/4851 4836/5274/4836 4840/5272/4840
f 4817/5268/4817 4831/5285/4831 4832/5287/4832
f 4821/5255/4821 4841/5275/4841 4827/5256/4827
f 4824/5269/4824 4817/5268/4817 4832/5287/4832
f 4825/5282/4825 4834/5281/4834 4835/5441/4835
f 4826/5271/4826 4825/5282/4825 4835/5441/4835
f 4826/5271/4826 4835/5441/4835 4840/5272/4840
f 4823/5252/4823 4828/5277/4828 4829/5265/4829
f 4841/5275/4841 4820/5267/4820 4852/5278/4852
f 4827/5256/4827 4841/5275/4841 4842/5260/4842
f 4824/5269/4824 4832/5287/4832 4833/5280/4833
f 4818/5279/4818 4824/5269/4824 4833/5280/4833
f 4835/5441/4835 4849/5293/4849 4840/5272/4840
f 4829/5265/4829 4828/5277/4828 4839/5273/4839
f 4845/5286/4845 4831/5285/4831 4830/5284/4830 4844/5283/4844
f 4852/5278/4852 4836/5274/4836 4851/5296/4851
f 4847/5289/4847 4848/5301/4848 4834/5281/4834 4833/5280/4833
f 4849/5293/4849 4835/5441/4835 4834/5281/4834 4848/5301/4848
f 4889/5263/4889 4837/5262/4837 4878/5290/4878
f 4860/5298/4860 4861/5318/4861 4846/5288/4846 4845/5286/4845
f 4839/5273/4839 4859/5295/4859 4844/5283/4844
f 4841/5275/4841 4855/5291/4855 4867/5292/4867
f 4856/5276/4856 4842/5260/4842 4867/5292/4867
f 4828/5277/4828 4854/5270/4854 4858/5304/4858
f 4855/5291/4855 4852/5278/4852 4874/5297/4874
f 4863/5442/4863 4848/5301/4848 4847/5289/4847 4862/5309/4862
f 4846/5288/4846 4861/5318/4861 4862/5309/4862
f 4847/5289/4847 4846/5288/4846 4862/5309/4862
f 4843/5158/4843 4934/5300/4934 4857/5261/4857
f 4872/5443/4872 4864/5302/4864 4863/5442/4863 4871/5311/4871
f 4848/5301/4848 4863/5442/4863 4864/5302/4864
f 4828/5277/4828 4868/5305/4868 4859/5295/4859
f 4851/5296/4851 4850/5294/4850 4866/5306/4866
f 4854/5270/4854 4853/5257/4853 4890/5307/4890
f 4854/5270/4854 4890/5307/4890 4858/5304/4858
f 4844/5283/4844 4869/5308/4869 4860/5298/4860
f 4878/5290/4878 4867/5292/4867 4902/5444/4902
f 4863/5442/4863 4862/5309/4862 4871/5311/4871
f 4857/5261/4857 4923/5312/4923 4890/5307/4890
f 4876/5445/4876 4870/5310/4870 4861/5318/4861 4860/5298/4860
f 4865/5303/4865 4864/5302/4864 4872/5443/4872
f 4865/5303/4865 4872/5443/4872 4873/5314/4873
f 4858/5304/4858 4891/5313/4891 4868/5305/4868
f 4866/5306/4866 4865/5303/4865 4873/5314/4873
f 4866/5306/4866 4886/5315/4886 4874/5297/4874
f 4869/5308/4869 4859/5295/4859 4875/5316/4875
f 4860/5298/4860 4869/5308/4869 4876/5445/4876
f 4885/5446/4885 4873/5447/4873 4872/5321/4872 4877/5344/4877
f 4867/5292/4867 4888/5317/4888 4902/5444/4902
f 4878/5329/4878 4908/5339/4908 4889/5341/4889
f 4872/5321/4872 4884/5320/4884 4877/5344/4877
f 4882/5327/4882 4883/5328/4883 4871/5319/4871 4870/5325/4870
f 4868/5322/4868 4892/5324/4892 4880/5333/4880
f 4886/5448/4886 4873/5447/4873 4885/5446/4885
f 4875/5334/4875 4868/5322/4868 4880/5333/4880
f 4874/5449/4874 4886/5448/4886 4887/5336/4887
f 4869/5450/4869 4875/5334/4875 4881/5451/4881
f 4855/5452/4855 4874/5449/4874 4887/5336/4887
f 4869/5450/4869 4881/5451/4881 4876/5326/4876
f 4855/5452/4855 4887/5336/4887 4888/5338/4888
f 4900/5365/4900 4901/5453/4901 4886/5448/4886 4885/5446/4885
f 4882/5327/4882 4876/5326/4876 4881/5451/4881
f 4908/5339/4908 4878/5329/4878 4922/5331/4922
f 4884/5320/4884 4894/5342/4894 4877/5344/4877
f 4906/5348/4906 4887/5336/4887 4886/5448/4886 4901/5453/4901
f 4896/5360/4896 4881/5451/4881 4875/5334/4875 4895/5335/4895
f 4896/5360/4896 4897/5349/4897 4882/5327/4882 4881/5451/4881
f 4894/5342/4894 4884/5320/4884 4883/5328/4883 4893/5351/4893
f 4888/5338/4888 4907/5337/4907 4902/5330/4902
f 4882/5327/4882 4897/5349/4897 4893/5351/4893
f 4883/5328/4883 4882/5327/4882 4893/5351/4893
f 4970/5347/4970 4879/5346/4879 4889/5341/4889 4938/5340/4938
f 4900/5365/4900 4885/5446/4885 4877/5344/4877 4899/5343/4899
f 4890/5355/4890 4924/5356/4924 4891/5323/4891
f 4910/5359/4910 4911/5369/4911 4897/5349/4897 4896/5360/4896
f 4890/5355/4890 4948/5354/4948 4924/5356/4924
f 4894/5342/4894 4898/5352/4898 4899/5343/4899
f 4892/5324/4892 4891/5323/4891 4925/5357/4925
f 4901/5453/4901 4900/5365/4900 4919/5366/4919
f 4901/5453/4901 4919/5366/4919 4905/5367/4905
f 4906/5348/4906 4901/5453/4901 4905/5367/4905
f 4904/5350/4904 4913/5454/4913 4898/5352/4898 4893/5351/4893
f 4897/5349/4897 4911/5369/4911 4904/5350/4904
f 4922/5331/4922 4902/5330/4902 4921/5361/4921
f 4914/5362/4914 4899/5343/4899 4898/5352/4898 4913/5454/4913
f 4933/5368/4933 4920/5383/4920 4907/5337/4907 4906/5348/4906
f 4892/5324/4892 4926/5364/4926 4903/5332/4903
f 4895/5335/4895 4909/5358/4909 4910/5359/4910
f 4916/5372/4916 4912/5370/4912 4911/5369/4911 4929/5455/4929
f 4907/5337/4907 4920/5383/4920 4921/5361/4921
f 4913/5454/4913 4904/5350/4904 4912/5370/4912
f 4938/5340/4938 4908/5339/4908 4960/5371/4960
f 4913/5454/4913 4918/5374/4918 4914/5362/4914
f 4903/5332/4903 4926/5364/4926 4927/5377/4927
f 4909/5358/4909 4903/5332/4903 4927/5377/4927
f 4911/5369/4911 4910/5359/4910 4929/5455/4929
f 4930/5375/4930 4931/5380/4931 4915/5363/4915 4914/5362/4914
f 4913/5454/4913 4912/5370/4912 4917/5373/4917
f 4913/5454/4913 4917/5373/4917 4918/5374/4918
f 4959/5413/4959 4978/5415/4978 4922/5331/4922 4921/5361/4921
f 4919/5366/4919 4915/5363/4915 4931/5380/4931
f 4933/5368/4933 4905/5367/4905 4932/5376/4932
f 4910/5359/4910 4928/5378/4928 4929/5455/4929
f 4959/5413/4959 4921/5361/4921 4920/5383/4920 4947/5456/4947
f 4922/5331/4922 4978/5415/4978 4960/5371/4960
f 4918/5374/4918 4936/5379/4936 4930/5375/4930
f 4932/5376/4932 4919/5366/4919 4944/5382/4944
f 4920/5383/4920 4946/5384/4946 4947/5456/4947
f 4961/5403/4961 4925/5357/4925 4924/5356/4924 4971/5385/4971
f 4929/5455/4929 4941/5387/4941 4916/5372/4916
f 4961/5403/4961 4939/5402/4939 4926/5364/4926 4925/5357/4925
f 4940/5391/4940 4927/5377/4927 4926/5364/4926 4939/5402/4939
f 4544/5009/4544 4545/5001/4545 4533/4970/4533 4532/4982/4532
f 4935/5393/4935 4928/5378/4928 4927/5377/4927 4940/5391/4940
f 4946/5384/4946 4933/5368/4933 4932/5376/4932 4945/5386/4945
f 4941/5387/4941 4929/5455/4929 4928/5378/4928 4935/5393/4935
f 4949/5405/4949 4940/5391/4940 4939/5402/4939 4962/5404/4962
f 4936/5379/4936 4916/5372/4916 4942/5388/4942
f 4935/5393/4935 4950/5392/4950 4941/5387/4941
f 4946/5384/4946 4969/5411/4969 4947/5456/4947
f 4941/5387/4941 4951/5399/4951 4942/5388/4942
f 4934/5394/4934 4586/4984/4586 4923/5353/4923
f 4938/5340/4938 4551/5004/4551 4970/5347/4970
f 4936/5379/4936 4943/5396/4943 4937/5381/4937
f 4952/5400/4952 4956/5409/4956 4943/5396/4943 4942/5388/4942
f 4940/5391/4940 4949/5405/4949 4950/5392/4950
f 4969/5411/4969 4946/5384/4946 4958/5397/4958
f 4951/5399/4951 4941/5387/4941 4963/5398/4963
f 4947/5456/4947 4969/5411/4969 4959/5413/4959
f 4964/5407/4964 4952/5400/4952 4951/5399/4951 4963/5398/4963
f 4923/5353/4923 4521/4976/4521 4948/5354/4948
f 4943/5396/4943 4956/5409/4956 4953/5401/4953
f 4954/5389/4954 4937/5381/4937 4953/5401/4953
f 4957/5390/4957 4968/5419/4968 4958/5397/4958
f 4950/5392/4950 4955/5406/4955 4963/5398/4963
f 4966/5410/4966 4967/5416/4967 4954/5389/4954 4953/5401/4953
f 4956/5409/4956 4952/5400/4952 4965/5408/4965
f 4971/5385/4971 4948/5354/4948 4513/4975/4513
f 4977/5420/4977 4512/5427/4512 4969/5411/4969 4958/5397/4958
f 4954/5389/4954 4967/5416/4967 4957/5390/4957
f 4972/5425/4972 4949/5405/4949 4962/5404/4962 4508/5429/4508
f 4955/5406/4955 4973/5430/4973 4963/5398/4963
f 4963/5398/4963 4974/5428/4974 4964/5407/4964
f 4978/5415/4978 4959/5413/4959 4984/5412/4984
f 4960/5371/4960 4520/4973/4520 4551/5004/4551
f 4956/5409/4956 4965/5408/4965 4966/5410/4966
f 4511/4962/4511 4977/5420/4977 4968/5419/4968 4983/5424/4983
f 4968/5419/4968 4957/5390/4957 4976/5418/4976
f 4955/5406/4955 4949/5405/4949 4972/5425/4972
f 4974/5428/4974 4963/5398/4963 4973/5430/4973
f 4975/5414/4975 4964/5407/4964 4974/5428/4974
f 4966/5410/4966 4981/5421/4981 4982/5417/4982
f 4962/5404/4962 4961/5403/4961 4979/5422/4979
f 4508/5429/4508 4962/5404/4962 4979/5422/4979
f 4510/4957/4510 4519/4958/4519 4985/4960/4985 4982/5417/4982
f 4955/5406/4955 4980/5426/4980 4973/5430/4973
f 4978/5415/4978 4542/4971/4542 4520/4973/4520
f 4975/5414/4975 4509/4952/4509 4981/5421/4981
f 4971/5385/4971 4530/4988/4530 4979/5422/4979
f 4976/5418/4976 4985/4960/4985 4983/5424/4983
f 4980/5426/4980 4972/5425/4972 4514/4980/4514
f 4981/5421/4981 4518/4955/4518 4510/4957/4510
f 4515/4965/4515 4516/5431/4516 4973/5430/4973 4980/5426/4980
f 4508/5429/4508 4979/5422/4979 4522/4979/4522
f 4983/5424/4983 4527/4959/4527 4511/4962/4511
f 4511/4962/4511 4528/4966/4528 4512/5427/4512
f 4984/5412/4984 4529/4968/4529 4541/4997/4541
f 4542/4971/4542 4984/5412/4984 4541/4997/4541
f 4509/4952/4509 4974/5428/4974 4517/4953/4517
o Boss_eye_left
v -0.162893 2.067001 0.335788
v -0.165538 2.025325 0.330869
v -0.165963 1.931672 0.358667
v -0.156571 2.076795 0.338470
v -0.155737 2.046188 0.332281
v -0.154916 2.033911 0.331187
v -0.155995 2.002053 0.331476
v -0.155845 1.988952 0.332857
v -0.155014 1.959060 0.339790
v -0.159545 1.950497 0.343212
v -0.161554 1.933667 0.355096
v -0.155043 2.101569 0.350540
v -0.157520 2.094676 0.345818
v -0.155184 2.085798 0.341625
v -0.148041 2.058556 0.334365
v -0.146784 2.015573 0.331145
v -0.142942 1.998098 0.332412
v -0.149063 1.973376 0.335954
v -0.160349 1.936834 0.351810
v -0.148159 2.089662 0.343750
v -0.147063 2.073685 0.337874
v -0.139406 2.050219 0.333693
v -0.138299 2.033240 0.332108
v -0.135568 1.981101 0.335467
v -0.148740 1.947160 0.345268
v -0.154743 2.106129 0.355176
v -0.136347 2.083767 0.342522
v -0.134799 2.073078 0.339029
v -0.133230 2.062486 0.336569
v -0.125880 2.033224 0.333710
v -0.130084 2.020367 0.332711
v -0.130241 2.007112 0.333004
v -0.129973 1.990747 0.334670
v -0.138544 1.965084 0.339025
v -0.149427 1.940630 0.349276
v -0.138768 2.092812 0.346450
v -0.127630 2.050474 0.335147
v -0.118349 2.006327 0.335095
v -0.136347 1.956232 0.342522
v -0.144533 2.101706 0.351742
v -0.123418 2.073707 0.341241
v -0.118575 2.062484 0.339247
v -0.116589 2.050453 0.337300
v -0.115234 2.037595 0.336051
v -0.114215 2.025034 0.335517
v -0.117838 1.988498 0.337186
v -0.119785 1.973933 0.339819
v -0.124753 1.960065 0.343180
v -0.133156 1.950318 0.345831
v -0.106896 2.043095 0.338743
v -0.107534 2.016820 0.337164
v -0.107899 1.998077 0.338284
v -0.135353 1.943009 0.349750
v -0.157634 2.109584 0.361629
v -0.151835 2.108324 0.358966
v -0.121594 2.086650 0.347062
v -0.107851 2.066624 0.343361
v -0.104653 2.054498 0.341386
v -0.098464 2.025670 0.340053
v -0.099211 2.011159 0.339954
v -0.105287 1.981435 0.342028
v -0.142295 1.936754 0.353650
v -0.145250 1.933871 0.356688
v -0.133214 2.101590 0.354502
v -0.126255 2.095154 0.351064
v -0.110693 2.077289 0.346315
v -0.095184 2.041923 0.342660
v -0.095184 1.998077 0.342660
v -0.109348 1.966775 0.345069
v -0.114401 1.956232 0.348094
v -0.115526 2.092449 0.353524
v -0.097487 2.066067 0.347584
v -0.093593 2.054498 0.345943
v -0.087335 2.041898 0.346541
v -0.087629 2.024428 0.344601
v -0.087521 2.011159 0.344942
v -0.094544 1.981435 0.346525
v -0.104617 1.959331 0.350779
v -0.117764 1.950167 0.350387
v -0.103791 2.081175 0.351629
v -0.084961 1.998077 0.347895
v -0.095496 1.966980 0.351967
v -0.123724 1.942233 0.354429
v -0.140238 2.106234 0.358346
v -0.090039 2.066364 0.352456
v -0.083205 2.050392 0.351217
v -0.079323 2.033240 0.350508
v -0.078547 2.015572 0.350358
v -0.086317 1.981435 0.351733
v -0.133868 1.935102 0.359132
v -0.149566 1.931565 0.359553
v -0.124370 2.101187 0.358693
v -0.086057 2.066614 0.356660
v -0.078806 2.050361 0.355652
v -0.073877 2.024422 0.355071
v -0.077621 1.998077 0.353786
v -0.082065 1.981468 0.356000
v -0.113494 1.945215 0.357769
v -0.111911 2.094890 0.359702
v -0.106592 2.090014 0.357586
v -0.095782 2.080592 0.357866
v -0.074478 2.037595 0.356559
v -0.072838 2.011159 0.357009
v -0.089922 1.966293 0.358030
v -0.103956 1.952236 0.357288
v -0.143274 2.108284 0.362726
v -0.133844 2.106207 0.364457
v -0.083263 2.066067 0.360838
v -0.075983 2.050392 0.360281
v -0.070869 2.024428 0.359973
v -0.073446 1.998077 0.360109
v -0.079355 1.981435 0.360432
v -0.118802 1.940532 0.361028
v -0.142125 1.931708 0.365251
v -0.106357 2.092395 0.363942
v -0.093225 2.080537 0.364051
v -0.071787 2.037595 0.363061
v -0.070692 2.007991 0.363892
v -0.087690 1.966293 0.363359
v -0.096527 1.956232 0.362924
v -0.106554 1.947550 0.363164
v -0.103467 2.089598 0.368187
v -0.082739 2.066364 0.366469
v -0.075175 2.050392 0.366601
v -0.070001 2.024428 0.366678
v -0.074910 1.990253 0.366383
v -0.082404 1.974437 0.367107
v -0.122012 1.938203 0.363895
v -0.122414 2.102027 0.364639
v -0.093932 2.080528 0.368724
v -0.072487 2.037595 0.369638
v -0.071751 2.006382 0.369829
v -0.076343 1.988913 0.369999
v -0.093891 1.959456 0.368687
v -0.133501 1.933884 0.364505
v -0.080893 2.058565 0.372507
v -0.072592 2.024428 0.373317
v -0.085147 1.973643 0.372421
v -0.099981 1.956450 0.373241
v -0.107550 1.947109 0.368421
v -0.114456 2.097161 0.369002
v -0.089192 2.072008 0.372780
v -0.076276 2.041981 0.374696
v -0.075224 2.015568 0.376533
v -0.076550 2.002405 0.376037
v -0.080050 1.989608 0.375889
v -0.092497 1.965718 0.374487
v -0.144931 2.108432 0.368559
v -0.088495 2.062484 0.378141
v -0.083026 2.051502 0.378218
v -0.079282 2.028841 0.379835
v -0.082905 1.998102 0.380651
v -0.087413 1.980402 0.378646
v -0.119684 1.940638 0.370322
v -0.126715 1.936824 0.368771
v -0.127927 2.102149 0.372270
v -0.105371 2.087636 0.374231
v -0.101347 2.080939 0.376953
v -0.085033 2.041583 0.382226
v -0.080423 2.015610 0.381106
v -0.088449 2.011159 0.385534
v -0.095748 1.969928 0.379609
v -0.102636 1.959456 0.378020
v -0.150872 1.930380 0.364430
v -0.119769 2.095006 0.376338
v -0.098417 2.072087 0.380365
v -0.094475 2.058565 0.383439
v -0.089696 1.998077 0.384798
v -0.094475 1.981435 0.383439
v -0.112392 1.948283 0.375319
v -0.117463 2.089506 0.379562
v -0.112717 2.080589 0.382968
v -0.097752 2.049253 0.387149
v -0.090927 2.033281 0.386507
v -0.093601 2.023829 0.388171
v -0.096982 2.006776 0.388953
v -0.100030 1.989639 0.387804
v -0.105685 1.973761 0.386036
v -0.130724 1.938293 0.374311
v -0.137658 1.933783 0.370203
v -0.108612 2.066357 0.386973
v -0.112618 1.959399 0.382947
v -0.123369 1.945021 0.377974
v -0.151039 2.109665 0.365677
v -0.131432 2.099469 0.376978
v -0.119883 2.065500 0.390356
v -0.109443 2.050392 0.390932
v -0.106857 2.033240 0.392241
v -0.105702 2.020000 0.392322
v -0.106857 2.006760 0.392241
v -0.109443 1.989608 0.390932
v -0.123721 1.950324 0.381799
v -0.139620 2.106345 0.371298
v -0.130233 2.092839 0.381749
v -0.124979 2.080537 0.386626
v -0.118053 2.046213 0.393704
v -0.118779 1.998102 0.394289
v -0.119597 1.980402 0.391671
v -0.118816 1.967916 0.388215
v -0.145177 2.097553 0.381580
v -0.128186 2.066773 0.391683
v -0.120897 2.025119 0.395838
v -0.122370 2.011159 0.395926
v -0.130490 1.998077 0.396304
v -0.129588 1.965485 0.389723
v -0.130314 1.956453 0.386507
v -0.136417 1.947186 0.383127
v -0.143834 2.103239 0.376606
v -0.138530 2.089842 0.385049
v -0.135394 2.073973 0.390794
v -0.131430 2.050392 0.395393
v -0.129511 2.037595 0.396515
v -0.128911 2.020000 0.397135
v -0.132477 1.981435 0.394165
v -0.147820 1.933874 0.373883
v -0.141610 2.083793 0.388171
v -0.146509 2.077289 0.390960
v -0.142928 2.041898 0.397575
v -0.138970 2.028841 0.398121
v -0.138149 2.015565 0.398190
v -0.142041 1.966056 0.391605
v -0.141296 1.940291 0.379453
v -0.144749 2.066345 0.393833
v -0.147075 2.054498 0.396239
v -0.146925 2.006760 0.398544
v -0.146969 1.990253 0.396983
v -0.150301 1.974437 0.394331
v -0.148824 1.953174 0.387648
v -0.148364 1.936670 0.377357
v -0.155674 2.041923 0.398211
v -0.155572 2.024428 0.399199
v -0.155195 1.985502 0.396570
v -0.152528 1.945000 0.383806
v -0.150895 1.931551 0.370773
v -0.157692 2.092542 0.385377
v -0.160102 2.083793 0.389202
v -0.162789 2.073707 0.392506
v -0.160884 2.060560 0.395634
v -0.165177 2.011159 0.399015
v -0.164262 1.998077 0.398213
v -0.165399 1.980402 0.395706
v -0.160685 1.965748 0.392403
v -0.157292 2.106250 0.374897
v -0.160302 2.103302 0.378078
v -0.172506 2.050392 0.396922
v -0.173113 2.033240 0.398542
v -0.172445 2.020000 0.398909
v -0.180533 1.997378 0.397258
v -0.166344 1.956207 0.389082
v -0.163082 1.938402 0.379597
v -0.163540 2.099548 0.381094
v -0.172727 2.092412 0.384873
v -0.175541 2.074459 0.391651
v -0.183323 2.014330 0.398024
v -0.179518 1.985502 0.395740
v -0.178816 1.974500 0.393709
v -0.169173 1.950197 0.386435
v -0.169659 1.945095 0.383663
v -0.179823 2.081711 0.388852
v -0.190359 2.066239 0.392119
v -0.183857 2.058648 0.394625
v -0.188755 2.042621 0.396337
v -0.189044 2.002405 0.396711
v -0.180768 1.965922 0.391307
v -0.182551 1.958714 0.388611
v -0.162727 1.933774 0.374939
v -0.160000 2.110000 0.365000
v -0.198444 2.070072 0.389416
v -0.200019 2.050361 0.393427
v -0.194098 2.033278 0.396349
v -0.198520 2.015572 0.395954
v -0.194809 1.981435 0.393018
v -0.195230 1.965541 0.388789
v -0.183733 1.947610 0.383315
v -0.175778 1.940595 0.379995
v -0.172806 2.104898 0.375458
v -0.187564 2.089662 0.384029
v -0.193681 2.080537 0.386931
v -0.207224 2.025325 0.394109
v -0.201358 1.998019 0.394312
v -0.158501 1.930380 0.368469
v -0.162607 2.108417 0.371679
v -0.184277 2.097407 0.380009
v -0.208525 2.058565 0.389899
v -0.211445 2.042546 0.391829
v -0.218887 2.034403 0.390365
v -0.213104 1.996905 0.391257
v -0.208990 1.985502 0.390562
v -0.206688 1.973642 0.388439
v -0.197335 1.958059 0.385504
v -0.188194 1.940440 0.377006
v -0.201266 2.086785 0.381845
v -0.206767 2.074459 0.385720
v -0.219606 2.054121 0.387288
v -0.217203 2.015559 0.391473
v -0.217568 1.981469 0.386898
v -0.194636 1.947584 0.380640
v -0.160000 1.930000 0.365000
v -0.226761 2.028481 0.387756
v -0.225205 2.005879 0.388037
v -0.224160 1.994145 0.386946
v -0.215440 1.969928 0.384124
v -0.209344 1.959689 0.382227
v -0.180581 1.936719 0.375545
v -0.168666 1.931676 0.370932
v -0.200220 2.095121 0.376182
v -0.209121 2.086785 0.378462
v -0.216672 2.072971 0.382530
v -0.225456 2.058565 0.383475
v -0.230416 2.042284 0.384669
v -0.232371 2.015572 0.385399
v -0.225456 1.981435 0.383475
v -0.183334 2.104868 0.372507
v -0.192850 2.099652 0.375112
v -0.231817 2.058532 0.379604
v -0.237342 2.041584 0.380550
v -0.237425 2.025678 0.382434
v -0.235039 1.998077 0.382105
v -0.221785 1.966056 0.379254
v -0.203949 1.947142 0.376353
v -0.215088 2.086785 0.374562
v -0.225152 2.073707 0.377032
v -0.241384 2.011159 0.379299
v -0.240746 1.998102 0.377718
v -0.216218 1.956207 0.376375
v -0.163929 2.109655 0.368157
v -0.236750 2.058565 0.375459
v -0.242409 2.042284 0.376055
v -0.244716 2.024783 0.376664
v -0.235419 1.982896 0.377532
v -0.233088 1.973642 0.374632
v -0.209604 1.947488 0.372714
v -0.198367 1.940532 0.371950
v -0.179981 1.933547 0.371231
v -0.175707 2.108294 0.368190
v -0.204466 2.097202 0.370295
v -0.218939 2.086785 0.370294
v -0.230078 2.073707 0.371970
v -0.239881 2.058531 0.371053
v -0.246782 2.040405 0.370181
v -0.245946 2.005543 0.373771
v -0.243046 1.990747 0.372363
v -0.235966 1.973671 0.370400
v -0.226702 1.963030 0.372903
v -0.218939 1.953215 0.370294
v -0.191744 1.936771 0.370207
v -0.186221 2.106288 0.365430
v -0.193335 2.103242 0.368282
v -0.249072 2.024040 0.370171
v -0.248803 2.011159 0.369706
v -0.176797 1.931718 0.367175
v -0.220524 2.086785 0.365823
v -0.232310 2.073707 0.366641
v -0.241435 2.058565 0.366542
v -0.249993 2.024421 0.365289
v -0.249064 2.006063 0.366404
v -0.246134 1.993825 0.366323
v -0.241435 1.981435 0.366542
v -0.232310 1.966293 0.366641
v -0.220524 1.953215 0.365823
v -0.209931 1.945216 0.367024
v -0.209906 2.095010 0.365121
v -0.215921 2.089662 0.360500
v -0.236820 2.066329 0.361788
v -0.244428 2.050361 0.361829
v -0.247490 2.042101 0.364926
v -0.243757 1.988498 0.360842
v -0.199029 2.101257 0.364118
v -0.249387 2.023682 0.360679
v -0.248268 2.006760 0.360017
v -0.237031 1.974500 0.360698
v -0.226209 1.959463 0.361568
v -0.202472 1.940434 0.365055
v -0.225406 2.081101 0.360625
v -0.234853 2.066358 0.357579
v -0.242374 2.050392 0.357142
v -0.246558 2.033240 0.356753
v -0.234242 1.972967 0.357321
v -0.186273 1.933816 0.364564
v -0.225742 2.077142 0.356305
v -0.245092 2.020000 0.353746
v -0.244014 2.006760 0.353569
v -0.241325 1.989534 0.355688
v -0.223175 1.959463 0.356726
v -0.211902 1.947109 0.360533
v -0.194371 1.936754 0.363128
v -0.207496 2.094827 0.358725
v -0.214398 2.086785 0.354884
v -0.229545 2.067315 0.352672
v -0.235533 2.054498 0.351729
v -0.238843 2.042284 0.350673
v -0.241707 2.024813 0.350616
v -0.237604 1.993825 0.350738
v -0.232587 1.980402 0.351354
v -0.227711 1.969928 0.352855
v -0.169045 1.930392 0.365739
v -0.191247 2.103242 0.359501
v -0.220220 2.074079 0.349811
v -0.232687 2.041898 0.346553
v -0.236531 2.006760 0.347561
v -0.217713 1.959463 0.352201
v -0.207133 1.947396 0.355397
v -0.197525 1.940434 0.357440
v -0.177001 2.108324 0.362928
v -0.197859 2.099427 0.357490
v -0.227678 2.058648 0.347725
v -0.234938 2.024441 0.345962
v -0.230079 1.998011 0.345140
v -0.227269 1.985502 0.346384
v -0.221879 1.972685 0.347753
v -0.201487 2.092423 0.351993
v -0.209168 2.083793 0.349616
v -0.211265 2.074079 0.345639
v -0.224859 2.041923 0.342678
v -0.225910 2.011159 0.341900
v -0.210033 1.959463 0.348169
v -0.203736 1.950338 0.351015
v -0.176468 1.931691 0.362317
v -0.181037 2.106184 0.359003
v -0.217509 2.058648 0.343040
v -0.215222 2.041584 0.339208
v -0.223292 2.026394 0.340665
v -0.221504 1.997866 0.341330
v -0.217509 1.981352 0.343040
v -0.210503 1.972967 0.342942
v -0.198095 2.081330 0.344414
v -0.213682 2.015572 0.337499
v -0.191517 1.942567 0.352114
v -0.182290 2.103166 0.354888
v -0.187831 2.094898 0.349172
v -0.198603 2.074459 0.341979
v -0.192389 2.066358 0.338304
v -0.204615 2.058365 0.338993
v -0.204967 2.041918 0.336491
v -0.205807 2.029208 0.335716
v -0.208974 1.998151 0.337395
v -0.202977 1.989031 0.337250
v -0.199119 1.973642 0.339639
v -0.197731 1.959408 0.344004
v -0.184055 1.936413 0.355859
v -0.179762 1.933766 0.358346
v -0.168091 2.109608 0.363295
v -0.183610 2.099580 0.351573
v -0.189075 2.089574 0.346191
v -0.188368 2.054791 0.335327
v -0.193787 2.042214 0.334394
v -0.198532 2.015572 0.334048
v -0.188694 1.950197 0.346220
v -0.184028 1.945216 0.348245
v -0.183853 2.081148 0.341512
v -0.189472 2.028841 0.332821
v -0.186129 2.015578 0.332273
v -0.190489 2.002405 0.333485
v -0.188570 1.989608 0.334608
v -0.185347 1.973642 0.337226
v -0.183246 1.959463 0.341194
v -0.174644 1.938490 0.351475
v -0.166829 2.108318 0.358735
v -0.172160 2.092647 0.345197
v -0.177960 2.073474 0.338258
v -0.181670 2.041553 0.332756
v -0.177202 2.024098 0.331419
v -0.174210 1.973671 0.336133
v -0.168790 2.106243 0.355665
v -0.167216 2.101677 0.350693
v -0.169006 2.081479 0.340181
v -0.175034 2.060350 0.334860
v -0.169345 2.041896 0.331977
v -0.172703 2.010796 0.331291
v -0.173249 1.998446 0.332104
v -0.172509 1.985788 0.333683
v -0.170201 1.959256 0.339971
v -0.161942 1.930366 0.361571
v -0.163759 2.054795 0.333449
v -0.159240 2.015578 0.330803
v -0.163794 1.973647 0.335652
v -0.168842 1.946644 0.345302
v -0.165950 1.940459 0.349071
vn -0.0117 0.2293 -0.9733
vn -0.0235 0.0249 -0.9994
vn -0.0656 -0.8870 -0.4570
vn 0.0114 0.2936 -0.9558
vn 0.0236 0.1142 -0.9932
vn 0.0259 0.0586 -0.9979
vn 0.0142 -0.0760 -0.9970
vn 0.0194 -0.1417 -0.9897
vn 0.0293 -0.3268 -0.9446
vn 0.0049 -0.4193 -0.9078
vn -0.0160 -0.7854 -0.6188
vn 0.0390 0.6250 -0.7796
vn 0.0173 0.4954 -0.8685
vn 0.0263 0.3739 -0.9271
vn 0.0549 0.1830 -0.9816
vn 0.0585 -0.0165 -0.9982
vn 0.0758 -0.0980 -0.9923
vn 0.0505 -0.2232 -0.9735
vn 0.0047 -0.6723 -0.7403
vn 0.0770 0.4266 -0.9012
vn 0.0670 0.2723 -0.9599
vn 0.0904 0.1310 -0.9872
vn 0.0910 0.0591 -0.9941
vn 0.1162 -0.1881 -0.9752
vn 0.0707 -0.4650 -0.8825
vn 0.0475 0.7821 -0.6213
vn 0.1411 0.3731 -0.9170
vn 0.1323 0.2761 -0.9520
vn 0.1321 0.2108 -0.9686
vn 0.1559 0.0638 -0.9857
vn 0.1337 0.0002 -0.9910
vn 0.1357 -0.0574 -0.9891
vn 0.1433 -0.1351 -0.9804
vn 0.1160 -0.2879 -0.9506
vn 0.0710 -0.5835 -0.8090
vn 0.1455 0.4996 -0.8539
vn 0.1528 0.1411 -0.9781
vn 0.1977 -0.0641 -0.9782
vn 0.1305 -0.3756 -0.9176
vn 0.1273 0.6503 -0.7490
vn 0.2098 0.3074 -0.9282
vn 0.2196 0.2263 -0.9490
vn 0.2188 0.1562 -0.9632
vn 0.2207 0.0840 -0.9717
vn 0.2183 0.0228 -0.9756
vn 0.2092 -0.1577 -0.9651
vn 0.2134 -0.2473 -0.9451
vn 0.2162 -0.3594 -0.9078
vn 0.1826 -0.4618 -0.8680
vn 0.2824 0.1148 -0.9524
vn 0.2615 -0.0188 -0.9650
vn 0.2704 -0.1141 -0.9560
vn 0.1899 -0.5769 -0.7944
vn 0.0316 0.9670 -0.2526
vn 0.0820 0.9013 -0.4253
vn 0.2623 0.4518 -0.8527
vn 0.3129 0.2763 -0.9087
vn 0.3163 0.1986 -0.9276
vn 0.3355 0.0342 -0.9414
vn 0.3366 -0.0491 -0.9404
vn 0.3163 -0.2205 -0.9227
vn 0.1540 -0.7192 -0.6775
vn 0.1355 -0.8185 -0.5583
vn 0.2373 0.7149 -0.6577
vn 0.2609 0.5938 -0.7612
vn 0.3295 0.3853 -0.8620
vn 0.3808 0.1258 -0.9161
vn 0.3832 -0.1331 -0.9140
vn 0.3276 -0.3357 -0.8832
vn 0.3091 -0.4425 -0.8418
vn 0.3816 0.6199 -0.6856
vn 0.4390 0.3213 -0.8391
vn 0.4397 0.2312 -0.8679
vn 0.4926 0.1442 -0.8583
vn 0.4563 0.0297 -0.8893
vn 0.4588 -0.0550 -0.8869
vn 0.4391 -0.2610 -0.8597
vn 0.4369 -0.4782 -0.7619
vn 0.3242 -0.5426 -0.7749
vn 0.4526 0.4881 -0.7462
vn 0.5314 -0.1573 -0.8324
vn 0.5283 -0.4268 -0.7340
vn 0.3246 -0.6920 -0.6449
vn 0.2017 0.8633 -0.4626
vn 0.5749 0.3815 -0.7239
vn 0.6070 0.2443 -0.7562
vn 0.6218 0.1026 -0.7765
vn 0.6244 -0.0368 -0.7802
vn 0.5931 -0.3100 -0.7430
vn 0.2709 -0.8663 -0.4196
vn 0.1103 -0.9179 -0.3812
vn 0.3612 0.8208 -0.4425
vn 0.7066 0.4395 -0.5546
vn 0.7437 0.2843 -0.6051
vn 0.7734 0.0382 -0.6327
vn 0.7138 -0.1923 -0.6734
vn 0.7280 -0.3594 -0.5838
vn 0.4525 -0.7288 -0.5139
vn 0.4921 0.7894 -0.3669
vn 0.5339 0.6832 -0.4982
vn 0.6391 0.5970 -0.4849
vn 0.8110 0.1691 -0.5601
vn 0.8396 -0.0867 -0.5363
vn 0.6901 -0.5288 -0.4941
vn 0.5418 -0.6482 -0.5350
vn 0.1815 0.9682 -0.1719
vn 0.2934 0.9556 -0.0277
vn 0.8210 0.4894 -0.2941
vn 0.8849 0.3289 -0.3297
vn 0.9370 0.0434 -0.3467
vn 0.9031 -0.2358 -0.3589
vn 0.8534 -0.4056 -0.3275
vn 0.4402 -0.8463 -0.2999
vn 0.1973 -0.9803 0.0137
vn 0.5985 0.7961 -0.0897
vn 0.7368 0.6686 -0.1006
vn 0.9703 0.1930 -0.1460
vn 0.9883 -0.1283 -0.0828
vn 0.8005 -0.5864 -0.1235
vn 0.6954 -0.7009 -0.1587
vn 0.5895 -0.7974 -0.1290
vn 0.6157 0.7473 0.2501
vn 0.8535 0.5098 0.1080
vn 0.9314 0.3395 0.1311
vn 0.9905 0.0430 0.1304
vn 0.9430 -0.3262 0.0661
vn 0.8525 -0.4996 0.1538
vn 0.4262 -0.9027 -0.0593
vn 0.4147 0.9098 -0.0167
vn 0.7055 0.6476 0.2880
vn 0.9234 0.1906 0.3332
vn 0.9206 -0.1413 0.3640
vn 0.8617 -0.3197 0.3940
vn 0.7109 -0.6512 0.2655
vn 0.2875 -0.9562 -0.0544
vn 0.7803 0.3749 0.5006
vn 0.8371 0.0422 0.5455
vn 0.7367 -0.4513 0.5035
vn 0.5748 -0.6188 0.5354
vn 0.5677 -0.7845 0.2494
vn 0.4816 0.8195 0.3106
vn 0.6815 0.5055 0.5292
vn 0.7639 0.1993 0.6138
vn 0.7352 -0.0409 0.6766
vn 0.7382 -0.1532 0.6570
vn 0.7090 -0.2685 0.6521
vn 0.6222 -0.4958 0.6058
vn 0.1541 0.9503 0.2706
vn 0.5815 0.3510 0.7340
vn 0.6195 0.2522 0.7434
vn 0.6134 0.0724 0.7864
vn 0.5696 -0.1638 0.8054
vn 0.5778 -0.3116 0.7543
vn 0.4244 -0.8138 0.3970
vn 0.3542 -0.8934 0.2765
vn 0.3235 0.8189 0.4742
vn 0.5071 0.6290 0.5892
vn 0.4975 0.5099 0.7018
vn 0.5277 0.1523 0.8357
vn 0.5684 -0.0311 0.8222
vn 0.4551 -0.0496 0.8891
vn 0.4852 -0.3826 0.7862
vn 0.4552 -0.4838 0.7474
vn 0.1036 -0.9939 -0.0385
vn 0.3565 0.6519 0.6692
vn 0.4585 0.3859 0.8005
vn 0.4398 0.2586 0.8601
vn 0.4559 -0.1454 0.8781
vn 0.4452 -0.2573 0.8577
vn 0.4240 -0.6388 0.6420
vn 0.3299 0.5278 0.7827
vn 0.3213 0.4119 0.8527
vn 0.3671 0.1700 0.9145
vn 0.4191 0.0830 0.9042
vn 0.3816 0.0175 0.9242
vn 0.3511 -0.0755 0.9333
vn 0.3484 -0.1733 0.9212
vn 0.3362 -0.2870 0.8970
vn 0.2698 -0.7516 0.6019
vn 0.2295 -0.8978 0.3759
vn 0.3110 0.2798 0.9083
vn 0.3279 -0.4174 0.8475
vn 0.3002 -0.6133 0.7305
vn 0.0966 0.9938 0.0552
vn 0.2342 0.6693 0.7051
vn 0.2206 0.2450 0.9441
vn 0.2766 0.1628 0.9471
vn 0.2734 0.0700 0.9593
vn 0.2734 -0.0014 0.9619
vn 0.2702 -0.0653 0.9606
vn 0.2686 -0.1608 0.9497
vn 0.2635 -0.4945 0.8283
vn 0.2072 0.8717 0.4441
vn 0.2172 0.5160 0.8286
vn 0.2145 0.3652 0.9059
vn 0.2026 0.1278 0.9709
vn 0.1991 -0.1091 0.9739
vn 0.2080 -0.2035 0.9567
vn 0.2353 -0.2970 0.9254
vn 0.1034 0.5592 0.8226
vn 0.1621 0.2342 0.9586
vn 0.1862 0.0260 0.9822
vn 0.1767 -0.0422 0.9834
vn 0.1324 -0.1014 0.9860
vn 0.1593 -0.2950 0.9421
vn 0.1783 -0.3856 0.9053
vn 0.1595 -0.4915 0.8562
vn 0.1362 0.7142 0.6866
vn 0.1347 0.4425 0.8866
vn 0.1356 0.2896 0.9475
vn 0.1333 0.1491 0.9798
vn 0.1401 0.0765 0.9872
vn 0.1357 0.0012 0.9908
vn 0.1335 -0.1865 0.9733
vn 0.1213 -0.8028 0.5838
vn 0.1044 0.3725 0.9221
vn 0.0640 0.3026 0.9510
vn 0.0742 0.0936 0.9928
vn 0.0877 0.0392 0.9954
vn 0.0929 -0.0215 0.9954
vn 0.0933 -0.2824 0.9547
vn 0.1470 -0.6155 0.7743
vn 0.0744 0.2218 0.9722
vn 0.0596 0.1570 0.9858
vn 0.0539 -0.0577 0.9969
vn 0.0619 -0.1309 0.9895
vn 0.0494 -0.2166 0.9750
vn 0.0659 -0.3845 0.9208
vn 0.0923 -0.6901 0.7178
vn 0.0158 0.0934 0.9955
vn 0.0199 0.0195 0.9996
vn 0.0184 -0.1552 0.9877
vn 0.0465 -0.5013 0.8640
vn 0.0925 -0.9107 0.4025
vn 0.0195 0.4541 0.8907
vn -0.0028 0.3570 0.9341
vn -0.0175 0.2668 0.9636
vn -0.0083 0.1885 0.9820
vn -0.0218 -0.0390 0.9990
vn -0.0201 -0.0945 0.9953
vn -0.0278 -0.1819 0.9829
vn -0.0042 -0.2761 0.9611
vn 0.0367 0.7900 0.6120
vn 0.0016 0.6737 0.7390
vn -0.0545 0.1354 0.9893
vn -0.0585 0.0571 0.9967
vn -0.0572 0.0031 0.9984
vn -0.0897 -0.1030 0.9906
vn -0.0317 -0.3517 0.9356
vn -0.0219 -0.6269 0.7788
vn -0.0313 0.5809 0.8134
vn -0.0829 0.4624 0.8828
vn -0.0774 0.2733 0.9588
vn -0.1001 -0.0210 0.9948
vn -0.0933 -0.1543 0.9836
vn -0.0910 -0.2212 0.9710
vn -0.0549 -0.4249 0.9036
vn -0.0618 -0.5062 0.8602
vn -0.1107 0.3479 0.9310
vn -0.1561 0.2380 0.9586
vn -0.1077 0.1841 0.9770
vn -0.1277 0.1048 0.9863
vn -0.1358 -0.0846 0.9871
vn -0.1075 -0.2799 0.9540
vn -0.1294 -0.3597 0.9240
vn -0.0304 -0.7829 0.6214
vn -0.0006 1.0000 0.0002
vn -0.2132 0.2778 0.9367
vn -0.1949 0.1483 0.9696
vn -0.1543 0.0559 0.9864
vn -0.1791 -0.0220 0.9836
vn -0.1727 -0.1890 0.9667
vn -0.1975 -0.2989 0.9336
vn -0.1596 -0.4845 0.8601
vn -0.1251 -0.6069 0.7849
vn -0.1192 0.7495 0.6512
vn -0.1834 0.4609 0.8683
vn -0.2012 0.3610 0.9106
vn -0.2297 0.0284 0.9729
vn -0.1966 -0.1047 0.9749
vn 0.0134 -0.9639 0.2659
vn -0.0228 0.8873 0.4606
vn -0.1832 0.5916 0.7852
vn -0.2653 0.2165 0.9395
vn -0.2605 0.1144 0.9587
vn -0.3200 0.0773 0.9443
vn -0.2764 -0.1186 0.9537
vn -0.2608 -0.1831 0.9479
vn -0.2644 -0.2688 0.9262
vn -0.2379 -0.3913 0.8890
vn -0.2451 -0.6696 0.7011
vn -0.2903 0.4737 0.8315
vn -0.2970 0.3375 0.8933
vn -0.3510 0.2020 0.9143
vn -0.2953 -0.0248 0.9551
vn -0.3421 -0.2266 0.9119
vn -0.2597 -0.5349 0.8040
vn -0.0000 -1.0000 0.0002
vn -0.3921 0.0477 0.9187
vn -0.3778 -0.0801 0.9224
vn -0.3850 -0.1563 0.9096
vn -0.3608 -0.3305 0.8721
vn -0.3435 -0.4266 0.8367
vn -0.1769 -0.7420 0.6466
vn -0.0843 -0.8963 0.4354
vn -0.3511 0.6441 0.6796
vn -0.3946 0.5218 0.7563
vn -0.3970 0.3685 0.8406
vn -0.4462 0.2657 0.8546
vn -0.4508 0.1422 0.8812
vn -0.4549 -0.0307 0.8900
vn -0.4515 -0.2630 0.8526
vn -0.2299 0.8303 0.5077
vn -0.2907 0.7223 0.6275
vn -0.5513 0.2946 0.7806
vn -0.5767 0.1632 0.8005
vn -0.5440 0.0446 0.8379
vn -0.5208 -0.1531 0.8398
vn -0.4863 -0.4138 0.7696
vn -0.3710 -0.6164 0.6946
vn -0.5048 0.6041 0.6166
vn -0.5460 0.4525 0.7051
vn -0.6303 -0.0655 0.7736
vn -0.6682 -0.1833 0.7210
vn -0.4807 -0.5479 0.6846
vn -0.0394 0.9717 0.2329
vn -0.6875 0.3404 0.6415
vn -0.7227 0.1927 0.6638
vn -0.7312 0.0427 0.6808
vn -0.6196 -0.3068 0.7224
vn -0.6649 -0.4201 0.6176
vn -0.4871 -0.7162 0.4998
vn -0.3809 -0.7916 0.4777
vn -0.2047 -0.8736 0.4415
vn -0.1691 0.9509 0.2593
vn -0.4631 0.7984 0.3849
vn -0.6130 0.6874 0.3896
vn -0.7007 0.5372 0.4694
vn -0.8211 0.3892 0.4175
vn -0.8937 0.2133 0.3948
vn -0.8156 -0.1322 0.5633
vn -0.8219 -0.2903 0.4901
vn -0.7887 -0.4705 0.3957
vn -0.6478 -0.5584 0.5183
vn -0.6184 -0.6869 0.3818
vn -0.3297 -0.8719 0.3622
vn -0.2900 0.9566 0.0273
vn -0.3588 0.8907 0.2791
vn -0.9193 0.0470 0.3908
vn -0.9247 -0.0887 0.3703
vn -0.1928 -0.9671 0.1658
vn -0.6722 0.7355 0.0845
vn -0.7956 0.5928 0.1248
vn -0.8963 0.4250 0.1264
vn -0.9987 0.0481 0.0136
vn -0.9835 -0.1560 0.0919
vn -0.9534 -0.2820 0.1070
vn -0.8964 -0.4270 0.1188
vn -0.7946 -0.5959 0.1163
vn -0.6750 -0.7352 0.0620
vn -0.5489 -0.8186 0.1692
vn -0.5550 0.8317 0.0152
vn -0.5925 0.7362 -0.3271
vn -0.8336 0.5005 -0.2338
vn -0.9078 0.3275 -0.2620
vn -0.9710 0.2388 -0.0135
vn -0.8947 -0.3281 -0.3032
vn -0.4358 0.8964 -0.0806
vn -0.9455 0.0341 -0.3238
vn -0.9220 -0.1384 -0.3616
vn -0.8244 -0.4864 -0.2895
vn -0.7154 -0.6496 -0.2573
vn -0.4735 -0.8807 0.0152
vn -0.6986 0.6429 -0.3140
vn -0.7386 0.4487 -0.5032
vn -0.7966 0.2930 -0.5287
vn -0.8302 0.1344 -0.5410
vn -0.7186 -0.4547 -0.5262
vn -0.2912 -0.9564 -0.0210
vn -0.6120 0.5371 -0.5805
vn -0.7473 -0.0065 -0.6644
vn -0.7298 -0.1112 -0.6746
vn -0.7558 -0.2811 -0.5914
vn -0.6032 -0.5841 -0.5431
vn -0.5509 -0.7681 -0.3264
vn -0.3764 -0.9113 -0.1667
vn -0.4799 0.7600 -0.4383
vn -0.4928 0.5975 -0.6326
vn -0.5888 0.3931 -0.7062
vn -0.6155 0.2800 -0.7367
vn -0.6182 0.1697 -0.7675
vn -0.6293 0.0392 -0.7762
vn -0.5992 -0.2017 -0.7748
vn -0.5776 -0.3086 -0.7558
vn -0.5666 -0.4230 -0.7071
vn -0.0985 -0.9936 0.0560
vn -0.3213 0.8681 -0.3784
vn -0.4563 0.4066 -0.7915
vn -0.4859 0.1444 -0.8620
vn -0.5363 -0.0857 -0.8397
vn -0.4730 -0.4984 -0.7266
vn -0.4376 -0.6585 -0.6123
vn -0.3697 -0.7871 -0.4937
vn -0.1892 0.9684 -0.1626
vn -0.3644 0.7674 -0.5275
vn -0.4674 0.2664 -0.8429
vn -0.4904 0.0298 -0.8710
vn -0.4544 -0.1462 -0.8787
vn -0.4546 -0.2298 -0.8605
vn -0.4322 -0.3364 -0.8367
vn -0.3320 0.5907 -0.7354
vn -0.3622 0.4803 -0.7989
vn -0.3327 0.3405 -0.8794
vn -0.3864 0.1318 -0.9129
vn -0.3831 -0.0483 -0.9225
vn -0.3489 -0.4247 -0.8354
vn -0.3365 -0.5411 -0.7707
vn -0.1794 -0.9623 -0.2044
vn -0.2139 0.8830 -0.4179
vn -0.3398 0.2303 -0.9119
vn -0.2943 0.1154 -0.9487
vn -0.3501 0.0385 -0.9359
vn -0.3429 -0.1266 -0.9308
vn -0.3367 -0.2230 -0.9148
vn -0.2973 -0.2829 -0.9119
vn -0.2420 0.3942 -0.8866
vn -0.2708 -0.0232 -0.9624
vn -0.2590 -0.6265 -0.7351
vn -0.2039 0.7501 -0.6290
vn -0.2050 0.5503 -0.8094
vn -0.2234 0.3028 -0.9265
vn -0.1647 0.2394 -0.9568
vn -0.2369 0.2012 -0.9505
vn -0.2245 0.1091 -0.9684
vn -0.2223 0.0425 -0.9740
vn -0.2451 -0.1078 -0.9635
vn -0.2146 -0.1616 -0.9633
vn -0.2094 -0.2470 -0.9461
vn -0.2339 -0.3697 -0.8992
vn -0.2200 -0.7776 -0.5890
vn -0.1965 -0.8662 -0.4595
vn -0.0905 0.9882 -0.1232
vn -0.1887 0.6370 -0.7474
vn -0.1945 0.4623 -0.8651
vn -0.1378 0.1649 -0.9766
vn -0.1602 0.1048 -0.9815
vn -0.1808 -0.0227 -0.9833
vn -0.1922 -0.4596 -0.8671
vn -0.1619 -0.5394 -0.8264
vn -0.1362 0.3510 -0.9264
vn -0.1351 0.0412 -0.9900
vn -0.1126 -0.0234 -0.9934
vn -0.1397 -0.0796 -0.9870
vn -0.1346 -0.1440 -0.9804
vn -0.1313 -0.2341 -0.9633
vn -0.1305 -0.3399 -0.9314
vn -0.1208 -0.6571 -0.7441
vn -0.0681 0.8978 -0.4352
vn -0.0801 0.4658 -0.8812
vn -0.0922 0.2719 -0.9579
vn -0.0910 0.0963 -0.9912
vn -0.0736 0.0215 -0.9971
vn -0.0732 -0.2280 -0.9709
vn -0.0797 0.7855 -0.6136
vn -0.0615 0.6322 -0.7724
vn -0.0484 0.3388 -0.9396
vn -0.0744 0.1868 -0.9796
vn -0.0415 0.0944 -0.9947
vn -0.0546 -0.0412 -0.9977
vn -0.0577 -0.0918 -0.9941
vn -0.0572 -0.1563 -0.9861
vn -0.0570 -0.3273 -0.9432
vn -0.0211 -0.9662 -0.2570
vn -0.0186 0.1554 -0.9877
vn 0.0023 -0.0204 -0.9998
vn -0.0147 -0.2241 -0.9744
vn -0.0607 -0.4716 -0.8797
vn -0.0405 -0.5722 -0.8191
vt 0.742217 0.389386
vt 0.726955 0.326727
vt 0.757860 0.328298
vt 0.742188 0.718750
vt 0.720135 0.700991
vt 0.754794 0.675425
vt 0.726600 0.640459
vt 0.748745 0.218750
vt 0.716200 0.200648
vt 0.778810 0.197484
vt 0.708474 0.968750
vt 0.674480 0.937500
vt 0.812564 0.937500
vt 0.759502 0.093750
vt 0.649938 0.062500
vt 0.804672 0.062500
vt 0.739133 0.757563
vt 0.742170 0.812500
vt 0.716780 0.781250
vt 0.726566 0.484400
vt 0.718750 0.421874
vt 0.742781 0.437500
vt 0.702061 0.357247
vt 0.700535 0.291557
vt 0.738424 0.263769
vt 0.711089 0.609072
vt 0.742127 0.593750
vt 0.695662 0.454955
vt 0.691905 0.394749
vt 0.689451 0.750000
vt 0.689455 0.250000
vt 0.695313 0.656250
vt 0.710179 0.156250
vt 0.664873 0.125000
vt 0.751636 0.125000
vt 0.710983 0.545540
vt 0.696124 0.500000
vt 0.718114 0.906250
vt 0.683513 0.861165
vt 0.731322 0.859991
vt 0.692321 0.699467
vt 0.672160 0.218750
vt 0.687524 0.609241
vt 0.687500 0.546882
vt 0.655598 0.093750
vt 0.663735 0.329113
vt 0.664695 0.702867
vt 0.665447 0.562500
vt 0.666263 0.519069
vt 0.615368 0.906250
vt 0.662678 0.656250
vt 0.664156 0.609188
vt 0.651808 0.488577
vt 0.671875 0.451497
vt 0.683730 0.799696
vt 0.641054 0.763970
vt 0.626005 0.859604
vt 0.526194 0.031250
vt 0.784170 0.031250
vt 0.648438 0.000000
vt 0.648444 0.421952
vt 0.632823 0.359487
vt 0.667454 0.386633
vt 0.624793 0.718750
vt 0.660854 0.268417
vt 0.628321 0.302091
vt 0.623044 0.250000
vt 0.631428 0.468750
vt 0.617194 0.421952
vt 0.660533 0.174709
vt 0.617522 0.218750
vt 0.604422 0.169913
vt 0.644859 0.583085
vt 0.634197 0.625000
vt 0.617194 0.578048
vt 0.601573 0.359487
vt 0.631603 0.812500
vt 0.593610 0.796320
vt 0.589282 0.736967
vt 0.632463 0.672295
vt 0.601235 0.670887
vt 0.617188 1.000000
vt 0.468463 0.968750
vt 0.585528 0.109571
vt 0.629266 0.520741
vt 0.601564 0.515607
vt 0.576095 0.301117
vt 0.602947 0.625000
vt 0.593750 0.578137
vt 0.554765 0.937500
vt 0.600178 0.468750
vt 0.585944 0.421952
vt 0.570302 0.671760
vt 0.593534 0.266022
vt 0.555179 0.229046
vt 0.567713 0.856960
vt 0.570323 0.359487
vt 0.561794 0.187500
vt 0.539535 0.156250
vt 0.570314 0.484392
vt 0.554694 0.421952
vt 0.544908 0.812500
vt 0.555771 0.781250
vt 0.545231 0.734277
vt 0.511981 0.137485
vt 0.570308 0.546827
vt 0.540447 0.562500
vt 0.546875 0.515627
vt 0.508693 0.906250
vt 0.537678 0.468750
vt 0.546875 0.359353
vt 0.546875 0.673040
vt 0.523439 0.515608
vt 0.505178 0.863569
vt 0.523444 0.421952
vt 0.523110 0.670887
vt 0.539814 0.296906
vt 0.513653 0.250000
vt 0.515500 0.203429
vt 0.504266 0.458243
vt 0.507819 0.796805
vt 0.523448 0.359487
vt 0.508564 0.296906
vt 0.523429 0.609277
vt 0.509197 0.562500
vt 0.494335 0.394249
vt 0.488302 0.331590
vt 0.507049 0.734356
vt 0.492177 0.671760
vt 0.492189 0.515608
vt 0.411495 0.937500
vt 0.492179 0.609277
vt 0.477947 0.562500
vt 0.476910 0.452326
vt 0.474365 0.387171
vt 0.460294 0.328387
vt 0.476493 0.734211
vt 0.454747 0.695170
vt 0.460948 0.640513
vt 0.453091 0.578043
vt 0.472879 0.201711
vt 0.446787 0.156250
vt 0.461603 0.515745
vt 0.442854 0.293258
vt 0.476557 0.266441
vt 0.507788 0.093750
vt 0.453922 0.125000
vt 0.412490 0.093750
vt 0.391320 0.906250
vt 0.445310 0.484379
vt 0.476563 0.781250
vt 0.464795 0.826668
vt 0.434825 0.770558
vt 0.444817 0.250000
vt 0.418119 0.208988
vt 0.428303 0.531250
vt 0.445304 0.390723
vt 0.426049 0.354708
vt 0.421117 0.735141
vt 0.428303 0.656250
vt 0.433293 0.614204
vt 0.413686 0.577525
vt 0.421923 0.483596
vt 0.335917 0.062500
vt 0.494010 0.062500
vt 0.421875 0.421863
vt 0.446697 0.437500
vt 0.415744 0.865027
vt 0.398437 0.812500
vt 0.414184 0.312500
vt 0.407431 0.695842
vt 0.398448 0.640513
vt 0.390635 0.546818
vt 0.276292 0.031250
vt 0.398438 0.000000
vt 0.383295 0.781250
vt 0.398448 0.359488
vt 0.373765 0.329227
vt 0.374057 0.734287
vt 0.379234 0.604417
vt 0.380621 0.512153
vt 0.398444 0.421952
vt 0.375000 0.390608
vt 0.366544 0.671614
vt 0.375021 0.265680
vt 0.359383 0.218750
vt 0.397053 0.468750
vt 0.375000 0.453117
vt 0.351554 0.609277
vt 0.380590 0.187500
vt 0.322805 0.156250
vt 0.387812 0.139356
vt 0.326419 0.093750
vt 0.327499 0.875000
vt 0.367187 0.843750
vt 0.346330 0.799610
vt 0.343865 0.306092
vt 0.326894 0.250000
vt 0.323528 0.201344
vt 0.304693 0.125000
vt 0.351554 0.390723
vt 0.332299 0.354708
vt 0.336557 0.734128
vt 0.351558 0.546827
vt 0.328125 0.593739
vt 0.322463 0.519238
vt 0.352947 0.500000
vt 0.301319 0.829665
vt 0.337712 0.666984
vt 0.317507 0.674268
vt 0.318928 0.468750
vt 0.304694 0.421952
vt 0.328125 0.421863
vt 0.311514 0.781250
vt 0.296632 0.750000
vt 0.320312 1.000000
vt 0.179285 0.968750
vt 0.304698 0.359488
vt 0.289453 0.296367
vt 0.318419 0.292386
vt 0.281043 0.718750
vt 0.305370 0.704490
vt 0.281108 0.671608
vt 0.306072 0.562500
vt 0.287678 0.531250
vt 0.306072 0.500000
vt 0.289054 0.484392
vt 0.275585 0.394249
vt 0.269552 0.331590
vt 0.274822 0.625000
vt 0.304679 0.609277
vt 0.281250 0.578137
vt 0.233529 0.093750
vt 0.266467 0.906250
vt 0.248600 0.875000
vt 0.273433 0.453173
vt 0.256230 0.797408
vt 0.257819 0.578048
vt 0.273852 0.187500
vt 0.234708 0.141143
vt 0.257814 0.515608
vt 0.236741 0.843750
vt 0.249750 0.750000
vt 0.280164 0.234637
vt 0.234125 0.250000
vt 0.224341 0.218750
vt 0.240803 0.468750
vt 0.259197 0.375000
vt 0.238549 0.354708
vt 0.242820 0.702867
vt 0.247745 0.293491
vt 0.169406 0.062500
vt 0.242194 0.421952
vt 0.219089 0.187500
vt 0.227947 0.500000
vt 0.207391 0.479259
vt 0.210454 0.795721
vt 0.212322 0.375000
vt 0.212712 0.333016
vt 0.199314 0.742328
vt 0.196697 0.437500
vt 0.213115 0.418354
vt 0.204222 0.296239
vt 0.192486 0.260863
vt 0.226554 0.609277
vt 0.203064 0.640476
vt 0.197490 0.581646
vt 0.189456 0.156250
vt 0.226558 0.546827
vt 0.187520 0.546826
vt 0.226575 0.937500
vt 0.180013 0.891181
vt 0.179006 0.202756
vt 0.148426 0.125000
vt 0.179689 0.484392
vt 0.163877 0.827753
vt 0.171841 0.421957
vt 0.179698 0.359488
vt 0.168013 0.293725
vt 0.152480 0.257091
vt 0.186265 0.670774
vt 0.171875 0.609392
vt 0.109242 0.093750
vt 0.169905 0.781250
vt 0.164682 0.734128
vt 0.164184 0.687500
vt 0.148448 0.640512
vt 0.139516 0.203315
vt 0.151154 0.581033
vt 0.160891 0.520745
vt 0.140618 0.484392
vt 0.149822 0.375000
vt 0.147794 0.328385
vt 0.135516 0.551582
vt 0.110201 0.890257
vt 0.048789 0.031250
vt 0.145058 0.417801
vt 0.148438 0.000000
vt 0.132036 0.765627
vt 0.078193 0.937500
vt 0.772455 0.156250
vt 0.120382 0.448076
vt 0.108379 0.843750
vt 0.100549 0.812500
vt 0.116641 0.406250
vt 0.101573 0.359488
vt 0.125000 0.359354
vt 0.100786 0.765627
vt 0.125000 0.623333
vt 0.107409 0.698789
vt 0.101573 0.640512
vt 0.117502 0.266588
vt 0.096219 0.200676
vt 0.101213 0.578885
vt 0.116366 0.531250
vt 0.101564 0.484393
vt 0.086328 0.296367
vt 0.117309 0.312500
vt 0.077882 0.250000
vt 0.070797 0.156250
vt 0.134034 0.156250
vt 0.084474 0.521011
vt 0.052324 0.062500
vt 0.085944 0.421952
vt 0.069536 0.765627
vt 0.061662 0.202540
vt 0.068928 0.468750
vt 0.066175 0.367832
vt 0.078125 0.640646
vt 0.071064 0.703095
vt 0.054698 0.640512
vt 0.018985 0.906250
vt 0.062500 0.421863
vt 0.054044 0.328385
vt 0.055056 0.516130
vt 0.042621 0.448068
vt 0.035484 0.395583
vt 0.047512 0.828067
vt 0.038286 0.765628
vt 0.048121 0.281250
vt 0.038286 0.234372
vt 0.039062 1.000000
vt 0.011215 0.968750
vt 0.064839 0.125000
vt 0.017038 0.093750
vt 0.039814 0.703095
vt 0.031250 0.640646
vt 0.016899 0.187500
vt 0.007812 0.937500
vt 0.022053 0.468750
vt 0.005651 0.449550
vt 0.040326 0.875000
vt 0.004442 0.856573
vt 0.031250 0.328095
vt 0.008564 0.296905
vt 0.009595 0.156250
vt 0.007813 0.125000
vt 0.000000 0.062500
vt 1.000000 0.406250
vt 0.980168 0.385796
vt 1.000000 0.359488
vt 1.000000 0.765628
vt 0.994848 0.812500
vt 0.966781 0.781250
vt 0.978337 0.333016
vt 1.000000 0.296905
vt 0.972483 0.736803
vt 1.000000 0.703095
vt 0.984375 0.671905
vt 1.000000 0.234372
vt 0.977182 0.265873
vt 0.964705 0.200751
vt 1.000000 0.187500
vt 0.996476 0.578064
vt 0.980512 0.512467
vt 1.000000 0.515627
vt 0.960294 0.671615
vt 0.976484 0.451887
vt 0.953172 0.390740
vt 0.987277 0.856573
vt 0.946756 0.812500
vt 0.957776 0.325431
vt 0.945932 0.265873
vt 0.922360 0.156250
vt 0.984773 0.156250
vt 0.960859 0.548113
vt 0.946697 0.500000
vt 0.976569 0.906250
vt 0.930951 0.875000
vt 0.923392 0.843750
vt 0.928911 0.765628
vt 0.946697 0.718750
vt 0.932354 0.677160
vt 0.921204 0.202382
vt 0.960929 0.609277
vt 0.931072 0.625000
vt 0.929338 0.578885
vt 0.974420 0.125000
vt 0.884477 0.093750
vt 0.984674 0.093750
vt 0.949100 0.937500
vt 0.897589 0.906250
vt 0.945357 0.454459
vt 0.928303 0.406250
vt 0.926049 0.354708
vt 0.875036 0.125000
vt 0.930670 0.517590
vt 0.906243 0.515608
vt 0.907347 0.703761
vt 0.929809 0.312500
vt 0.914682 0.265873
vt 0.935625 0.062500
vt 0.963228 0.031250
vt 0.914062 0.000000
vt 0.914058 0.453173
vt 0.898336 0.422077
vt 0.890594 0.796642
vt 0.899822 0.375000
vt 0.901104 0.322840
vt 0.888656 0.218750
vt 0.881428 0.468750
vt 0.860993 0.875000
vt 0.874939 0.359524
vt 0.890363 0.750000
vt 0.876097 0.703761
vt 0.883432 0.265873
vt 0.906189 0.640476
vt 0.874939 0.640476
vt 0.867172 0.172123
vt 0.906250 0.578137
vt 0.882819 0.578048
vt 0.874372 0.422419
vt 0.843750 0.843750
vt 0.864026 0.325431
vt 0.915979 0.968750
vt 0.843758 0.812500
vt 0.834524 0.781250
vt 0.847460 0.742281
vt 0.844639 0.266122
vt 0.842737 0.639280
vt 0.859375 0.576982
vt 0.844358 0.421533
vt 0.833664 0.387429
vt 0.833716 0.218750
vt 0.829429 0.187500
vt 0.804689 0.906250
vt 0.851564 0.484392
vt 0.811847 0.140323
vt 0.835354 0.531250
vt 0.820314 0.484392
vt 0.819669 0.671615
vt 0.805458 0.625000
vt 0.782083 0.859725
vt 0.806072 0.437500
vt 0.788032 0.795694
vt 0.807874 0.736861
vt 0.839888 0.706275
vt 0.812500 0.579280
vt 0.789402 0.577172
vt 0.804688 1.000000
vt 0.803303 0.531250
vt 0.796875 0.484373
vt 0.789457 0.702486
vt 0.780545 0.647125
vt 0.805307 0.265873
vt 0.781250 0.514477
vt 0.772636 0.468750
vt 0.770615 0.738711
vt 0.781250 0.328095
vt 0.773975 0.375000
vt 0.773774 0.265186
vt 0.773777 0.422828
vt 0.757201 0.625000
vt 0.765625 0.578136
vt 0.760701 0.519693
vt 0.750000 0.484372
vt 0.739758 0.551349
vt 0.570304 0.609277
vt 0.546875 0.609393
vt 0.414072 0.265728
vt 0.351558 0.453173
vt 0.248625 0.648955
vt 0.214640 0.705654
vt 0.136763 0.706275
vt 0.078125 0.576983
vt 0.054338 0.578885
vt 0.026260 0.572258
vt 0.023781 0.514742
vt 0.006428 0.406250
vt 0.009197 0.812500
vt 0.007036 0.765628
vt 0.007823 0.359488
vt 0.008564 0.703095
vt 0.007036 0.234372
vt 0.007823 0.640512
vt 0.003201 0.578064
vt 0.000000 0.515627
vt 1.000000 0.449550
vt 1.000000 0.640512
vt 0.984375 0.609392
vt 0.874207 0.523788
vt 0.835294 0.328385
vt 0.835918 0.578012
vt 0.804679 0.390723
vt 0.804044 0.328385
s 1
f 4993/5457/4993 5003/5458/5003 5461/5459/5461
f 4989/5460/4989 5006/5461/5006 4986/5462/4986
f 4986/5462/4986 5006/5461/5006 5000/5463/5000
f 4995/5464/4995 5010/5465/5010 5462/5466/5462
f 5039/5467/5039 5040/5468/5040 5443/5469/5443
f 4996/5470/4996 5076/5471/5076 4988/5472/4988
f 4999/5473/4999 4998/5474/4998 5005/5475/5005
f 5001/5476/5001 5002/5477/5002 4992/5478/4992
f 4992/5478/4992 5002/5477/5002 4993/5457/4993
f 4993/5457/4993 5002/5477/5002 5009/5479/5009
f 4999/5473/4999 5006/5461/5006 4989/5460/4989
f 5003/5458/5003 5019/5480/5019 4994/5481/4994
f 4995/5464/4995 4994/5481/4994 5010/5465/5010
f 5000/5463/5000 5007/5482/5007 4990/5483/4990
f 5002/5477/5002 5017/5484/5017 5018/5485/5018
f 5005/5475/5005 5012/5486/5012 4999/5473/4999
f 5003/5458/5003 5009/5479/5009 5019/5480/5019
f 5019/5480/5019 5024/5487/5024 4994/5481/4994
f 5000/5463/5000 5014/5488/5014 5007/5482/5007
f 5020/5489/5020 5047/5490/5047 5004/5491/5004
f 5008/5492/5008 5016/5493/5016 5001/5476/5001
f 5011/5494/5011 5025/5495/5025 4997/5496/4997
f 5012/5486/5012 5013/5497/5013 5006/5461/5006
f 5024/5487/5024 5034/5498/5034 5010/5465/5010
f 5014/5488/5014 5022/5499/5022 5007/5482/5007
f 5022/5499/5022 5015/5500/5015 5008/5492/5008
f 5047/5490/5047 5048/5501/5048 4996/5470/4996
f 5009/5479/5009 5032/5502/5032 5019/5480/5019
f 5012/5486/5012 5026/5503/5026 5013/5497/5013
f 5015/5500/5015 5029/5504/5029 5030/5505/5030
f 5015/5500/5015 5030/5505/5030 5016/5493/5016
f 5011/5494/5011 5040/5468/5040 5069/5506/5069
f 5027/5507/5027 5028/5508/5028 5022/5499/5022
f 5030/5505/5030 5036/5509/5036 5023/5510/5023
f 5021/5511/5021 5041/5512/5041 5012/5486/5012
f 5069/5506/5069 5049/5513/5049 5025/5495/5025
f 5076/5471/5076 5149/5514/5149 5458/5515/5458
f 5283/5516/5283 5458/5515/5458 5149/5514/5149
f 5037/5517/5037 5046/5518/5046 5031/5519/5031
f 5041/5512/5041 5051/5520/5051 5026/5503/5026
f 5033/5521/5033 5054/5522/5054 5055/5523/5055
f 5045/5524/5045 5053/5525/5053 5037/5517/5037
f 5038/5526/5038 5064/5527/5064 5068/5528/5068
f 5035/5529/5035 5043/5530/5043 5052/5531/5052
f 5053/5525/5053 5062/5532/5062 5046/5518/5046
f 5050/5533/5050 5056/5534/5056 5041/5512/5041
f 5041/5512/5041 5056/5534/5056 5065/5535/5065
f 5042/5536/5042 5051/5520/5051 5057/5537/5057
f 5039/5467/5039 5252/5538/5252 5169/5539/5169
f 5047/5490/5047 5068/5528/5068 5075/5540/5075
f 5044/5541/5044 5052/5531/5052 5060/5542/5060
f 5062/5532/5062 5067/5543/5067 5054/5522/5054
f 5052/5531/5052 5058/5544/5058 5059/5545/5059
f 5169/5539/5169 5091/5546/5091 5040/5468/5040
f 5061/5547/5061 5066/5548/5066 5053/5525/5053
f 5065/5535/5065 5070/5549/5070 5057/5537/5057
f 5063/5550/5063 5090/5551/5090 5064/5527/5064
f 5069/5506/5069 5077/5552/5077 5049/5513/5049
f 5066/5548/5066 5074/5553/5074 5062/5532/5062
f 5063/5550/5063 5067/5543/5067 5090/5551/5090
f 5083/5554/5083 5098/5555/5098 5068/5528/5068
f 5073/5556/5073 5081/5557/5081 5066/5548/5066
f 5056/5534/5056 5077/5552/5077 5084/5558/5084
f 5065/5535/5065 5085/5559/5085 5086/5560/5086
f 5098/5555/5098 5113/5561/5113 5075/5540/5075
f 5072/5562/5072 5087/5563/5087 5080/5564/5080
f 5072/5562/5072 5080/5564/5080 5073/5556/5073
f 5091/5546/5091 5092/5565/5092 5069/5506/5069
f 5073/5556/5073 5080/5564/5080 5088/5566/5088
f 5081/5557/5081 5082/5567/5082 5074/5553/5074
f 5086/5560/5086 5078/5568/5078 5070/5549/5070
f 5080/5564/5080 5087/5563/5087 5095/5569/5095
f 5092/5565/5092 5114/5570/5114 5077/5552/5077
f 5088/5566/5088 5096/5571/5096 5081/5557/5081
f 5078/5568/5078 5086/5560/5086 5093/5572/5093
f 5090/5551/5090 5089/5573/5089 5105/5574/5105
f 5083/5554/5083 5090/5551/5090 5106/5575/5106
f 5088/5566/5088 5095/5569/5095 5103/5576/5103
f 5084/5558/5084 5114/5570/5114 5100/5577/5100
f 5084/5558/5084 5100/5577/5100 5085/5559/5085
f 5097/5578/5097 5104/5579/5104 5089/5573/5089
f 5105/5574/5105 5106/5575/5106 5090/5551/5090
f 5094/5580/5094 5102/5581/5102 5087/5563/5087
f 5096/5571/5096 5103/5576/5103 5111/5582/5111
f 5096/5571/5096 5111/5582/5111 5097/5578/5097
f 5097/5578/5097 5111/5582/5111 5112/5583/5112
f 5101/5584/5101 5108/5585/5108 5093/5572/5093
f 5095/5569/5095 5102/5581/5102 5110/5586/5110
f 5091/5546/5091 5169/5539/5169 5133/5587/5133
f 5109/5588/5109 5116/5589/5116 5102/5581/5102
f 5103/5576/5103 5110/5586/5110 5117/5590/5117
f 5112/5583/5112 5118/5591/5118 5123/5592/5123
f 5115/5593/5115 5127/5594/5127 5108/5585/5108
f 5108/5585/5108 5127/5594/5127 5121/5595/5121
f 5108/5585/5108 5121/5595/5121 5109/5588/5109
f 5109/5588/5109 5121/5595/5121 5128/5596/5128
f 5125/5597/5125 5139/5598/5139 5113/5561/5113
f 5110/5586/5110 5116/5589/5116 5122/5599/5122
f 5111/5582/5111 5117/5590/5117 5118/5591/5118
f 5123/5592/5123 5132/5600/5132 5119/5601/5119
f 5120/5602/5120 5140/5603/5140 5165/5604/5165
f 5133/5587/5133 5178/5605/5178 5092/5565/5092
f 5122/5599/5122 5129/5606/5129 5117/5590/5117
f 5107/5607/5107 5126/5608/5126 5142/5609/5142
f 5107/5607/5107 5142/5609/5142 5115/5593/5115
f 5124/5610/5124 5155/5611/5155 5125/5597/5125
f 5122/5599/5122 5128/5596/5128 5136/5612/5136
f 5123/5592/5123 5131/5613/5131 5138/5614/5138
f 5142/5609/5142 5143/5615/5143 5127/5594/5127
f 5121/5595/5121 5127/5594/5127 5134/5616/5134
f 5135/5617/5135 5144/5618/5144 5128/5596/5128
f 5136/5612/5136 5145/5619/5145 5129/5606/5129
f 5165/5604/5165 5219/5620/5219 5099/5621/5099
f 5145/5619/5145 5137/5622/5137 5130/5623/5130
f 5141/5624/5141 5150/5625/5150 5126/5608/5126
f 5138/5614/5138 5147/5626/5147 5132/5600/5132
f 5143/5615/5143 5151/5627/5151 5127/5594/5127
f 5134/5616/5134 5151/5627/5151 5152/5628/5152
f 5134/5616/5134 5152/5628/5152 5135/5617/5135
f 5136/5612/5136 5144/5618/5144 5159/5629/5159
f 5219/5620/5219 5266/5630/5266 5149/5514/5149
f 5283/5631/5283 5149/5514/5149 5266/5630/5266
f 5150/5625/5150 5156/5632/5156 5142/5609/5142
f 5154/5633/5154 5163/5634/5163 5147/5626/5147
f 5143/5615/5143 5157/5635/5157 5151/5627/5151
f 5144/5618/5144 5152/5628/5152 5158/5636/5158
f 5159/5629/5159 5160/5637/5160 5145/5619/5145
f 5153/5638/5153 5162/5639/5162 5154/5633/5154
f 5154/5633/5154 5162/5639/5162 5163/5634/5163
f 5151/5627/5151 5157/5635/5157 5166/5640/5166
f 5167/5641/5167 5177/5642/5177 5155/5611/5155
f 5146/5643/5146 5160/5637/5160 5161/5644/5161
f 5146/5643/5146 5161/5644/5161 5153/5638/5153
f 5153/5638/5153 5161/5644/5161 5162/5639/5162
f 5166/5640/5166 5172/5645/5172 5158/5636/5158
f 5168/5646/5168 5207/5647/5207 5164/5648/5164
f 5165/5604/5165 5164/5648/5164 5200/5649/5200
f 5178/5605/5178 5193/5650/5193 5141/5624/5141
f 5150/5625/5150 5170/5651/5170 5179/5652/5179
f 5150/5625/5150 5179/5652/5179 5156/5632/5156
f 5167/5641/5167 5184/5653/5184 5191/5654/5191
f 5168/5646/5168 5177/5642/5177 5192/5655/5192
f 5207/5647/5207 5214/5656/5214 5164/5648/5164
f 5163/5634/5163 5176/5657/5176 5183/5658/5183
f 5179/5652/5179 5180/5659/5180 5157/5635/5157
f 5173/5660/5173 5181/5661/5181 5187/5662/5187
f 5173/5660/5173 5187/5662/5187 5174/5663/5174
f 5170/5651/5170 5193/5650/5193 5185/5664/5185
f 5171/5665/5171 5180/5659/5180 5186/5666/5186
f 5177/5642/5177 5191/5654/5191 5192/5655/5192
f 5171/5665/5171 5181/5661/5181 5172/5645/5172
f 5172/5645/5172 5181/5661/5181 5173/5660/5173
f 5188/5667/5188 5189/5668/5189 5182/5669/5182
f 5194/5670/5194 5201/5671/5201 5180/5659/5180
f 5169/5539/5169 5252/5672/5252 5311/5673/5311
f 5199/5674/5199 5206/5675/5206 5190/5676/5190
f 5201/5671/5201 5202/5677/5202 5195/5678/5195
f 5186/5666/5186 5195/5678/5195 5208/5679/5208
f 5187/5662/5187 5197/5680/5197 5204/5681/5204
f 5188/5667/5188 5198/5682/5198 5205/5683/5205
f 5199/5674/5199 5211/5684/5211 5212/5685/5212
f 5195/5678/5195 5202/5677/5202 5208/5679/5208
f 5208/5679/5208 5209/5686/5209 5196/5687/5196
f 5196/5687/5196 5209/5686/5209 5203/5688/5203
f 5196/5687/5196 5203/5688/5203 5197/5680/5197
f 5200/5649/5200 5214/5656/5214 5251/5689/5251
f 5204/5681/5204 5205/5683/5205 5198/5682/5198
f 5228/5690/5228 5229/5691/5229 5193/5650/5193
f 5205/5683/5205 5210/5692/5210 5189/5668/5189
f 5189/5668/5189 5210/5692/5210 5211/5684/5211
f 5189/5668/5189 5211/5684/5211 5199/5674/5199
f 5194/5670/5194 5185/5664/5185 5220/5693/5220
f 5203/5688/5203 5209/5686/5209 5215/5694/5215
f 5218/5695/5218 5235/5696/5235 5207/5647/5207
f 5204/5681/5204 5216/5697/5216 5205/5683/5205
f 5229/5691/5229 5236/5698/5236 5185/5664/5185
f 5185/5664/5185 5236/5698/5236 5220/5693/5220
f 5220/5693/5220 5221/5699/5221 5201/5671/5201
f 5213/5700/5213 5234/5701/5234 5242/5702/5242
f 5210/5692/5210 5216/5697/5216 5224/5703/5224
f 5212/5685/5212 5217/5704/5217 5226/5705/5226
f 5221/5699/5221 5222/5706/5222 5202/5677/5202
f 5202/5677/5202 5222/5706/5222 5208/5679/5208
f 5213/5700/5213 5227/5707/5227 5234/5701/5234
f 5219/5620/5219 5251/5689/5251 5290/5708/5290
f 5225/5709/5225 5226/5705/5226 5217/5704/5217
f 5242/5702/5242 5243/5710/5243 5218/5695/5218
f 5224/5703/5224 5232/5711/5232 5239/5712/5239
f 5220/5693/5220 5236/5698/5236 5237/5713/5237
f 5226/5705/5226 5240/5714/5240 5241/5715/5241
f 5237/5713/5237 5244/5716/5244 5221/5699/5221
f 5226/5705/5226 5241/5715/5241 5227/5707/5227
f 5239/5712/5239 5248/5717/5248 5233/5718/5233
f 5234/5701/5234 5249/5719/5249 5250/5720/5250
f 5230/5721/5230 5246/5722/5246 5247/5723/5247
f 5243/5710/5243 5260/5724/5260 5235/5696/5235
f 5230/5721/5230 5247/5723/5247 5231/5725/5231
f 5231/5725/5231 5247/5723/5247 5255/5726/5255
f 5267/5727/5267 5261/5728/5261 5228/5690/5228
f 5242/5702/5242 5250/5720/5250 5259/5729/5259
f 5242/5702/5242 5259/5729/5259 5243/5710/5243
f 5235/5696/5235 5260/5724/5260 5289/5730/5289
f 5255/5726/5255 5256/5731/5256 5239/5712/5239
f 5261/5728/5261 5268/5732/5268 5236/5698/5236
f 5233/5718/5233 5248/5717/5248 5265/5733/5265
f 5257/5734/5257 5258/5735/5258 5249/5719/5249
f 5249/5719/5249 5258/5735/5258 5250/5720/5250
f 5250/5720/5250 5258/5735/5258 5275/5736/5275
f 5245/5737/5245 5254/5738/5254 5246/5722/5246
f 5251/5689/5251 5289/5730/5289 5319/5739/5319
f 5256/5731/5256 5265/5733/5265 5248/5717/5248
f 5262/5740/5262 5263/5741/5263 5244/5716/5244
f 5245/5737/5245 5253/5742/5253 5269/5743/5269
f 5259/5729/5259 5275/5736/5275 5282/5744/5282
f 5245/5737/5245 5269/5743/5269 5254/5738/5254
f 5254/5738/5254 5269/5743/5269 5270/5745/5270
f 5254/5738/5254 5270/5745/5270 5255/5726/5255
f 5256/5731/5256 5264/5746/5264 5280/5747/5280
f 5257/5734/5257 5273/5748/5273 5274/5749/5274
f 5257/5734/5257 5274/5749/5274 5258/5735/5258
f 5270/5745/5270 5271/5750/5271 5264/5746/5264
f 5267/5727/5267 5298/5751/5298 5261/5728/5261
f 5290/5708/5290 5381/5752/5381 5266/5630/5266
f 5280/5747/5280 5272/5753/5272 5265/5733/5265
f 5283/5754/5283 5266/5630/5266 5381/5752/5381
f 5262/5740/5262 5268/5732/5268 5277/5755/5277
f 5262/5740/5262 5277/5755/5277 5263/5741/5263
f 5274/5749/5274 5275/5736/5275 5258/5735/5258
f 5311/5673/5311 5320/5756/5320 5267/5727/5267
f 5020/5489/5020 5463/5757/5463 5462/5466/5462 5010/5465/5010
f 5280/5747/5280 5285/5758/5285 5272/5753/5272
f 5268/5732/5268 5299/5759/5299 5291/5760/5291
f 5286/5761/5286 5297/5762/5297 5281/5763/5281
f 5277/5755/5277 5291/5760/5291 5292/5764/5292
f 5279/5765/5279 5293/5766/5293 5294/5767/5294
f 5282/5744/5282 5288/5768/5288 5305/5769/5305
f 5279/5765/5279 5294/5767/5294 5295/5770/5295
f 5279/5765/5279 5295/5770/5295 5271/5750/5271
f 5284/5771/5284 5296/5772/5296 5280/5747/5280
f 5297/5762/5297 5304/5773/5304 5287/5774/5287
f 5287/5774/5287 5304/5773/5304 5288/5768/5288
f 5288/5768/5288 5304/5773/5304 5310/5775/5310
f 5305/5769/5305 5318/5776/5318 5276/5777/5276
f 5295/5770/5295 5302/5778/5302 5284/5771/5284
f 5290/5708/5290 5319/5739/5319 5336/5779/5336
f 5296/5772/5296 5303/5780/5303 5285/5758/5285
f 5292/5764/5292 5291/5760/5291 5306/5781/5306
f 5305/5769/5305 5310/5775/5310 5317/5782/5317
f 5296/5772/5296 5302/5778/5302 5308/5783/5308
f 5303/5780/5303 5315/5784/5315 5297/5762/5297
f 5300/5785/5300 5307/5786/5307 5312/5787/5312
f 5320/5756/5320 5332/5788/5332 5298/5751/5298
f 5308/5783/5308 5309/5789/5309 5303/5780/5303
f 5315/5784/5315 5316/5790/5316 5304/5773/5304
f 5308/5783/5308 5314/5791/5314 5326/5792/5326
f 5308/5783/5308 5326/5792/5326 5309/5789/5309
f 5309/5789/5309 5326/5792/5326 5327/5793/5327
f 5306/5781/5306 5321/5794/5321 5322/5795/5322
f 5310/5775/5310 5329/5796/5329 5330/5797/5330
f 5311/5673/5311 5252/5798/5252 5427/5799/5427
f 5331/5800/5331 5364/5801/5364 5319/5739/5319
f 5312/5787/5312 5323/5802/5323 5324/5803/5324
f 5330/5797/5330 5346/5804/5346 5317/5782/5317
f 5320/5756/5320 5427/5799/5427 5389/5805/5389
f 5335/5806/5335 5341/5807/5341 5326/5792/5326
f 5333/5808/5333 5353/5809/5353 5321/5794/5321
f 5328/5810/5328 5344/5811/5344 5329/5796/5329
f 5358/5812/5358 5371/5813/5371 5331/5800/5331
f 5333/5808/5333 5332/5788/5332 5353/5809/5353
f 5336/5779/5336 5364/5801/5364 5403/5814/5403
f 5342/5815/5342 5352/5816/5352 5343/5817/5343
f 5337/5818/5337 5347/5819/5347 5348/5820/5348
f 5343/5817/5343 5352/5816/5352 5356/5821/5356
f 5343/5817/5343 5356/5821/5356 5344/5822/5344
f 5337/5818/5337 5359/5823/5359 5338/5824/5338
f 5338/5824/5338 5359/5823/5359 5349/5825/5349
f 5345/5826/5345 5357/5827/5357 5370/5828/5370
f 5345/5826/5345 5370/5828/5370 5346/5829/5346
f 5351/5830/5351 5354/5831/5354 5340/5832/5340
f 5349/5825/5349 5359/5823/5359 5360/5833/5360
f 5352/5816/5352 5355/5834/5355 5368/5835/5368
f 5347/5819/5347 5353/5836/5353 5372/5837/5372
f 5363/5838/5363 5369/5839/5369 5357/5827/5357
f 5370/5828/5370 5388/5840/5388 5358/5841/5358
f 5362/5842/5362 5366/5843/5366 5354/5831/5354
f 5332/5844/5332 5382/5845/5382 5353/5836/5353
f 5353/5836/5353 5382/5845/5382 5390/5846/5390
f 5348/5820/5348 5373/5847/5373 5359/5823/5359
f 5360/5833/5360 5365/5848/5365 5374/5849/5374
f 5370/5828/5370 5369/5839/5369 5387/5850/5387
f 5361/5851/5361 5375/5852/5375 5376/5853/5376
f 5361/5851/5361 5376/5853/5376 5362/5842/5362
f 5371/5854/5371 5426/5855/5426 5364/5856/5364
f 5389/5857/5389 5404/5858/5404 5332/5844/5332
f 5368/5835/5368 5367/5859/5367 5378/5860/5378
f 5348/5820/5348 5372/5837/5372 5373/5847/5373
f 5363/5838/5363 5368/5835/5368 5379/5861/5379
f 5371/5854/5371 5388/5840/5388 5425/5862/5425
f 5377/5863/5377 5376/5853/5376 5392/5864/5392
f 5378/5860/5378 5379/5861/5379 5368/5835/5368
f 5373/5847/5373 5383/5865/5383 5365/5848/5365
f 5380/5866/5380 5386/5867/5386 5369/5839/5369
f 5403/5868/5403 5458/5515/5458 5381/5869/5381
f 5283/5870/5283 5381/5869/5381 5458/5515/5458
f 5378/5860/5378 5385/5871/5385 5393/5872/5393
f 5390/5846/5390 5396/5873/5396 5372/5837/5372
f 5379/5861/5379 5394/5874/5394 5395/5875/5395
f 5379/5861/5379 5395/5875/5395 5380/5866/5380
f 5387/5850/5387 5386/5867/5386 5402/5876/5402
f 5385/5871/5385 5392/5864/5392 5400/5877/5400
f 5382/5845/5382 5404/5858/5404 5414/5878/5414
f 5395/5875/5395 5394/5874/5394 5409/5879/5409
f 5397/5880/5397 5398/5881/5398 5383/5865/5383
f 5395/5875/5395 5401/5882/5401 5386/5867/5386
f 5391/5883/5391 5383/5865/5383 5405/5884/5405
f 5402/5876/5402 5413/5885/5413 5387/5850/5387
f 5384/5886/5384 5391/5883/5391 5399/5887/5399
f 5400/5877/5400 5408/5888/5408 5393/5872/5393
f 5414/5878/5414 5428/5889/5428 5390/5846/5390
f 5408/5888/5408 5409/5879/5409 5394/5874/5394
f 5409/5879/5409 5410/5890/5410 5395/5875/5395
f 5389/5857/5389 5427/5891/5427 5443/5469/5443
f 5428/5889/5428 5415/5892/5415 5396/5873/5396
f 5396/5873/5396 5415/5892/5415 5429/5893/5429
f 5397/5880/5397 5411/5894/5411 5398/5881/5398
f 5410/5890/5410 5424/5895/5424 5401/5882/5401
f 5405/5884/5405 5398/5881/5398 5418/5896/5418
f 5399/5887/5399 5405/5884/5405 5406/5897/5406
f 5403/5868/5403 5426/5855/5426 4988/5472/4988
f 5421/5898/5421 5422/5899/5422 5409/5879/5409
f 5433/5900/5433 5434/5901/5434 5413/5885/5413
f 5443/5469/5443 5449/5902/5449 5404/5858/5404
f 5412/5903/5412 5421/5898/5421 5408/5888/5408
f 5413/5885/5413 5434/5901/5434 5442/5904/5442
f 5420/5905/5420 5432/5906/5432 5412/5903/5412
f 5417/5907/5417 5430/5908/5430 5418/5896/5418
f 5449/5902/5449 5450/5909/5450 5414/5878/5414
f 5432/5906/5432 5438/5910/5438 5421/5898/5421
f 5415/5892/5415 5428/5889/5428 5444/5911/5444
f 5429/5893/5429 5435/5912/5435 5411/5894/5411
f 5411/5894/5411 5435/5912/5435 5416/5913/5416
f 5433/5900/5433 5462/5466/5462 5434/5901/5434
f 5431/5914/5431 5430/5908/5430 5446/5915/5446
f 5427/5891/5427 5252/5916/5252 5039/5467/5039
f 5436/5917/5436 5437/5918/5437 5432/5906/5432
f 5417/5907/5417 5445/5919/5445 5452/5920/5452
f 5433/5900/5433 5441/5921/5441 5462/5466/5462
f 5463/5757/5463 5004/5491/5004 5442/5904/5442
f 5436/5917/5436 5446/5915/5446 5447/5922/5447
f 5436/5917/5436 5447/5922/5447 5437/5918/5437
f 5437/5918/5437 5447/5922/5447 5454/5923/5454
f 5444/5911/5444 5451/5924/5451 5435/5912/5435
f 5444/5911/5444 5450/5909/5450 4998/5474/4998
f 5448/5925/5448 5456/5926/5456 5461/5459/5461
f 5445/5919/5445 5451/5924/5451 4986/5462/4986
f 5462/5466/5462 5457/5927/5457 4995/5464/4995
f 5455/5928/5455 4992/5478/4992 4993/5457/4993
f 5444/5911/5444 4998/5474/4998 4999/5473/4999
f 5451/5924/5451 4999/5473/4999 4989/5460/4989
f 5461/5459/5461 4994/5481/4994 5457/5927/5457
f 5459/5929/5459 4990/5483/4990 5453/5930/5453
f 5449/5902/5449 5443/5469/5443 5011/5494/5011
f 4987/5931/4987 5460/5932/5460 5454/5923/5454
f 4994/5481/4994 5461/5459/5461 5003/5458/5003
f 5459/5929/5459 4986/5462/4986 5000/5463/5000
f 5459/5929/5459 5000/5463/5000 4990/5483/4990
f 4991/5933/4991 5001/5476/5001 5460/5932/5460 4987/5931/4987
f 5463/5757/5463 5020/5489/5020 5004/5491/5004
f 5008/5492/5008 4991/5933/4991 4990/5483/4990 5007/5482/5007
f 5011/5494/5011 5443/5469/5443 5040/5468/5040
f 4988/5472/4988 5076/5471/5076 5458/5515/5458
f 5460/5932/5460 5001/5476/5001 4992/5478/4992
f 4998/5474/4998 5450/5909/5450 4997/5496/4997
f 4991/5933/4991 5008/5492/5008 5001/5476/5001
f 4993/5457/4993 5009/5479/5009 5003/5458/5003
f 5021/5511/5021 4998/5474/4998 4997/5496/4997 5025/5495/5025
f 5002/5477/5002 5001/5476/5001 5017/5484/5017
f 5014/5488/5014 5000/5463/5000 5006/5461/5006 5013/5497/5013
f 5002/5477/5002 5018/5485/5018 5009/5479/5009
f 4998/5474/4998 5021/5511/5021 5005/5475/5005
f 5006/5461/5006 4999/5473/4999 5012/5486/5012
f 5026/5503/5026 5027/5507/5027 5014/5488/5014 5013/5497/5013
f 5010/5465/5010 4994/5481/4994 5024/5487/5024
f 5007/5482/5007 5022/5499/5022 5008/5492/5008
f 4996/5470/4996 5004/5491/5004 5047/5490/5047
f 5001/5476/5001 5016/5493/5016 5017/5484/5017
f 5005/5475/5005 5021/5511/5021 5012/5486/5012
f 5010/5465/5010 5034/5498/5034 5038/5526/5038
f 5020/5489/5020 5010/5465/5010 5038/5526/5038
f 5008/5492/5008 5015/5500/5015 5016/5493/5016
f 4996/5470/4996 5048/5501/5048 5076/5471/5076
f 5019/5480/5019 5032/5502/5032 5033/5521/5033
f 5019/5480/5019 5033/5521/5033 5024/5487/5024
f 5029/5504/5029 5015/5500/5015 5022/5499/5022 5028/5508/5028
f 5014/5488/5014 5027/5507/5027 5022/5499/5022
f 5030/5505/5030 5023/5510/5023 5017/5484/5017 5016/5493/5016
f 5020/5489/5020 5038/5526/5038 5047/5490/5047
f 5023/5510/5023 5031/5519/5031 5018/5485/5018 5017/5484/5017
f 5011/5494/5011 5069/5506/5069 5025/5495/5025
f 5031/5519/5031 5032/5502/5032 5009/5479/5009 5018/5485/5018
f 5050/5533/5050 5021/5511/5021 5025/5495/5025 5049/5513/5049
f 5034/5498/5034 5024/5487/5024 5033/5521/5033
f 5028/5508/5028 5035/5529/5035 5029/5504/5029
f 5023/5510/5023 5036/5509/5036 5037/5517/5037
f 5031/5519/5031 5023/5510/5023 5037/5517/5037
f 5035/5529/5035 5044/5541/5044 5030/5505/5030 5029/5504/5029
f 5021/5511/5021 5050/5533/5050 5041/5512/5041
f 5026/5503/5026 5012/5486/5012 5041/5512/5041
f 5034/5498/5034 5064/5527/5064 5038/5526/5038
f 5035/5529/5035 5028/5508/5028 5043/5530/5043
f 5064/5527/5064 5034/5498/5034 5033/5521/5033 5055/5523/5055
f 5030/5505/5030 5044/5541/5044 5036/5509/5036
f 5036/5509/5036 5045/5524/5045 5037/5517/5037
f 5032/5502/5032 5031/5519/5031 5046/5518/5046
f 5032/5502/5032 5046/5518/5046 5054/5522/5054
f 5033/5521/5033 5032/5502/5032 5054/5522/5054
f 5026/5503/5026 5051/5520/5051 5042/5536/5042
f 5027/5507/5027 5026/5503/5026 5042/5536/5042
f 5043/5530/5043 5028/5508/5028 5027/5507/5027 5042/5536/5042
f 5060/5542/5060 5061/5547/5061 5045/5524/5045 5044/5541/5044
f 5038/5526/5038 5068/5528/5068 5047/5490/5047
f 5044/5541/5044 5035/5529/5035 5052/5531/5052
f 5045/5524/5045 5036/5509/5036 5044/5541/5044
f 5037/5517/5037 5053/5525/5053 5046/5518/5046
f 5048/5501/5048 5075/5540/5075 5076/5471/5076
f 5058/5544/5058 5043/5530/5043 5042/5536/5042 5057/5537/5057
f 5045/5524/5045 5061/5547/5061 5053/5525/5053
f 5046/5518/5046 5062/5532/5062 5054/5522/5054
f 5041/5512/5041 5065/5535/5065 5051/5520/5051
f 5055/5523/5055 5054/5522/5054 5063/5550/5063
f 5077/5552/5077 5056/5534/5056 5050/5533/5050 5049/5513/5049
f 5052/5531/5052 5043/5530/5043 5058/5544/5058
f 5039/5467/5039 5169/5539/5169 5040/5468/5040
f 5048/5501/5048 5047/5490/5047 5075/5540/5075
f 5071/5934/5071 5058/5544/5058 5057/5537/5057 5070/5549/5070
f 5053/5525/5053 5066/5548/5066 5062/5532/5062
f 5054/5522/5054 5067/5543/5067 5063/5550/5063
f 5051/5520/5051 5065/5535/5065 5057/5537/5057
f 5055/5523/5055 5063/5550/5063 5064/5527/5064
f 5060/5542/5060 5052/5531/5052 5059/5545/5059
f 5069/5506/5069 5040/5468/5040 5091/5546/5091
f 5056/5534/5056 5085/5559/5085 5065/5535/5065
f 5062/5532/5062 5074/5553/5074 5067/5543/5067
f 5083/5554/5083 5068/5528/5068 5064/5527/5064 5090/5551/5090
f 5079/5935/5079 5071/5934/5071 5070/5549/5070 5078/5568/5078
f 5059/5545/5059 5058/5544/5058 5071/5934/5071
f 5059/5545/5059 5071/5934/5071 5072/5562/5072
f 5060/5542/5060 5059/5545/5059 5072/5562/5072
f 5060/5542/5060 5072/5562/5072 5073/5556/5073
f 5061/5547/5061 5060/5542/5060 5073/5556/5073
f 5061/5547/5061 5073/5556/5073 5066/5548/5066
f 5065/5535/5065 5086/5560/5086 5070/5549/5070
f 5068/5528/5068 5098/5555/5098 5075/5540/5075
f 5066/5548/5066 5081/5557/5081 5074/5553/5074
f 5056/5534/5056 5084/5558/5084 5085/5559/5085
f 5087/5563/5087 5072/5562/5072 5071/5934/5071 5079/5935/5079
f 5099/5621/5099 5076/5471/5076 5075/5540/5075 5120/5602/5120
f 5075/5540/5075 5113/5561/5113 5120/5602/5120
f 5089/5573/5089 5067/5543/5067 5074/5553/5074 5082/5567/5082
f 5069/5506/5069 5092/5565/5092 5077/5552/5077
f 5076/5471/5076 5099/5621/5099 5149/5514/5149
f 5073/5556/5073 5088/5566/5088 5081/5557/5081
f 5097/5578/5097 5082/5567/5082 5081/5557/5081 5096/5571/5096
f 5090/5551/5090 5067/5543/5067 5089/5573/5089
f 5083/5554/5083 5106/5575/5106 5098/5555/5098
f 5079/5935/5079 5094/5580/5094 5087/5563/5087
f 5088/5566/5088 5080/5564/5080 5095/5569/5095
f 5077/5552/5077 5114/5570/5114 5084/5558/5084
f 5094/5580/5094 5079/5935/5079 5078/5568/5078 5093/5572/5093
f 5082/5567/5082 5097/5578/5097 5089/5573/5089
f 5100/5577/5100 5101/5584/5101 5086/5560/5086 5085/5559/5085
f 5095/5569/5095 5087/5563/5087 5102/5581/5102
f 5088/5566/5088 5103/5576/5103 5096/5571/5096
f 5109/5588/5109 5094/5580/5094 5093/5572/5093 5108/5585/5108
f 5086/5560/5086 5101/5584/5101 5093/5572/5093
f 5105/5574/5105 5089/5573/5089 5104/5579/5104
f 5103/5576/5103 5095/5569/5095 5110/5586/5110
f 5097/5578/5097 5112/5583/5112 5104/5579/5104
f 5113/5561/5113 5098/5555/5098 5106/5575/5106 5125/5597/5125
f 5107/5607/5107 5115/5593/5115 5101/5584/5101 5100/5577/5100
f 5094/5580/5094 5109/5588/5109 5102/5581/5102
f 5091/5546/5091 5133/5587/5133 5092/5565/5092
f 5111/5582/5111 5103/5576/5103 5117/5590/5117
f 5100/5577/5100 5114/5570/5114 5126/5608/5126
f 5100/5577/5100 5126/5608/5126 5107/5607/5107
f 5112/5583/5112 5111/5582/5111 5118/5591/5118
f 5125/5597/5125 5106/5575/5106 5105/5574/5105 5119/5601/5119
f 5104/5579/5104 5112/5583/5112 5119/5601/5119
f 5101/5584/5101 5115/5593/5115 5108/5585/5108
f 5105/5574/5105 5104/5579/5104 5119/5601/5119
f 5178/5605/5178 5141/5624/5141 5114/5570/5114 5092/5565/5092
f 5110/5586/5110 5102/5581/5102 5116/5589/5116
f 5120/5602/5120 5113/5561/5113 5140/5603/5140
f 5112/5583/5112 5123/5592/5123 5119/5601/5119
f 5109/5588/5109 5128/5596/5128 5116/5589/5116
f 5113/5561/5113 5139/5598/5139 5140/5603/5140
f 5117/5590/5117 5110/5586/5110 5122/5599/5122
f 5119/5601/5119 5132/5600/5132 5124/5610/5124
f 5119/5601/5119 5124/5610/5124 5125/5597/5125
f 5122/5599/5122 5116/5589/5116 5128/5596/5128
f 5099/5621/5099 5120/5602/5120 5165/5604/5165
f 5130/5623/5130 5131/5613/5131 5118/5591/5118 5117/5590/5117
f 5117/5590/5117 5129/5606/5129 5130/5623/5130
f 5114/5570/5114 5141/5624/5141 5126/5608/5126
f 5153/5638/5153 5137/5622/5137 5145/5619/5145 5146/5643/5146
f 5123/5592/5123 5118/5591/5118 5131/5613/5131
f 5115/5593/5115 5142/5609/5142 5127/5594/5127
f 5121/5595/5121 5134/5616/5134 5135/5617/5135
f 5128/5596/5128 5121/5595/5121 5135/5617/5135
f 5125/5597/5125 5155/5611/5155 5139/5598/5139
f 5122/5599/5122 5136/5612/5136 5129/5606/5129
f 5129/5606/5129 5145/5619/5145 5130/5623/5130
f 5123/5592/5123 5138/5614/5138 5132/5600/5132
f 5136/5612/5136 5128/5596/5128 5144/5618/5144
f 5149/5514/5149 5099/5621/5099 5219/5620/5219
f 5131/5613/5131 5130/5623/5130 5137/5622/5137
f 5131/5613/5131 5137/5622/5137 5138/5614/5138
f 5142/5609/5142 5126/5608/5126 5150/5625/5150
f 5132/5600/5132 5147/5626/5147 5148/5936/5148
f 5124/5610/5124 5132/5600/5132 5148/5936/5148
f 5134/5616/5134 5127/5594/5127 5151/5627/5151
f 5124/5610/5124 5148/5936/5148 5155/5611/5155
f 5165/5604/5165 5140/5603/5140 5164/5648/5164
f 5136/5612/5136 5159/5629/5159 5145/5619/5145
f 5154/5633/5154 5138/5614/5138 5137/5622/5137 5153/5638/5153
f 5164/5648/5164 5139/5598/5139 5155/5611/5155 5168/5646/5168
f 5138/5614/5138 5154/5633/5154 5147/5626/5147
f 5144/5618/5144 5135/5617/5135 5152/5628/5152
f 5156/5632/5156 5157/5635/5157 5143/5615/5143 5142/5609/5142
f 5140/5603/5140 5139/5598/5139 5164/5648/5164
f 5150/5625/5150 5141/5624/5141 5170/5651/5170
f 5167/5641/5167 5148/5936/5148 5147/5626/5147 5163/5634/5163
f 5173/5660/5173 5159/5629/5159 5158/5636/5158 5172/5645/5172
f 5148/5936/5148 5167/5641/5167 5155/5611/5155
f 5144/5618/5144 5158/5636/5158 5159/5629/5159
f 5146/5643/5146 5145/5619/5145 5160/5637/5160
f 5152/5628/5152 5151/5627/5151 5166/5640/5166
f 5152/5628/5152 5166/5640/5166 5158/5636/5158
f 5168/5646/5168 5155/5611/5155 5177/5642/5177
f 5163/5634/5163 5184/5653/5184 5167/5641/5167
f 5174/5663/5174 5175/5937/5175 5161/5644/5161 5160/5637/5160
f 5160/5637/5160 5159/5629/5159 5173/5660/5173
f 5160/5637/5160 5173/5660/5173 5174/5663/5174
f 5165/5604/5165 5200/5649/5200 5219/5620/5219
f 5175/5937/5175 5176/5657/5176 5162/5639/5162 5161/5644/5161
f 5141/5624/5141 5193/5650/5193 5170/5651/5170
f 5180/5659/5180 5171/5665/5171 5166/5640/5166 5157/5635/5157
f 5163/5634/5163 5162/5639/5162 5176/5657/5176
f 5156/5632/5156 5179/5652/5179 5157/5635/5157
f 5167/5641/5167 5191/5654/5191 5177/5642/5177
f 5166/5640/5166 5171/5665/5171 5172/5645/5172
f 5168/5646/5168 5192/5655/5192 5207/5647/5207
f 5200/5649/5200 5164/5648/5164 5214/5656/5214
f 5163/5634/5163 5183/5658/5183 5184/5653/5184
f 5187/5662/5187 5188/5667/5188 5175/5937/5175 5174/5663/5174
f 5199/5674/5199 5183/5658/5183 5182/5669/5182 5189/5668/5189
f 5175/5937/5175 5188/5667/5188 5182/5669/5182
f 5176/5657/5176 5175/5937/5175 5182/5669/5182
f 5170/5651/5170 5185/5664/5185 5179/5652/5179
f 5176/5657/5176 5182/5669/5182 5183/5658/5183
f 5179/5652/5179 5194/5670/5194 5180/5659/5180
f 5191/5654/5191 5184/5653/5184 5190/5676/5190
f 5188/5667/5188 5187/5662/5187 5198/5682/5198
f 5178/5605/5178 5228/5690/5228 5193/5650/5193
f 5190/5676/5190 5184/5653/5184 5183/5658/5183 5199/5674/5199
f 5194/5670/5194 5179/5652/5179 5185/5664/5185
f 5196/5687/5196 5181/5661/5181 5171/5665/5171 5186/5666/5186
f 5180/5659/5180 5201/5671/5201 5195/5678/5195
f 5186/5666/5186 5180/5659/5180 5195/5678/5195
f 5311/5673/5311 5267/5727/5267 5133/5587/5133 5169/5539/5169
f 5181/5661/5181 5196/5687/5196 5197/5680/5197
f 5187/5662/5187 5181/5661/5181 5197/5680/5197
f 5228/5690/5228 5178/5605/5178 5133/5587/5133 5267/5727/5267
f 5206/5675/5206 5213/5700/5213 5191/5654/5191 5190/5676/5190
f 5215/5694/5215 5216/5697/5216 5204/5681/5204 5203/5688/5203
f 5192/5655/5192 5191/5654/5191 5213/5700/5213
f 5186/5666/5186 5208/5679/5208 5196/5687/5196
f 5192/5655/5192 5213/5700/5213 5218/5695/5218
f 5192/5655/5192 5218/5695/5218 5207/5647/5207
f 5187/5662/5187 5204/5681/5204 5198/5682/5198
f 5188/5667/5188 5205/5683/5205 5189/5668/5189
f 5194/5670/5194 5220/5693/5220 5201/5671/5201
f 5199/5674/5199 5212/5685/5212 5206/5675/5206
f 5204/5681/5204 5197/5680/5197 5203/5688/5203
f 5219/5620/5219 5200/5649/5200 5251/5689/5251
f 5193/5650/5193 5229/5691/5229 5185/5664/5185
f 5206/5675/5206 5212/5685/5212 5227/5707/5227
f 5206/5675/5206 5227/5707/5227 5213/5700/5213
f 5208/5679/5208 5223/5938/5223 5209/5686/5209
f 5214/5656/5214 5207/5647/5207 5235/5696/5235
f 5233/5718/5233 5225/5709/5225 5224/5703/5224 5239/5712/5239
f 5210/5692/5210 5205/5683/5205 5216/5697/5216
f 5212/5685/5212 5211/5684/5211 5217/5704/5217
f 5201/5671/5201 5221/5699/5221 5202/5677/5202
f 5213/5700/5213 5242/5702/5242 5218/5695/5218
f 5215/5694/5215 5209/5686/5209 5223/5938/5223
f 5214/5656/5214 5235/5696/5235 5251/5689/5251
f 5210/5692/5210 5224/5703/5224 5225/5709/5225
f 5211/5684/5211 5210/5692/5210 5225/5709/5225
f 5211/5684/5211 5225/5709/5225 5217/5704/5217
f 5212/5685/5212 5226/5705/5226 5227/5707/5227
f 5223/5938/5223 5208/5679/5208 5222/5706/5222
f 5218/5695/5218 5243/5710/5243 5235/5696/5235
f 5215/5694/5215 5230/5721/5230 5231/5725/5231
f 5216/5697/5216 5215/5694/5215 5231/5725/5231
f 5216/5697/5216 5231/5725/5231 5232/5711/5232
f 5224/5703/5224 5216/5697/5216 5232/5711/5232
f 5219/5620/5219 5290/5708/5290 5266/5630/5266
f 5220/5693/5220 5237/5713/5237 5221/5699/5221
f 5215/5694/5215 5223/5938/5223 5230/5721/5230
f 5240/5714/5240 5226/5705/5226 5225/5709/5225 5233/5718/5233
f 5238/5939/5238 5222/5706/5222 5221/5699/5221 5244/5716/5244
f 5238/5939/5238 5246/5722/5246 5223/5938/5223 5222/5706/5222
f 5227/5707/5227 5241/5715/5241 5249/5719/5249
f 5234/5701/5234 5227/5707/5227 5249/5719/5249
f 5239/5712/5239 5232/5711/5232 5231/5725/5231 5255/5726/5255
f 5223/5938/5223 5246/5722/5246 5230/5721/5230
f 5229/5691/5229 5261/5728/5261 5236/5698/5236
f 5246/5722/5246 5238/5939/5238 5245/5737/5245
f 5242/5702/5242 5234/5701/5234 5250/5720/5250
f 5257/5734/5257 5240/5714/5240 5233/5718/5233 5265/5733/5265
f 5229/5691/5229 5228/5690/5228 5261/5728/5261
f 5263/5741/5263 5253/5742/5253 5245/5737/5245 5244/5716/5244
f 5241/5715/5241 5240/5714/5240 5257/5734/5257
f 5237/5713/5237 5262/5740/5262 5244/5716/5244
f 5241/5715/5241 5257/5734/5257 5249/5719/5249
f 5245/5737/5245 5238/5939/5238 5244/5716/5244
f 5243/5710/5243 5259/5729/5259 5260/5724/5260
f 5235/5696/5235 5289/5730/5289 5251/5689/5251
f 5239/5712/5239 5256/5731/5256 5248/5717/5248
f 5237/5713/5237 5236/5698/5236 5268/5732/5268
f 5276/5777/5276 5260/5724/5260 5259/5729/5259 5282/5744/5282
f 5259/5729/5259 5250/5720/5250 5275/5736/5275
f 5247/5723/5247 5246/5722/5246 5254/5738/5254
f 5247/5723/5247 5254/5738/5254 5255/5726/5255
f 5255/5726/5255 5264/5746/5264 5256/5731/5256
f 5290/5708/5290 5251/5689/5251 5319/5739/5319
f 5262/5740/5262 5237/5713/5237 5268/5732/5268
f 5273/5748/5273 5257/5734/5257 5265/5733/5265 5272/5753/5272
f 5289/5730/5289 5260/5724/5260 5276/5777/5276
f 5264/5746/5264 5255/5726/5255 5270/5745/5270
f 5256/5731/5256 5280/5747/5280 5265/5733/5265
f 5298/5751/5298 5299/5759/5299 5268/5732/5268 5261/5728/5261
f 5264/5746/5264 5271/5750/5271 5280/5747/5280
f 5281/5763/5281 5273/5748/5273 5272/5753/5272 5286/5761/5286
f 5263/5741/5263 5277/5755/5277 5278/5940/5278
f 5253/5742/5253 5263/5741/5263 5278/5940/5278
f 5269/5743/5269 5253/5742/5253 5278/5940/5278
f 5271/5750/5271 5284/5771/5284 5280/5747/5280
f 5298/5751/5298 5267/5727/5267 5320/5756/5320
f 5272/5753/5272 5285/5758/5285 5286/5761/5286
f 5288/5768/5288 5275/5736/5275 5274/5749/5274 5287/5774/5287
f 5268/5732/5268 5291/5760/5291 5277/5755/5277
f 5274/5749/5274 5273/5748/5273 5281/5763/5281
f 5274/5749/5274 5281/5763/5281 5287/5774/5287
f 5293/5766/5293 5279/5765/5279 5269/5743/5269 5278/5940/5278
f 5293/5766/5293 5278/5940/5278 5277/5755/5277 5292/5764/5292
f 5275/5736/5275 5288/5768/5288 5282/5744/5282
f 5270/5745/5270 5269/5743/5269 5279/5765/5279
f 5271/5750/5271 5270/5745/5270 5279/5765/5279
f 5285/5758/5285 5280/5747/5280 5296/5772/5296
f 5281/5763/5281 5297/5762/5297 5287/5774/5287
f 5331/5800/5331 5289/5730/5289 5276/5777/5276 5318/5776/5318
f 5282/5744/5282 5305/5769/5305 5276/5777/5276
f 5271/5750/5271 5295/5770/5295 5284/5771/5284
f 5286/5761/5286 5285/5758/5285 5303/5780/5303
f 5286/5761/5286 5303/5780/5303 5297/5762/5297
f 5305/5769/5305 5288/5768/5288 5310/5775/5310
f 5307/5786/5307 5293/5766/5293 5292/5764/5292 5306/5781/5306
f 5319/5739/5319 5289/5730/5289 5331/5800/5331
f 5284/5771/5284 5302/5778/5302 5296/5772/5296
f 5290/5708/5290 5336/5779/5336 5381/5752/5381
f 5297/5762/5297 5315/5784/5315 5304/5773/5304
f 5307/5786/5307 5300/5785/5300 5294/5767/5294 5293/5766/5293
f 5300/5785/5300 5301/5941/5301 5295/5770/5295 5294/5767/5294
f 5312/5787/5312 5313/5942/5313 5301/5941/5301 5300/5785/5300
f 5302/5778/5302 5295/5770/5295 5301/5941/5301
f 5296/5772/5296 5308/5783/5308 5303/5780/5303
f 5304/5773/5304 5316/5790/5316 5329/5796/5329
f 5304/5773/5304 5329/5796/5329 5310/5775/5310
f 5314/5791/5314 5302/5778/5302 5301/5941/5301 5313/5942/5313
f 5305/5769/5305 5317/5782/5317 5318/5776/5318
f 5333/5808/5333 5321/5794/5321 5299/5759/5299 5298/5751/5298
f 5308/5783/5308 5302/5778/5302 5314/5791/5314
f 5298/5751/5298 5332/5788/5332 5333/5808/5333
f 5323/5802/5323 5307/5786/5307 5306/5781/5306 5322/5795/5322
f 5291/5760/5291 5299/5759/5299 5321/5794/5321
f 5303/5780/5303 5309/5789/5309 5315/5784/5315
f 5306/5781/5306 5291/5760/5291 5321/5794/5321
f 5312/5787/5312 5307/5786/5307 5323/5802/5323
f 5317/5782/5317 5310/5775/5310 5330/5797/5330
f 5309/5789/5309 5327/5793/5327 5315/5784/5315
f 5324/5803/5324 5325/5943/5325 5313/5942/5313 5312/5787/5312
f 5358/5812/5358 5318/5776/5318 5317/5782/5317 5346/5804/5346
f 5325/5943/5325 5334/5944/5334 5314/5791/5314 5313/5942/5313
f 5318/5776/5318 5358/5812/5358 5331/5800/5331
f 5334/5944/5334 5335/5806/5335 5326/5792/5326 5314/5791/5314
f 5311/5673/5311 5427/5799/5427 5320/5756/5320
f 5319/5739/5319 5364/5801/5364 5336/5779/5336
f 5327/5793/5327 5328/5810/5328 5316/5790/5316 5315/5784/5315
f 5341/5807/5341 5342/5945/5342 5327/5793/5327 5326/5792/5326
f 5316/5790/5316 5328/5810/5328 5329/5796/5329
f 5364/5801/5364 5331/5800/5331 5371/5813/5371
f 5320/5756/5320 5389/5805/5389 5332/5788/5332
f 5347/5946/5347 5337/5947/5337 5322/5795/5322 5321/5794/5321
f 5321/5794/5321 5353/5809/5353 5347/5946/5347
f 5327/5793/5327 5342/5945/5342 5343/5948/5343
f 5338/5949/5338 5323/5802/5323 5322/5795/5322 5337/5947/5337
f 5328/5810/5328 5327/5793/5327 5343/5948/5343
f 5328/5810/5328 5343/5948/5343 5344/5811/5344
f 5344/5811/5344 5345/5950/5345 5330/5797/5330 5329/5796/5329
f 5338/5949/5338 5339/5951/5339 5324/5803/5324 5323/5802/5323
f 5339/5951/5339 5351/5952/5351 5325/5943/5325 5324/5803/5324
f 5330/5797/5330 5345/5950/5345 5346/5804/5346
f 5340/5953/5340 5341/5807/5341 5335/5806/5335 5334/5944/5334
f 5340/5953/5340 5334/5944/5334 5325/5943/5325 5351/5952/5351
f 5336/5779/5336 5403/5814/5403 5381/5752/5381
f 5355/5834/5355 5352/5816/5352 5342/5815/5342 5341/5954/5341
f 5354/5831/5354 5355/5834/5355 5341/5954/5341 5340/5832/5340
f 5337/5818/5337 5348/5820/5348 5359/5823/5359
f 5344/5822/5344 5356/5821/5356 5357/5827/5357
f 5345/5826/5345 5344/5822/5344 5357/5827/5357
f 5339/5955/5339 5338/5824/5338 5349/5825/5349
f 5339/5955/5339 5349/5825/5349 5350/5956/5350
f 5351/5830/5351 5339/5955/5339 5350/5956/5350
f 5358/5841/5358 5346/5829/5346 5370/5828/5370
f 5361/5851/5361 5350/5956/5350 5349/5825/5349 5360/5833/5360
f 5356/5821/5356 5363/5838/5363 5357/5827/5357
f 5362/5842/5362 5351/5830/5351 5350/5956/5350 5361/5851/5361
f 5366/5843/5366 5367/5859/5367 5355/5834/5355 5354/5831/5354
f 5354/5831/5354 5351/5830/5351 5362/5842/5362
f 5348/5820/5348 5347/5819/5347 5372/5837/5372
f 5360/5833/5360 5359/5823/5359 5365/5848/5365
f 5370/5828/5370 5357/5827/5357 5369/5839/5369
f 5358/5841/5358 5388/5840/5388 5371/5854/5371
f 5368/5835/5368 5363/5838/5363 5356/5821/5356 5352/5816/5352
f 5368/5835/5368 5355/5834/5355 5367/5859/5367
f 5372/5837/5372 5353/5836/5353 5390/5846/5390
f 5375/5852/5375 5361/5851/5361 5360/5833/5360 5374/5849/5374
f 5363/5838/5363 5379/5861/5379 5380/5866/5380
f 5359/5823/5359 5373/5847/5373 5365/5848/5365
f 5363/5838/5363 5380/5866/5380 5369/5839/5369
f 5377/5863/5377 5385/5871/5385 5367/5859/5367 5366/5843/5366
f 5362/5842/5362 5376/5853/5376 5377/5863/5377
f 5362/5842/5362 5377/5863/5377 5366/5843/5366
f 5364/5856/5364 5426/5855/5426 5403/5868/5403
f 5332/5844/5332 5404/5858/5404 5382/5845/5382
f 5374/5849/5374 5365/5848/5365 5383/5865/5383
f 5387/5850/5387 5369/5839/5369 5386/5867/5386
f 5374/5849/5374 5391/5883/5391 5375/5852/5375
f 5388/5840/5388 5370/5828/5370 5387/5850/5387
f 5426/5855/5426 5371/5854/5371 5425/5862/5425
f 5391/5883/5391 5384/5886/5384 5376/5853/5376 5375/5852/5375
f 5378/5860/5378 5367/5859/5367 5385/5871/5385
f 5394/5874/5394 5379/5861/5379 5378/5860/5378 5393/5872/5393
f 5392/5864/5392 5376/5853/5376 5384/5886/5384
f 5385/5871/5385 5377/5863/5377 5392/5864/5392
f 5399/5887/5399 5407/5957/5407 5392/5864/5392 5384/5886/5384
f 5373/5847/5373 5372/5837/5372 5396/5873/5396
f 5373/5847/5373 5396/5873/5396 5397/5880/5397
f 5373/5847/5373 5397/5880/5397 5383/5865/5383
f 5380/5866/5380 5395/5875/5395 5386/5867/5386
f 5391/5883/5391 5374/5849/5374 5383/5865/5383
f 5411/5894/5411 5397/5880/5397 5396/5873/5396 5429/5893/5429
f 5385/5871/5385 5400/5877/5400 5393/5872/5393
f 5390/5846/5390 5382/5845/5382 5414/5878/5414
f 5393/5872/5393 5408/5888/5408 5394/5874/5394
f 5402/5876/5402 5386/5867/5386 5401/5882/5401
f 5387/5850/5387 5413/5885/5413 5388/5840/5388
f 5389/5857/5389 5443/5469/5443 5404/5858/5404
f 5400/5877/5400 5392/5864/5392 5407/5957/5407
f 5396/5873/5396 5390/5846/5390 5428/5889/5428
f 5395/5875/5395 5410/5890/5410 5401/5882/5401
f 5405/5884/5405 5383/5865/5383 5398/5881/5398
f 5399/5887/5399 5391/5883/5391 5405/5884/5405
f 5388/5840/5388 5413/5885/5413 5425/5862/5425
f 5400/5877/5400 5412/5903/5412 5408/5888/5408
f 5408/5888/5408 5421/5898/5421 5409/5879/5409
f 5424/5895/5424 5433/5900/5433 5402/5876/5402 5401/5882/5401
f 5422/5899/5422 5423/5958/5423 5410/5890/5410 5409/5879/5409
f 5402/5876/5402 5433/5900/5433 5413/5885/5413
f 5407/5957/5407 5399/5887/5399 5406/5897/5406
f 5400/5877/5400 5407/5957/5407 5412/5903/5412
f 5458/5515/5458 5403/5868/5403 4988/5472/4988
f 5418/5896/5418 5419/5959/5419 5406/5897/5406 5405/5884/5405
f 5410/5890/5410 5423/5958/5423 5424/5895/5424
f 5398/5881/5398 5411/5894/5411 5416/5913/5416
f 5418/5896/5418 5398/5881/5398 5416/5913/5416
f 5420/5905/5420 5407/5957/5407 5406/5897/5406 5419/5959/5419
f 5431/5914/5431 5419/5959/5419 5418/5896/5418 5430/5908/5430
f 5407/5957/5407 5420/5905/5420 5412/5903/5412
f 5404/5858/5404 5449/5902/5449 5414/5878/5414
f 5418/5896/5418 5416/5913/5416 5417/5907/5417
f 5413/5885/5413 5442/5904/5442 5425/5862/5425
f 5412/5903/5412 5432/5906/5432 5421/5898/5421
f 5433/5900/5433 5424/5895/5424 5441/5921/5441
f 5431/5914/5431 5436/5917/5436 5420/5905/5420 5419/5959/5419
f 4996/5470/4996 5426/5855/5426 5425/5862/5425 5442/5904/5442
f 5438/5910/5438 5439/5960/5439 5422/5899/5422 5421/5898/5421
f 5420/5905/5420 5436/5917/5436 5432/5906/5432
f 4988/5472/4988 5426/5855/5426 4996/5470/4996
f 5428/5889/5428 5414/5878/5414 5450/5909/5450
f 5439/5960/5439 5440/5961/5440 5423/5958/5423 5422/5899/5422
f 5415/5892/5415 5444/5911/5444 5429/5893/5429
f 5441/5921/5441 5424/5895/5424 5423/5958/5423 5440/5961/5440
f 5462/5466/5462 5463/5757/5463 5442/5904/5442 5434/5901/5434
f 5417/5907/5417 5416/5913/5416 5435/5912/5435
f 5455/5928/5455 5438/5910/5438 5437/5918/5437 5454/5923/5454
f 5436/5917/5436 5431/5914/5431 5446/5915/5446
f 5427/5891/5427 5039/5467/5039 5443/5469/5443
f 5432/5906/5432 5437/5918/5437 5438/5910/5438
f 5428/5889/5428 5450/5909/5450 5444/5911/5444
f 5429/5893/5429 5444/5911/5444 5435/5912/5435
f 5417/5907/5417 5435/5912/5435 5445/5919/5445
f 5417/5907/5417 5452/5920/5452 5430/5908/5430
f 5442/5904/5442 5004/5491/5004 4996/5470/4996
f 5456/5926/5456 5448/5925/5448 5440/5961/5440 5439/5960/5439
f 5439/5960/5439 5438/5910/5438 5455/5928/5455
f 5439/5960/5439 5455/5928/5455 5456/5926/5456
f 5457/5927/5457 5441/5921/5441 5440/5961/5440 5448/5925/5448
f 5435/5912/5435 5451/5924/5451 5445/5919/5445
f 5453/5930/5453 5446/5915/5446 5452/5920/5452 5459/5929/5459
f 5462/5466/5462 5441/5921/5441 5457/5927/5457
f 5446/5915/5446 5430/5908/5430 5452/5920/5452
f 5447/5922/5447 4987/5931/4987 5454/5923/5454
f 5448/5925/5448 5461/5459/5461 5457/5927/5457
f 5445/5919/5445 4986/5462/4986 5452/5920/5452
f 5453/5930/5453 4987/5931/4987 5447/5922/5447 5446/5915/5446
f 5011/5494/5011 4997/5496/4997 5450/5909/5450 5449/5902/5449
f 5456/5926/5456 5455/5928/5455 4993/5457/4993
f 5461/5459/5461 5456/5926/5456 4993/5457/4993
f 5451/5924/5451 5444/5911/5444 4999/5473/4999
f 4986/5462/4986 5451/5924/5451 4989/5460/4989
f 5457/5927/5457 4994/5481/4994 4995/5464/4995
f 5459/5929/5459 5452/5920/5452 4986/5462/4986
f 5453/5930/5453 4990/5483/4990 4991/5933/4991
f 4987/5931/4987 5453/5930/5453 4991/5933/4991
f 4992/5478/4992 5455/5928/5455 5454/5923/5454 5460/5932/5460
o Boss_eye_right_socket
v 0.153882 2.034266 0.257556
v 0.158811 1.999505 0.257834
v 0.149442 1.936442 0.269744
v 0.147798 1.915682 0.278396
v 0.154013 2.153591 0.301837
v 0.156944 2.114820 0.273766
v 0.165236 2.091405 0.265985
v 0.161501 2.067487 0.260761
v 0.166723 2.047275 0.258416
v 0.180893 2.033140 0.258129
v 0.167562 2.019432 0.257259
v 0.168937 1.984203 0.259348
v 0.168448 1.891003 0.296083
v 0.156244 1.886425 0.301817
v 0.156078 2.156888 0.307740
v 0.169914 2.132473 0.282916
v 0.173393 2.113677 0.273728
v 0.179179 2.060076 0.260411
v 0.180377 2.006289 0.258130
v 0.171976 1.960362 0.263301
v 0.170006 1.928433 0.272674
v 0.165669 1.907312 0.282882
v 0.158762 1.882921 0.307685
v 0.166327 2.146266 0.293121
v 0.187269 2.103235 0.271011
v 0.190598 2.080711 0.265031
v 0.194869 2.053492 0.260974
v 0.194430 2.020575 0.259080
v 0.192908 1.986019 0.260789
v 0.201284 1.959160 0.266487
v 0.183373 1.945587 0.267758
v 0.197801 2.124783 0.281881
v 0.208191 2.039150 0.261614
v 0.206808 2.006289 0.261108
v 0.187424 1.917259 0.279142
v 0.213954 2.079776 0.268572
v 0.218176 2.060572 0.265871
v 0.220804 2.020000 0.263425
v 0.219432 1.997778 0.263937
v 0.216347 1.972892 0.266462
v 0.203756 1.935910 0.273713
v 0.192822 1.907426 0.285716
v 0.175718 1.896612 0.291126
v 0.192993 2.136006 0.288202
v 0.210891 2.102297 0.274539
v 0.230110 2.040518 0.266348
v 0.226421 1.958623 0.272070
v 0.177998 2.153576 0.303531
v 0.187610 2.146905 0.296671
v 0.214141 2.119180 0.283040
v 0.227014 2.104913 0.280190
v 0.235213 2.079776 0.274296
v 0.240525 2.060572 0.272018
v 0.244125 2.013138 0.269833
v 0.240757 1.986019 0.270963
v 0.232726 1.947731 0.277250
v 0.218732 1.925066 0.282064
v 0.209854 1.907526 0.290078
v 0.206037 1.896539 0.299017
v 0.226916 2.123774 0.290442
v 0.252023 2.040518 0.273534
v 0.246218 1.966968 0.276731
v 0.191677 1.890906 0.300780
v 0.178910 1.886422 0.303646
v 0.210375 2.139998 0.297065
v 0.242936 2.102845 0.285763
v 0.253582 2.079776 0.281778
v 0.259779 2.060572 0.280010
v 0.263255 2.014856 0.277642
v 0.271628 2.006289 0.282735
v 0.260464 1.986019 0.278995
v 0.248917 1.948136 0.283802
v 0.237552 1.926167 0.289106
v 0.167955 1.881063 0.314643
v 0.269364 2.067060 0.287141
v 0.270400 2.040518 0.282505
v 0.262931 1.966528 0.285020
v 0.224812 1.907084 0.297122
v 0.163678 2.158958 0.313806
v 0.233554 2.128007 0.297795
v 0.249455 2.113833 0.296508
v 0.262902 2.091864 0.292303
v 0.281273 2.040495 0.290224
v 0.281332 2.014608 0.288873
v 0.275494 1.987871 0.287683
v 0.262902 1.948136 0.292303
v 0.198565 2.151681 0.307991
v 0.271240 2.093329 0.301067
v 0.279032 2.067107 0.294701
v 0.289322 2.026854 0.296468
v 0.279032 1.972892 0.294701
v 0.251338 1.926817 0.297390
v 0.200889 1.888767 0.308627
v 0.179697 2.156960 0.311136
v 0.230816 2.135748 0.304928
v 0.248912 2.123217 0.306035
v 0.288546 2.047272 0.298734
v 0.289833 1.999482 0.298541
v 0.276274 1.954150 0.301790
v 0.246409 1.914683 0.305654
v 0.266457 2.105274 0.306018
v 0.282572 2.079776 0.306142
v 0.293091 2.054071 0.308167
v 0.295753 2.026862 0.305236
v 0.295260 1.999505 0.307347
v 0.287713 1.972892 0.305636
v 0.268887 1.939387 0.304435
v 0.226098 1.899322 0.308766
v 0.222084 2.143389 0.309840
v 0.241937 2.132435 0.314270
v 0.257502 2.118905 0.313676
v 0.284472 1.958623 0.312698
v 0.262624 1.926167 0.313701
v 0.183651 1.883082 0.313439
v 0.160000 2.159500 0.320000
v 0.212965 2.149139 0.316571
v 0.272080 2.103245 0.316987
v 0.286224 2.079776 0.317169
v 0.298823 2.033711 0.316923
v 0.299545 2.013138 0.317437
v 0.295467 1.986019 0.316983
v 0.279191 1.947096 0.317927
v 0.243176 1.907814 0.317079
v 0.242260 2.132888 0.322353
v 0.262214 2.114903 0.323630
v 0.290863 2.067060 0.325820
v 0.295664 2.054071 0.320079
v 0.297597 1.999505 0.325561
v 0.291043 1.971815 0.323412
v 0.263383 1.926167 0.322831
v 0.200004 1.886324 0.317330
v 0.200583 2.153636 0.319282
v 0.278590 2.091864 0.327966
v 0.297975 2.026862 0.329737
v 0.278590 1.948136 0.327966
v 0.241809 1.907099 0.324266
v 0.225781 1.896846 0.321868
v 0.213215 1.890782 0.318969
v 0.224972 2.143289 0.324150
v 0.260169 2.113833 0.331853
v 0.272858 2.091864 0.338224
v 0.287679 2.067107 0.334424
v 0.293138 2.047272 0.334455
v 0.293141 2.026854 0.338728
v 0.294445 1.999482 0.334617
v 0.287679 1.972893 0.334424
v 0.260169 1.926167 0.331853
v 0.278973 2.067108 0.345356
v 0.272858 1.948136 0.338224
v 0.238386 1.907567 0.332263
v 0.173696 2.158890 0.321870
v 0.239084 2.132135 0.332245
v 0.260307 2.104572 0.341627
v 0.284141 2.046735 0.346184
v 0.285994 2.026262 0.347117
v 0.285525 1.999482 0.346139
v 0.278973 1.972892 0.345356
v 0.259840 1.935087 0.341810
v 0.204250 1.888575 0.327760
v 0.204120 2.151253 0.328650
v 0.275327 2.013146 0.355314
v 0.266512 1.958623 0.349890
v 0.219556 1.896864 0.332676
v 0.186518 1.883162 0.323574
v 0.215308 2.143299 0.336103
v 0.246535 2.116294 0.343894
v 0.259878 2.091834 0.349901
v 0.264266 2.073472 0.354170
v 0.268458 2.054540 0.356520
v 0.271913 2.034272 0.357065
v 0.270596 1.997778 0.357168
v 0.266626 1.979428 0.356236
v 0.250801 1.937155 0.349925
v 0.243953 1.920852 0.343366
v 0.186351 2.157011 0.323545
v 0.226713 2.132626 0.342189
v 0.262657 2.020000 0.362606
v 0.258524 1.999505 0.363579
v 0.256487 1.971815 0.360047
v 0.231167 1.911400 0.343389
v 0.221745 1.903562 0.340887
v 0.201465 1.892690 0.338111
v 0.232668 2.114282 0.353051
v 0.245025 2.091998 0.358024
v 0.248353 2.067107 0.363914
v 0.254656 2.039402 0.365481
v 0.247581 2.013146 0.368858
v 0.245025 1.948002 0.358024
v 0.228654 1.926167 0.354898
v 0.242539 2.047272 0.369182
v 0.231281 2.026262 0.374046
v 0.241857 1.997778 0.370014
v 0.238660 1.979428 0.368604
v 0.235357 1.960224 0.365655
v 0.209782 1.907787 0.350031
v 0.182731 2.153687 0.335130
v 0.212752 2.128144 0.352008
v 0.216716 2.113563 0.359211
v 0.219960 2.097923 0.364614
v 0.229951 2.079906 0.367359
v 0.227029 2.055075 0.372890
v 0.226170 1.999505 0.374573
v 0.221949 1.972941 0.372198
v 0.212599 1.925829 0.359974
v 0.188854 1.886313 0.332844
v 0.172563 1.881136 0.323022
v 0.191688 2.149139 0.339403
v 0.198820 2.140607 0.346626
v 0.216128 1.947822 0.367706
v 0.194670 1.896846 0.345225
v 0.188814 2.136079 0.352427
v 0.192033 2.123801 0.359540
v 0.196692 2.108840 0.365565
v 0.208204 2.079751 0.372598
v 0.205091 2.054541 0.377480
v 0.207292 2.034272 0.378798
v 0.207450 2.014855 0.379138
v 0.207258 1.992728 0.377846
v 0.204283 1.972893 0.375786
v 0.198340 1.936386 0.367371
v 0.188814 1.903921 0.352427
v 0.174531 2.146285 0.346105
v 0.194228 2.094272 0.371040
v 0.186058 2.026854 0.381668
v 0.193789 2.006289 0.380670
v 0.187499 1.921160 0.362678
v 0.191001 1.911806 0.357340
v 0.172444 2.132213 0.357045
v 0.172167 2.112824 0.366748
v 0.179213 2.079272 0.376304
v 0.179951 2.053981 0.380371
v 0.179799 1.997778 0.381473
v 0.179247 1.972893 0.378602
v 0.182200 1.951103 0.373848
v 0.165226 2.097923 0.372086
v 0.165695 2.026862 0.382795
v 0.161189 1.999505 0.382166
v 0.169876 1.936925 0.370467
v 0.163677 1.925308 0.366181
v 0.165628 1.907308 0.357137
v 0.164224 1.896452 0.349501
v 0.172872 1.890650 0.343124
v 0.168537 1.886464 0.337925
v 0.171613 1.883052 0.331295
v 0.167152 2.156944 0.332030
v 0.161997 2.153517 0.338292
v 0.154963 2.079766 0.376826
v 0.153394 2.053981 0.380963
v 0.145156 2.026854 0.382416
v 0.152284 1.979428 0.380027
v 0.153888 1.960224 0.376805
v 0.155391 2.146672 0.346585
v 0.152045 2.132256 0.357344
v 0.149112 2.118840 0.364165
v 0.140853 1.999482 0.381642
v 0.139767 1.947021 0.372861
v 0.145495 1.925846 0.366029
v 0.147266 1.907565 0.356871
v 0.160000 1.881164 0.326335
v 0.140244 2.108752 0.367761
v 0.135476 2.094872 0.371986
v 0.127946 2.067107 0.377456
v 0.127519 2.040518 0.380500
v 0.124891 2.020000 0.380825
v 0.127946 1.972893 0.377456
v 0.127814 2.123791 0.359550
v 0.117518 2.085850 0.371999
v 0.109635 2.067060 0.374663
v 0.105532 2.026854 0.377789
v 0.114497 1.999482 0.378776
v 0.115634 1.958623 0.372841
v 0.122855 1.936386 0.367563
v 0.128585 1.915929 0.359509
v 0.112631 2.103638 0.365649
v 0.100568 2.042222 0.376063
v 0.095927 1.999505 0.375077
v 0.101824 1.979428 0.374129
v 0.104821 1.935938 0.363647
v 0.132230 1.900156 0.349871
v 0.144128 1.891077 0.343149
v 0.136030 2.146376 0.344633
v 0.125840 2.136218 0.351363
v 0.110957 2.123217 0.356177
v 0.095104 2.079776 0.368801
v 0.090314 2.060572 0.371302
v 0.084239 2.040495 0.371986
v 0.087166 2.020000 0.373620
v 0.095104 1.960224 0.368801
v 0.111418 1.917055 0.356475
v 0.146847 1.886423 0.337373
v 0.142097 2.153525 0.336565
v 0.079954 2.079725 0.363936
v 0.077217 2.006289 0.370242
v 0.079243 1.986019 0.369037
v 0.087025 1.947100 0.362448
v 0.116817 1.899456 0.345165
v 0.146221 2.156838 0.330712
v 0.096631 2.123792 0.350996
v 0.091512 2.104340 0.359655
v 0.068951 2.053981 0.365239
v 0.065353 2.026862 0.366215
v 0.063157 1.999505 0.364336
v 0.071006 1.971815 0.363419
v 0.090566 1.926157 0.354580
v 0.148271 1.883091 0.331160
v 0.120164 2.149025 0.335986
v 0.116422 2.143154 0.342252
v 0.081021 2.113801 0.350088
v 0.073967 2.097589 0.355089
v 0.066640 2.079272 0.358470
v 0.070371 1.948146 0.355843
v 0.078574 1.925517 0.348345
v 0.097321 1.912003 0.348205
v 0.101769 2.136218 0.343093
v 0.051088 2.053981 0.356376
v 0.047136 2.026862 0.357018
v 0.049600 1.999482 0.357495
v 0.054223 1.972893 0.355263
v 0.100134 1.903898 0.342207
v 0.085732 2.127975 0.341741
v 0.072863 2.118879 0.340878
v 0.063630 2.103256 0.345923
v 0.054362 2.085876 0.348452
v 0.046829 2.068185 0.349924
v 0.038727 2.040495 0.349776
v 0.036426 2.013146 0.349122
v 0.040531 1.986058 0.348751
v 0.063630 1.936744 0.345923
v 0.126489 1.888207 0.334611
v 0.160000 1.880500 0.320000
v 0.082422 2.132326 0.333567
v 0.049054 1.959630 0.347060
v 0.069353 1.920820 0.337195
v 0.084777 1.908387 0.336986
v 0.103944 1.896846 0.335602
v 0.154592 2.158997 0.325875
v 0.052077 2.102654 0.334968
v 0.041404 2.079766 0.339652
v 0.032312 2.053981 0.340583
v 0.028896 2.033140 0.340874
v 0.028358 2.012537 0.340911
v 0.032312 1.986019 0.340583
v 0.041570 1.958607 0.338742
v 0.124377 2.153753 0.328568
v 0.105829 2.146711 0.330796
v 0.023386 2.041107 0.329386
v 0.054078 1.935445 0.335538
v 0.110597 1.890907 0.329051
v 0.134496 2.156857 0.324754
v 0.089198 2.139678 0.326508
v 0.058773 2.114323 0.329094
v 0.035163 2.079766 0.328863
v 0.027665 2.060572 0.328305
v 0.021751 2.020575 0.328999
v 0.023359 1.999482 0.329648
v 0.029773 1.972892 0.328661
v 0.041225 1.948146 0.327395
v 0.089626 1.900164 0.326777
v 0.067601 2.124670 0.323049
v 0.040946 2.093103 0.321252
v 0.024520 2.053942 0.320014
v 0.020510 2.026855 0.319470
v 0.022744 1.992692 0.320028
v 0.033755 1.960280 0.320585
v 0.057739 1.925066 0.324268
v 0.072207 1.911806 0.325299
v 0.048079 2.103075 0.314513
v 0.031119 2.073472 0.317656
v 0.034821 1.960234 0.312174
v 0.113943 1.888038 0.322257
v 0.058559 2.114224 0.311134
v 0.035920 2.081393 0.311407
v 0.025827 2.053981 0.311066
v 0.022510 2.033140 0.310598
v 0.021683 2.014310 0.311296
v 0.025827 1.986019 0.311066
v 0.047728 1.937703 0.313785
v 0.068375 1.915685 0.312490
v 0.082774 1.903898 0.316653
v 0.133230 1.883052 0.323126
v 0.147085 1.881125 0.322749
v 0.113258 2.151680 0.318333
v 0.090062 2.140794 0.316371
v 0.029147 2.039983 0.299753
v 0.025131 2.012184 0.303755
v 0.079415 2.132478 0.310763
v 0.055350 2.101208 0.299792
v 0.040619 2.079766 0.301335
v 0.034590 2.060572 0.299253
v 0.031579 2.013145 0.295489
v 0.032279 1.986019 0.299459
v 0.040619 1.960234 0.301335
v 0.054262 1.937155 0.302651
v 0.095208 1.896701 0.314647
v 0.072759 2.123043 0.303570
v 0.035416 2.042222 0.293255
v 0.068312 1.921160 0.303502
v 0.084298 1.907333 0.304923
v 0.104784 1.896923 0.303837
v 0.121044 1.886470 0.314682
v 0.065190 2.103899 0.293372
v 0.051004 2.079766 0.291213
v 0.045995 2.060572 0.288641
v 0.044475 2.040495 0.285907
v 0.039950 2.014855 0.287832
v 0.041920 1.992728 0.288776
v 0.047123 1.972892 0.289519
v 0.066977 1.931430 0.295402
v 0.114496 2.149120 0.307298
v 0.052920 2.026855 0.279769
v 0.048351 2.006289 0.282748
v 0.057725 1.992728 0.279009
v 0.058896 1.949031 0.290467
v 0.093908 1.907796 0.297206
v 0.112082 1.890740 0.309556
v 0.149828 1.881153 0.315559
v 0.104692 2.143299 0.303897
v 0.095315 2.132939 0.296909
v 0.081108 2.114574 0.290152
v 0.071421 2.091405 0.283472
v 0.061479 2.068828 0.281197
v 0.058032 2.042222 0.278133
v 0.061479 1.971172 0.281197
v 0.077417 1.936386 0.285932
v 0.082902 1.921160 0.292235
v 0.146675 2.158855 0.317751
v 0.098432 2.113843 0.282524
v 0.084070 2.091815 0.278307
v 0.067071 2.013138 0.273084
v 0.137038 1.883162 0.313043
v 0.135853 2.156999 0.313966
v 0.111458 2.132204 0.289554
v 0.076294 2.067223 0.274273
v 0.076678 2.040518 0.270320
v 0.083483 2.013145 0.267514
v 0.074071 1.985929 0.272759
v 0.079599 1.956892 0.277041
v 0.093294 1.935429 0.279948
v 0.100949 1.916371 0.287211
v 0.110652 1.903898 0.293060
v 0.129844 2.153782 0.307832
v 0.098452 2.091865 0.273694
v 0.092306 2.060572 0.268160
v 0.093830 2.040495 0.265427
v 0.093830 1.999505 0.265427
v 0.093323 1.972901 0.268923
v 0.115363 2.114171 0.278111
v 0.112742 2.047272 0.262154
v 0.100944 2.019432 0.263063
v 0.104682 1.948376 0.272004
v 0.114624 1.926167 0.278103
v 0.122596 1.896701 0.295598
v 0.134127 1.886336 0.305813
v 0.128092 2.143299 0.294066
v 0.127871 2.132929 0.285869
v 0.119030 2.093593 0.269799
v 0.108716 2.070444 0.265999
v 0.113664 2.026100 0.260716
v 0.112314 1.999482 0.261575
v 0.114241 1.971641 0.264725
v 0.121851 1.942414 0.270674
v 0.124657 1.907525 0.286140
v 0.137846 2.149120 0.298062
v 0.148055 2.139812 0.288109
v 0.133660 2.113833 0.274924
v 0.135628 2.080782 0.264346
v 0.127404 2.033704 0.259205
v 0.133705 1.985929 0.260109
v 0.130159 1.958607 0.265126
v 0.132146 1.925097 0.275596
v 0.135571 1.890698 0.298641
v 0.147006 2.128144 0.280581
v 0.144667 2.093329 0.266928
v 0.133704 2.054071 0.260109
v 0.140655 2.013137 0.257758
v 0.152860 1.971152 0.261164
v 0.142764 1.948073 0.266666
v 0.146446 1.899658 0.288605
vn -0.0236 0.0480 -0.9986
vn -0.0078 -0.0678 -0.9977
vn -0.0360 -0.3184 -0.9473
vn -0.0544 -0.4528 -0.8900
vn -0.0351 0.8239 -0.5656
vn -0.0141 0.3792 -0.9252
vn 0.0209 0.2580 -0.9659
vn 0.0010 0.1637 -0.9865
vn 0.0186 0.0874 -0.9960
vn 0.0693 0.0446 -0.9966
vn 0.0224 -0.0010 -0.9997
vn 0.0296 -0.1190 -0.9925
vn 0.0373 -0.7405 -0.6710
vn -0.0285 -0.8151 -0.5787
vn -0.0301 0.9168 -0.3983
vn 0.0495 0.5206 -0.8523
vn 0.0602 0.3823 -0.9221
vn 0.0677 0.1366 -0.9883
vn 0.0686 -0.0462 -0.9966
vn 0.0419 -0.2096 -0.9769
vn 0.0426 -0.3646 -0.9302
vn 0.0276 -0.5197 -0.8539
vn -0.0079 -0.9154 -0.4024
vn 0.0337 0.6874 -0.7255
vn 0.1107 0.3217 -0.9404
vn 0.1109 0.2172 -0.9698
vn 0.1206 0.1162 -0.9859
vn 0.1156 0.0029 -0.9933
vn 0.1123 -0.1187 -0.9866
vn 0.1492 -0.2205 -0.9639
vn 0.0834 -0.2811 -0.9560
vn 0.1703 0.4768 -0.8623
vn 0.1643 0.0636 -0.9844
vn 0.1533 -0.0459 -0.9871
vn 0.1207 -0.4423 -0.8887
vn 0.2001 0.2241 -0.9538
vn 0.2087 0.1488 -0.9666
vn 0.2160 0.0008 -0.9764
vn 0.2150 -0.0823 -0.9731
vn 0.2063 -0.1670 -0.9641
vn 0.1781 -0.3397 -0.9235
vn 0.1634 -0.5525 -0.8173
vn 0.0898 -0.6487 -0.7557
vn 0.1713 0.5901 -0.7890
vn 0.2033 0.3319 -0.9211
vn 0.2585 0.0732 -0.9632
vn 0.2582 -0.2408 -0.9356
vn 0.1078 0.8451 -0.5237
vn 0.1619 0.7307 -0.6632
vn 0.2588 0.4719 -0.8428
vn 0.3053 0.3719 -0.8766
vn 0.3077 0.2472 -0.9188
vn 0.3169 0.1618 -0.9346
vn 0.3214 -0.0277 -0.9465
vn 0.3140 -0.1284 -0.9407
vn 0.3080 -0.3174 -0.8969
vn 0.2711 -0.4338 -0.8593
vn 0.2587 -0.5832 -0.7701
vn 0.2722 -0.7325 -0.6240
vn 0.3438 0.5395 -0.7686
vn 0.3708 0.0795 -0.9253
vn 0.3649 -0.2233 -0.9039
vn 0.1895 -0.7764 -0.6011
vn 0.1186 -0.8547 -0.5054
vn 0.2917 0.6901 -0.6624
vn 0.4023 0.4008 -0.8231
vn 0.4218 0.2774 -0.8632
vn 0.4363 0.1776 -0.8821
vn 0.4371 -0.0207 -0.8992
vn 0.5194 -0.0611 -0.8523
vn 0.4342 -0.1442 -0.8892
vn 0.4180 -0.3469 -0.8396
vn 0.3968 -0.4791 -0.7829
vn 0.0609 -0.9789 -0.1951
vn 0.5453 0.2323 -0.8054
vn 0.5130 0.0926 -0.8534
vn 0.4975 -0.2571 -0.8285
vn 0.3863 -0.6497 -0.6547
vn 0.0231 0.9756 -0.2185
vn 0.4310 0.6345 -0.6416
vn 0.5155 0.5318 -0.6719
vn 0.5539 0.3873 -0.7370
vn 0.6300 0.1107 -0.7687
vn 0.6185 -0.0263 -0.7853
vn 0.5838 -0.1608 -0.7958
vn 0.5555 -0.3894 -0.7347
vn 0.2609 0.8752 -0.4073
vn 0.6775 0.4420 -0.5879
vn 0.6684 0.2641 -0.6953
vn 0.7436 0.0332 -0.6678
vn 0.6658 -0.2640 -0.6979
vn 0.5280 -0.5383 -0.6568
vn 0.2833 -0.8805 -0.3800
vn 0.1402 0.9477 -0.2865
vn 0.4552 0.7416 -0.4928
vn 0.5819 0.6721 -0.4579
vn 0.7655 0.1697 -0.6207
vn 0.7643 -0.1226 -0.6331
vn 0.7216 -0.4041 -0.5622
vn 0.5625 -0.6838 -0.4648
vn 0.7008 0.5551 -0.4480
vn 0.8119 0.3881 -0.4361
vn 0.8896 0.2338 -0.3925
vn 0.8858 0.0407 -0.4624
vn 0.9026 -0.1355 -0.4086
vn 0.8346 -0.2996 -0.4622
vn 0.7005 -0.5242 -0.4842
vn 0.4429 -0.8144 -0.3749
vn 0.4223 0.8417 -0.3365
vn 0.5772 0.7958 -0.1832
vn 0.6873 0.6975 -0.2028
vn 0.8682 -0.4251 -0.2561
vn 0.7198 -0.6553 -0.2293
vn 0.1632 -0.9590 -0.2316
vn 0.0006 1.0000 -0.0006
vn 0.3844 0.9171 -0.1057
vn 0.8049 0.5829 -0.1112
vn 0.8955 0.4298 -0.1153
vn 0.9896 0.0990 -0.1041
vn 0.9944 -0.0482 -0.0943
vn 0.9623 -0.2425 -0.1232
vn 0.8469 -0.5262 -0.0762
vn 0.5955 -0.7942 -0.1213
vn 0.5915 0.8024 0.0789
vn 0.7224 0.6795 0.1281
vn 0.9183 0.3338 0.2127
vn 0.9697 0.2441 0.0054
vn 0.9680 -0.1474 0.2032
vn 0.9298 -0.3435 0.1326
vn 0.7360 -0.6690 0.1034
vn 0.2810 -0.9555 -0.0896
vn 0.2834 0.9584 -0.0350
vn 0.8232 0.4994 0.2700
vn 0.9502 0.0484 0.3080
vn 0.8216 -0.4977 0.2781
vn 0.5845 -0.7927 0.1730
vn 0.4725 -0.8781 0.0758
vn 0.3879 -0.9207 -0.0419
vn 0.4601 0.8765 0.1416
vn 0.6687 0.6300 0.3949
vn 0.7031 0.4379 0.5602
vn 0.8288 0.3062 0.4684
vn 0.8671 0.1770 0.4657
vn 0.8178 0.0354 0.5743
vn 0.8646 -0.1359 0.4837
vn 0.8304 -0.3019 0.4683
vn 0.6681 -0.6305 0.3951
vn 0.6657 0.2677 0.6966
vn 0.7026 -0.4403 0.5591
vn 0.5275 -0.7449 0.4086
vn 0.0979 0.9931 0.0644
vn 0.5321 0.7432 0.4056
vn 0.5953 0.5001 0.6288
vn 0.6858 0.1511 0.7119
vn 0.6886 0.0361 0.7243
vn 0.6957 -0.1186 0.7084
vn 0.6699 -0.2561 0.6968
vn 0.5932 -0.4978 0.6328
vn 0.3126 -0.9136 0.2601
vn 0.3063 0.9039 0.2986
vn 0.5579 -0.0292 0.8294
vn 0.5515 -0.3233 0.7690
vn 0.4030 -0.8246 0.3970
vn 0.1916 -0.9739 0.1220
vn 0.3531 0.7880 0.5043
vn 0.4868 0.5500 0.6786
vn 0.5214 0.3757 0.7662
vn 0.5058 0.2613 0.8221
vn 0.5110 0.1590 0.8447
vn 0.5269 0.0679 0.8472
vn 0.5190 -0.1106 0.8476
vn 0.5165 -0.1896 0.8350
vn 0.4703 -0.4261 0.7728
vn 0.4878 -0.5712 0.6601
vn 0.1862 0.9740 0.1294
vn 0.3880 0.6540 0.6494
vn 0.4374 -0.0001 0.8993
vn 0.4120 -0.0933 0.9064
vn 0.4228 -0.2118 0.8811
vn 0.4042 -0.6175 0.6748
vn 0.3604 -0.7025 0.6136
vn 0.2556 -0.7844 0.5651
vn 0.3668 0.4618 0.8076
vn 0.3866 0.3320 0.8604
vn 0.3726 0.1975 0.9067
vn 0.3877 0.0787 0.9184
vn 0.3384 -0.0182 0.9408
vn 0.3836 -0.3318 0.8618
vn 0.3309 -0.4467 0.8313
vn 0.3163 0.1047 0.9429
vn 0.2564 0.0249 0.9662
vn 0.3126 -0.0900 0.9456
vn 0.3128 -0.1566 0.9368
vn 0.3093 -0.2478 0.9181
vn 0.2632 -0.5788 0.7718
vn 0.1459 0.8695 0.4719
vn 0.2706 0.5477 0.7917
vn 0.2519 0.4106 0.8763
vn 0.2491 0.3217 0.9135
vn 0.2754 0.2341 0.9324
vn 0.2447 0.1293 0.9609
vn 0.2348 -0.0741 0.9692
vn 0.2300 -0.1717 0.9579
vn 0.2396 -0.4160 0.8772
vn 0.1864 -0.8827 0.4314
vn 0.0947 -0.9907 0.0975
vn 0.1979 0.7870 0.5844
vn 0.2195 0.6622 0.7165
vn 0.2229 -0.2856 0.9321
vn 0.1918 -0.6906 0.6973
vn 0.1421 0.5780 0.8036
vn 0.1437 0.4622 0.8750
vn 0.1521 0.3648 0.9186
vn 0.1750 0.2138 0.9611
vn 0.1571 0.1216 0.9801
vn 0.1618 0.0524 0.9854
vn 0.1657 -0.0162 0.9860
vn 0.1604 -0.0979 0.9822
vn 0.1539 -0.1683 0.9736
vn 0.1489 -0.3289 0.9326
vn 0.1390 -0.5928 0.7933
vn 0.0799 0.6932 0.7163
vn 0.1285 0.2850 0.9499
vn 0.0856 0.0255 0.9960
vn 0.1059 -0.0457 0.9933
vn 0.1107 -0.4149 0.9031
vn 0.1424 -0.4946 0.8574
vn 0.0537 0.5205 0.8522
vn 0.0459 0.3714 0.9273
vn 0.0686 0.2023 0.9769
vn 0.0681 0.1158 0.9909
vn 0.0636 -0.0760 0.9951
vn 0.0652 -0.1571 0.9854
vn 0.0853 -0.2459 0.9655
vn 0.0167 0.2885 0.9573
vn 0.0185 0.0209 0.9996
vn 0.0049 -0.0646 0.9979
vn 0.0343 -0.3125 0.9493
vn 0.0141 -0.3912 0.9202
vn 0.0284 -0.5120 0.8585
vn 0.0201 -0.6473 0.7619
vn 0.0804 -0.7474 0.6595
vn 0.0464 -0.8342 0.5495
vn 0.0752 -0.9218 0.3803
vn 0.0489 0.9200 0.3889
vn 0.0106 0.8251 0.5649
vn -0.0189 0.2047 0.9787
vn -0.0207 0.1137 0.9933
vn -0.0462 0.0205 0.9987
vn -0.0235 -0.1346 0.9906
vn -0.0192 -0.2101 0.9775
vn -0.0275 0.6825 0.7303
vn -0.0374 0.5254 0.8501
vn -0.0386 0.4128 0.9100
vn -0.0639 -0.0658 0.9958
vn -0.0721 -0.2697 0.9603
vn -0.0589 -0.3820 0.9223
vn -0.0600 -0.5216 0.8511
vn -0.0018 -0.9737 0.2280
vn -0.0768 0.3533 0.9323
vn -0.0869 0.2783 0.9566
vn -0.1078 0.1602 0.9812
vn -0.1091 0.0740 0.9913
vn -0.1163 -0.0031 0.9932
vn -0.1100 -0.1599 0.9810
vn -0.1413 0.4584 0.8774
vn -0.1597 0.2461 0.9560
vn -0.1800 0.1628 0.9701
vn -0.1856 0.0173 0.9825
vn -0.1543 -0.0702 0.9855
vn -0.1637 -0.2294 0.9595
vn -0.1511 -0.3322 0.9310
vn -0.1418 -0.4628 0.8751
vn -0.1940 0.3425 0.9193
vn -0.2035 0.0829 0.9756
vn -0.2289 -0.0705 0.9709
vn -0.2089 -0.1474 0.9668
vn -0.2300 -0.3534 0.9068
vn -0.1458 -0.6248 0.7670
vn -0.0926 -0.7378 0.6686
vn -0.1322 0.7078 0.6939
vn -0.1721 0.5915 0.7877
vn -0.2347 0.4858 0.8420
vn -0.2550 0.2370 0.9375
vn -0.2661 0.1531 0.9517
vn -0.2884 0.0753 0.9546
vn -0.2619 -0.0002 0.9651
vn -0.2521 -0.2327 0.9393
vn -0.2266 -0.4842 0.8451
vn -0.0744 -0.8383 0.5401
vn -0.1138 0.8454 0.5219
vn -0.3343 0.2494 0.9089
vn -0.3174 -0.0497 0.9470
vn -0.3104 -0.1345 0.9410
vn -0.3157 -0.3129 0.8958
vn -0.2390 -0.6763 0.6968
vn -0.0948 0.9230 0.3731
vn -0.3201 0.5330 0.7832
vn -0.3030 0.3719 0.8774
vn -0.3770 0.1398 0.9156
vn -0.3891 0.0289 0.9207
vn -0.4102 -0.0852 0.9080
vn -0.3794 -0.2051 0.9022
vn -0.3335 -0.4442 0.8315
vn -0.0809 -0.9256 0.3697
vn -0.2489 0.8220 0.5123
vn -0.2568 0.7173 0.6478
vn -0.4101 0.4858 0.7719
vn -0.4155 0.3690 0.8314
vn -0.4287 0.2711 0.8618
vn -0.4276 -0.3401 0.8376
vn -0.4380 -0.5085 0.7413
vn -0.3350 -0.5771 0.7448
vn -0.3346 0.6730 0.6596
vn -0.5026 0.1551 0.8505
vn -0.5152 0.0314 0.8565
vn -0.5061 -0.0937 0.8574
vn -0.4997 -0.2222 0.8372
vn -0.3530 -0.6794 0.6432
vn -0.4327 0.6368 0.6381
vn -0.5329 0.5922 0.6044
vn -0.5396 0.4533 0.7095
vn -0.5617 0.3554 0.7471
vn -0.5913 0.2490 0.7670
vn -0.6385 0.1055 0.7624
vn -0.6494 -0.0380 0.7595
vn -0.6360 -0.1774 0.7510
vn -0.5395 -0.4560 0.7078
vn -0.2167 -0.8513 0.4779
vn -0.0000 -1.0000 0.0001
vn -0.5138 0.7368 0.4395
vn -0.6029 -0.3310 0.7259
vn -0.5705 -0.6261 0.5315
vn -0.4774 -0.6989 0.5326
vn -0.3577 -0.7910 0.4963
vn -0.0366 0.9790 0.2003
vn -0.7007 0.5271 0.4809
vn -0.7242 0.3639 0.5857
vn -0.7684 0.2123 0.6038
vn -0.7874 0.0769 0.6116
vn -0.7873 -0.0426 0.6150
vn -0.7688 -0.2061 0.6054
vn -0.7334 -0.3781 0.5650
vn -0.2472 0.9255 0.2870
vn -0.3730 0.8555 0.3592
vn -0.9338 0.1386 0.3298
vn -0.6824 -0.5392 0.4936
vn -0.3391 -0.8892 0.3070
vn -0.1821 0.9729 0.1424
vn -0.4988 0.8428 0.2020
vn -0.7000 0.6508 0.2940
vn -0.8582 0.4082 0.3112
vn -0.9082 0.2867 0.3049
vn -0.9516 -0.0024 0.3073
vn -0.9340 -0.1378 0.3295
vn -0.8965 -0.3229 0.3033
vn -0.8264 -0.5047 0.2498
vn -0.4892 -0.8412 0.2303
vn -0.6594 0.7468 0.0869
vn -0.8458 0.5286 0.0725
vn -0.9709 0.2395 0.0076
vn -0.9989 0.0458 -0.0062
vn -0.9808 -0.1948 -0.0024
vn -0.9067 -0.4216 0.0121
vn -0.7306 -0.6672 0.1451
vn -0.6198 -0.7607 0.1926
vn -0.7884 0.5843 -0.1924
vn -0.9231 0.3791 -0.0652
vn -0.8679 -0.4078 -0.2839
vn -0.3342 -0.9394 0.0764
vn -0.6963 0.6541 -0.2956
vn -0.8463 0.4218 -0.3254
vn -0.9181 0.2367 -0.3179
vn -0.9409 0.0974 -0.3244
vn -0.9568 -0.0438 -0.2874
vn -0.9174 -0.2422 -0.3157
vn -0.7871 -0.5777 -0.2163
vn -0.6475 -0.7203 -0.2488
vn -0.5556 -0.8236 -0.1137
vn -0.1943 -0.9735 0.1208
vn -0.0949 -0.9911 0.0938
vn -0.3390 0.9391 -0.0567
vn -0.4913 0.8621 -0.1246
vn -0.7979 0.1119 -0.5923
vn -0.8523 -0.0513 -0.5205
vn -0.5518 0.7738 -0.3112
vn -0.6443 0.4924 -0.5852
vn -0.7411 0.3708 -0.5598
vn -0.7555 0.2513 -0.6050
vn -0.7301 -0.0396 -0.6822
vn -0.7667 -0.2054 -0.6083
vn -0.7359 -0.3687 -0.5679
vn -0.6741 -0.5158 -0.5288
vn -0.4533 -0.8723 -0.1832
vn -0.5453 0.6452 -0.5351
vn -0.6732 0.1157 -0.7304
vn -0.5820 -0.6248 -0.5205
vn -0.4885 -0.7273 -0.4820
vn -0.3449 -0.7827 -0.5181
vn -0.2734 -0.9448 -0.1804
vn -0.5162 0.4567 -0.7245
vn -0.5760 0.3189 -0.7527
vn -0.5796 0.2080 -0.7879
vn -0.5582 0.1013 -0.8235
vn -0.6171 -0.0226 -0.7865
vn -0.6037 -0.1435 -0.7842
vn -0.5842 -0.2454 -0.7736
vn -0.5261 -0.5013 -0.6870
vn -0.3030 0.8593 -0.4121
vn -0.4715 0.0241 -0.8815
vn -0.5078 -0.0644 -0.8590
vn -0.4510 -0.1208 -0.8843
vn -0.5297 -0.3658 -0.7652
vn -0.3856 -0.6517 -0.6532
vn -0.3214 -0.8746 -0.3630
vn -0.0762 -0.9843 -0.1593
vn -0.3545 0.7816 -0.5133
vn -0.3736 0.6486 -0.6631
vn -0.4056 0.4936 -0.7693
vn -0.4182 0.3373 -0.8434
vn -0.4479 0.2197 -0.8667
vn -0.4345 0.1017 -0.8949
vn -0.4477 -0.2249 -0.8654
vn -0.4024 -0.4016 -0.8227
vn -0.4166 -0.5332 -0.7363
vn -0.0941 0.9919 -0.0857
vn -0.2881 0.4369 -0.8521
vn -0.3318 0.3128 -0.8900
vn -0.3736 -0.0258 -0.9272
vn -0.1601 -0.9591 -0.2335
vn -0.1714 0.9645 -0.2011
vn -0.2610 0.5766 -0.7742
vn -0.3370 0.1941 -0.9213
vn -0.3222 0.0759 -0.9436
vn -0.2860 -0.0225 -0.9580
vn -0.3398 -0.1352 -0.9307
vn -0.3453 -0.2686 -0.8992
vn -0.2967 -0.3778 -0.8771
vn -0.2925 -0.5081 -0.8101
vn -0.2768 -0.6343 -0.7218
vn -0.1975 0.8876 -0.4161
vn -0.2486 0.2863 -0.9253
vn -0.2541 0.1598 -0.9539
vn -0.2360 0.0721 -0.9691
vn -0.2390 -0.0820 -0.9675
vn -0.2496 -0.1755 -0.9523
vn -0.1911 0.4089 -0.8924
vn -0.1651 0.0976 -0.9814
vn -0.2136 -0.0002 -0.9769
vn -0.2191 -0.2788 -0.9350
vn -0.1958 -0.4089 -0.8913
vn -0.2184 -0.7047 -0.6751
vn -0.1761 -0.8713 -0.4581
vn -0.1903 0.6869 -0.7014
vn -0.1588 0.5370 -0.8285
vn -0.1562 0.2847 -0.9458
vn -0.1880 0.1828 -0.9650
vn -0.1542 0.0171 -0.9879
vn -0.1599 -0.0724 -0.9845
vn -0.1659 -0.1698 -0.9714
vn -0.1446 -0.3002 -0.9428
vn -0.1687 -0.5430 -0.8226
vn -0.1319 0.7628 -0.6330
vn -0.0573 0.6101 -0.7903
vn -0.1082 0.3831 -0.9174
vn -0.0856 0.2089 -0.9742
vn -0.1010 0.0438 -0.9939
vn -0.0863 -0.1131 -0.9898
vn -0.1085 -0.2159 -0.9704
vn -0.1167 -0.3920 -0.9125
vn -0.1413 -0.7636 -0.6301
vn -0.0614 0.4824 -0.8738
vn -0.0535 0.2758 -0.9597
vn -0.0843 0.1165 -0.9896
vn -0.0658 -0.0229 -0.9976
vn -0.0281 -0.1666 -0.9856
vn -0.0581 -0.2614 -0.9635
vn -0.0673 -0.6169 -0.7842
vt 0.735261 0.359317
vt 0.718557 0.321868
vt 0.765282 0.296952
vt 0.757011 0.531250
vt 0.742188 0.562500
vt 0.725997 0.531250
vt 0.741375 0.500000
vt 0.726583 0.468750
vt 0.750000 0.453118
vt 0.738808 0.417801
vt 0.760351 0.384937
vt 0.724930 0.125000
vt 0.673580 0.093750
vt 0.764767 0.093750
vt 0.710363 0.500000
vt 0.773434 0.906250
vt 0.772815 0.937500
vt 0.677272 0.906250
vt 0.711029 0.420715
vt 0.731409 0.797922
vt 0.727665 0.732169
vt 0.754468 0.736966
vt 0.710880 0.702951
vt 0.742615 0.671980
vt 0.734835 0.273588
vt 0.705335 0.237439
vt 0.738619 0.201199
vt 0.727109 0.593750
vt 0.707572 0.575961
vt 0.671737 0.862451
vt 0.734511 0.858817
vt 0.680477 0.812500
vt 0.697533 0.355999
vt 0.684863 0.770785
vt 0.685245 0.293491
vt 0.687270 0.203342
vt 0.710938 0.642919
vt 0.692428 0.542788
vt 0.708479 0.968750
vt 0.624886 0.937500
vt 0.695332 0.468750
vt 0.679679 0.390723
vt 0.675992 0.698822
vt 0.678303 0.500000
vt 0.678015 0.447887
vt 0.652829 0.263729
vt 0.678303 0.593750
vt 0.664743 0.546698
vt 0.711745 0.156250
vt 0.648459 0.125000
vt 0.660655 0.355483
vt 0.679697 0.640514
vt 0.648448 0.640514
vt 0.648590 0.203134
vt 0.626088 0.156250
vt 0.647749 0.484511
vt 0.587729 0.062500
vt 0.757134 0.062500
vt 0.645524 0.326124
vt 0.657246 0.750000
vt 0.645383 0.708237
vt 0.647053 0.593750
vt 0.633491 0.545562
vt 0.625447 0.827787
vt 0.648444 0.421952
vt 0.633664 0.375000
vt 0.618837 0.489691
vt 0.596245 0.891660
vt 0.617177 0.328241
vt 0.617194 0.421952
vt 0.602947 0.375000
vt 0.624925 0.764839
vt 0.594037 0.781250
vt 0.616505 0.265045
vt 0.605565 0.200472
vt 0.615803 0.593750
vt 0.602267 0.546928
vt 0.589249 0.111226
vt 0.601582 0.468750
vt 0.589496 0.426933
vt 0.555522 0.843750
vt 0.570306 0.812500
vt 0.585927 0.328241
vt 0.585174 0.734357
vt 0.617509 0.702146
vt 0.582090 0.488028
vt 0.570304 0.390723
vt 0.581199 0.269275
vt 0.555758 0.228859
vt 0.585927 0.671759
vt 0.570304 0.609277
vt 0.593750 0.609392
vt 0.557429 0.168715
vt 0.556072 0.562500
vt 0.578125 0.546882
vt 0.570312 1.000000
vt 0.452887 0.968750
vt 0.562500 0.515628
vt 0.555392 0.453072
vt 0.554233 0.765382
vt 0.553303 0.343750
vt 0.558365 0.676354
vt 0.539073 0.640514
vt 0.531216 0.578043
vt 0.506832 0.125000
vt 0.538374 0.515489
vt 0.506284 0.906250
vt 0.539054 0.390723
vt 0.515122 0.204875
vt 0.453704 0.937500
vt 0.531250 0.453118
vt 0.523659 0.797450
vt 0.519799 0.354707
vt 0.507833 0.531250
vt 0.507124 0.484511
vt 0.655812 0.031250
vt 0.422242 0.031250
vt 0.523438 0.000000
vt 0.505565 0.324839
vt 0.548497 0.304830
vt 0.522783 0.750000
vt 0.508445 0.702867
vt 0.543508 0.711364
vt 0.522674 0.265644
vt 0.489976 0.156250
vt 0.523446 0.093750
vt 0.453632 0.062500
vt 0.522752 0.875000
vt 0.477546 0.843750
vt 0.507819 0.421952
vt 0.489990 0.387171
vt 0.491506 0.266436
vt 0.484375 0.453118
vt 0.476552 0.328241
vt 0.481825 0.200648
vt 0.499966 0.578043
vt 0.475874 0.515489
vt 0.460255 0.265045
vt 0.476552 0.671759
vt 0.460929 0.609277
vt 0.484375 0.609392
vt 0.444850 0.110362
vt 0.461642 0.453072
vt 0.433092 0.888370
vt 0.460255 0.734955
vt 0.445302 0.671759
vt 0.445738 0.202132
vt 0.462322 0.562500
vt 0.453125 0.515628
vt 0.445687 0.796029
vt 0.488740 0.798337
vt 0.460929 0.390723
vt 0.445302 0.328241
vt 0.429679 0.609277
vt 0.408575 0.843750
vt 0.412484 0.741732
vt 0.426902 0.292394
vt 0.411874 0.250000
vt 0.429679 0.390723
vt 0.410424 0.354707
vt 0.427350 0.707510
vt 0.406109 0.671607
vt 0.399624 0.218750
vt 0.397424 0.187500
vt 0.429344 0.514743
vt 0.399021 0.531250
vt 0.406250 0.484372
vt 0.430392 0.453072
vt 0.397534 0.796698
vt 0.398874 0.296889
vt 0.399822 0.625000
vt 0.398088 0.578885
vt 0.430244 0.562500
vt 0.429699 0.156250
vt 0.377594 0.135318
vt 0.397053 0.406250
vt 0.380615 0.387171
vt 0.375074 0.328305
vt 0.381428 0.500000
vt 0.344647 0.906250
vt 0.375889 0.093750
vt 0.318892 0.062500
vt 0.366424 0.265644
vt 0.373796 0.735258
vt 0.375074 0.671695
vt 0.367179 0.609277
vt 0.375000 0.453118
vt 0.396765 0.447887
vt 0.351765 0.202709
vt 0.352947 0.562500
vt 0.369577 0.541456
vt 0.291524 0.937500
vt 0.359375 0.484372
vt 0.350896 0.875000
vt 0.343103 0.831809
vt 0.340604 0.731439
vt 0.336569 0.687500
vt 0.343689 0.640477
vt 0.331955 0.581121
vt 0.335594 0.514743
vt 0.351563 0.781250
vt 0.351572 0.359486
vt 0.327700 0.328211
vt 0.328125 0.453118
vt 0.349890 0.447887
vt 0.350178 0.406250
vt 0.328125 0.390608
vt 0.312672 0.640416
vt 0.335568 0.264938
vt 0.306931 0.218750
vt 0.310548 0.187500
vt 0.335938 1.000000
vt 0.187213 0.968750
vt 0.338161 0.156250
vt 0.289068 0.125000
vt 0.250150 0.031250
vt 0.320312 0.000000
vt 0.310548 0.812500
vt 0.305064 0.766322
vt 0.305078 0.296367
vt 0.294920 0.250000
vt 0.283626 0.093750
vt 0.305271 0.531250
vt 0.306337 0.489690
vt 0.304679 0.390723
vt 0.279579 0.336052
vt 0.260246 0.156250
vt 0.288911 0.859370
vt 0.273444 0.796805
vt 0.269355 0.731600
vt 0.296921 0.677843
vt 0.273770 0.639637
vt 0.261293 0.201331
vt 0.257815 0.906250
vt 0.289082 0.468750
vt 0.271765 0.447888
vt 0.306072 0.437500
vt 0.257181 0.687500
vt 0.264647 0.298145
vt 0.254309 0.261784
vt 0.281250 0.515629
vt 0.273444 0.578049
vt 0.257124 0.515490
vt 0.237475 0.860977
vt 0.250000 0.453119
vt 0.234404 0.796642
vt 0.242842 0.640368
vt 0.202337 0.125000
vt 0.242194 0.578049
vt 0.234375 0.515629
vt 0.242197 0.359486
vt 0.222839 0.325661
vt 0.232425 0.750000
vt 0.220723 0.718750
vt 0.211642 0.546927
vt 0.209553 0.500000
vt 0.177928 0.906250
vt 0.240803 0.406250
vt 0.227267 0.453073
vt 0.210929 0.390724
vt 0.191674 0.354707
vt 0.195703 0.296367
vt 0.226899 0.265185
vt 0.195340 0.233137
vt 0.226178 0.202418
vt 0.187488 0.172048
vt 0.166496 0.937500
vt 0.196017 0.453073
vt 0.194985 0.766086
vt 0.180052 0.703811
vt 0.193928 0.656250
vt 0.187500 0.609392
vt 0.210929 0.609276
vt 0.178015 0.552112
vt 0.187500 0.515629
vt 0.180989 0.858394
vt 0.178303 0.406250
vt 0.164072 0.640514
vt 0.162678 0.593750
vt 0.162677 0.500000
vt 0.179603 0.062500
vt 0.077372 0.031250
vt 0.179688 0.000000
vt 0.164072 0.359486
vt 0.177484 0.812500
vt 0.163756 0.764690
vt 0.164204 0.235812
vt 0.144680 0.168902
vt 0.156250 0.546881
vt 0.148458 0.468750
vt 0.171875 0.453119
vt 0.145276 0.325432
vt 0.167772 0.293995
vt 0.145239 0.706389
vt 0.132819 0.578048
vt 0.132124 0.515490
vt 0.115896 0.875000
vt 0.135036 0.843750
vt 0.114984 0.812500
vt 0.148444 0.421952
vt 0.130615 0.387171
vt 0.132822 0.265729
vt 0.140625 0.640648
vt 0.078126 0.906250
vt 0.125000 0.453118
vt 0.116506 0.327319
vt 0.125013 0.218750
vt 0.109726 0.187500
vt 0.120494 0.108259
vt 0.047826 0.062500
vt 0.132396 0.766718
vt 0.091780 0.781250
vt 0.109375 0.734415
vt 0.104419 0.263464
vt 0.117520 0.639637
vt 0.101569 0.578049
vt 0.088161 0.156250
vt 0.062553 0.937500
vt 0.065100 0.860698
vt 0.101554 0.390724
vt 0.079265 0.358275
vt 0.077875 0.750000
vt 0.085927 0.296987
vt 0.073823 0.205695
vt 0.061517 0.125000
vt 0.063496 0.250000
vt 0.100874 0.515490
vt 0.078125 0.546881
vt 0.078125 0.484371
vt 0.102267 0.453073
vt 0.060853 0.795710
vt 0.049160 0.698518
vt 0.085927 0.703013
vt 0.085837 0.656250
vt 0.055342 0.640368
vt 0.083740 0.612829
vt 0.054694 0.578049
vt 0.054122 0.531250
vt 0.021936 0.106731
vt 0.021216 0.218750
vt 0.032402 0.171992
vt 0.054694 0.421951
vt 0.052089 0.353872
vt 0.031775 0.734984
vt 0.039063 1.000000
vt 0.015634 0.968750
vt 0.054310 0.483678
vt 0.024142 0.453073
vt 0.023429 0.390723
vt 0.031860 0.827617
vt 0.011666 0.769103
vt 0.022696 0.328159
vt 0.050565 0.293367
vt 0.013971 0.262351
vt 0.024092 0.640368
vt 0.007166 0.891876
vt 0.003885 0.675138
vt 0.000000 0.832790
vt 0.000000 0.359353
vt 0.000000 0.312500
vt 0.000000 0.718750
vt 0.000000 0.187500
vt 0.022053 0.593750
vt 0.000000 0.578137
vt 0.023785 0.547673
vt 0.000000 0.515629
vt 0.000000 0.937500
vt 1.000000 0.769103
vt 0.983000 0.832790
vt 0.959067 0.796694
vt 1.000000 0.578137
vt 0.993572 0.625000
vt 0.976569 0.578049
vt 1.000000 0.515629
vt 0.975997 0.531250
vt 0.978805 0.488934
vt 1.000000 0.437416
vt 0.997672 0.106731
vt 0.971116 0.156250
vt 0.928277 0.125000
vt 0.983397 0.701855
vt 0.970262 0.734631
vt 0.936079 0.695777
vt 0.972091 0.232023
vt 0.933978 0.201497
vt 0.984726 0.187500
vt 0.953139 0.093750
vt 0.905756 0.062500
vt 0.990548 0.062500
vt 0.957741 0.481582
vt 0.945319 0.421951
vt 0.976569 0.421951
vt 0.960938 0.000000
vt 0.992876 0.031250
vt 0.877322 0.031250
vt 0.935016 0.762432
vt 0.939472 0.250000
vt 0.943928 0.593750
vt 0.928015 0.552112
vt 0.948036 0.544039
vt 0.937500 0.484371
vt 0.919183 0.937500
vt 0.883684 0.906250
vt 0.983786 0.891876
vt 0.911605 0.875000
vt 0.908603 0.843750
vt 0.908214 0.156250
vt 0.915447 0.437500
vt 0.914054 0.390723
vt 0.893461 0.798449
vt 0.945967 0.359632
vt 0.909464 0.331255
vt 0.911232 0.705406
vt 0.914717 0.640368
vt 0.945967 0.640368
vt 0.859404 0.093750
vt 0.915447 0.281250
vt 0.892576 0.250000
vt 0.912678 0.593750
vt 0.906250 0.546881
vt 0.898458 0.468750
vt 0.884197 0.437500
vt 0.882412 0.295579
vt 0.888380 0.736570
vt 0.882347 0.671009
vt 0.881140 0.552112
vt 0.890625 0.515629
vt 0.886418 0.385796
vt 0.859341 0.421957
vt 0.861318 0.351856
vt 0.897851 0.203329
vt 0.859263 0.234647
vt 0.866499 0.484510
vt 0.853900 0.292491
vt 0.859422 0.609260
vt 0.852267 0.546927
vt 0.817855 0.875000
vt 0.851553 0.734272
vt 0.835826 0.671736
vt 0.859375 0.671905
vt 0.939066 0.968750
vt 0.851562 1.000000
vt 0.843750 0.484371
vt 0.835274 0.390865
vt 0.827104 0.329475
vt 0.814011 0.617859
vt 0.834553 0.593750
vt 0.828125 0.546881
vt 0.828125 0.453119
vt 0.850881 0.797243
vt 0.830469 0.843750
vt 0.814969 0.799323
vt 0.821076 0.265644
vt 0.806072 0.562500
vt 0.803827 0.513903
vt 0.819501 0.500000
vt 0.805392 0.453073
vt 0.820682 0.735062
vt 0.806983 0.676667
vt 0.787678 0.531250
vt 0.825648 0.125000
vt 0.807956 0.385849
vt 0.781216 0.421957
vt 0.786817 0.354707
vt 0.803303 0.312500
vt 0.793038 0.262597
vt 0.819362 0.202791
vt 0.779257 0.169208
vt 0.846094 0.156250
vt 0.772760 0.484254
vt 0.774248 0.828173
vt 0.789062 0.000000
vt 0.773373 0.328253
vt 0.789826 0.734356
vt 0.770010 0.675652
vt 0.770720 0.232435
vt 0.773437 0.781250
vt 0.781216 0.578043
vt 0.781877 0.640508
vt 0.748573 0.611613
vt 0.617197 0.640514
vt 0.507822 0.640514
vt 0.488481 0.736857
vt 0.305330 0.718750
vt 0.304338 0.578886
vt 0.273429 0.390723
vt 0.197727 0.093750
vt 0.216772 0.679293
vt 0.117187 0.687500
vt 0.078125 0.421862
vt 0.022863 0.500000
vt 0.000000 0.437416
vt 0.000000 0.625000
vt 0.977217 0.359632
vt 1.000000 0.359353
vt 0.000000 0.156250
vt 0.980115 0.301318
vt 1.000000 0.262351
vt 1.000000 0.675138
vt 0.973964 0.646128
vt 1.000000 0.218750
vt 0.944991 0.297854
vt 0.915712 0.489690
vt 0.886418 0.614204
vt 0.859714 0.187500
s 1
f 5483/5962/5483 5494/5963/5494 5466/5964/5466
f 5464/5965/5464 5472/5966/5472 5473/5967/5473
f 5474/5968/5474 5482/5969/5482 5465/5970/5465
f 5475/5971/5475 5483/5962/5483 5939/5972/5939
f 5476/5973/5476 5527/5974/5527 5477/5975/5477
f 5473/5967/5473 5491/5976/5491 5474/5968/5474
f 5468/5977/5468 5478/5978/5478 5511/5979/5511
f 5482/5969/5482 5492/5980/5492 5475/5971/5475
f 5479/5981/5479 5480/5982/5480 5469/5983/5469
f 5480/5982/5480 5488/5984/5488 5470/5985/5470
f 5484/5986/5484 5498/5987/5498 5485/5988/5485
f 5472/5966/5472 5481/5989/5481 5490/5990/5490
f 5511/5979/5511 5512/5991/5512 5487/5992/5487
f 5487/5992/5487 5507/5993/5507 5479/5981/5479
f 5492/5980/5492 5493/5994/5493 5483/5962/5483
f 5479/5981/5479 5507/5993/5507 5495/5995/5495
f 5479/5981/5479 5495/5995/5495 5480/5982/5480
f 5494/5963/5494 5504/5996/5504 5484/5986/5484
f 5498/5987/5498 5505/5997/5505 5485/5988/5485
f 5489/5998/5489 5490/5990/5490 5481/5989/5481
f 5473/5967/5473 5490/5990/5490 5496/5999/5496
f 5478/5978/5478 5542/6000/5542 5557/6001/5557
f 5491/5976/5491 5497/6002/5497 5482/5969/5482
f 5492/5980/5492 5503/6003/5503 5493/5994/5493
f 5493/5994/5493 5504/5996/5504 5494/5963/5494
f 5495/5995/5495 5508/6004/5508 5488/5984/5488
f 5491/5976/5491 5496/5999/5496 5501/6005/5501
f 5497/6002/5497 5502/6006/5502 5492/5980/5492
f 5492/5980/5492 5502/6006/5502 5503/6003/5503
f 5498/5987/5498 5504/5996/5504 5520/6007/5520
f 5500/6008/5500 5509/6009/5509 5496/5999/5496
f 5476/5973/5476 5506/6010/5506 5526/6011/5526
f 5501/6005/5501 5502/6006/5502 5497/6002/5497
f 5493/5994/5493 5503/6003/5503 5510/6012/5510
f 5499/6013/5499 5508/6004/5508 5515/6014/5515
f 5505/5997/5505 5520/6007/5520 5521/6015/5521
f 5506/6010/5506 5521/6015/5521 5522/6016/5522
f 5501/6005/5501 5509/6009/5509 5517/6017/5517
f 5527/5974/5527 5577/6018/5577 5486/6019/5486
f 5501/6005/5501 5517/6017/5517 5502/6006/5502
f 5510/6012/5510 5519/6020/5519 5504/5996/5504
f 5513/6021/5513 5514/6022/5514 5508/6004/5508
f 5516/6023/5516 5524/6024/5524 5509/6009/5509
f 5512/5991/5512 5528/6025/5528 5507/5993/5507
f 5518/6026/5518 5525/6027/5525 5510/6012/5510
f 5517/6017/5517 5524/6024/5524 5532/6028/5532
f 5511/5979/5511 5557/6001/5557 5550/6029/5550
f 5511/5979/5511 5550/6029/5550 5512/5991/5512
f 5519/6020/5519 5525/6027/5525 5535/6030/5535
f 5534/6031/5534 5540/6032/5540 5525/6027/5525
f 5523/6033/5523 5528/6025/5528 5543/6034/5543
f 5536/6035/5536 5541/6036/5541 5521/6015/5521
f 5531/6037/5531 5539/6038/5539 5524/6024/5524
f 5522/6016/5522 5556/6039/5556 5526/6011/5526
f 5526/6011/5526 5556/6039/5556 5527/5974/5527
f 5533/6040/5533 5548/6041/5548 5534/6031/5534
f 5550/6029/5550 5572/6042/5572 5528/6025/5528
f 5528/6025/5528 5572/6042/5572 5558/6043/5558
f 5535/6030/5535 5540/6032/5540 5549/6044/5549
f 5523/6033/5523 5543/6034/5543 5544/6045/5544
f 5523/6033/5523 5544/6045/5544 5529/6046/5529
f 5532/6028/5532 5539/6038/5539 5547/6047/5547
f 5548/6041/5548 5554/6048/5554 5540/6032/5540
f 5555/6049/5555 5563/6050/5563 5541/6036/5541
f 5545/6051/5545 5552/6052/5552 5538/6053/5538
f 5541/6036/5541 5563/6050/5563 5571/6054/5571
f 5541/6036/5541 5571/6054/5571 5522/6016/5522
f 5552/6052/5552 5560/6055/5560 5546/6056/5546
f 5542/6000/5542 5578/6057/5578 5614/6058/5614
f 5546/6056/5546 5560/6055/5560 5553/6059/5553
f 5547/6047/5547 5561/6060/5561 5548/6041/5548
f 5543/6034/5543 5558/6043/5558 5559/6061/5559
f 5549/6044/5549 5554/6048/5554 5562/6062/5562
f 5551/6063/5551 5565/6064/5565 5552/6052/5552
f 5552/6052/5552 5565/6064/5565 5566/6065/5566
f 5556/6039/5556 5571/6054/5571 5601/6066/5601
f 5553/6059/5553 5560/6055/5560 5567/6067/5567
f 5557/6001/5557 5595/6068/5595 5550/6029/5550
f 5554/6048/5554 5561/6060/5561 5569/6069/5569
f 5563/6050/5563 5586/6070/5586 5571/6054/5571
f 5614/6058/5614 5638/6071/5638 5557/6001/5557
f 5567/6067/5567 5568/6072/5568 5561/6060/5561
f 5572/6042/5572 5573/6073/5573 5558/6043/5558
f 5558/6043/5558 5573/6073/5573 5559/6061/5559
f 5562/6062/5562 5569/6069/5569 5575/6074/5575
f 5567/6067/5567 5566/6065/5566 5582/6075/5582
f 5567/6067/5567 5582/6075/5582 5583/6076/5583
f 5567/6067/5567 5583/6076/5583 5568/6072/5568
f 5537/6077/5537 5577/6018/5577 5669/6078/5669
f 5793/6079/5793 5537/6077/5537 5669/6078/5669
f 5575/6074/5575 5585/6080/5585 5570/6081/5570
f 5574/6082/5574 5580/6083/5580 5564/6084/5564
f 5576/6085/5576 5586/6070/5586 5563/6050/5563
f 5571/6054/5571 5586/6070/5586 5600/6086/5600
f 5594/6087/5594 5627/6088/5627 5577/6018/5577
f 5579/6089/5579 5602/6090/5602 5572/6042/5572
f 5584/6091/5584 5592/6092/5592 5575/6074/5575
f 5575/6074/5575 5592/6092/5592 5585/6080/5585
f 5576/6085/5576 5585/6080/5585 5593/6093/5593
f 5584/6091/5584 5591/6094/5591 5592/6092/5592
f 5585/6080/5585 5592/6092/5592 5598/6095/5598
f 5586/6070/5586 5593/6093/5593 5599/6096/5599
f 5582/6075/5582 5590/6097/5590 5597/6098/5597
f 5583/6076/5583 5591/6094/5591 5584/6091/5584
f 5593/6093/5593 5598/6095/5598 5610/6099/5610
f 5596/6100/5596 5605/6101/5605 5589/6102/5589
f 5601/6066/5601 5622/6103/5622 5594/6087/5594
f 5597/6098/5597 5608/6104/5608 5591/6094/5591
f 5595/6068/5595 5623/6105/5623 5579/6089/5579
f 5603/6106/5603 5604/6107/5604 5596/6100/5596
f 5610/6099/5610 5613/6108/5613 5599/6096/5599
f 5597/6098/5597 5606/6109/5606 5607/6110/5607
f 5595/6068/5595 5638/6071/5638 5623/6105/5623
f 5602/6090/5602 5615/6111/5615 5587/6112/5587
f 5598/6095/5598 5609/6113/5609 5612/6114/5612
f 5604/6107/5604 5611/6115/5611 5605/6101/5605
f 5623/6105/5623 5628/6116/5628 5602/6090/5602
f 5603/6106/5603 5615/6111/5615 5629/6117/5629
f 5610/6099/5610 5612/6114/5612 5621/6118/5621
f 5610/6099/5610 5621/6118/5621 5637/6119/5637
f 5612/6114/5612 5620/6120/5620 5625/6121/5625
f 5604/6107/5604 5616/6122/5616 5630/6123/5630
f 5637/6119/5637 5643/6124/5643 5613/6108/5613
f 5613/6108/5613 5643/6124/5643 5644/6125/5644
f 5618/6126/5618 5633/6127/5633 5624/6128/5624
f 5618/6126/5618 5624/6128/5624 5619/6129/5619
f 5628/6116/5628 5639/6130/5639 5615/6111/5615
f 5625/6121/5625 5636/6131/5636 5621/6118/5621
f 5616/6122/5616 5629/6117/5629 5630/6123/5630
f 5630/6123/5630 5631/6132/5631 5611/6115/5611
f 5611/6115/5611 5631/6132/5631 5632/6133/5632
f 5611/6115/5611 5632/6133/5632 5617/6134/5617
f 5622/6103/5622 5626/6135/5626 5645/6136/5645
f 5635/6137/5635 5642/6138/5642 5625/6121/5625
f 5625/6121/5625 5642/6138/5642 5651/6139/5651
f 5644/6125/5644 5645/6136/5645 5626/6135/5626
f 5624/6128/5624 5633/6127/5633 5640/6140/5640
f 5638/6071/5638 5659/6141/5659 5623/6105/5623
f 5627/6088/5627 5668/6142/5668 5707/6143/5707
f 5636/6131/5636 5651/6139/5651 5652/6144/5652
f 5646/6145/5646 5647/6146/5647 5630/6123/5630
f 5647/6146/5647 5648/6147/5648 5631/6132/5631
f 5640/6140/5640 5641/6148/5641 5634/6149/5634
f 5652/6144/5652 5658/6150/5658 5643/6124/5643
f 5643/6124/5643 5658/6150/5658 5644/6125/5644
f 5648/6147/5648 5653/6151/5653 5649/6152/5649
f 5614/6058/5614 5708/6153/5708 5638/6071/5638
f 5640/6140/5640 5649/6152/5649 5650/6154/5650
f 5640/6140/5640 5650/6154/5650 5641/6148/5641
f 5670/6155/5670 5671/6156/5671 5628/6116/5628
f 5661/6157/5661 5662/6158/5662 5647/6146/5647
f 5648/6147/5648 5663/6159/5663 5664/6160/5664
f 5649/6152/5649 5653/6151/5653 5654/6161/5654
f 5646/6145/5646 5660/6162/5660 5661/6157/5661
f 5657/6163/5657 5672/6164/5672 5651/6139/5651
f 5654/6161/5654 5665/6165/5665 5655/6166/5655
f 5656/6167/5656 5666/6168/5666 5657/6163/5657
f 5657/6163/5657 5666/6168/5666 5672/6164/5672
f 5663/6159/5663 5662/6158/5662 5677/6169/5677
f 5667/6170/5667 5690/6171/5690 5658/6150/5658
f 5658/6150/5658 5690/6171/5690 5684/6172/5684
f 5614/6058/5614 5578/6173/5578 5799/6174/5799
f 5645/6136/5645 5673/6175/5673 5705/6176/5705
f 5707/6143/5707 5722/6177/5722 5669/6078/5669
f 5793/6178/5793 5669/6078/5669 5722/6177/5722
f 5674/6179/5674 5675/6180/5675 5660/6162/5660
f 5672/6164/5672 5683/6181/5683 5667/6170/5667
f 5667/6170/5667 5683/6181/5683 5689/6182/5689
f 5705/6176/5705 5706/6183/5706 5668/6142/5668
f 5654/6161/5654 5679/6184/5679 5680/6185/5680
f 5654/6161/5654 5680/6185/5680 5665/6165/5665
f 5672/6164/5672 5682/6186/5682 5697/6187/5697
f 5684/6172/5684 5704/6188/5704 5673/6175/5673
f 5659/6141/5659 5685/6189/5685 5670/6155/5670
f 5670/6155/5670 5685/6189/5685 5671/6156/5671
f 5675/6180/5675 5691/6190/5691 5692/6191/5692
f 5686/6192/5686 5693/6193/5693 5677/6169/5677
f 5684/6172/5684 5690/6171/5690 5703/6194/5703
f 5708/6153/5708 5709/6195/5709 5659/6141/5659
f 5688/6196/5688 5695/6197/5695 5681/6198/5681
f 5674/6179/5674 5685/6189/5685 5691/6190/5691
f 5674/6179/5674 5691/6190/5691 5675/6180/5675
f 5692/6191/5692 5698/6199/5698 5686/6192/5686
f 5689/6182/5689 5701/6200/5701 5702/6201/5702
f 5687/6202/5687 5694/6203/5694 5699/6204/5699
f 5685/6189/5685 5709/6195/5709 5715/6205/5715
f 5699/6204/5699 5700/6206/5700 5695/6197/5695
f 5691/6190/5691 5715/6205/5715 5716/6207/5716
f 5698/6199/5698 5710/6208/5710 5693/6193/5693
f 5704/6188/5704 5743/6209/5743 5705/6176/5705
f 5699/6204/5699 5711/6210/5711 5712/6211/5712
f 5701/6200/5701 5714/6212/5714 5719/6213/5719
f 5717/6214/5717 5723/6215/5723 5692/6191/5692
f 5712/6211/5712 5726/6216/5726 5727/6217/5727
f 5709/6195/5709 5708/6153/5708 5754/6218/5754
f 5713/6219/5713 5718/6220/5718 5728/6221/5728
f 5713/6219/5713 5728/6221/5728 5714/6212/5714
f 5714/6212/5714 5728/6221/5728 5719/6213/5719
f 5719/6213/5719 5728/6221/5728 5734/6222/5734
f 5719/6213/5719 5735/6223/5735 5720/6224/5720
f 5720/6224/5720 5735/6223/5735 5736/6225/5736
f 5720/6224/5720 5736/6225/5736 5721/6226/5721
f 5721/6226/5721 5736/6225/5736 5742/6227/5742
f 5721/6226/5721 5742/6227/5742 5704/6188/5704
f 5799/6174/5799 5760/6228/5760 5708/6153/5708
f 5727/6217/5727 5733/6229/5733 5718/6220/5718
f 5729/6230/5729 5737/6231/5737 5723/6215/5723
f 5730/6232/5730 5731/6233/5731 5725/6234/5725
f 5726/6216/5726 5738/6235/5738 5732/6236/5732
f 5754/6218/5754 5744/6237/5744 5715/6205/5715
f 5728/6221/5728 5733/6229/5733 5740/6238/5740
f 5730/6232/5730 5737/6231/5737 5747/6239/5747
f 5730/6232/5730 5747/6239/5747 5731/6233/5731
f 5731/6233/5731 5747/6239/5747 5748/6240/5748
f 5732/6236/5732 5738/6235/5738 5750/6241/5750
f 5722/6177/5722 5768/6242/5768 5844/6243/5844
f 5793/6244/5793 5722/6177/5722 5844/6243/5844
f 5740/6238/5740 5751/6245/5751 5734/6222/5734
f 5729/6230/5729 5745/6246/5745 5746/6247/5746
f 5742/6227/5742 5752/6248/5752 5759/6249/5759
f 5748/6240/5748 5749/6250/5749 5738/6235/5738
f 5750/6241/5750 5756/6251/5756 5739/6252/5739
f 5751/6245/5751 5758/6253/5758 5741/6254/5741
f 5746/6247/5746 5762/6255/5762 5737/6231/5737
f 5748/6240/5748 5763/6256/5763 5749/6250/5749
f 5749/6250/5749 5763/6256/5763 5764/6257/5764
f 5754/6218/5754 5769/6258/5769 5744/6237/5744
f 5745/6246/5745 5770/6259/5770 5777/6260/5777
f 5757/6261/5757 5766/6262/5766 5751/6245/5751
f 5751/6245/5751 5766/6262/5766 5758/6253/5758
f 5758/6253/5758 5767/6263/5767 5741/6254/5741
f 5747/6239/5747 5762/6255/5762 5755/6264/5755
f 5760/6228/5760 5807/6265/5807 5754/6218/5754
f 5764/6257/5764 5765/6266/5765 5756/6251/5756
f 5756/6251/5756 5765/6266/5765 5757/6261/5757
f 5757/6261/5757 5765/6266/5765 5766/6262/5766
f 5758/6253/5758 5766/6262/5766 5774/6267/5774
f 5776/6268/5776 5782/6269/5782 5759/6249/5759
f 5792/6270/5792 5843/6271/5843 5768/6242/5768
f 5761/6272/5761 5777/6260/5777 5783/6273/5783
f 5761/6272/5761 5771/6274/5771 5762/6255/5762
f 5774/6267/5774 5775/6275/5775 5767/6263/5767
f 5763/6256/5763 5773/6276/5773 5778/6277/5778
f 5782/6269/5782 5798/6278/5798 5759/6249/5759
f 5799/6174/5799 5812/6279/5812 5760/6228/5760
f 5769/6258/5769 5808/6280/5808 5770/6259/5770
f 5774/6267/5774 5781/6281/5781 5795/6282/5795
f 5783/6273/5783 5784/6283/5784 5771/6274/5771
f 5774/6267/5774 5795/6282/5795 5791/6284/5791
f 5774/6267/5774 5791/6284/5791 5775/6275/5775
f 5776/6268/5776 5775/6275/5775 5797/6285/5797
f 5792/6270/5792 5798/6278/5798 5811/6286/5811
f 5775/6275/5775 5791/6284/5791 5796/6287/5796
f 5779/6288/5779 5788/6289/5788 5789/6290/5789
f 5779/6288/5779 5789/6290/5789 5780/6291/5780
f 5769/6258/5769 5807/6265/5807 5808/6280/5808
f 5777/6260/5777 5808/6280/5808 5794/6292/5794
f 5784/6283/5784 5800/6293/5800 5785/6294/5785
f 5786/6295/5786 5801/6296/5801 5787/6297/5787
f 5787/6297/5787 5801/6296/5801 5802/6298/5802
f 5787/6297/5787 5802/6298/5802 5788/6289/5788
f 5788/6289/5788 5802/6298/5802 5803/6299/5803
f 5811/6286/5811 5833/6300/5833 5792/6270/5792
f 5797/6285/5797 5796/6287/5796 5829/6301/5829
f 5797/6285/5797 5821/6302/5821 5798/6278/5798
f 5805/6303/5805 5806/6304/5806 5795/6282/5795
f 5794/6292/5794 5814/6305/5814 5784/6283/5784
f 5799/6174/5799 5578/6306/5578 5889/6307/5889
f 5804/6308/5804 5818/6309/5818 5805/6303/5805
f 5805/6303/5805 5818/6309/5818 5819/6310/5819
f 5805/6303/5805 5819/6310/5819 5806/6304/5806
f 5794/6292/5794 5813/6311/5813 5822/6312/5822
f 5806/6304/5806 5819/6310/5819 5820/6313/5820
f 5810/6314/5810 5828/6315/5828 5796/6287/5796
f 5800/6293/5800 5815/6316/5815 5801/6296/5801
f 5807/6265/5807 5812/6279/5812 5845/6317/5845
f 5820/6313/5820 5828/6315/5828 5810/6314/5810
f 5800/6293/5800 5814/6305/5814 5823/6318/5823
f 5821/6302/5821 5833/6300/5833 5811/6286/5811
f 5845/6317/5845 5846/6319/5846 5813/6311/5813
f 5820/6313/5820 5827/6320/5827 5840/6321/5840
f 5814/6305/5814 5822/6312/5822 5830/6322/5830
f 5829/6301/5829 5842/6323/5842 5821/6302/5821
f 5816/6324/5816 5824/6325/5824 5809/6326/5809
f 5809/6326/5809 5824/6325/5824 5825/6327/5825
f 5812/6279/5812 5889/6307/5889 5894/6328/5894
f 5822/6329/5822 5846/6330/5846 5849/6331/5849
f 5824/6332/5824 5831/6333/5831 5836/6334/5836
f 5825/6335/5825 5837/6336/5837 5838/6337/5838
f 5825/6335/5825 5838/6337/5838 5826/6338/5826
f 5833/6339/5833 5857/6340/5857 5878/6341/5878
f 5830/6342/5830 5834/6343/5834 5850/6344/5850
f 5841/6345/5841 5861/6346/5861 5842/6347/5842
f 5863/6348/5863 5893/6349/5893 5843/6350/5843
f 5848/6351/5848 5854/6352/5854 5839/6353/5839
f 5793/6354/5793 5844/6355/5844 5879/6356/5879
f 5849/6331/5849 5858/6357/5858 5834/6343/5834
f 5860/6358/5860 5861/6346/5861 5841/6345/5841
f 5852/6359/5852 5859/6360/5859 5847/6361/5847
f 5848/6351/5848 5847/6361/5847 5853/6362/5853
f 5894/6363/5894 5904/6364/5904 5845/6365/5845
f 5872/6366/5872 5880/6367/5880 5846/6330/5846
f 5858/6357/5858 5850/6344/5850 5834/6343/5834
f 5861/6346/5861 5862/6368/5862 5857/6340/5857
f 5854/6352/5854 5869/6369/5869 5870/6370/5870
f 5849/6331/5849 5880/6367/5880 5881/6371/5881
f 5854/6352/5854 5870/6370/5870 5855/6372/5855
f 5855/6372/5855 5870/6370/5870 5876/6373/5876
f 5850/6344/5850 5858/6357/5858 5864/6374/5864
f 5850/6344/5850 5865/6375/5865 5851/6376/5851
f 5878/6341/5878 5916/6377/5916 5863/6348/5863
f 5871/6378/5871 5888/6379/5888 5860/6358/5860
f 5866/6380/5866 5867/6381/5867 5859/6360/5859
f 5874/6382/5874 5875/6383/5875 5869/6369/5869
f 5876/6373/5876 5887/6384/5887 5871/6378/5871
f 5864/6374/5864 5882/6385/5882 5883/6386/5883
f 5864/6374/5864 5883/6386/5883 5865/6375/5865
f 5867/6381/5867 5885/6387/5885 5873/6388/5873
f 5886/6389/5886 5875/6383/5875 5899/6390/5899
f 5886/6389/5886 5900/6391/5900 5876/6373/5876
f 5877/6392/5877 5888/6379/5888 5902/6393/5902
f 5873/6388/5873 5885/6387/5885 5892/6394/5892
f 5873/6388/5873 5892/6394/5892 5874/6382/5874
f 5887/6384/5887 5900/6391/5900 5901/6395/5901
f 5896/6396/5896 5897/6397/5897 5885/6387/5885
f 5872/6366/5872 5904/6364/5904 5926/6398/5926
f 5892/6394/5892 5899/6390/5899 5875/6383/5875
f 5899/6390/5899 5900/6391/5900 5886/6389/5886
f 5890/6399/5890 5905/6400/5905 5891/6401/5891
f 5889/6402/5889 5578/6403/5578 5542/6000/5542
f 5892/6394/5892 5897/6397/5897 5898/6404/5898
f 5893/6349/5893 5916/6377/5916 5486/6019/5486
f 5899/6390/5899 5909/6405/5909 5900/6391/5900
f 5901/6395/5901 5900/6391/5900 5913/6406/5913
f 5905/6400/5905 5920/6407/5920 5896/6396/5896
f 5906/6408/5906 5907/6409/5907 5897/6397/5897
f 5894/6363/5894 5542/6000/5542 5478/5978/5478
f 5898/6404/5898 5908/6410/5908 5899/6390/5899
f 5895/6411/5895 5917/6412/5917 5918/6413/5918
f 5909/6405/5909 5913/6406/5913 5900/6391/5900
f 5913/6406/5913 5914/6414/5914 5901/6395/5901
f 5901/6395/5901 5914/6414/5914 5902/6393/5902
f 5907/6409/5907 5911/6415/5911 5921/6416/5921
f 5478/5978/5478 5468/5977/5468 5904/6364/5904
f 5912/6417/5912 5922/6418/5922 5908/6410/5908
f 5910/6419/5910 5919/6420/5919 5905/6400/5905
f 5921/6416/5921 5911/6415/5911 5930/6421/5930
f 5916/6377/5916 5934/6422/5934 5477/5975/5477
f 5923/6423/5923 5922/6418/5922 5931/6424/5931
f 5913/6406/5913 5923/6423/5923 5932/6425/5932
f 5924/6426/5924 5933/6427/5933 5914/6414/5914
f 5925/6428/5925 5941/6429/5941 5915/6430/5915
f 5921/6416/5921 5938/6431/5938 5922/6418/5922
f 5486/6019/5486 5537/6077/5537 5879/6356/5879
f 5926/6398/5926 5927/6432/5927 5917/6412/5917
f 5793/6433/5793 5879/6356/5879 5537/6077/5537
f 5931/6424/5931 5932/6425/5932 5923/6423/5923
f 5924/6426/5924 5932/6425/5932 5940/6434/5940
f 5919/6420/5919 5928/6435/5928 5936/6436/5936
f 5467/6437/5467 5941/6429/5941 5925/6428/5925
f 5921/6416/5921 5930/6421/5930 5938/6431/5938
f 5931/6424/5931 5939/5972/5939 5932/6425/5932
f 5935/6438/5935 5469/5983/5469 5928/6435/5928
f 5466/5964/5466 5467/6437/5467 5933/6427/5933
f 5937/6439/5937 5929/6440/5929 5471/6441/5471
f 5934/6422/5934 5941/6429/5941 5476/5973/5476
f 5930/6421/5930 5937/6439/5937 5464/5965/5464
f 5926/6398/5926 5468/5977/5468 5487/5992/5487
f 5939/5972/5939 5483/5962/5483 5940/6434/5940
f 5936/6436/5936 5469/5983/5469 5470/5985/5470
f 5467/6437/5467 5485/5988/5485 5941/6429/5941
f 5471/6441/5471 5472/5966/5472 5937/6439/5937
f 5938/6431/5938 5464/5965/5464 5474/5968/5474
f 5938/6431/5938 5465/5970/5465 5931/6424/5931
f 5927/6432/5927 5487/5992/5487 5479/5981/5479
f 5469/5983/5469 5935/6438/5935 5479/5981/5479
f 5466/5964/5466 5494/5963/5494 5484/5986/5484
f 5470/5985/5470 5469/5983/5469 5480/5982/5480
f 5467/6437/5467 5484/5986/5484 5485/5988/5485
f 5472/5966/5472 5471/6441/5471 5481/5989/5481
f 5474/5968/5474 5464/5965/5464 5473/5967/5473
f 5465/5970/5465 5482/5969/5482 5475/5971/5475
f 5477/5975/5477 5527/5974/5527 5486/6019/5486
f 5474/5968/5474 5491/5976/5491 5482/5969/5482
f 5468/5977/5468 5511/5979/5511 5487/5992/5487
f 5475/5971/5475 5492/5980/5492 5483/5962/5483
f 5470/5985/5470 5488/5984/5488 5489/5998/5489
f 5471/6441/5471 5470/5985/5470 5489/5998/5489
f 5471/6441/5471 5489/5998/5489 5481/5989/5481
f 5472/5966/5472 5490/5990/5490 5473/5967/5473
f 5482/5969/5482 5497/6002/5497 5492/5980/5492
f 5494/5963/5494 5483/5962/5483 5493/5994/5493
f 5480/5982/5480 5495/5995/5495 5488/5984/5488
f 5484/5986/5484 5504/5996/5504 5498/5987/5498
f 5506/6010/5506 5485/5988/5485 5505/5997/5505
f 5473/5967/5473 5496/5999/5496 5491/5976/5491
f 5511/5979/5511 5478/5978/5478 5557/6001/5557
f 5507/5993/5507 5487/5992/5487 5512/5991/5512
f 5499/6013/5499 5500/6008/5500 5490/5990/5490 5489/5998/5489
f 5515/6014/5515 5516/6023/5516 5500/6008/5500 5499/6013/5499
f 5490/5990/5490 5500/6008/5500 5496/5999/5496
f 5491/5976/5491 5501/6005/5501 5497/6002/5497
f 5493/5994/5493 5510/6012/5510 5504/5996/5504
f 5495/5995/5495 5513/6021/5513 5508/6004/5508
f 5505/5997/5505 5498/5987/5498 5520/6007/5520
f 5505/5997/5505 5521/6015/5521 5506/6010/5506
f 5527/5974/5527 5476/5973/5476 5526/6011/5526
f 5501/6005/5501 5496/5999/5496 5509/6009/5509
f 5523/6033/5523 5495/5995/5495 5507/5993/5507 5528/6025/5528
f 5500/6008/5500 5516/6023/5516 5509/6009/5509
f 5526/6011/5526 5506/6010/5506 5522/6016/5522
f 5486/6019/5486 5577/6018/5577 5537/6077/5537
f 5502/6006/5502 5517/6017/5517 5518/6026/5518
f 5503/6003/5503 5502/6006/5502 5518/6026/5518
f 5503/6003/5503 5518/6026/5518 5510/6012/5510
f 5504/5996/5504 5519/6020/5519 5520/6007/5520
f 5517/6017/5517 5509/6009/5509 5524/6024/5524
f 5534/6031/5534 5518/6026/5518 5517/6017/5517 5532/6028/5532
f 5510/6012/5510 5525/6027/5525 5519/6020/5519
f 5513/6021/5513 5495/5995/5495 5523/6033/5523
f 5515/6014/5515 5508/6004/5508 5514/6022/5514
f 5516/6023/5516 5531/6037/5531 5524/6024/5524
f 5523/6033/5523 5529/6046/5529 5514/6022/5514 5513/6021/5513
f 5512/5991/5512 5550/6029/5550 5528/6025/5528
f 5518/6026/5518 5534/6031/5534 5525/6027/5525
f 5535/6030/5535 5536/6035/5536 5520/6007/5520 5519/6020/5519
f 5529/6046/5529 5530/6442/5530 5515/6014/5515 5514/6022/5514
f 5530/6442/5530 5531/6037/5531 5516/6023/5516 5515/6014/5515
f 5520/6007/5520 5536/6035/5536 5521/6015/5521
f 5549/6044/5549 5555/6049/5555 5536/6035/5536 5535/6030/5535
f 5521/6015/5521 5541/6036/5541 5522/6016/5522
f 5532/6028/5532 5524/6024/5524 5539/6038/5539
f 5577/6018/5577 5527/5974/5527 5556/6039/5556
f 5532/6028/5532 5533/6040/5533 5534/6031/5534
f 5535/6030/5535 5525/6027/5525 5540/6032/5540
f 5534/6031/5534 5548/6041/5548 5540/6032/5540
f 5543/6034/5543 5528/6025/5528 5558/6043/5558
f 5546/6056/5546 5539/6038/5539 5538/6053/5538 5552/6052/5552
f 5529/6046/5529 5544/6045/5544 5545/6051/5545
f 5530/6442/5530 5529/6046/5529 5545/6051/5545
f 5536/6035/5536 5555/6049/5555 5541/6036/5541
f 5530/6442/5530 5545/6051/5545 5538/6053/5538
f 5531/6037/5531 5530/6442/5530 5538/6053/5538
f 5531/6037/5531 5538/6053/5538 5539/6038/5539
f 5532/6028/5532 5547/6047/5547 5533/6040/5533
f 5549/6044/5549 5540/6032/5540 5554/6048/5554
f 5551/6063/5551 5545/6051/5545 5544/6045/5544 5564/6084/5564
f 5556/6039/5556 5522/6016/5522 5571/6054/5571
f 5547/6047/5547 5539/6038/5539 5546/6056/5546
f 5533/6040/5533 5547/6047/5547 5548/6041/5548
f 5549/6044/5549 5562/6062/5562 5570/6081/5570
f 5544/6045/5544 5559/6061/5559 5564/6084/5564
f 5555/6049/5555 5549/6044/5549 5570/6081/5570
f 5580/6083/5580 5581/6443/5581 5565/6064/5565 5564/6084/5564
f 5545/6051/5545 5551/6063/5551 5552/6052/5552
f 5542/6000/5542 5614/6058/5614 5557/6001/5557
f 5547/6047/5547 5546/6056/5546 5553/6059/5553
f 5577/6018/5577 5556/6039/5556 5594/6087/5594
f 5547/6047/5547 5553/6059/5553 5561/6060/5561
f 5550/6029/5550 5579/6089/5579 5572/6042/5572
f 5554/6048/5554 5548/6041/5548 5561/6060/5561
f 5544/6045/5544 5543/6034/5543 5559/6061/5559
f 5563/6050/5563 5555/6049/5555 5570/6081/5570
f 5552/6052/5552 5566/6065/5566 5560/6055/5560
f 5556/6039/5556 5601/6066/5601 5594/6087/5594
f 5553/6059/5553 5567/6067/5567 5561/6060/5561
f 5550/6029/5550 5595/6068/5595 5579/6089/5579
f 5562/6062/5562 5554/6048/5554 5569/6069/5569
f 5567/6067/5567 5560/6055/5560 5566/6065/5566
f 5557/6001/5557 5638/6071/5638 5595/6068/5595
f 5569/6069/5569 5561/6060/5561 5568/6072/5568
f 5559/6061/5559 5573/6073/5573 5574/6082/5574
f 5562/6062/5562 5575/6074/5575 5570/6081/5570
f 5559/6061/5559 5574/6082/5574 5564/6084/5564
f 5563/6050/5563 5570/6081/5570 5576/6085/5576
f 5565/6064/5565 5551/6063/5551 5564/6084/5564
f 5571/6054/5571 5600/6086/5600 5601/6066/5601
f 5568/6072/5568 5583/6076/5583 5584/6091/5584
f 5569/6069/5569 5568/6072/5568 5584/6091/5584
f 5569/6069/5569 5584/6091/5584 5575/6074/5575
f 5576/6085/5576 5570/6081/5570 5585/6080/5585
f 5581/6443/5581 5590/6097/5590 5566/6065/5566 5565/6064/5565
f 5587/6112/5587 5573/6073/5573 5572/6042/5572 5602/6090/5602
f 5669/6078/5669 5577/6018/5577 5627/6088/5627
f 5587/6112/5587 5588/6444/5588 5574/6082/5574 5573/6073/5573
f 5615/6111/5615 5603/6106/5603 5588/6444/5588 5587/6112/5587
f 5574/6082/5574 5588/6444/5588 5580/6083/5580
f 5576/6085/5576 5593/6093/5593 5586/6070/5586
f 5586/6070/5586 5599/6096/5599 5600/6086/5600
f 5582/6075/5582 5566/6065/5566 5590/6097/5590
f 5593/6093/5593 5585/6080/5585 5598/6095/5598
f 5580/6083/5580 5588/6444/5588 5596/6100/5596
f 5581/6443/5581 5580/6083/5580 5596/6100/5596
f 5581/6443/5581 5596/6100/5596 5589/6102/5589
f 5590/6097/5590 5581/6443/5581 5589/6102/5589
f 5583/6076/5583 5582/6075/5582 5597/6098/5597
f 5583/6076/5583 5597/6098/5597 5591/6094/5591
f 5598/6095/5598 5592/6092/5592 5609/6113/5609
f 5606/6109/5606 5590/6097/5590 5589/6102/5589 5605/6101/5605
f 5588/6444/5588 5603/6106/5603 5596/6100/5596
f 5593/6093/5593 5610/6099/5610 5599/6096/5599
f 5608/6104/5608 5609/6113/5609 5592/6092/5592 5591/6094/5591
f 5597/6098/5597 5590/6097/5590 5606/6109/5606
f 5594/6087/5594 5622/6103/5622 5627/6088/5627
f 5579/6089/5579 5623/6105/5623 5602/6090/5602
f 5613/6108/5613 5626/6135/5626 5600/6086/5600 5599/6096/5599
f 5610/6099/5610 5598/6095/5598 5612/6114/5612
f 5596/6100/5596 5604/6107/5604 5605/6101/5605
f 5622/6103/5622 5601/6066/5601 5600/6086/5600 5626/6135/5626
f 5617/6134/5617 5606/6109/5606 5605/6101/5605 5611/6115/5611
f 5597/6098/5597 5607/6110/5607 5608/6104/5608
f 5610/6099/5610 5637/6119/5637 5613/6108/5613
f 5617/6134/5617 5618/6126/5618 5607/6110/5607 5606/6109/5606
f 5619/6129/5619 5608/6104/5608 5607/6110/5607 5618/6126/5618
f 5619/6129/5619 5620/6120/5620 5609/6113/5609 5608/6104/5608
f 5633/6127/5633 5618/6126/5618 5617/6134/5617 5632/6133/5632
f 5615/6111/5615 5602/6090/5602 5628/6116/5628
f 5612/6114/5612 5609/6113/5609 5620/6120/5620
f 5603/6106/5603 5629/6117/5629 5616/6122/5616
f 5603/6106/5603 5616/6122/5616 5604/6107/5604
f 5613/6108/5613 5644/6125/5644 5626/6135/5626
f 5627/6088/5627 5622/6103/5622 5668/6142/5668
f 5615/6111/5615 5639/6130/5639 5629/6117/5629
f 5612/6114/5612 5625/6121/5625 5621/6118/5621
f 5604/6107/5604 5630/6123/5630 5611/6115/5611
f 5634/6149/5634 5635/6137/5635 5620/6120/5620 5619/6129/5619
f 5668/6142/5668 5622/6103/5622 5645/6136/5645
f 5619/6129/5619 5624/6128/5624 5634/6149/5634
f 5641/6148/5641 5642/6138/5642 5635/6137/5635 5634/6149/5634
f 5620/6120/5620 5635/6137/5635 5625/6121/5625
f 5621/6118/5621 5636/6131/5636 5637/6119/5637
f 5624/6128/5624 5640/6140/5640 5634/6149/5634
f 5623/6105/5623 5659/6141/5659 5670/6155/5670
f 5669/6078/5669 5627/6088/5627 5707/6143/5707
f 5623/6105/5623 5670/6155/5670 5628/6116/5628
f 5625/6121/5625 5651/6139/5651 5636/6131/5636
f 5629/6117/5629 5646/6145/5646 5630/6123/5630
f 5630/6123/5630 5647/6146/5647 5631/6132/5631
f 5646/6145/5646 5629/6117/5629 5639/6130/5639 5660/6162/5660
f 5673/6175/5673 5645/6136/5645 5644/6125/5644 5658/6150/5658
f 5637/6119/5637 5636/6131/5636 5652/6144/5652
f 5637/6119/5637 5652/6144/5652 5643/6124/5643
f 5632/6133/5632 5631/6132/5631 5648/6147/5648
f 5632/6133/5632 5648/6147/5648 5649/6152/5649
f 5633/6127/5633 5632/6133/5632 5649/6152/5649
f 5640/6140/5640 5633/6127/5633 5649/6152/5649
f 5651/6139/5651 5642/6138/5642 5657/6163/5657
f 5646/6145/5646 5661/6157/5661 5647/6146/5647
f 5647/6146/5647 5663/6159/5663 5648/6147/5648
f 5655/6166/5655 5656/6167/5656 5642/6138/5642 5641/6148/5641
f 5659/6141/5659 5638/6071/5638 5708/6153/5708
f 5641/6148/5641 5650/6154/5650 5655/6166/5655
f 5672/6164/5672 5667/6170/5667 5652/6144/5652 5651/6139/5651
f 5639/6130/5639 5628/6116/5628 5671/6156/5671
f 5642/6138/5642 5656/6167/5656 5657/6163/5657
f 5660/6162/5660 5639/6130/5639 5671/6156/5671
f 5665/6165/5665 5666/6168/5666 5656/6167/5656 5655/6166/5655
f 5663/6159/5663 5647/6146/5647 5662/6158/5662
f 5652/6144/5652 5667/6170/5667 5658/6150/5658
f 5648/6147/5648 5664/6160/5664 5653/6151/5653
f 5650/6154/5650 5649/6152/5649 5654/6161/5654
f 5650/6154/5650 5654/6161/5654 5655/6166/5655
f 5708/6153/5708 5614/6058/5614 5799/6174/5799
f 5668/6142/5668 5645/6136/5645 5705/6176/5705
f 5681/6198/5681 5682/6186/5682 5666/6168/5666 5665/6165/5665
f 5671/6156/5671 5674/6179/5674 5660/6162/5660
f 5658/6150/5658 5684/6172/5684 5673/6175/5673
f 5654/6161/5654 5653/6151/5653 5664/6160/5664
f 5665/6165/5665 5680/6185/5680 5681/6198/5681
f 5676/6445/5676 5686/6192/5686 5662/6158/5662 5661/6157/5661
f 5672/6164/5672 5666/6168/5666 5682/6186/5682
f 5661/6157/5661 5660/6162/5660 5675/6180/5675
f 5661/6157/5661 5675/6180/5675 5676/6445/5676
f 5677/6169/5677 5678/6446/5678 5664/6160/5664 5663/6159/5663
f 5677/6169/5677 5662/6158/5662 5686/6192/5686
f 5667/6170/5667 5689/6182/5689 5690/6171/5690
f 5679/6184/5679 5654/6161/5654 5664/6160/5664 5678/6446/5678
f 5693/6193/5693 5694/6203/5694 5678/6446/5678 5677/6169/5677
f 5707/6143/5707 5668/6142/5668 5706/6183/5706
f 5674/6179/5674 5671/6156/5671 5685/6189/5685
f 5672/6164/5672 5697/6187/5697 5683/6181/5683
f 5705/6176/5705 5673/6175/5673 5704/6188/5704
f 5680/6185/5680 5688/6196/5688 5681/6198/5681
f 5676/6445/5676 5675/6180/5675 5692/6191/5692
f 5683/6181/5683 5697/6187/5697 5701/6200/5701
f 5686/6192/5686 5676/6445/5676 5692/6191/5692
f 5683/6181/5683 5701/6200/5701 5689/6182/5689
f 5694/6203/5694 5687/6202/5687 5679/6184/5679 5678/6446/5678
f 5684/6172/5684 5703/6194/5703 5704/6188/5704
f 5695/6197/5695 5696/6447/5696 5682/6186/5682 5681/6198/5681
f 5680/6185/5680 5679/6184/5679 5687/6202/5687
f 5680/6185/5680 5687/6202/5687 5688/6196/5688
f 5685/6189/5685 5659/6141/5659 5709/6195/5709
f 5703/6194/5703 5690/6171/5690 5689/6182/5689 5702/6201/5702
f 5697/6187/5697 5682/6186/5682 5696/6447/5696
f 5686/6192/5686 5698/6199/5698 5693/6193/5693
f 5695/6197/5695 5688/6196/5688 5687/6202/5687 5699/6204/5699
f 5710/6208/5710 5711/6210/5711 5694/6203/5694 5693/6193/5693
f 5685/6189/5685 5715/6205/5715 5691/6190/5691
f 5700/6206/5700 5713/6219/5713 5696/6447/5696 5695/6197/5695
f 5699/6204/5699 5694/6203/5694 5711/6210/5711
f 5716/6207/5716 5717/6214/5717 5692/6191/5692 5691/6190/5691
f 5696/6447/5696 5713/6219/5713 5714/6212/5714
f 5697/6187/5697 5696/6447/5696 5714/6212/5714
f 5753/6448/5753 5706/6183/5706 5705/6176/5705 5743/6209/5743
f 5697/6187/5697 5714/6212/5714 5701/6200/5701
f 5753/6448/5753 5768/6242/5768 5707/6143/5707 5706/6183/5706
f 5718/6220/5718 5700/6206/5700 5699/6204/5699 5712/6211/5712
f 5720/6224/5720 5702/6201/5702 5701/6200/5701 5719/6213/5719
f 5722/6177/5722 5707/6143/5707 5768/6242/5768
f 5713/6219/5713 5700/6206/5700 5718/6220/5718
f 5723/6215/5723 5724/6449/5724 5698/6199/5698 5692/6191/5692
f 5720/6224/5720 5721/6226/5721 5703/6194/5703 5702/6201/5702
f 5698/6199/5698 5724/6449/5724 5710/6208/5710
f 5744/6237/5744 5745/6246/5745 5716/6207/5716 5715/6205/5715
f 5703/6194/5703 5721/6226/5721 5704/6188/5704
f 5712/6211/5712 5727/6217/5727 5718/6220/5718
f 5709/6195/5709 5754/6218/5754 5715/6205/5715
f 5710/6208/5710 5724/6449/5724 5725/6234/5725
f 5711/6210/5711 5710/6208/5710 5725/6234/5725
f 5711/6210/5711 5725/6234/5725 5726/6216/5726
f 5712/6211/5712 5711/6210/5711 5726/6216/5726
f 5728/6221/5728 5718/6220/5718 5733/6229/5733
f 5738/6235/5738 5726/6216/5726 5725/6234/5725 5731/6233/5731
f 5716/6207/5716 5745/6246/5745 5729/6230/5729
f 5717/6214/5717 5716/6207/5716 5729/6230/5729
f 5719/6213/5719 5734/6222/5734 5735/6223/5735
f 5717/6214/5717 5729/6230/5729 5723/6215/5723
f 5724/6449/5724 5730/6232/5730 5725/6234/5725
f 5743/6209/5743 5704/6188/5704 5742/6227/5742
f 5754/6218/5754 5708/6153/5708 5760/6228/5760
f 5728/6221/5728 5740/6238/5740 5734/6222/5734
f 5724/6449/5724 5723/6215/5723 5737/6231/5737
f 5724/6449/5724 5737/6231/5737 5730/6232/5730
f 5741/6254/5741 5735/6223/5735 5734/6222/5734 5751/6245/5751
f 5727/6217/5727 5726/6216/5726 5732/6236/5732
f 5727/6217/5727 5732/6236/5732 5733/6229/5733
f 5752/6248/5752 5736/6225/5736 5735/6223/5735 5741/6254/5741
f 5729/6230/5729 5746/6247/5746 5737/6231/5737
f 5739/6252/5739 5733/6229/5733 5732/6236/5732 5750/6241/5750
f 5736/6225/5736 5752/6248/5752 5742/6227/5742
f 5731/6233/5731 5748/6240/5748 5738/6235/5738
f 5759/6249/5759 5792/6270/5792 5743/6209/5743 5742/6227/5742
f 5740/6238/5740 5733/6229/5733 5739/6252/5739
f 5747/6239/5747 5737/6231/5737 5762/6255/5762
f 5755/6264/5755 5763/6256/5763 5748/6240/5748 5747/6239/5747
f 5743/6209/5743 5792/6270/5792 5753/6448/5753
f 5750/6241/5750 5738/6235/5738 5749/6250/5749
f 5739/6252/5739 5756/6251/5756 5757/6261/5757
f 5740/6238/5740 5739/6252/5739 5757/6261/5757
f 5745/6246/5745 5744/6237/5744 5770/6259/5770
f 5740/6238/5740 5757/6261/5757 5751/6245/5751
f 5759/6249/5759 5752/6248/5752 5776/6268/5776
f 5761/6272/5761 5746/6247/5746 5745/6246/5745 5777/6260/5777
f 5750/6241/5750 5749/6250/5749 5764/6257/5764
f 5768/6242/5768 5753/6448/5753 5792/6270/5792
f 5750/6241/5750 5764/6257/5764 5756/6251/5756
f 5744/6237/5744 5769/6258/5769 5770/6259/5770
f 5772/6450/5772 5773/6276/5773 5755/6264/5755 5762/6255/5762
f 5746/6247/5746 5761/6272/5761 5762/6255/5762
f 5752/6248/5752 5741/6254/5741 5767/6263/5767
f 5752/6248/5752 5767/6263/5767 5776/6268/5776
f 5754/6218/5754 5807/6265/5807 5769/6258/5769
f 5758/6253/5758 5774/6267/5774 5767/6263/5767
f 5780/6291/5780 5765/6266/5765 5764/6257/5764 5779/6288/5779
f 5763/6256/5763 5755/6264/5755 5773/6276/5773
f 5807/6265/5807 5760/6228/5760 5812/6279/5812
f 5780/6291/5780 5781/6281/5781 5766/6262/5766 5765/6266/5765
f 5768/6242/5768 5843/6271/5843 5844/6243/5844
f 5778/6277/5778 5779/6288/5779 5764/6257/5764 5763/6256/5763
f 5774/6267/5774 5766/6262/5766 5781/6281/5781
f 5761/6272/5761 5783/6273/5783 5771/6274/5771
f 5772/6450/5772 5762/6255/5762 5771/6274/5771
f 5767/6263/5767 5775/6275/5775 5776/6268/5776
f 5792/6270/5792 5759/6249/5759 5798/6278/5798
f 5786/6295/5786 5773/6276/5773 5772/6450/5772 5785/6294/5785
f 5777/6260/5777 5770/6259/5770 5808/6280/5808
f 5771/6274/5771 5784/6283/5784 5785/6294/5785
f 5772/6450/5772 5771/6274/5771 5785/6294/5785
f 5801/6296/5801 5786/6295/5786 5785/6294/5785 5800/6293/5800
f 5773/6276/5773 5786/6295/5786 5787/6297/5787
f 5776/6268/5776 5797/6285/5797 5782/6269/5782
f 5778/6277/5778 5773/6276/5773 5787/6297/5787
f 5777/6260/5777 5794/6292/5794 5783/6273/5783
f 5797/6285/5797 5775/6275/5775 5796/6287/5796
f 5782/6269/5782 5797/6285/5797 5798/6278/5798
f 5778/6277/5778 5787/6297/5787 5788/6289/5788
f 5779/6288/5779 5778/6277/5778 5788/6289/5788
f 5780/6291/5780 5789/6290/5789 5790/6451/5790
f 5781/6281/5781 5780/6291/5780 5790/6451/5790
f 5781/6281/5781 5790/6451/5790 5795/6282/5795
f 5796/6287/5796 5791/6284/5791 5810/6314/5810
f 5803/6299/5803 5804/6308/5804 5789/6290/5789 5788/6289/5788
f 5805/6303/5805 5790/6451/5790 5789/6290/5789 5804/6308/5804
f 5843/6271/5843 5792/6270/5792 5833/6300/5833
f 5806/6304/5806 5810/6314/5810 5791/6284/5791 5795/6282/5795
f 5790/6451/5790 5805/6303/5805 5795/6282/5795
f 5783/6273/5783 5794/6292/5794 5784/6283/5784
f 5815/6316/5815 5816/6324/5816 5802/6298/5802 5801/6296/5801
f 5797/6285/5797 5829/6301/5829 5821/6302/5821
f 5811/6286/5811 5798/6278/5798 5821/6302/5821
f 5794/6292/5794 5808/6280/5808 5813/6311/5813
f 5784/6283/5784 5814/6305/5814 5800/6293/5800
f 5817/6452/5817 5804/6308/5804 5803/6299/5803 5809/6326/5809
f 5802/6298/5802 5816/6324/5816 5809/6326/5809
f 5803/6299/5803 5802/6298/5802 5809/6326/5809
f 5799/6174/5799 5889/6307/5889 5812/6279/5812
f 5826/6453/5826 5818/6309/5818 5817/6452/5817 5825/6327/5825
f 5804/6308/5804 5817/6452/5817 5818/6309/5818
f 5794/6292/5794 5822/6312/5822 5814/6305/5814
f 5810/6314/5810 5806/6304/5806 5820/6313/5820
f 5829/6301/5829 5796/6287/5796 5828/6315/5828
f 5808/6280/5808 5807/6265/5807 5845/6317/5845
f 5808/6280/5808 5845/6317/5845 5813/6311/5813
f 5800/6293/5800 5823/6318/5823 5815/6316/5815
f 5831/6454/5831 5824/6325/5824 5816/6324/5816 5815/6316/5815
f 5819/6310/5819 5818/6309/5818 5826/6453/5826
f 5819/6310/5819 5826/6453/5826 5827/6320/5827
f 5813/6311/5813 5846/6319/5846 5822/6312/5822
f 5820/6313/5820 5819/6310/5819 5827/6320/5827
f 5820/6313/5820 5840/6321/5840 5828/6315/5828
f 5823/6318/5823 5814/6305/5814 5830/6322/5830
f 5815/6316/5815 5823/6318/5823 5831/6454/5831
f 5832/6455/5832 5827/6456/5827 5826/6338/5826 5839/6353/5839
f 5821/6302/5821 5842/6323/5842 5857/6457/5857
f 5833/6300/5833 5821/6302/5821 5857/6457/5857
f 5817/6452/5817 5809/6326/5809 5825/6327/5825
f 5812/6279/5812 5894/6328/5894 5845/6317/5845
f 5836/6334/5836 5837/6336/5837 5825/6335/5825 5824/6332/5824
f 5822/6329/5822 5849/6331/5849 5834/6343/5834
f 5840/6458/5840 5827/6456/5827 5832/6455/5832
f 5830/6342/5830 5822/6329/5822 5834/6343/5834
f 5828/6459/5828 5840/6458/5840 5841/6345/5841
f 5823/6460/5823 5830/6342/5830 5835/6461/5835
f 5829/6462/5829 5828/6459/5828 5841/6345/5841
f 5823/6460/5823 5835/6461/5835 5831/6333/5831
f 5829/6462/5829 5841/6345/5841 5842/6347/5842
f 5860/6358/5860 5841/6345/5841 5840/6458/5840 5856/6463/5856
f 5833/6339/5833 5863/6348/5863 5843/6350/5843
f 5826/6338/5826 5838/6337/5838 5839/6353/5839
f 5836/6334/5836 5831/6333/5831 5835/6461/5835
f 5863/6348/5863 5833/6339/5833 5878/6341/5878
f 5838/6337/5838 5848/6351/5848 5839/6353/5839
f 5851/6376/5851 5835/6461/5835 5830/6342/5830 5850/6344/5850
f 5851/6376/5851 5852/6359/5852 5836/6334/5836 5835/6461/5835
f 5848/6351/5848 5838/6337/5838 5837/6336/5837 5847/6361/5847
f 5842/6347/5842 5861/6346/5861 5857/6340/5857
f 5836/6334/5836 5852/6359/5852 5847/6361/5847
f 5837/6336/5837 5836/6334/5836 5847/6361/5847
f 5879/6356/5879 5844/6355/5844 5843/6350/5843 5893/6349/5893
f 5855/6372/5855 5832/6455/5832 5839/6353/5839 5854/6352/5854
f 5845/6365/5845 5872/6366/5872 5846/6330/5846
f 5855/6372/5855 5856/6463/5856 5840/6458/5840 5832/6455/5832
f 5865/6375/5865 5866/6380/5866 5852/6359/5852 5851/6376/5851
f 5845/6365/5845 5904/6364/5904 5872/6366/5872
f 5848/6351/5848 5853/6362/5853 5854/6352/5854
f 5849/6331/5849 5846/6330/5846 5880/6367/5880
f 5859/6360/5859 5868/6464/5868 5853/6362/5853 5847/6361/5847
f 5852/6359/5852 5866/6380/5866 5859/6360/5859
f 5878/6341/5878 5857/6340/5857 5862/6368/5862
f 5869/6369/5869 5854/6352/5854 5853/6362/5853 5868/6464/5868
f 5888/6379/5888 5877/6392/5877 5861/6346/5861 5860/6358/5860
f 5849/6331/5849 5881/6371/5881 5858/6357/5858
f 5856/6463/5856 5855/6372/5855 5876/6373/5876
f 5856/6463/5856 5876/6373/5876 5871/6378/5871
f 5860/6358/5860 5856/6463/5856 5871/6378/5871
f 5868/6464/5868 5859/6360/5859 5867/6381/5867
f 5893/6349/5893 5863/6348/5863 5916/6377/5916
f 5868/6464/5868 5874/6382/5874 5869/6369/5869
f 5858/6357/5858 5881/6371/5881 5882/6385/5882
f 5864/6374/5864 5858/6357/5858 5882/6385/5882
f 5850/6344/5850 5864/6374/5864 5865/6375/5865
f 5875/6383/5875 5886/6389/5886 5870/6370/5870 5869/6369/5869
f 5861/6346/5861 5877/6392/5877 5862/6368/5862
f 5868/6464/5868 5873/6388/5873 5874/6382/5874
f 5885/6387/5885 5867/6381/5867 5866/6380/5866 5884/6465/5884
f 5876/6373/5876 5870/6370/5870 5886/6389/5886
f 5888/6379/5888 5871/6378/5871 5887/6384/5887
f 5865/6375/5865 5883/6386/5883 5884/6465/5884
f 5866/6380/5866 5865/6375/5865 5884/6465/5884
f 5915/6430/5915 5862/6368/5862 5877/6392/5877 5903/6466/5903
f 5868/6464/5868 5867/6381/5867 5873/6388/5873
f 5887/6384/5887 5876/6373/5876 5900/6391/5900
f 5877/6392/5877 5902/6393/5902 5903/6466/5903
f 5915/6430/5915 5934/6422/5934 5878/6341/5878 5862/6368/5862
f 5884/6465/5884 5896/6396/5896 5885/6387/5885
f 5890/6399/5890 5882/6385/5882 5881/6371/5881 5895/6411/5895
f 5878/6341/5878 5934/6422/5934 5916/6377/5916
f 5874/6382/5874 5892/6394/5892 5875/6383/5875
f 5508/6004/5508 5499/6013/5499 5489/5998/5489 5488/5984/5488
f 5891/6401/5891 5883/6386/5883 5882/6385/5882 5890/6399/5890
f 5902/6393/5902 5888/6379/5888 5887/6384/5887 5901/6395/5901
f 5896/6396/5896 5884/6465/5884 5883/6386/5883 5891/6401/5891
f 5917/6412/5917 5880/6367/5880 5872/6366/5872 5926/6398/5926
f 5892/6394/5892 5885/6387/5885 5897/6397/5897
f 5917/6412/5917 5895/6411/5895 5881/6371/5881 5880/6367/5880
f 5907/6409/5907 5912/6417/5912 5898/6404/5898 5897/6397/5897
f 5891/6401/5891 5905/6400/5905 5896/6396/5896
f 5902/6393/5902 5925/6428/5925 5903/6466/5903
f 5896/6396/5896 5906/6408/5906 5897/6397/5897
f 5889/6402/5889 5542/6000/5542 5894/6363/5894
f 5893/6349/5893 5486/6019/5486 5879/6356/5879
f 5892/6394/5892 5898/6404/5898 5899/6390/5899
f 5925/6428/5925 5902/6393/5902 5914/6414/5914
f 5906/6408/5906 5896/6396/5896 5920/6407/5920
f 5903/6466/5903 5925/6428/5925 5915/6430/5915
f 5910/6419/5910 5890/6399/5890 5895/6411/5895 5918/6413/5918
f 5894/6363/5894 5478/5978/5478 5904/6364/5904
f 5898/6404/5898 5912/6417/5912 5908/6410/5908
f 5909/6405/5909 5899/6390/5899 5908/6410/5908
f 5911/6415/5911 5907/6409/5907 5906/6408/5906 5920/6407/5920
f 5890/6399/5890 5910/6419/5910 5905/6400/5905
f 5922/6418/5922 5923/6423/5923 5909/6405/5909 5908/6410/5908
f 5912/6417/5912 5907/6409/5907 5921/6416/5921
f 5926/6398/5926 5904/6364/5904 5468/5977/5468
f 5928/6435/5928 5910/6419/5910 5918/6413/5918 5935/6438/5935
f 5909/6405/5909 5923/6423/5923 5913/6406/5913
f 5913/6406/5913 5924/6426/5924 5914/6414/5914
f 5905/6400/5905 5919/6420/5919 5920/6407/5920
f 5916/6377/5916 5477/5975/5477 5486/6019/5486
f 5912/6417/5912 5921/6416/5921 5922/6418/5922
f 5933/6427/5933 5467/6437/5467 5925/6428/5925 5914/6414/5914
f 5924/6426/5924 5913/6406/5913 5932/6425/5932
f 5919/6420/5919 5910/6419/5910 5928/6435/5928
f 5466/5964/5466 5933/6427/5933 5924/6426/5924 5940/6434/5940
f 5919/6420/5919 5929/6440/5929 5920/6407/5920
f 5920/6407/5920 5937/6439/5937 5911/6415/5911
f 5934/6422/5934 5915/6430/5915 5941/6429/5941
f 5922/6418/5922 5938/6431/5938 5931/6424/5931
f 5918/6413/5918 5917/6412/5917 5927/6432/5927
f 5935/6438/5935 5918/6413/5918 5927/6432/5927
f 5470/5985/5470 5471/6441/5471 5929/6440/5929 5936/6436/5936
f 5919/6420/5919 5936/6436/5936 5929/6440/5929
f 5937/6439/5937 5920/6407/5920 5929/6440/5929
f 5930/6421/5930 5911/6415/5911 5937/6439/5937
f 5932/6425/5932 5939/5972/5939 5940/6434/5940
f 5936/6436/5936 5928/6435/5928 5469/5983/5469
f 5934/6422/5934 5476/5973/5476 5477/5975/5477
f 5930/6421/5930 5464/5965/5464 5938/6431/5938
f 5926/6398/5926 5487/5992/5487 5927/6432/5927
f 5940/6434/5940 5483/5962/5483 5466/5964/5466
f 5466/5964/5466 5484/5986/5484 5467/6437/5467
f 5465/5970/5465 5475/5971/5475 5939/5972/5939 5931/6424/5931
f 5941/6429/5941 5485/5988/5485 5506/6010/5506
f 5476/5973/5476 5941/6429/5941 5506/6010/5506
f 5464/5965/5464 5937/6439/5937 5472/5966/5472
f 5938/6431/5938 5474/5968/5474 5465/5970/5465
f 5935/6438/5935 5927/6432/5927 5479/5981/5479
o Boss_eye_right
v 0.153171 2.108318 0.358735
v 0.157107 2.067001 0.335788
v 0.154462 2.025325 0.330869
v 0.154037 1.931672 0.358667
v 0.163429 2.076795 0.338470
v 0.164263 2.046188 0.332281
v 0.165084 2.033911 0.331187
v 0.164005 2.002053 0.331476
v 0.164155 1.988952 0.332857
v 0.160455 1.950497 0.343212
v 0.164957 2.101569 0.350540
v 0.162480 2.094676 0.345818
v 0.164816 2.085798 0.341625
v 0.171959 2.058556 0.334365
v 0.173216 2.015573 0.331145
v 0.177058 1.998098 0.332412
v 0.170937 1.973376 0.335954
v 0.159651 1.936834 0.351810
v 0.171841 2.089662 0.343750
v 0.183653 2.083767 0.342522
v 0.172937 2.073685 0.337874
v 0.180594 2.050219 0.333693
v 0.181701 2.033240 0.332108
v 0.171260 1.947160 0.345268
v 0.158446 1.933667 0.355096
v 0.165257 2.106129 0.355176
v 0.185201 2.073078 0.339029
v 0.186770 2.062486 0.336569
v 0.194120 2.033224 0.333710
v 0.189916 2.020367 0.332711
v 0.189759 2.007112 0.333004
v 0.190027 1.990747 0.334670
v 0.184432 1.981101 0.335467
v 0.181456 1.965084 0.339025
v 0.183653 1.956232 0.342522
v 0.170573 1.940630 0.349276
v 0.181232 2.092812 0.346450
v 0.192370 2.050474 0.335147
v 0.201651 2.006327 0.335095
v 0.184647 1.943009 0.349750
v 0.175467 2.101706 0.351742
v 0.196582 2.073707 0.341241
v 0.201425 2.062484 0.339247
v 0.203411 2.050453 0.337300
v 0.204766 2.037595 0.336051
v 0.205785 2.025034 0.335517
v 0.202162 1.988498 0.337186
v 0.200215 1.973933 0.339819
v 0.195247 1.960065 0.343180
v 0.186843 1.950318 0.345831
v 0.158058 1.930366 0.361571
v 0.213104 2.043095 0.338743
v 0.212466 2.016820 0.337164
v 0.212101 1.998077 0.338284
v 0.170434 1.931565 0.359553
v 0.162366 2.109584 0.361629
v 0.198406 2.086650 0.347062
v 0.212149 2.066624 0.343361
v 0.215347 2.054498 0.341386
v 0.221536 2.025670 0.340053
v 0.220789 2.011159 0.339954
v 0.224816 1.998077 0.342660
v 0.214713 1.981435 0.342028
v 0.177705 1.936754 0.353650
v 0.174750 1.933871 0.356688
v 0.168165 2.108324 0.358966
v 0.193745 2.095154 0.351064
v 0.209307 2.077289 0.346315
v 0.224816 2.041923 0.342660
v 0.225456 1.981435 0.346525
v 0.210652 1.966775 0.345069
v 0.205599 1.956232 0.348094
v 0.186786 2.101590 0.354502
v 0.222513 2.066067 0.347584
v 0.226407 2.054498 0.345943
v 0.232665 2.041898 0.346541
v 0.232371 2.024428 0.344601
v 0.232479 2.011159 0.344942
v 0.215383 1.959331 0.350779
v 0.202236 1.950167 0.350387
v 0.204474 2.092449 0.353524
v 0.216209 2.081175 0.351629
v 0.235039 1.998077 0.347895
v 0.196276 1.942233 0.354429
v 0.179762 2.106234 0.358346
v 0.229961 2.066364 0.352456
v 0.236795 2.050392 0.351217
v 0.240677 2.033240 0.350508
v 0.241453 2.015572 0.350358
v 0.233683 1.981435 0.351733
v 0.224503 1.966980 0.351967
v 0.206506 1.945215 0.357769
v 0.186132 1.935102 0.359132
v 0.176726 2.108284 0.362726
v 0.195630 2.101187 0.358693
v 0.233943 2.066614 0.356660
v 0.241194 2.050361 0.355652
v 0.246123 2.024422 0.355071
v 0.242379 1.998077 0.353786
v 0.237935 1.981468 0.356000
v 0.208089 2.094890 0.359702
v 0.213408 2.090014 0.357586
v 0.224218 2.080592 0.357866
v 0.245522 2.037595 0.356559
v 0.247162 2.011159 0.357009
v 0.230078 1.966293 0.358030
v 0.216044 1.952236 0.357288
v 0.236737 2.066067 0.360838
v 0.244017 2.050392 0.360281
v 0.249131 2.024428 0.359973
v 0.246554 1.998077 0.360109
v 0.240645 1.981435 0.360432
v 0.201198 1.940532 0.361028
v 0.213643 2.092395 0.363942
v 0.226775 2.080537 0.364051
v 0.248213 2.037595 0.363061
v 0.249308 2.007991 0.363892
v 0.232310 1.966293 0.363359
v 0.223473 1.956232 0.362924
v 0.213446 1.947550 0.363164
v 0.237261 2.066364 0.366469
v 0.244825 2.050392 0.366601
v 0.249999 2.024428 0.366678
v 0.245090 1.990253 0.366383
v 0.237596 1.974437 0.367107
v 0.226109 1.959456 0.368687
v 0.197988 1.938203 0.363895
v 0.186156 2.106207 0.364457
v 0.197586 2.102027 0.364639
v 0.216533 2.089598 0.368187
v 0.226068 2.080528 0.368724
v 0.247513 2.037595 0.369638
v 0.248249 2.006382 0.369829
v 0.243657 1.988913 0.369999
v 0.186499 1.933884 0.364505
v 0.239107 2.058565 0.372507
v 0.243724 2.041981 0.374696
v 0.247408 2.024428 0.373317
v 0.234853 1.973643 0.372421
v 0.212450 1.947109 0.368421
v 0.200316 1.940638 0.370322
v 0.205544 2.097161 0.369002
v 0.230808 2.072008 0.372780
v 0.244776 2.015568 0.376533
v 0.243450 2.002405 0.376037
v 0.239950 1.989608 0.375889
v 0.227503 1.965718 0.374487
v 0.220019 1.956450 0.373241
v 0.177875 1.931708 0.365251
v 0.231505 2.062484 0.378141
v 0.236974 2.051502 0.378218
v 0.240718 2.028841 0.379835
v 0.237095 1.998102 0.380651
v 0.232587 1.980402 0.378646
v 0.193285 1.936824 0.368771
v 0.169128 1.930380 0.364430
v 0.192073 2.102149 0.372270
v 0.200231 2.095006 0.376338
v 0.214629 2.087636 0.374231
v 0.218653 2.080939 0.376953
v 0.234967 2.041583 0.382226
v 0.239577 2.015610 0.381106
v 0.225525 1.981435 0.383439
v 0.224252 1.969928 0.379609
v 0.217364 1.959456 0.378020
v 0.221583 2.072087 0.380365
v 0.225525 2.058565 0.383439
v 0.231551 2.011159 0.385534
v 0.230304 1.998077 0.384798
v 0.207608 1.948283 0.375319
v 0.202537 2.089506 0.379562
v 0.211388 2.066357 0.386973
v 0.222248 2.049253 0.387149
v 0.229073 2.033281 0.386507
v 0.226399 2.023829 0.388171
v 0.223018 2.006776 0.388953
v 0.219970 1.989639 0.387804
v 0.189276 1.938293 0.374311
v 0.182342 1.933783 0.370203
v 0.207283 2.080589 0.382968
v 0.210557 2.050392 0.390932
v 0.214315 1.973761 0.386036
v 0.207382 1.959399 0.382947
v 0.196631 1.945021 0.377974
v 0.188568 2.099469 0.376978
v 0.189767 2.092839 0.381749
v 0.200117 2.065500 0.390356
v 0.213143 2.033240 0.392241
v 0.214298 2.020000 0.392322
v 0.213143 2.006760 0.392241
v 0.210557 1.989608 0.390932
v 0.196279 1.950324 0.381799
v 0.168961 2.109665 0.365677
v 0.175069 2.108432 0.368559
v 0.180380 2.106345 0.371298
v 0.195021 2.080537 0.386626
v 0.201947 2.046213 0.393704
v 0.201221 1.998102 0.394289
v 0.200403 1.980402 0.391671
v 0.201184 1.967916 0.388215
v 0.191814 2.066773 0.391683
v 0.199103 2.025119 0.395838
v 0.197630 2.011159 0.395926
v 0.190411 1.965485 0.389723
v 0.189686 1.956453 0.386507
v 0.183583 1.947186 0.383127
v 0.176166 2.103239 0.376606
v 0.181470 2.089842 0.385049
v 0.184606 2.073973 0.390794
v 0.188570 2.050392 0.395393
v 0.190489 2.037595 0.396515
v 0.191089 2.020000 0.397135
v 0.189510 1.998077 0.396304
v 0.187523 1.981435 0.394165
v 0.172180 1.933874 0.373883
v 0.174823 2.097553 0.381580
v 0.178390 2.083793 0.388171
v 0.177072 2.041898 0.397575
v 0.181030 2.028841 0.398121
v 0.181851 2.015565 0.398190
v 0.177959 1.966056 0.391605
v 0.178704 1.940291 0.379453
v 0.173491 2.077289 0.390960
v 0.175251 2.066345 0.393833
v 0.172925 2.054498 0.396239
v 0.173075 2.006760 0.398544
v 0.173031 1.990253 0.396983
v 0.169699 1.974437 0.394331
v 0.171176 1.953174 0.387648
v 0.171636 1.936670 0.377357
v 0.164326 2.041923 0.398211
v 0.164428 2.024428 0.399199
v 0.155738 1.998077 0.398213
v 0.164805 1.985502 0.396570
v 0.167472 1.945000 0.383806
v 0.169105 1.931551 0.370773
v 0.161499 1.930380 0.368469
v 0.162308 2.092542 0.385377
v 0.159898 2.083793 0.389202
v 0.157211 2.073707 0.392506
v 0.159116 2.060560 0.395634
v 0.154823 2.011159 0.399015
v 0.154601 1.980402 0.395706
v 0.159315 1.965748 0.392403
v 0.162708 2.106250 0.374897
v 0.159698 2.103302 0.378078
v 0.144459 2.074459 0.391651
v 0.147494 2.050392 0.396922
v 0.146887 2.033240 0.398542
v 0.147555 2.020000 0.398909
v 0.139467 1.997378 0.397258
v 0.153656 1.956207 0.389082
v 0.156918 1.938402 0.379597
v 0.156460 2.099548 0.381094
v 0.136677 2.014330 0.398024
v 0.140482 1.985502 0.395740
v 0.141184 1.974500 0.393709
v 0.150827 1.950197 0.386435
v 0.150341 1.945095 0.383663
v 0.147273 2.092412 0.384873
v 0.140177 2.081711 0.388852
v 0.129641 2.066239 0.392119
v 0.136143 2.058648 0.394625
v 0.131245 2.042621 0.396337
v 0.130956 2.002405 0.396711
v 0.139232 1.965922 0.391307
v 0.137449 1.958714 0.388611
v 0.157273 1.933774 0.374939
v 0.160000 2.110000 0.365000
v 0.119981 2.050361 0.393427
v 0.125902 2.033278 0.396349
v 0.121480 2.015572 0.395954
v 0.125191 1.981435 0.393018
v 0.136267 1.947610 0.383315
v 0.144222 1.940595 0.379995
v 0.147194 2.104898 0.375458
v 0.132436 2.089662 0.384029
v 0.126319 2.080537 0.386931
v 0.121556 2.070072 0.389416
v 0.112776 2.025325 0.394109
v 0.118642 1.998019 0.394312
v 0.124770 1.965541 0.388789
v 0.157393 2.108417 0.371679
v 0.135723 2.097407 0.380009
v 0.111475 2.058565 0.389899
v 0.108555 2.042546 0.391829
v 0.106896 1.996905 0.391257
v 0.111010 1.985502 0.390562
v 0.113312 1.973642 0.388439
v 0.122665 1.958059 0.385504
v 0.118734 2.086785 0.381845
v 0.113233 2.074459 0.385720
v 0.100394 2.054121 0.387288
v 0.101112 2.034403 0.390365
v 0.102797 2.015559 0.391473
v 0.102432 1.981469 0.386898
v 0.125364 1.947584 0.380640
v 0.160000 1.930000 0.365000
v 0.103328 2.072971 0.382530
v 0.093239 2.028481 0.387756
v 0.094795 2.005879 0.388037
v 0.095840 1.994145 0.386946
v 0.104560 1.969928 0.384124
v 0.110656 1.959689 0.382227
v 0.131806 1.940440 0.377006
v 0.139419 1.936719 0.375545
v 0.151334 1.931676 0.370932
v 0.110879 2.086785 0.378462
v 0.094544 2.058565 0.383475
v 0.089584 2.042284 0.384669
v 0.087629 2.015572 0.385399
v 0.094544 1.981435 0.383475
v 0.136666 2.104868 0.372507
v 0.127150 2.099652 0.375112
v 0.119780 2.095121 0.376182
v 0.088183 2.058532 0.379604
v 0.082658 2.041584 0.380550
v 0.082575 2.025678 0.382434
v 0.084961 1.998077 0.382105
v 0.098215 1.966056 0.379254
v 0.116051 1.947142 0.376353
v 0.121633 1.940532 0.371950
v 0.104912 2.086785 0.374562
v 0.094848 2.073707 0.377032
v 0.078616 2.011159 0.379299
v 0.079254 1.998102 0.377718
v 0.103782 1.956207 0.376375
v 0.140019 1.933547 0.371231
v 0.156071 2.109655 0.368157
v 0.126665 2.103242 0.368282
v 0.083250 2.058565 0.375459
v 0.077591 2.042284 0.376055
v 0.075284 2.024783 0.376664
v 0.084581 1.982896 0.377532
v 0.086912 1.973642 0.374632
v 0.110396 1.947488 0.372714
v 0.144293 2.108294 0.368190
v 0.115534 2.097202 0.370295
v 0.101061 2.086785 0.370294
v 0.089922 2.073707 0.371970
v 0.080119 2.058531 0.371053
v 0.074054 2.005543 0.373771
v 0.076954 1.990747 0.372363
v 0.084034 1.973671 0.370400
v 0.093298 1.963030 0.372903
v 0.101061 1.953215 0.370294
v 0.128256 1.936771 0.370207
v 0.073218 2.040405 0.370181
v 0.070928 2.024040 0.370171
v 0.071197 2.011159 0.369706
v 0.143203 1.931718 0.367175
v 0.099476 2.086785 0.365823
v 0.087690 2.073707 0.366641
v 0.078565 2.058565 0.366542
v 0.070007 2.024421 0.365289
v 0.070936 2.006063 0.366404
v 0.073866 1.993825 0.366323
v 0.078565 1.981435 0.366542
v 0.087690 1.966293 0.366641
v 0.099476 1.953215 0.365823
v 0.110069 1.945216 0.367024
v 0.110094 2.095010 0.365121
v 0.083180 2.066329 0.361788
v 0.075572 2.050361 0.361829
v 0.072510 2.042101 0.364926
v 0.120971 2.101257 0.364118
v 0.070613 2.023682 0.360679
v 0.071732 2.006760 0.360017
v 0.076243 1.988498 0.360842
v 0.082969 1.974500 0.360698
v 0.093791 1.959463 0.361568
v 0.117528 1.940434 0.365055
v 0.142999 2.108324 0.362928
v 0.133779 2.106288 0.365430
v 0.104079 2.089662 0.360500
v 0.094594 2.081101 0.360625
v 0.085147 2.066358 0.357579
v 0.077626 2.050392 0.357142
v 0.073442 2.033240 0.356753
v 0.074908 2.020000 0.353746
v 0.085758 1.972967 0.357321
v 0.133727 1.933816 0.364564
v 0.128753 2.103242 0.359501
v 0.094258 2.077142 0.356305
v 0.075986 2.006760 0.353569
v 0.078675 1.989534 0.355688
v 0.096825 1.959463 0.356726
v 0.108098 1.947109 0.360533
v 0.125629 1.936754 0.363128
v 0.150955 1.930392 0.365739
v 0.112504 2.094827 0.358725
v 0.105602 2.086785 0.354884
v 0.090455 2.067315 0.352672
v 0.084467 2.054498 0.351729
v 0.081157 2.042284 0.350673
v 0.078293 2.024813 0.350616
v 0.082396 1.993825 0.350738
v 0.087413 1.980402 0.351354
v 0.092289 1.969928 0.352855
v 0.110832 2.083793 0.349616
v 0.099780 2.074079 0.349811
v 0.087313 2.041898 0.346553
v 0.083469 2.006760 0.347561
v 0.098121 1.972685 0.347753
v 0.102287 1.959463 0.352201
v 0.112867 1.947396 0.355397
v 0.122141 2.099427 0.357490
v 0.092322 2.058648 0.347725
v 0.085062 2.024441 0.345962
v 0.089921 1.998011 0.345140
v 0.092731 1.985502 0.346384
v 0.122475 1.940434 0.357440
v 0.118513 2.092423 0.351993
v 0.108735 2.074079 0.345639
v 0.102491 2.058648 0.343040
v 0.095141 2.041923 0.342678
v 0.094090 2.011159 0.341900
v 0.109967 1.959463 0.348169
v 0.116264 1.950338 0.351015
v 0.143532 1.931691 0.362317
v 0.138963 2.106184 0.359003
v 0.104778 2.041584 0.339208
v 0.096708 2.026394 0.340665
v 0.098496 1.997866 0.341330
v 0.102491 1.981352 0.343040
v 0.109497 1.972967 0.342942
v 0.135945 1.936413 0.355859
v 0.106318 2.015572 0.337499
v 0.128483 1.942567 0.352114
v 0.137710 2.103166 0.354888
v 0.136390 2.099580 0.351573
v 0.132169 2.094898 0.349172
v 0.121905 2.081330 0.344414
v 0.121397 2.074459 0.341979
v 0.115385 2.058365 0.338993
v 0.115033 2.041918 0.336491
v 0.114193 2.029208 0.335716
v 0.111026 1.998151 0.337395
v 0.117023 1.989031 0.337250
v 0.120881 1.973642 0.339639
v 0.122269 1.959408 0.344004
v 0.140238 1.933766 0.358346
v 0.151909 2.109608 0.363295
v 0.130925 2.089574 0.346191
v 0.127611 2.066358 0.338304
v 0.126213 2.042214 0.334394
v 0.121468 2.015572 0.334048
v 0.131306 1.950197 0.346220
v 0.135972 1.945216 0.348245
v 0.136147 2.081148 0.341512
v 0.142040 2.073474 0.338258
v 0.131632 2.054791 0.335327
v 0.130528 2.028841 0.332821
v 0.133871 2.015578 0.332273
v 0.129511 2.002405 0.333485
v 0.131430 1.989608 0.334608
v 0.134653 1.973642 0.337226
v 0.136754 1.959463 0.341194
v 0.145356 1.938490 0.351475
v 0.147840 2.092647 0.345197
v 0.144966 2.060350 0.334860
v 0.138330 2.041553 0.332756
v 0.142798 2.024098 0.331419
v 0.145790 1.973671 0.336133
v 0.151210 2.106243 0.355665
v 0.152784 2.101677 0.350693
v 0.150994 2.081479 0.340181
v 0.150655 2.041896 0.331977
v 0.147297 2.010796 0.331291
v 0.146751 1.998446 0.332104
v 0.147491 1.985788 0.333683
v 0.149799 1.959256 0.339971
v 0.151158 1.946644 0.345302
v 0.156241 2.054795 0.333449
v 0.160760 2.015578 0.330803
v 0.156206 1.973647 0.335652
v 0.164986 1.959060 0.339790
v 0.154050 1.940459 0.349071
vn -0.0681 0.8978 -0.4352
vn -0.0117 0.2293 -0.9733
vn -0.0235 0.0249 -0.9994
vn -0.0656 -0.8870 -0.4570
vn 0.0114 0.2936 -0.9558
vn 0.0236 0.1142 -0.9932
vn 0.0259 0.0586 -0.9979
vn 0.0142 -0.0760 -0.9970
vn 0.0194 -0.1417 -0.9897
vn 0.0049 -0.4193 -0.9078
vn 0.0390 0.6250 -0.7796
vn 0.0173 0.4954 -0.8685
vn 0.0263 0.3739 -0.9271
vn 0.0549 0.1830 -0.9816
vn 0.0585 -0.0165 -0.9982
vn 0.0758 -0.0980 -0.9923
vn 0.0505 -0.2232 -0.9735
vn 0.0047 -0.6723 -0.7403
vn 0.0770 0.4266 -0.9012
vn 0.1411 0.3731 -0.9170
vn 0.0670 0.2723 -0.9599
vn 0.0904 0.1310 -0.9872
vn 0.0910 0.0591 -0.9941
vn 0.0707 -0.4650 -0.8825
vn -0.0160 -0.7854 -0.6188
vn 0.0475 0.7821 -0.6213
vn 0.1323 0.2761 -0.9520
vn 0.1321 0.2108 -0.9686
vn 0.1559 0.0638 -0.9857
vn 0.1337 0.0002 -0.9910
vn 0.1357 -0.0574 -0.9891
vn 0.1433 -0.1351 -0.9804
vn 0.1162 -0.1881 -0.9752
vn 0.1160 -0.2879 -0.9506
vn 0.1305 -0.3756 -0.9176
vn 0.0710 -0.5835 -0.8090
vn 0.1455 0.4996 -0.8539
vn 0.1528 0.1411 -0.9781
vn 0.1977 -0.0641 -0.9782
vn 0.1899 -0.5769 -0.7944
vn 0.1273 0.6503 -0.7490
vn 0.2098 0.3074 -0.9282
vn 0.2196 0.2263 -0.9490
vn 0.2188 0.1562 -0.9632
vn 0.2207 0.0840 -0.9717
vn 0.2183 0.0228 -0.9756
vn 0.2092 -0.1577 -0.9651
vn 0.2134 -0.2473 -0.9451
vn 0.2162 -0.3594 -0.9078
vn 0.1826 -0.4618 -0.8680
vn -0.0211 -0.9662 -0.2570
vn 0.2824 0.1148 -0.9524
vn 0.2615 -0.0188 -0.9650
vn 0.2704 -0.1141 -0.9560
vn 0.1103 -0.9179 -0.3812
vn 0.0316 0.9670 -0.2526
vn 0.2623 0.4518 -0.8527
vn 0.3129 0.2763 -0.9087
vn 0.3163 0.1986 -0.9276
vn 0.3355 0.0342 -0.9414
vn 0.3366 -0.0491 -0.9404
vn 0.3832 -0.1331 -0.9140
vn 0.3163 -0.2205 -0.9227
vn 0.1540 -0.7192 -0.6775
vn 0.1355 -0.8185 -0.5583
vn 0.0820 0.9013 -0.4253
vn 0.2609 0.5938 -0.7612
vn 0.3295 0.3853 -0.8620
vn 0.3808 0.1258 -0.9161
vn 0.4391 -0.2610 -0.8597
vn 0.3276 -0.3357 -0.8832
vn 0.3091 -0.4425 -0.8418
vn 0.2373 0.7149 -0.6577
vn 0.4390 0.3213 -0.8391
vn 0.4397 0.2312 -0.8679
vn 0.4926 0.1442 -0.8583
vn 0.4563 0.0297 -0.8893
vn 0.4588 -0.0550 -0.8869
vn 0.4369 -0.4782 -0.7619
vn 0.3242 -0.5426 -0.7749
vn 0.3816 0.6199 -0.6856
vn 0.4526 0.4881 -0.7462
vn 0.5314 -0.1573 -0.8324
vn 0.3246 -0.6920 -0.6449
vn 0.2017 0.8633 -0.4626
vn 0.5749 0.3815 -0.7239
vn 0.6070 0.2443 -0.7562
vn 0.6218 0.1026 -0.7765
vn 0.6244 -0.0368 -0.7802
vn 0.5931 -0.3100 -0.7430
vn 0.5283 -0.4268 -0.7340
vn 0.4525 -0.7288 -0.5139
vn 0.2709 -0.8663 -0.4196
vn 0.1815 0.9682 -0.1719
vn 0.3612 0.8208 -0.4425
vn 0.7066 0.4395 -0.5546
vn 0.7437 0.2843 -0.6051
vn 0.7734 0.0382 -0.6327
vn 0.7138 -0.1923 -0.6734
vn 0.7280 -0.3594 -0.5838
vn 0.4921 0.7894 -0.3669
vn 0.5339 0.6832 -0.4982
vn 0.6391 0.5970 -0.4849
vn 0.8110 0.1691 -0.5601
vn 0.8396 -0.0867 -0.5363
vn 0.6901 -0.5288 -0.4941
vn 0.5418 -0.6482 -0.5350
vn 0.8210 0.4894 -0.2941
vn 0.8849 0.3289 -0.3297
vn 0.9370 0.0434 -0.3467
vn 0.9031 -0.2358 -0.3589
vn 0.8534 -0.4056 -0.3275
vn 0.4402 -0.8463 -0.2999
vn 0.5985 0.7961 -0.0897
vn 0.7368 0.6686 -0.1006
vn 0.9703 0.1930 -0.1460
vn 0.9883 -0.1283 -0.0828
vn 0.8005 -0.5864 -0.1235
vn 0.6954 -0.7009 -0.1587
vn 0.5895 -0.7974 -0.1290
vn 0.8535 0.5098 0.1080
vn 0.9314 0.3395 0.1311
vn 0.9905 0.0430 0.1304
vn 0.9430 -0.3262 0.0661
vn 0.8525 -0.4996 0.1538
vn 0.7109 -0.6512 0.2655
vn 0.4262 -0.9027 -0.0593
vn 0.2934 0.9556 -0.0277
vn 0.4147 0.9098 -0.0167
vn 0.6157 0.7473 0.2501
vn 0.7055 0.6476 0.2880
vn 0.9234 0.1906 0.3332
vn 0.9206 -0.1413 0.3640
vn 0.8617 -0.3197 0.3940
vn 0.2875 -0.9562 -0.0544
vn 0.7803 0.3749 0.5006
vn 0.7639 0.1993 0.6138
vn 0.8371 0.0422 0.5455
vn 0.7367 -0.4513 0.5035
vn 0.5677 -0.7845 0.2494
vn 0.4244 -0.8138 0.3970
vn 0.4816 0.8195 0.3106
vn 0.6815 0.5055 0.5292
vn 0.7352 -0.0409 0.6766
vn 0.7382 -0.1532 0.6570
vn 0.7090 -0.2685 0.6521
vn 0.6222 -0.4958 0.6058
vn 0.5748 -0.6188 0.5354
vn 0.1973 -0.9803 0.0137
vn 0.5815 0.3510 0.7340
vn 0.6195 0.2522 0.7434
vn 0.6134 0.0724 0.7864
vn 0.5696 -0.1638 0.8054
vn 0.5778 -0.3116 0.7543
vn 0.3542 -0.8934 0.2765
vn 0.1036 -0.9939 -0.0385
vn 0.3235 0.8189 0.4742
vn 0.3565 0.6519 0.6692
vn 0.5071 0.6290 0.5892
vn 0.4975 0.5099 0.7018
vn 0.5277 0.1523 0.8357
vn 0.5684 -0.0311 0.8222
vn 0.4452 -0.2573 0.8577
vn 0.4852 -0.3826 0.7862
vn 0.4552 -0.4838 0.7474
vn 0.4585 0.3859 0.8005
vn 0.4398 0.2586 0.8601
vn 0.4551 -0.0496 0.8891
vn 0.4559 -0.1454 0.8781
vn 0.4240 -0.6388 0.6420
vn 0.3299 0.5278 0.7827
vn 0.3110 0.2798 0.9083
vn 0.3671 0.1700 0.9145
vn 0.4191 0.0830 0.9042
vn 0.3816 0.0175 0.9242
vn 0.3511 -0.0755 0.9333
vn 0.3484 -0.1733 0.9212
vn 0.2698 -0.7516 0.6019
vn 0.2295 -0.8978 0.3759
vn 0.3213 0.4119 0.8527
vn 0.2766 0.1628 0.9471
vn 0.3362 -0.2870 0.8970
vn 0.3279 -0.4174 0.8475
vn 0.3002 -0.6133 0.7305
vn 0.2342 0.6693 0.7051
vn 0.2172 0.5160 0.8286
vn 0.2206 0.2450 0.9441
vn 0.2734 0.0700 0.9593
vn 0.2734 -0.0014 0.9619
vn 0.2702 -0.0653 0.9606
vn 0.2686 -0.1608 0.9497
vn 0.2635 -0.4945 0.8283
vn 0.0966 0.9938 0.0552
vn 0.1541 0.9503 0.2706
vn 0.2072 0.8717 0.4441
vn 0.2145 0.3652 0.9059
vn 0.2026 0.1278 0.9709
vn 0.1991 -0.1091 0.9739
vn 0.2080 -0.2035 0.9567
vn 0.2353 -0.2970 0.9254
vn 0.1621 0.2342 0.9586
vn 0.1862 0.0260 0.9822
vn 0.1767 -0.0422 0.9834
vn 0.1593 -0.2950 0.9421
vn 0.1783 -0.3856 0.9053
vn 0.1595 -0.4915 0.8562
vn 0.1362 0.7142 0.6866
vn 0.1347 0.4425 0.8866
vn 0.1356 0.2896 0.9475
vn 0.1333 0.1491 0.9798
vn 0.1401 0.0765 0.9872
vn 0.1357 0.0012 0.9908
vn 0.1324 -0.1014 0.9860
vn 0.1335 -0.1865 0.9733
vn 0.1213 -0.8028 0.5838
vn 0.1034 0.5592 0.8226
vn 0.1044 0.3725 0.9221
vn 0.0742 0.0936 0.9928
vn 0.0877 0.0392 0.9954
vn 0.0929 -0.0215 0.9954
vn 0.0933 -0.2824 0.9547
vn 0.1470 -0.6155 0.7743
vn 0.0640 0.3026 0.9510
vn 0.0744 0.2218 0.9722
vn 0.0596 0.1570 0.9858
vn 0.0539 -0.0577 0.9969
vn 0.0619 -0.1309 0.9895
vn 0.0494 -0.2166 0.9750
vn 0.0659 -0.3845 0.9208
vn 0.0923 -0.6901 0.7178
vn 0.0158 0.0934 0.9955
vn 0.0199 0.0195 0.9996
vn -0.0201 -0.0945 0.9953
vn 0.0184 -0.1552 0.9877
vn 0.0465 -0.5013 0.8640
vn 0.0925 -0.9107 0.4025
vn 0.0134 -0.9639 0.2659
vn 0.0195 0.4541 0.8907
vn -0.0028 0.3570 0.9341
vn -0.0175 0.2668 0.9636
vn -0.0083 0.1885 0.9820
vn -0.0218 -0.0390 0.9990
vn -0.0278 -0.1819 0.9829
vn -0.0042 -0.2761 0.9611
vn 0.0367 0.7900 0.6120
vn 0.0016 0.6737 0.7390
vn -0.0774 0.2733 0.9588
vn -0.0545 0.1354 0.9893
vn -0.0585 0.0571 0.9967
vn -0.0572 0.0031 0.9984
vn -0.0897 -0.1030 0.9906
vn -0.0317 -0.3517 0.9356
vn -0.0219 -0.6269 0.7788
vn -0.0313 0.5809 0.8134
vn -0.1001 -0.0210 0.9948
vn -0.0933 -0.1543 0.9836
vn -0.0910 -0.2212 0.9710
vn -0.0549 -0.4249 0.9036
vn -0.0618 -0.5062 0.8602
vn -0.0829 0.4624 0.8828
vn -0.1107 0.3479 0.9310
vn -0.1561 0.2380 0.9586
vn -0.1077 0.1841 0.9770
vn -0.1277 0.1048 0.9863
vn -0.1358 -0.0846 0.9871
vn -0.1075 -0.2799 0.9540
vn -0.1294 -0.3597 0.9240
vn -0.0304 -0.7829 0.6214
vn -0.0006 1.0000 0.0002
vn -0.1949 0.1483 0.9696
vn -0.1543 0.0559 0.9864
vn -0.1791 -0.0220 0.9836
vn -0.1727 -0.1890 0.9667
vn -0.1596 -0.4845 0.8601
vn -0.1251 -0.6069 0.7849
vn -0.1192 0.7495 0.6512
vn -0.1834 0.4609 0.8683
vn -0.2012 0.3610 0.9106
vn -0.2132 0.2778 0.9367
vn -0.2297 0.0284 0.9729
vn -0.1966 -0.1047 0.9749
vn -0.1975 -0.2989 0.9336
vn -0.0228 0.8873 0.4606
vn -0.1832 0.5916 0.7852
vn -0.2653 0.2165 0.9395
vn -0.2605 0.1144 0.9587
vn -0.2764 -0.1186 0.9537
vn -0.2608 -0.1831 0.9479
vn -0.2644 -0.2688 0.9262
vn -0.2379 -0.3913 0.8890
vn -0.2903 0.4737 0.8315
vn -0.2970 0.3375 0.8933
vn -0.3510 0.2020 0.9143
vn -0.3200 0.0773 0.9443
vn -0.2953 -0.0248 0.9551
vn -0.3421 -0.2266 0.9119
vn -0.2597 -0.5349 0.8040
vn -0.0000 -1.0000 0.0002
vn -0.3970 0.3685 0.8406
vn -0.3921 0.0477 0.9187
vn -0.3778 -0.0801 0.9224
vn -0.3850 -0.1563 0.9096
vn -0.3608 -0.3305 0.8721
vn -0.3435 -0.4266 0.8367
vn -0.2451 -0.6696 0.7011
vn -0.1769 -0.7420 0.6466
vn -0.0843 -0.8963 0.4354
vn -0.3946 0.5218 0.7563
vn -0.4462 0.2657 0.8546
vn -0.4508 0.1422 0.8812
vn -0.4549 -0.0307 0.8900
vn -0.4515 -0.2630 0.8526
vn -0.2299 0.8303 0.5077
vn -0.2907 0.7223 0.6275
vn -0.3511 0.6441 0.6796
vn -0.5513 0.2946 0.7806
vn -0.5767 0.1632 0.8005
vn -0.5440 0.0446 0.8379
vn -0.5208 -0.1531 0.8398
vn -0.4863 -0.4138 0.7696
vn -0.3710 -0.6164 0.6946
vn -0.3809 -0.7916 0.4777
vn -0.5048 0.6041 0.6166
vn -0.5460 0.4525 0.7051
vn -0.6303 -0.0655 0.7736
vn -0.6682 -0.1833 0.7210
vn -0.4807 -0.5479 0.6846
vn -0.2047 -0.8736 0.4415
vn -0.0394 0.9717 0.2329
vn -0.3588 0.8907 0.2791
vn -0.6875 0.3404 0.6415
vn -0.7227 0.1927 0.6638
vn -0.7312 0.0427 0.6808
vn -0.6196 -0.3068 0.7224
vn -0.6649 -0.4201 0.6176
vn -0.4871 -0.7162 0.4998
vn -0.1691 0.9509 0.2593
vn -0.4631 0.7984 0.3849
vn -0.6130 0.6874 0.3896
vn -0.7007 0.5372 0.4694
vn -0.8211 0.3892 0.4175
vn -0.8156 -0.1322 0.5633
vn -0.8219 -0.2903 0.4901
vn -0.7887 -0.4705 0.3957
vn -0.6478 -0.5584 0.5183
vn -0.6184 -0.6869 0.3818
vn -0.3297 -0.8719 0.3622
vn -0.8937 0.2133 0.3948
vn -0.9193 0.0470 0.3908
vn -0.9247 -0.0887 0.3703
vn -0.1928 -0.9671 0.1658
vn -0.6722 0.7355 0.0845
vn -0.7956 0.5928 0.1248
vn -0.8963 0.4250 0.1264
vn -0.9987 0.0481 0.0136
vn -0.9835 -0.1560 0.0919
vn -0.9534 -0.2820 0.1070
vn -0.8964 -0.4270 0.1188
vn -0.7946 -0.5959 0.1163
vn -0.6750 -0.7352 0.0620
vn -0.5489 -0.8186 0.1692
vn -0.5550 0.8317 0.0152
vn -0.8336 0.5005 -0.2338
vn -0.9078 0.3275 -0.2620
vn -0.9710 0.2388 -0.0135
vn -0.4358 0.8964 -0.0806
vn -0.9455 0.0341 -0.3238
vn -0.9220 -0.1384 -0.3616
vn -0.8947 -0.3281 -0.3032
vn -0.8244 -0.4864 -0.2895
vn -0.7154 -0.6496 -0.2573
vn -0.4735 -0.8807 0.0152
vn -0.1892 0.9684 -0.1626
vn -0.2900 0.9566 0.0273
vn -0.5925 0.7362 -0.3271
vn -0.6986 0.6429 -0.3140
vn -0.7386 0.4487 -0.5032
vn -0.7966 0.2930 -0.5287
vn -0.8302 0.1344 -0.5410
vn -0.7473 -0.0065 -0.6644
vn -0.7186 -0.4547 -0.5262
vn -0.2912 -0.9564 -0.0210
vn -0.3213 0.8681 -0.3784
vn -0.6120 0.5371 -0.5805
vn -0.7298 -0.1112 -0.6746
vn -0.7558 -0.2811 -0.5914
vn -0.6032 -0.5841 -0.5431
vn -0.5509 -0.7681 -0.3264
vn -0.3764 -0.9113 -0.1667
vn -0.0985 -0.9936 0.0560
vn -0.4799 0.7600 -0.4383
vn -0.4928 0.5975 -0.6326
vn -0.5888 0.3931 -0.7062
vn -0.6155 0.2800 -0.7367
vn -0.6182 0.1697 -0.7675
vn -0.6293 0.0392 -0.7762
vn -0.5992 -0.2017 -0.7748
vn -0.5776 -0.3086 -0.7558
vn -0.5666 -0.4230 -0.7071
vn -0.3622 0.4803 -0.7989
vn -0.4563 0.4066 -0.7915
vn -0.4859 0.1444 -0.8620
vn -0.5363 -0.0857 -0.8397
vn -0.4322 -0.3364 -0.8367
vn -0.4730 -0.4984 -0.7266
vn -0.4376 -0.6585 -0.6123
vn -0.3644 0.7674 -0.5275
vn -0.4674 0.2664 -0.8429
vn -0.4904 0.0298 -0.8710
vn -0.4544 -0.1462 -0.8787
vn -0.4546 -0.2298 -0.8605
vn -0.3697 -0.7871 -0.4937
vn -0.3320 0.5907 -0.7354
vn -0.3327 0.3405 -0.8794
vn -0.3398 0.2303 -0.9119
vn -0.3864 0.1318 -0.9129
vn -0.3831 -0.0483 -0.9225
vn -0.3489 -0.4247 -0.8354
vn -0.3365 -0.5411 -0.7707
vn -0.1794 -0.9623 -0.2044
vn -0.2139 0.8830 -0.4179
vn -0.2943 0.1154 -0.9487
vn -0.3501 0.0385 -0.9359
vn -0.3429 -0.1266 -0.9308
vn -0.3367 -0.2230 -0.9148
vn -0.2973 -0.2829 -0.9119
vn -0.2200 -0.7776 -0.5890
vn -0.2708 -0.0232 -0.9624
vn -0.2590 -0.6265 -0.7351
vn -0.2039 0.7501 -0.6290
vn -0.1887 0.6370 -0.7474
vn -0.2050 0.5503 -0.8094
vn -0.2420 0.3942 -0.8866
vn -0.2234 0.3028 -0.9265
vn -0.2369 0.2012 -0.9505
vn -0.2245 0.1091 -0.9684
vn -0.2223 0.0425 -0.9740
vn -0.2451 -0.1078 -0.9635
vn -0.2146 -0.1616 -0.9633
vn -0.2094 -0.2470 -0.9461
vn -0.2339 -0.3697 -0.8992
vn -0.1965 -0.8662 -0.4595
vn -0.0905 0.9882 -0.1232
vn -0.1945 0.4623 -0.8651
vn -0.1647 0.2394 -0.9568
vn -0.1602 0.1048 -0.9815
vn -0.1808 -0.0227 -0.9833
vn -0.1922 -0.4596 -0.8671
vn -0.1619 -0.5394 -0.8264
vn -0.1362 0.3510 -0.9264
vn -0.0922 0.2719 -0.9579
vn -0.1378 0.1649 -0.9766
vn -0.1351 0.0412 -0.9900
vn -0.1126 -0.0234 -0.9934
vn -0.1397 -0.0796 -0.9870
vn -0.1346 -0.1440 -0.9804
vn -0.1313 -0.2341 -0.9633
vn -0.1305 -0.3399 -0.9314
vn -0.1208 -0.6571 -0.7441
vn -0.0801 0.4658 -0.8812
vn -0.0744 0.1868 -0.9796
vn -0.0910 0.0963 -0.9912
vn -0.0736 0.0215 -0.9971
vn -0.0732 -0.2280 -0.9709
vn -0.0797 0.7855 -0.6136
vn -0.0615 0.6322 -0.7724
vn -0.0484 0.3388 -0.9396
vn -0.0415 0.0944 -0.9947
vn -0.0546 -0.0412 -0.9977
vn -0.0577 -0.0918 -0.9941
vn -0.0572 -0.1563 -0.9861
vn -0.0570 -0.3273 -0.9432
vn -0.0607 -0.4716 -0.8797
vn -0.0186 0.1554 -0.9877
vn 0.0023 -0.0204 -0.9998
vn -0.0147 -0.2241 -0.9744
vn 0.0293 -0.3268 -0.9446
vn -0.0405 -0.5722 -0.8191
vt 0.754794 0.675425
vt 0.720135 0.700991
vt 0.726600 0.640459
vt 0.748745 0.218750
vt 0.716200 0.200648
vt 0.778810 0.197484
vt 0.708474 0.968750
vt 0.674480 0.937500
vt 0.812564 0.937500
vt 0.759502 0.093750
vt 0.649938 0.062500
vt 0.804672 0.062500
vt 0.739133 0.757563
vt 0.742170 0.812500
vt 0.716780 0.781250
vt 0.742217 0.389386
vt 0.726955 0.326727
vt 0.757860 0.328298
vt 0.742188 0.718750
vt 0.742781 0.437500
vt 0.718750 0.421874
vt 0.702061 0.357247
vt 0.700535 0.291557
vt 0.738424 0.263769
vt 0.711089 0.609072
vt 0.742127 0.593750
vt 0.726566 0.484400
vt 0.689451 0.750000
vt 0.689455 0.250000
vt 0.695313 0.656250
vt 0.710179 0.156250
vt 0.664873 0.125000
vt 0.751636 0.125000
vt 0.710983 0.545540
vt 0.696124 0.500000
vt 0.718114 0.906250
vt 0.683513 0.861165
vt 0.731322 0.859991
vt 0.695662 0.454955
vt 0.691905 0.394749
vt 0.692321 0.699467
vt 0.672160 0.218750
vt 0.687524 0.609241
vt 0.687500 0.546882
vt 0.655598 0.093750
vt 0.665447 0.562500
vt 0.666263 0.519069
vt 0.615368 0.906250
vt 0.663735 0.329113
vt 0.664695 0.702867
vt 0.651808 0.488577
vt 0.671875 0.451497
vt 0.683730 0.799696
vt 0.641054 0.763970
vt 0.662678 0.656250
vt 0.664156 0.609188
vt 0.626005 0.859604
vt 0.526194 0.031250
vt 0.784170 0.031250
vt 0.648438 0.000000
vt 0.648444 0.421952
vt 0.632823 0.359487
vt 0.667454 0.386633
vt 0.624793 0.718750
vt 0.660854 0.268417
vt 0.628321 0.302091
vt 0.623044 0.250000
vt 0.631428 0.468750
vt 0.617194 0.421952
vt 0.660533 0.174709
vt 0.617522 0.218750
vt 0.604422 0.169913
vt 0.644859 0.583085
vt 0.634197 0.625000
vt 0.617194 0.578048
vt 0.601573 0.359487
vt 0.631603 0.812500
vt 0.593610 0.796320
vt 0.589282 0.736967
vt 0.632463 0.672295
vt 0.601235 0.670887
vt 0.617188 1.000000
vt 0.468463 0.968750
vt 0.585528 0.109571
vt 0.629266 0.520741
vt 0.601564 0.515607
vt 0.576095 0.301117
vt 0.602947 0.625000
vt 0.593750 0.578137
vt 0.554766 0.937500
vt 0.600178 0.468750
vt 0.585944 0.421952
vt 0.570302 0.671760
vt 0.593534 0.266022
vt 0.555179 0.229046
vt 0.567713 0.856960
vt 0.570323 0.359487
vt 0.561794 0.187500
vt 0.539535 0.156250
vt 0.570314 0.484392
vt 0.554694 0.421952
vt 0.544908 0.812500
vt 0.555771 0.781250
vt 0.545231 0.734277
vt 0.511981 0.137485
vt 0.570308 0.546827
vt 0.540447 0.562500
vt 0.546875 0.515627
vt 0.508693 0.906250
vt 0.537678 0.468750
vt 0.546875 0.359353
vt 0.546875 0.673040
vt 0.505178 0.863569
vt 0.523444 0.421952
vt 0.523110 0.670887
vt 0.539814 0.296906
vt 0.513653 0.250000
vt 0.515500 0.203429
vt 0.523439 0.515608
vt 0.507819 0.796805
vt 0.523448 0.359487
vt 0.508564 0.296906
vt 0.523429 0.609277
vt 0.509197 0.562500
vt 0.504266 0.458243
vt 0.494335 0.394249
vt 0.488302 0.331590
vt 0.507049 0.734356
vt 0.492177 0.671760
vt 0.492189 0.515608
vt 0.411495 0.937500
vt 0.492179 0.609277
vt 0.477947 0.562500
vt 0.476910 0.452326
vt 0.454747 0.695170
vt 0.460948 0.640513
vt 0.453091 0.578043
vt 0.472879 0.201711
vt 0.446787 0.156250
vt 0.461603 0.515745
vt 0.474365 0.387171
vt 0.460294 0.328387
vt 0.476493 0.734211
vt 0.507788 0.093750
vt 0.453922 0.125000
vt 0.412490 0.093750
vt 0.391320 0.906250
vt 0.445310 0.484379
vt 0.476563 0.781250
vt 0.464795 0.826668
vt 0.434825 0.770558
vt 0.442854 0.293258
vt 0.476557 0.266441
vt 0.428303 0.531250
vt 0.445304 0.390723
vt 0.426049 0.354708
vt 0.421117 0.735141
vt 0.428303 0.656250
vt 0.444817 0.250000
vt 0.418119 0.208988
vt 0.335917 0.062500
vt 0.494010 0.062500
vt 0.421923 0.483596
vt 0.421875 0.421863
vt 0.446697 0.437500
vt 0.415744 0.865027
vt 0.398437 0.812500
vt 0.414184 0.312500
vt 0.407431 0.695842
vt 0.433293 0.614204
vt 0.413686 0.577525
vt 0.398448 0.640513
vt 0.390635 0.546818
vt 0.383295 0.781250
vt 0.398448 0.359488
vt 0.373765 0.329227
vt 0.374057 0.734287
vt 0.379234 0.604417
vt 0.380621 0.512153
vt 0.276292 0.031250
vt 0.398438 0.000000
vt 0.366544 0.671614
vt 0.375021 0.265680
vt 0.359383 0.218750
vt 0.397053 0.468750
vt 0.375000 0.453117
vt 0.398444 0.421952
vt 0.375000 0.390608
vt 0.351554 0.609277
vt 0.380590 0.187500
vt 0.322805 0.156250
vt 0.387812 0.139356
vt 0.326419 0.093750
vt 0.327499 0.875000
vt 0.367187 0.843750
vt 0.346330 0.799610
vt 0.304693 0.125000
vt 0.351554 0.390723
vt 0.332299 0.354708
vt 0.336557 0.734128
vt 0.343865 0.306092
vt 0.326894 0.250000
vt 0.323528 0.201344
vt 0.337712 0.666984
vt 0.317507 0.674268
vt 0.328125 0.593739
vt 0.351558 0.546827
vt 0.322463 0.519238
vt 0.352947 0.500000
vt 0.301319 0.829665
vt 0.320312 1.000000
vt 0.179285 0.968750
vt 0.318928 0.468750
vt 0.304694 0.421952
vt 0.328125 0.421863
vt 0.311514 0.781250
vt 0.296632 0.750000
vt 0.305370 0.704490
vt 0.281108 0.671608
vt 0.306072 0.562500
vt 0.287678 0.531250
vt 0.306072 0.500000
vt 0.289054 0.484392
vt 0.304698 0.359488
vt 0.289453 0.296367
vt 0.318419 0.292386
vt 0.281043 0.718750
vt 0.304679 0.609277
vt 0.274822 0.625000
vt 0.281250 0.578137
vt 0.233529 0.093750
vt 0.266467 0.906250
vt 0.248600 0.875000
vt 0.273433 0.453173
vt 0.275585 0.394249
vt 0.256230 0.797408
vt 0.269552 0.331590
vt 0.257814 0.515608
vt 0.236741 0.843750
vt 0.249750 0.750000
vt 0.257819 0.578048
vt 0.273852 0.187500
vt 0.234708 0.141143
vt 0.240803 0.468750
vt 0.259197 0.375000
vt 0.238549 0.354708
vt 0.242820 0.702867
vt 0.280164 0.234637
vt 0.247745 0.293491
vt 0.234125 0.250000
vt 0.224341 0.218750
vt 0.242194 0.421952
vt 0.219089 0.187500
vt 0.169406 0.062500
vt 0.212322 0.375000
vt 0.212712 0.333016
vt 0.210454 0.795721
vt 0.199314 0.742328
vt 0.227947 0.500000
vt 0.207391 0.479259
vt 0.204222 0.296239
vt 0.192486 0.260863
vt 0.226554 0.609277
vt 0.203064 0.640476
vt 0.197490 0.581646
vt 0.189456 0.156250
vt 0.226558 0.546827
vt 0.187520 0.546826
vt 0.226575 0.937500
vt 0.180013 0.891181
vt 0.196697 0.437500
vt 0.213115 0.418354
vt 0.179006 0.202756
vt 0.148426 0.125000
vt 0.179689 0.484392
vt 0.163877 0.827753
vt 0.171841 0.421957
vt 0.109242 0.093750
vt 0.169905 0.781250
vt 0.164682 0.734128
vt 0.179698 0.359488
vt 0.168013 0.293725
vt 0.152480 0.257091
vt 0.186265 0.670774
vt 0.171875 0.609392
vt 0.160891 0.520745
vt 0.140618 0.484392
vt 0.149822 0.375000
vt 0.147794 0.328385
vt 0.164184 0.687500
vt 0.148448 0.640512
vt 0.139516 0.203315
vt 0.151154 0.581033
vt 0.048789 0.031250
vt 0.145058 0.417801
vt 0.148438 0.000000
vt 0.132036 0.765627
vt 0.135516 0.551582
vt 0.110201 0.890257
vt 0.108379 0.843750
vt 0.100549 0.812500
vt 0.078193 0.937500
vt 0.772455 0.156250
vt 0.120382 0.448076
vt 0.125000 0.623333
vt 0.107409 0.698789
vt 0.101573 0.640512
vt 0.117502 0.266588
vt 0.096219 0.200676
vt 0.101213 0.578885
vt 0.116366 0.531250
vt 0.101564 0.484393
vt 0.116641 0.406250
vt 0.101573 0.359488
vt 0.125000 0.359354
vt 0.100786 0.765627
vt 0.086328 0.296367
vt 0.077882 0.250000
vt 0.070797 0.156250
vt 0.134034 0.156250
vt 0.084474 0.521011
vt 0.052324 0.062500
vt 0.085944 0.421952
vt 0.117309 0.312500
vt 0.068928 0.468750
vt 0.066175 0.367832
vt 0.069536 0.765628
vt 0.061662 0.202540
vt 0.018985 0.906250
vt 0.062500 0.421863
vt 0.054044 0.328385
vt 0.078125 0.640646
vt 0.071064 0.703095
vt 0.054698 0.640512
vt 0.055056 0.516130
vt 0.042621 0.448068
vt 0.035484 0.395583
vt 0.047512 0.828067
vt 0.038286 0.765628
vt 0.048121 0.281250
vt 0.038286 0.234372
vt 0.039814 0.703095
vt 0.031250 0.640646
vt 0.016899 0.187500
vt 0.039062 1.000000
vt 0.011215 0.968750
vt 0.064839 0.125000
vt 0.017038 0.093750
vt 0.031250 0.328095
vt 0.008564 0.296905
vt 0.009595 0.156250
vt 0.007813 0.125000
vt 0.007812 0.937500
vt 0.022053 0.468750
vt 0.005651 0.449550
vt 0.040326 0.875000
vt 0.004442 0.856573
vt 0.000000 0.062500
vt 1.000000 0.234372
vt 0.977182 0.265873
vt 0.964705 0.200751
vt 1.000000 0.187500
vt 0.996476 0.578064
vt 0.980512 0.512467
vt 1.000000 0.515627
vt 1.000000 0.406250
vt 0.980168 0.385796
vt 1.000000 0.359488
vt 1.000000 0.765628
vt 0.994848 0.812500
vt 0.966781 0.781250
vt 0.978337 0.333016
vt 1.000000 0.296905
vt 0.972483 0.736803
vt 1.000000 0.703095
vt 0.984375 0.671905
vt 0.976484 0.451887
vt 0.953172 0.390740
vt 0.987277 0.856573
vt 0.946756 0.812500
vt 0.960294 0.671615
vt 0.960859 0.548113
vt 0.946697 0.500000
vt 0.976569 0.906250
vt 0.930951 0.875000
vt 0.923392 0.843750
vt 0.957776 0.325431
vt 0.945932 0.265873
vt 0.922360 0.156250
vt 0.984773 0.156250
vt 0.949100 0.937500
vt 0.897589 0.906250
vt 0.945357 0.454459
vt 0.928303 0.406250
vt 0.928911 0.765628
vt 0.926049 0.354708
vt 0.946697 0.718750
vt 0.932354 0.677160
vt 0.921204 0.202382
vt 0.960929 0.609277
vt 0.931072 0.625000
vt 0.929338 0.578885
vt 0.974420 0.125000
vt 0.884477 0.093750
vt 0.984674 0.093750
vt 0.907347 0.703761
vt 0.929809 0.312500
vt 0.914682 0.265873
vt 0.875036 0.125000
vt 0.930670 0.517590
vt 0.906243 0.515608
vt 0.899822 0.375000
vt 0.901104 0.322840
vt 0.888656 0.218750
vt 0.935625 0.062500
vt 0.963228 0.031250
vt 0.914062 0.000000
vt 0.914058 0.453173
vt 0.898336 0.422077
vt 0.890594 0.796642
vt 0.890363 0.750000
vt 0.876097 0.703761
vt 0.883432 0.265873
vt 0.906189 0.640476
vt 0.874939 0.640476
vt 0.867172 0.172123
vt 0.906250 0.578137
vt 0.882819 0.578048
vt 0.881428 0.468750
vt 0.860993 0.875000
vt 0.874939 0.359524
vt 0.915979 0.968750
vt 0.874372 0.422419
vt 0.843750 0.843750
vt 0.864026 0.325431
vt 0.859375 0.576982
vt 0.843758 0.812500
vt 0.834524 0.781250
vt 0.847460 0.742281
vt 0.844639 0.266122
vt 0.842737 0.639280
vt 0.804689 0.906250
vt 0.851564 0.484392
vt 0.844358 0.421533
vt 0.833664 0.387429
vt 0.833716 0.218750
vt 0.829429 0.187500
vt 0.811847 0.140323
vt 0.835354 0.531250
vt 0.820314 0.484392
vt 0.788032 0.795694
vt 0.807874 0.736861
vt 0.839888 0.706275
vt 0.819669 0.671615
vt 0.805458 0.625000
vt 0.782083 0.859725
vt 0.806072 0.437500
vt 0.789457 0.702486
vt 0.780545 0.647125
vt 0.805307 0.265873
vt 0.812500 0.579280
vt 0.789402 0.577172
vt 0.804688 1.000000
vt 0.803303 0.531250
vt 0.796875 0.484373
vt 0.781250 0.514477
vt 0.772636 0.468750
vt 0.770615 0.738711
vt 0.773774 0.265186
vt 0.781250 0.328095
vt 0.773975 0.375000
vt 0.760701 0.519693
vt 0.750000 0.484372
vt 0.773777 0.422828
vt 0.757201 0.625000
vt 0.765625 0.578136
vt 0.739758 0.551349
vt 0.570304 0.609277
vt 0.546875 0.609393
vt 0.414072 0.265728
vt 0.351558 0.453173
vt 0.214640 0.705654
vt 0.248625 0.648955
vt 0.136763 0.706275
vt 0.078125 0.576983
vt 0.054338 0.578885
vt 0.026260 0.572258
vt 0.023781 0.514742
vt 0.009197 0.812500
vt 0.007036 0.765628
vt 0.006428 0.406250
vt 0.007823 0.359488
vt 0.008564 0.703095
vt 0.007036 0.234372
vt 0.007823 0.640512
vt 0.003201 0.578064
vt 0.000000 0.515627
vt 1.000000 0.449550
vt 1.000000 0.640512
vt 0.984375 0.609392
vt 0.874207 0.523788
vt 0.835918 0.578012
vt 0.835294 0.328385
vt 0.804679 0.390723
vt 0.804044 0.328385
s 1
f 5943/6467/5943 5962/6468/5962 5955/6469/5955
f 5951/6470/5951 5965/6471/5965 6414/6472/6414
f 5997/6473/5997 6007/6474/6007 5942/6475/5942
f 5966/6476/5966 5996/6477/5996 5945/6478/5945
f 5954/6479/5954 5953/6480/5953 5960/6481/5960
f 5950/6482/5950 5958/6483/5958 6417/6484/6417
f 5946/6485/5946 5962/6468/5962 5943/6467/5943
f 5949/6486/5949 5957/6487/5957 5950/6482/5950
f 5950/6482/5950 5957/6487/5957 5974/6488/5974
f 5954/6479/5954 5962/6468/5962 5946/6485/5946
f 5958/6483/5958 5975/6489/5975 6418/6490/6418
f 5951/6470/5951 6418/6490/6418 5965/6471/5965
f 5955/6469/5955 5963/6491/5963 5947/6492/5947
f 5956/6493/5956 5957/6487/5957 5949/6486/5949
f 5960/6481/5960 5961/6494/5961 5954/6479/5954
f 5958/6483/5958 5974/6488/5974 5975/6489/5975
f 5975/6489/5975 5976/6495/5976 6418/6490/6418
f 5955/6469/5955 5969/6496/5969 5963/6491/5963
f 5977/6497/5977 6005/6498/6005 5959/6499/5959
f 5964/6500/5964 5971/6501/5971 5956/6493/5956
f 5967/6502/5967 5982/6503/5982 5952/6504/5952
f 5957/6487/5957 5972/6505/5972 5973/6506/5973
f 5961/6494/5961 5968/6507/5968 5962/6468/5962
f 5976/6495/5976 5991/6508/5991 5965/6471/5965
f 5969/6496/5969 5979/6509/5979 5963/6491/5963
f 5979/6509/5979 5970/6510/5970 5964/6500/5964
f 6005/6498/6005 6006/6511/6006 5966/6476/5966
f 5970/6510/5970 5986/6512/5986 5987/6513/5987
f 5970/6510/5970 5987/6513/5987 5971/6501/5971
f 5967/6502/5967 6007/6474/6007 6026/6514/6026
f 5974/6488/5974 5989/6515/5989 5975/6489/5975
f 5961/6494/5961 5983/6516/5983 5968/6507/5968
f 5987/6513/5987 5994/6517/5994 5980/6518/5980
f 5978/6519/5978 5998/6520/5998 5961/6494/5961
f 5984/6521/5984 5985/6522/5985 5979/6509/5979
f 6026/6514/6026 6014/6523/6014 5982/6503/5982
f 5996/6477/5996 6097/6524/6097 5992/6525/5992
f 6239/6526/6239 5992/6525/5992 6097/6524/6097
f 5995/6527/5995 6004/6528/6004 5988/6529/5988
f 5998/6520/5998 6009/6530/6009 5983/6516/5983
f 5990/6531/5990 6012/6532/6012 6013/6533/6013
f 6002/6534/6002 6003/6535/6003 5995/6527/5995
f 5981/6536/5981 6021/6537/6021 6025/6538/6025
f 5993/6539/5993 6000/6540/6000 6010/6541/6010
f 6003/6535/6003 6011/6542/6011 6004/6528/6004
f 6008/6543/6008 6022/6544/6022 5998/6520/5998
f 5998/6520/5998 6022/6544/6022 6023/6545/6023
f 5999/6546/5999 6009/6530/6009 6015/6547/6015
f 5997/6473/5997 6210/6548/6210 6134/6549/6134
f 6005/6498/6005 6025/6538/6025 6034/6550/6034
f 6001/6551/6001 6010/6541/6010 6018/6552/6018
f 6011/6542/6011 6032/6553/6032 6012/6532/6012
f 6010/6541/6010 6016/6554/6016 6017/6555/6017
f 6134/6549/6134 6035/6556/6035 6007/6474/6007
f 6019/6557/6019 6024/6558/6024 6003/6535/6003
f 6023/6545/6023 6027/6559/6027 6015/6547/6015
f 6020/6560/6020 6048/6561/6048 6021/6537/6021
f 6026/6514/6026 6036/6562/6036 6014/6523/6014
f 6024/6558/6024 6031/6563/6031 6011/6542/6011
f 6033/6564/6033 6054/6565/6054 6025/6538/6025
f 6030/6566/6030 6040/6567/6040 6024/6558/6024
f 6022/6544/6022 6036/6562/6036 6042/6568/6042
f 6023/6545/6023 6043/6569/6043 6044/6570/6044
f 6020/6560/6020 6032/6553/6032 6048/6561/6048
f 6054/6565/6054 6068/6571/6068 6034/6550/6034
f 6029/6572/6029 6045/6573/6045 6039/6574/6039
f 6029/6572/6029 6039/6574/6039 6030/6566/6030
f 6035/6556/6035 6069/6575/6069 6026/6514/6026
f 6030/6566/6030 6039/6574/6039 6046/6576/6046
f 6040/6567/6040 6041/6577/6041 6031/6563/6031
f 6044/6570/6044 6037/6578/6037 6027/6559/6027
f 6069/6575/6069 6070/6579/6070 6036/6562/6036
f 6046/6576/6046 6052/6580/6052 6040/6567/6040
f 6037/6578/6037 6044/6570/6044 6049/6581/6049
f 6048/6561/6048 6047/6582/6047 6060/6583/6060
f 6033/6564/6033 6048/6561/6048 6061/6584/6061
f 6039/6574/6039 6045/6573/6045 6051/6585/6051
f 6042/6568/6042 6070/6579/6070 6055/6586/6055
f 6042/6568/6042 6055/6586/6055 6043/6569/6043
f 6053/6587/6053 6059/6588/6059 6047/6582/6047
f 6060/6583/6060 6061/6584/6061 6048/6561/6048
f 6050/6589/6050 6057/6590/6057 6045/6573/6045
f 6046/6576/6046 6051/6585/6051 6058/6591/6058
f 6052/6580/6052 6065/6592/6065 6053/6587/6053
f 6053/6587/6053 6065/6592/6065 6066/6593/6066
f 6056/6594/6056 6062/6595/6062 6049/6581/6049
f 6051/6585/6051 6057/6590/6057 6064/6596/6064
f 6035/6556/6035 6134/6549/6134 6135/6597/6135
f 6052/6580/6052 6058/6591/6058 6065/6592/6065
f 6063/6598/6063 6073/6599/6073 6057/6590/6057
f 6058/6591/6058 6064/6596/6064 6074/6600/6074
f 6062/6595/6062 6084/6601/6084 6077/6602/6077
f 6062/6595/6062 6077/6602/6077 6063/6598/6063
f 6063/6598/6063 6077/6602/6077 6078/6603/6078
f 6081/6604/6081 6082/6605/6082 6068/6571/6068
f 6064/6596/6064 6073/6599/6073 6079/6606/6079
f 6065/6592/6065 6074/6600/6074 6075/6607/6075
f 6066/6593/6066 6075/6607/6075 6080/6608/6080
f 6072/6609/6072 6084/6601/6084 6062/6595/6062
f 6076/6610/6076 6096/6611/6096 6120/6612/6120
f 6135/6597/6135 6136/6613/6136 6069/6575/6069
f 6079/6606/6079 6085/6614/6085 6074/6600/6074
f 6071/6615/6071 6083/6616/6083 6100/6617/6100
f 6071/6615/6071 6100/6617/6100 6072/6609/6072
f 6080/6608/6080 6088/6618/6088 6067/6619/6067
f 6079/6606/6079 6078/6603/6078 6093/6620/6093
f 6080/6608/6080 6087/6621/6087 6095/6622/6095
f 6100/6617/6100 6101/6623/6101 6084/6601/6084
f 6077/6602/6077 6084/6601/6084 6091/6624/6091
f 6089/6625/6089 6111/6626/6111 6081/6604/6081
f 6120/6612/6120 6177/6627/6177 6090/6628/6090
f 6103/6629/6103 6094/6630/6094 6086/6631/6086
f 6098/6632/6098 6099/6633/6099 6083/6616/6083
f 6095/6622/6095 6105/6634/6105 6088/6618/6088
f 6101/6623/6101 6107/6635/6107 6084/6601/6084
f 6092/6636/6092 6102/6637/6102 6078/6603/6078
f 6093/6620/6093 6103/6629/6103 6085/6614/6085
f 6091/6624/6091 6107/6635/6107 6108/6638/6108
f 6091/6624/6091 6108/6638/6108 6092/6636/6092
f 6093/6620/6093 6102/6637/6102 6115/6639/6115
f 6099/6633/6099 6112/6640/6112 6100/6617/6100
f 6104/6641/6104 6123/6642/6123 6105/6634/6105
f 6101/6623/6101 6121/6643/6121 6107/6635/6107
f 6102/6637/6102 6108/6638/6108 6114/6644/6114
f 6115/6639/6115 6116/6645/6116 6103/6629/6103
f 6177/6627/6177 6178/6646/6178 6097/6524/6097
f 6239/6647/6239 6097/6524/6097 6178/6646/6178
f 6107/6635/6107 6121/6643/6121 6113/6648/6113
f 6124/6649/6124 6133/6650/6133 6111/6626/6111
f 6109/6651/6109 6116/6645/6116 6117/6652/6117
f 6109/6651/6109 6117/6652/6117 6110/6653/6110
f 6110/6653/6110 6117/6652/6117 6118/6654/6118
f 6110/6653/6110 6118/6654/6118 6104/6641/6104
f 6104/6641/6104 6118/6654/6118 6123/6642/6123
f 6113/6648/6113 6122/6655/6122 6114/6644/6114
f 6125/6656/6125 6163/6657/6163 6119/6658/6119
f 6120/6612/6120 6119/6658/6119 6156/6659/6156
f 6136/6613/6136 6148/6660/6148 6098/6632/6098
f 6099/6633/6099 6126/6661/6126 6127/6662/6127
f 6099/6633/6099 6127/6662/6127 6112/6640/6112
f 6163/6657/6163 6171/6663/6171 6119/6658/6119
f 6123/6642/6123 6132/6664/6132 6140/6665/6140
f 6127/6662/6127 6137/6666/6137 6121/6643/6121
f 6124/6649/6124 6141/6667/6141 6146/6668/6146
f 6125/6656/6125 6133/6650/6133 6147/6669/6147
f 6128/6670/6128 6137/6666/6137 6142/6671/6142
f 6133/6650/6133 6146/6668/6146 6147/6669/6147
f 6128/6670/6128 6138/6672/6138 6122/6655/6122
f 6122/6655/6122 6138/6672/6138 6129/6673/6129
f 6129/6673/6129 6138/6672/6138 6143/6674/6143
f 6129/6673/6129 6143/6674/6143 6130/6675/6130
f 6126/6661/6126 6148/6660/6148 6157/6676/6157
f 6134/6549/6134 6210/6677/6210 6270/6678/6270
f 6144/6679/6144 6154/6680/6154 6139/6681/6139
f 6149/6682/6149 6158/6683/6158 6137/6666/6137
f 6142/6671/6142 6150/6684/6150 6165/6685/6165
f 6143/6674/6143 6152/6686/6152 6160/6687/6160
f 6144/6679/6144 6153/6688/6153 6161/6689/6161
f 6155/6690/6155 6162/6691/6162 6145/6692/6145
f 6158/6683/6158 6164/6693/6164 6150/6684/6150
f 6151/6694/6151 6166/6695/6166 6159/6696/6159
f 6151/6694/6151 6159/6696/6159 6152/6686/6152
f 6156/6659/6156 6171/6663/6171 6209/6697/6209
f 6160/6687/6160 6161/6689/6161 6153/6688/6153
f 6186/6698/6186 6187/6699/6187 6148/6660/6148
f 6161/6689/6161 6167/6700/6167 6154/6680/6154
f 6154/6680/6154 6167/6700/6167 6168/6701/6168
f 6154/6680/6154 6168/6701/6168 6155/6690/6155
f 6149/6682/6149 6157/6676/6157 6179/6702/6179
f 6155/6690/6155 6168/6701/6168 6169/6703/6169
f 6150/6684/6150 6164/6693/6164 6165/6685/6165
f 6165/6685/6165 6166/6695/6166 6151/6694/6151
f 6160/6687/6160 6173/6704/6173 6161/6689/6161
f 6187/6699/6187 6195/6705/6195 6157/6676/6157
f 6157/6676/6157 6195/6705/6195 6179/6702/6179
f 6179/6702/6179 6180/6706/6180 6158/6683/6158
f 6159/6696/6159 6166/6695/6166 6172/6707/6172
f 6176/6708/6176 6194/6709/6194 6163/6657/6163
f 6167/6700/6167 6173/6704/6173 6183/6710/6183
f 6169/6703/6169 6175/6711/6175 6184/6712/6184
f 6180/6706/6180 6181/6713/6181 6164/6693/6164
f 6164/6693/6164 6181/6713/6181 6165/6685/6165
f 6170/6714/6170 6185/6715/6185 6193/6716/6193
f 6170/6714/6170 6193/6716/6193 6199/6717/6199
f 6174/6718/6174 6184/6712/6184 6175/6711/6175
f 6199/6717/6199 6200/6719/6200 6176/6708/6176
f 6177/6627/6177 6209/6697/6209 6248/6720/6248
f 6184/6712/6184 6197/6721/6197 6198/6722/6198
f 6201/6723/6201 6202/6724/6202 6180/6706/6180
f 6184/6712/6184 6198/6722/6198 6185/6715/6185
f 6183/6710/6183 6191/6725/6191 6196/6726/6196
f 6179/6702/6179 6195/6705/6195 6201/6723/6201
f 6193/6716/6193 6207/6727/6207 6208/6728/6208
f 6189/6729/6189 6204/6730/6204 6205/6731/6205
f 6200/6719/6200 6216/6732/6216 6194/6709/6194
f 6189/6729/6189 6205/6731/6205 6190/6733/6190
f 6190/6733/6190 6205/6731/6205 6212/6734/6212
f 6224/6735/6224 6217/6736/6217 6186/6698/6186
f 6196/6726/6196 6206/6737/6206 6192/6738/6192
f 6199/6717/6199 6208/6728/6208 6215/6739/6215
f 6199/6717/6199 6215/6739/6215 6200/6719/6200
f 6194/6709/6194 6216/6732/6216 6247/6740/6247
f 6212/6734/6212 6213/6741/6213 6196/6726/6196
f 6217/6736/6217 6225/6742/6225 6195/6705/6195
f 6192/6738/6192 6206/6737/6206 6222/6743/6222
f 6209/6697/6209 6247/6740/6247 6269/6744/6269
f 6213/6741/6213 6222/6743/6222 6206/6737/6206
f 6218/6745/6218 6219/6746/6219 6202/6724/6202
f 6214/6747/6214 6223/6748/6223 6207/6727/6207
f 6207/6727/6207 6223/6748/6223 6208/6728/6208
f 6208/6728/6208 6223/6748/6223 6231/6749/6231
f 6203/6750/6203 6211/6751/6211 6204/6730/6204
f 6213/6741/6213 6221/6752/6221 6236/6753/6236
f 6214/6747/6214 6229/6754/6229 6230/6755/6230
f 6214/6747/6214 6230/6755/6230 6223/6748/6223
f 6203/6750/6203 6220/6756/6220 6226/6757/6226
f 6215/6739/6215 6231/6749/6231 6238/6758/6238
f 6203/6750/6203 6226/6757/6226 6211/6751/6211
f 6211/6751/6211 6226/6757/6226 6227/6759/6227
f 6211/6751/6211 6227/6759/6227 6212/6734/6212
f 6248/6720/6248 6331/6760/6331 6178/6646/6178
f 6236/6753/6236 6228/6761/6228 6222/6743/6222
f 6239/6762/6239 6178/6646/6178 6331/6760/6331
f 6218/6745/6218 6225/6742/6225 6232/6763/6232
f 6218/6745/6218 6232/6763/6232 6219/6746/6219
f 6230/6755/6230 6231/6749/6231 6223/6748/6223
f 6227/6759/6227 6235/6764/6235 6221/6752/6221
f 6224/6735/6224 6254/6765/6254 6217/6736/6217
f 6225/6742/6225 6255/6766/6255 6256/6767/6256
f 6270/6678/6270 6278/6768/6278 6224/6735/6224
f 5977/6497/5977 6419/6769/6419 6414/6472/6414 5965/6471/5965
f 6236/6753/6236 6242/6770/6242 6228/6761/6228
f 6234/6771/6234 6240/6772/6240 6250/6773/6250
f 6238/6758/6238 6245/6774/6245 6262/6775/6262
f 6234/6771/6234 6250/6773/6250 6251/6776/6251
f 6234/6771/6234 6251/6776/6251 6235/6764/6235
f 6241/6777/6241 6252/6778/6252 6236/6753/6236
f 6243/6779/6243 6253/6780/6253 6237/6781/6237
f 6232/6763/6232 6256/6767/6256 6249/6782/6249
f 6245/6774/6245 6261/6783/6261 6268/6784/6268
f 6262/6775/6262 6263/6785/6263 6246/6786/6246
f 6251/6776/6251 6259/6787/6259 6241/6777/6241
f 6248/6720/6248 6269/6744/6269 6292/6788/6292
f 6252/6778/6252 6260/6789/6260 6242/6770/6242
f 6253/6780/6253 6261/6783/6261 6244/6790/6244
f 6244/6790/6244 6261/6783/6261 6245/6774/6245
f 6252/6778/6252 6259/6787/6259 6266/6791/6266
f 6260/6789/6260 6275/6792/6275 6253/6780/6253
f 6249/6782/6249 6256/6767/6256 6264/6793/6264
f 6262/6775/6262 6268/6784/6268 6277/6794/6277
f 6278/6768/6278 6315/6795/6315 6254/6765/6254
f 6266/6791/6266 6267/6796/6267 6260/6789/6260
f 6275/6792/6275 6276/6797/6276 6261/6783/6261
f 6257/6798/6257 6265/6799/6265 6272/6800/6272
f 6266/6791/6266 6274/6801/6274 6283/6802/6283
f 6266/6791/6266 6283/6802/6283 6267/6796/6267
f 6267/6796/6267 6283/6802/6283 6284/6803/6284
f 6264/6793/6264 6279/6804/6279 6280/6805/6280
f 6268/6784/6268 6286/6806/6286 6287/6807/6287
f 6272/6800/6272 6281/6808/6281 6282/6809/6282
f 6287/6807/6287 6302/6810/6302 6277/6794/6277
f 6270/6678/6270 6210/6811/6210 6384/6812/6384
f 6288/6813/6288 6323/6814/6323 6269/6744/6269
f 6285/6815/6285 6300/6816/6300 6286/6806/6286
f 6313/6817/6313 6330/6818/6330 6288/6813/6288
f 6278/6768/6278 6384/6812/6384 6314/6819/6314
f 6291/6820/6291 6297/6821/6297 6283/6802/6283
f 6271/6822/6271 6307/6823/6307 6279/6804/6279
f 6292/6788/6292 6323/6814/6323 6361/6824/6361
f 6271/6822/6271 6315/6795/6315 6307/6823/6307
f 6301/6825/6301 6312/6826/6312 6329/6827/6329
f 6301/6825/6301 6329/6827/6329 6302/6828/6302
f 6306/6829/6306 6308/6830/6308 6296/6831/6296
f 6298/6832/6298 6310/6833/6310 6299/6834/6299
f 6293/6835/6293 6303/6836/6303 6316/6837/6316
f 6299/6834/6299 6310/6833/6310 6311/6838/6311
f 6299/6834/6299 6311/6838/6311 6300/6839/6300
f 6293/6835/6293 6317/6840/6317 6294/6841/6294
f 6294/6841/6294 6317/6840/6317 6304/6842/6304
f 6310/6833/6310 6309/6843/6309 6327/6844/6327
f 6303/6836/6303 6307/6845/6307 6332/6846/6332
f 6304/6842/6304 6317/6840/6317 6318/6847/6318
f 6320/6848/6320 6321/6849/6321 6308/6830/6308
f 6315/6850/6315 6324/6851/6324 6307/6845/6307
f 6307/6845/6307 6324/6851/6324 6348/6852/6348
f 6322/6853/6322 6328/6854/6328 6312/6826/6312
f 6329/6827/6329 6353/6855/6353 6313/6856/6313
f 6314/6857/6314 6362/6858/6362 6315/6850/6315
f 6327/6844/6327 6326/6859/6326 6338/6860/6338
f 6316/6837/6316 6332/6846/6332 6333/6861/6333
f 6322/6853/6322 6327/6844/6327 6339/6862/6339
f 6316/6837/6316 6333/6861/6333 6317/6840/6317
f 6318/6847/6318 6325/6863/6325 6334/6864/6334
f 6329/6827/6329 6328/6854/6328 6347/6865/6347
f 6319/6866/6319 6335/6867/6335 6336/6868/6336
f 6319/6866/6319 6336/6868/6336 6320/6848/6320
f 6330/6869/6330 6383/6870/6383 6323/6871/6323
f 6338/6860/6338 6339/6862/6339 6327/6844/6327
f 6333/6861/6333 6342/6872/6342 6325/6863/6325
f 6340/6873/6340 6346/6874/6346 6328/6854/6328
f 6330/6869/6330 6353/6855/6353 6368/6875/6368
f 6337/6876/6337 6336/6868/6336 6350/6877/6350
f 6339/6862/6339 6352/6878/6352 6345/6879/6345
f 6339/6862/6339 6345/6879/6345 6340/6873/6340
f 6347/6865/6347 6346/6874/6346 6360/6880/6360
f 6361/6881/6361 5992/6525/5992 6331/6882/6331
f 6239/6883/6239 6331/6882/6331 5992/6525/5992
f 6338/6860/6338 6344/6884/6344 6351/6885/6351
f 6348/6852/6348 6354/6886/6354 6332/6846/6332
f 6341/6887/6341 6355/6888/6355 6342/6872/6342
f 6345/6879/6345 6359/6889/6359 6346/6874/6346
f 6349/6890/6349 6342/6872/6342 6356/6891/6356
f 6360/6880/6360 6370/6892/6370 6347/6865/6347
f 6343/6893/6343 6349/6890/6349 6357/6894/6357
f 6344/6884/6344 6350/6877/6350 6358/6895/6358
f 6324/6851/6324 6362/6858/6362 6371/6896/6371
f 6345/6879/6345 6352/6878/6352 6366/6897/6366
f 6314/6857/6314 6384/6898/6384 5942/6475/5942
f 6358/6895/6358 6365/6899/6365 6351/6885/6351
f 6371/6896/6371 6372/6900/6372 6348/6852/6348
f 6365/6899/6365 6366/6897/6366 6352/6878/6352
f 6366/6897/6366 6367/6901/6367 6345/6879/6345
f 6357/6894/6357 6356/6891/6356 6363/6902/6363
f 6361/6881/6361 6383/6870/6383 5945/6478/5945
f 6372/6900/6372 6373/6903/6373 6354/6886/6354
f 6354/6886/6354 6373/6903/6373 6385/6904/6385
f 6341/6887/6341 6374/6905/6374 6355/6888/6355
f 6367/6901/6367 6382/6906/6382 6359/6889/6359
f 6356/6891/6356 6355/6888/6355 6376/6907/6376
f 5942/6475/5942 6406/6908/6406 6362/6858/6362
f 6369/6909/6369 6379/6910/6379 6365/6899/6365
f 6379/6910/6379 6380/6911/6380 6366/6897/6366
f 6389/6912/6389 6390/6913/6390 6370/6892/6370
f 6370/6892/6370 6390/6913/6390 6400/6914/6400
f 6378/6915/6378 6388/6916/6388 6369/6909/6369
f 6373/6903/6373 6372/6900/6372 6401/6917/6401
f 6385/6904/6385 6391/6918/6391 6374/6905/6374
f 6374/6905/6374 6391/6918/6391 6375/6919/6375
f 6386/6920/6386 6393/6921/6393 6376/6907/6376
f 6406/6908/6406 6407/6922/6407 6371/6896/6371
f 6388/6916/6388 6396/6923/6396 6379/6910/6379
f 6386/6920/6386 6392/6924/6392 6402/6925/6402
f 6389/6912/6389 6399/6926/6399 6414/6472/6414
f 6389/6912/6389 6414/6472/6414 6390/6913/6390
f 6387/6927/6387 6393/6921/6393 6403/6928/6403
f 6384/6898/6384 6210/6929/6210 5997/6473/5997
f 6394/6930/6394 6395/6931/6395 6388/6916/6388
f 6419/6769/6419 5959/6499/5959 6400/6914/6400
f 6394/6930/6394 6403/6928/6403 6404/6932/6404
f 6394/6930/6394 6404/6932/6404 6395/6931/6395
f 6395/6931/6395 6404/6932/6404 6410/6933/6410
f 6401/6917/6401 6408/6934/6408 6391/6918/6391
f 6414/6472/6414 6413/6935/6413 5951/6470/5951
f 6401/6917/6401 6407/6922/6407 5953/6480/5953
f 6405/6936/6405 6412/6937/6412 6417/6484/6417
f 6392/6924/6392 6408/6934/6408 5943/6467/5943
f 6406/6908/6406 5942/6475/5942 5967/6502/5967
f 5944/6938/5944 6416/6939/6416 6410/6933/6410
f 6411/6940/6411 5949/6486/5949 5950/6482/5950
f 6401/6917/6401 5953/6480/5953 5954/6479/5954
f 6408/6934/6408 5954/6479/5954 5946/6485/5946
f 6417/6484/6417 6418/6490/6418 6413/6935/6413
f 6415/6941/6415 5947/6492/5947 6409/6942/6409
f 6415/6941/6415 5943/6467/5943 5955/6469/5955
f 6415/6941/6415 5955/6469/5955 5947/6492/5947
f 5948/6943/5948 5956/6493/5956 6416/6939/6416 5944/6938/5944
f 6419/6769/6419 5977/6497/5977 5959/6499/5959
f 5964/6500/5964 5948/6943/5948 5947/6492/5947 5963/6491/5963
f 5967/6502/5967 5942/6475/5942 6007/6474/6007
f 5945/6478/5945 5996/6477/5996 5992/6525/5992
f 6416/6939/6416 5956/6493/5956 5949/6486/5949
f 5953/6480/5953 6407/6922/6407 5952/6504/5952
f 6418/6490/6418 6417/6484/6417 5958/6483/5958
f 5950/6482/5950 5974/6488/5974 5958/6483/5958
f 5969/6496/5969 5955/6469/5955 5962/6468/5962 5968/6507/5968
f 5948/6943/5948 5964/6500/5964 5956/6493/5956
f 5953/6480/5953 5978/6519/5978 5960/6481/5960
f 5962/6468/5962 5954/6479/5954 5961/6494/5961
f 5978/6519/5978 5953/6480/5953 5952/6504/5952 5982/6503/5982
f 5965/6471/5965 6418/6490/6418 5976/6495/5976
f 5963/6491/5963 5979/6509/5979 5964/6500/5964
f 5966/6476/5966 5959/6499/5959 6005/6498/6005
f 5956/6493/5956 5971/6501/5971 5972/6505/5972
f 5957/6487/5957 5956/6493/5956 5972/6505/5972
f 5983/6516/5983 5984/6521/5984 5969/6496/5969 5968/6507/5968
f 5957/6487/5957 5973/6506/5973 5974/6488/5974
f 5965/6471/5965 5991/6508/5991 5981/6536/5981
f 5977/6497/5977 5965/6471/5965 5981/6536/5981
f 5964/6500/5964 5970/6510/5970 5971/6501/5971
f 5966/6476/5966 6006/6511/6006 5996/6477/5996
f 5960/6481/5960 5978/6519/5978 5961/6494/5961
f 5986/6512/5986 5970/6510/5970 5979/6509/5979 5985/6522/5985
f 5969/6496/5969 5984/6521/5984 5979/6509/5979
f 5987/6513/5987 5980/6518/5980 5972/6505/5972 5971/6501/5971
f 5977/6497/5977 5981/6536/5981 6005/6498/6005
f 5980/6518/5980 5988/6529/5988 5973/6506/5973 5972/6505/5972
f 5967/6502/5967 6026/6514/6026 5982/6503/5982
f 5988/6529/5988 5989/6515/5989 5974/6488/5974 5973/6506/5973
f 6008/6543/6008 5978/6519/5978 5982/6503/5982 6014/6523/6014
f 5975/6489/5975 5989/6515/5989 5990/6531/5990
f 5975/6489/5975 5990/6531/5990 5976/6495/5976
f 5985/6522/5985 5993/6539/5993 5986/6512/5986
f 5980/6518/5980 5994/6517/5994 5995/6527/5995
f 5988/6529/5988 5980/6518/5980 5995/6527/5995
f 5993/6539/5993 6001/6551/6001 5987/6513/5987 5986/6512/5986
f 5978/6519/5978 6008/6543/6008 5998/6520/5998
f 5983/6516/5983 5961/6494/5961 5998/6520/5998
f 5991/6508/5991 5976/6495/5976 5990/6531/5990
f 6021/6537/6021 5991/6508/5991 5990/6531/5990 6013/6533/6013
f 5987/6513/5987 6001/6551/6001 5994/6517/5994
f 5994/6517/5994 6002/6534/6002 5995/6527/5995
f 5989/6515/5989 5988/6529/5988 6004/6528/6004
f 5989/6515/5989 6004/6528/6004 6012/6532/6012
f 5990/6531/5990 5989/6515/5989 6012/6532/6012
f 5983/6516/5983 6009/6530/6009 5999/6546/5999
f 5984/6521/5984 5983/6516/5983 5999/6546/5999
f 6000/6540/6000 5985/6522/5985 5984/6521/5984 5999/6546/5999
f 6016/6554/6016 6000/6540/6000 5999/6546/5999 6015/6547/6015
f 5991/6508/5991 6021/6537/6021 5981/6536/5981
f 5993/6539/5993 5985/6522/5985 6000/6540/6000
f 6002/6534/6002 5994/6517/5994 6001/6551/6001
f 5995/6527/5995 6003/6535/6003 6004/6528/6004
f 5981/6536/5981 6025/6538/6025 6005/6498/6005
f 6001/6551/6001 5993/6539/5993 6010/6541/6010
f 6004/6528/6004 6011/6542/6011 6012/6532/6012
f 5998/6520/5998 6023/6545/6023 6009/6530/6009
f 6013/6533/6013 6012/6532/6012 6020/6560/6020
f 6018/6552/6018 6019/6557/6019 6002/6534/6002 6001/6551/6001
f 6010/6541/6010 6000/6540/6000 6016/6554/6016
f 5997/6473/5997 6134/6549/6134 6007/6474/6007
f 6006/6511/6006 6005/6498/6005 6034/6550/6034
f 6006/6511/6006 6034/6550/6034 5996/6477/5996
f 6036/6562/6036 6022/6544/6022 6008/6543/6008 6014/6523/6014
f 6002/6534/6002 6019/6557/6019 6003/6535/6003
f 6012/6532/6012 6032/6553/6032 6020/6560/6020
f 6009/6530/6009 6023/6545/6023 6015/6547/6015
f 6013/6533/6013 6020/6560/6020 6021/6537/6021
f 6018/6552/6018 6010/6541/6010 6017/6555/6017
f 6026/6514/6026 6007/6474/6007 6035/6556/6035
f 6028/6944/6028 6016/6554/6016 6015/6547/6015 6027/6559/6027
f 6003/6535/6003 6024/6558/6024 6011/6542/6011
f 6033/6564/6033 6025/6538/6025 6021/6537/6021 6048/6561/6048
f 6045/6573/6045 6029/6572/6029 6028/6944/6028 6038/6945/6038
f 6017/6555/6017 6016/6554/6016 6028/6944/6028
f 6017/6555/6017 6028/6944/6028 6029/6572/6029
f 6018/6552/6018 6017/6555/6017 6029/6572/6029
f 6018/6552/6018 6029/6572/6029 6030/6566/6030
f 6019/6557/6019 6018/6552/6018 6030/6566/6030
f 6019/6557/6019 6030/6566/6030 6024/6558/6024
f 6022/6544/6022 6043/6569/6043 6023/6545/6023
f 6011/6542/6011 6031/6563/6031 6032/6553/6032
f 6025/6538/6025 6054/6565/6054 6034/6550/6034
f 6024/6558/6024 6040/6567/6040 6031/6563/6031
f 6022/6544/6022 6042/6568/6042 6043/6569/6043
f 6023/6545/6023 6044/6570/6044 6027/6559/6027
f 6090/6628/6090 5996/6477/5996 6034/6550/6034 6076/6610/6076
f 6034/6550/6034 6068/6571/6068 6076/6610/6076
f 6047/6582/6047 6032/6553/6032 6031/6563/6031 6041/6577/6041
f 6026/6514/6026 6069/6575/6069 6036/6562/6036
f 5996/6477/5996 6090/6628/6090 6097/6524/6097
f 6030/6566/6030 6046/6576/6046 6040/6567/6040
f 6038/6945/6038 6028/6944/6028 6027/6559/6027 6037/6578/6037
f 6048/6561/6048 6032/6553/6032 6047/6582/6047
f 6053/6587/6053 6041/6577/6041 6040/6567/6040 6052/6580/6052
f 6046/6576/6046 6039/6574/6039 6051/6585/6051
f 6036/6562/6036 6070/6579/6070 6042/6568/6042
f 6050/6589/6050 6038/6945/6038 6037/6578/6037 6049/6581/6049
f 6041/6577/6041 6053/6587/6053 6047/6582/6047
f 6055/6586/6055 6056/6594/6056 6044/6570/6044 6043/6569/6043
f 6033/6564/6033 6061/6584/6061 6054/6565/6054
f 6038/6945/6038 6050/6589/6050 6045/6573/6045
f 6046/6576/6046 6058/6591/6058 6052/6580/6052
f 6063/6598/6063 6050/6589/6050 6049/6581/6049 6062/6595/6062
f 6044/6570/6044 6056/6594/6056 6049/6581/6049
f 6060/6583/6060 6047/6582/6047 6059/6588/6059
f 6051/6585/6051 6045/6573/6045 6057/6590/6057
f 6053/6587/6053 6066/6593/6066 6059/6588/6059
f 6068/6571/6068 6054/6565/6054 6061/6584/6061 6081/6604/6081
f 6081/6604/6081 6061/6584/6061 6060/6583/6060 6067/6619/6067
f 6050/6589/6050 6063/6598/6063 6057/6590/6057
f 6035/6556/6035 6135/6597/6135 6069/6575/6069
f 6058/6591/6058 6051/6585/6051 6064/6596/6064
f 6059/6588/6059 6066/6593/6066 6067/6619/6067
f 6056/6594/6056 6072/6609/6072 6062/6595/6062
f 6060/6583/6060 6059/6588/6059 6067/6619/6067
f 6071/6615/6071 6072/6609/6072 6056/6594/6056 6055/6586/6055
f 6064/6596/6064 6057/6590/6057 6073/6599/6073
f 6076/6610/6076 6068/6571/6068 6096/6611/6096
f 6065/6592/6065 6058/6591/6058 6074/6600/6074
f 6055/6586/6055 6070/6579/6070 6083/6616/6083
f 6055/6586/6055 6083/6616/6083 6071/6615/6071
f 6066/6593/6066 6065/6592/6065 6075/6607/6075
f 6136/6613/6136 6098/6632/6098 6070/6579/6070 6069/6575/6069
f 6063/6598/6063 6078/6603/6078 6073/6599/6073
f 6068/6571/6068 6082/6605/6082 6096/6611/6096
f 6074/6600/6074 6064/6596/6064 6079/6606/6079
f 6066/6593/6066 6080/6608/6080 6067/6619/6067
f 6079/6606/6079 6073/6599/6073 6078/6603/6078
f 6090/6628/6090 6076/6610/6076 6120/6612/6120
f 6086/6631/6086 6087/6621/6087 6075/6607/6075 6074/6600/6074
f 6074/6600/6074 6085/6614/6085 6086/6631/6086
f 6070/6579/6070 6098/6632/6098 6083/6616/6083
f 6104/6641/6104 6095/6622/6095 6094/6630/6094 6110/6653/6110
f 6080/6608/6080 6075/6607/6075 6087/6621/6087
f 6072/6609/6072 6100/6617/6100 6084/6601/6084
f 6067/6619/6067 6088/6618/6088 6089/6625/6089
f 6067/6619/6067 6089/6625/6089 6081/6604/6081
f 6079/6606/6079 6093/6620/6093 6085/6614/6085
f 6085/6614/6085 6103/6629/6103 6086/6631/6086
f 6080/6608/6080 6095/6622/6095 6088/6618/6088
f 6077/6602/6077 6091/6624/6091 6092/6636/6092
f 6078/6603/6078 6077/6602/6077 6092/6636/6092
f 6081/6604/6081 6111/6626/6111 6082/6605/6082
f 6097/6524/6097 6090/6628/6090 6177/6627/6177
f 6087/6621/6087 6086/6631/6086 6094/6630/6094
f 6087/6621/6087 6094/6630/6094 6095/6622/6095
f 6100/6617/6100 6083/6616/6083 6099/6633/6099
f 6088/6618/6088 6105/6634/6105 6106/6946/6106
f 6089/6625/6089 6088/6618/6088 6106/6946/6106
f 6091/6624/6091 6084/6601/6084 6107/6635/6107
f 6089/6625/6089 6106/6946/6106 6111/6626/6111
f 6093/6620/6093 6078/6603/6078 6102/6637/6102
f 6119/6658/6119 6082/6605/6082 6111/6626/6111 6125/6656/6125
f 6095/6622/6095 6104/6641/6104 6105/6634/6105
f 6102/6637/6102 6092/6636/6092 6108/6638/6108
f 6110/6653/6110 6094/6630/6094 6103/6629/6103 6109/6651/6109
f 6096/6611/6096 6082/6605/6082 6119/6658/6119
f 6120/6612/6120 6096/6611/6096 6119/6658/6119
f 6093/6620/6093 6115/6639/6115 6103/6629/6103
f 6112/6640/6112 6121/6643/6121 6101/6623/6101 6100/6617/6100
f 6124/6649/6124 6106/6946/6106 6105/6634/6105 6123/6642/6123
f 6129/6673/6129 6115/6639/6115 6114/6644/6114 6122/6655/6122
f 6106/6946/6106 6124/6649/6124 6111/6626/6111
f 6102/6637/6102 6114/6644/6114 6115/6639/6115
f 6109/6651/6109 6103/6629/6103 6116/6645/6116
f 6099/6633/6099 6098/6632/6098 6126/6661/6126
f 6108/6638/6108 6107/6635/6107 6113/6648/6113
f 6108/6638/6108 6113/6648/6113 6114/6644/6114
f 6125/6656/6125 6111/6626/6111 6133/6650/6133
f 6130/6675/6130 6131/6947/6131 6117/6652/6117 6116/6645/6116
f 6116/6645/6116 6115/6639/6115 6129/6673/6129
f 6116/6645/6116 6129/6673/6129 6130/6675/6130
f 6120/6612/6120 6156/6659/6156 6177/6627/6177
f 6131/6947/6131 6132/6664/6132 6118/6654/6118 6117/6652/6117
f 6098/6632/6098 6148/6660/6148 6126/6661/6126
f 6137/6666/6137 6128/6670/6128 6113/6648/6113 6121/6643/6121
f 6123/6642/6123 6118/6654/6118 6132/6664/6132
f 6112/6640/6112 6127/6662/6127 6121/6643/6121
f 6123/6642/6123 6141/6667/6141 6124/6649/6124
f 6125/6656/6125 6147/6669/6147 6163/6657/6163
f 6156/6659/6156 6119/6658/6119 6171/6663/6171
f 6123/6642/6123 6140/6665/6140 6141/6667/6141
f 6143/6674/6143 6144/6679/6144 6131/6947/6131 6130/6675/6130
f 6124/6649/6124 6146/6668/6146 6133/6650/6133
f 6113/6648/6113 6128/6670/6128 6122/6655/6122
f 6132/6664/6132 6139/6681/6139 6140/6665/6140
f 6127/6662/6127 6149/6682/6149 6137/6666/6137
f 6146/6668/6146 6141/6667/6141 6145/6692/6145
f 6145/6692/6145 6141/6667/6141 6140/6665/6140 6155/6690/6155
f 6131/6947/6131 6144/6679/6144 6139/6681/6139
f 6132/6664/6132 6131/6947/6131 6139/6681/6139
f 6126/6661/6126 6157/6676/6157 6127/6662/6127
f 6151/6694/6151 6138/6672/6138 6128/6670/6128 6142/6671/6142
f 6137/6666/6137 6158/6683/6158 6150/6684/6150
f 6142/6671/6142 6137/6666/6137 6150/6684/6150
f 6270/6678/6270 6224/6735/6224 6135/6597/6135 6134/6549/6134
f 6138/6672/6138 6151/6694/6151 6152/6686/6152
f 6143/6674/6143 6138/6672/6138 6152/6686/6152
f 6186/6698/6186 6136/6613/6136 6135/6597/6135 6224/6735/6224
f 6155/6690/6155 6140/6665/6140 6139/6681/6139 6154/6680/6154
f 6144/6679/6144 6143/6674/6143 6153/6688/6153
f 6136/6613/6136 6186/6698/6186 6148/6660/6148
f 6162/6691/6162 6170/6714/6170 6146/6668/6146 6145/6692/6145
f 6149/6682/6149 6127/6662/6127 6157/6676/6157
f 6172/6707/6172 6173/6704/6173 6160/6687/6160 6159/6696/6159
f 6147/6669/6147 6146/6668/6146 6170/6714/6170
f 6142/6671/6142 6165/6685/6165 6151/6694/6151
f 6147/6669/6147 6170/6714/6170 6176/6708/6176
f 6147/6669/6147 6176/6708/6176 6163/6657/6163
f 6143/6674/6143 6160/6687/6160 6153/6688/6153
f 6144/6679/6144 6161/6689/6161 6154/6680/6154
f 6160/6687/6160 6152/6686/6152 6159/6696/6159
f 6177/6627/6177 6156/6659/6156 6209/6697/6209
f 6148/6660/6148 6187/6699/6187 6157/6676/6157
f 6149/6682/6149 6179/6702/6179 6158/6683/6158
f 6155/6690/6155 6169/6703/6169 6162/6691/6162
f 6171/6663/6171 6163/6657/6163 6194/6709/6194
f 6188/6948/6188 6181/6713/6181 6180/6706/6180 6202/6724/6202
f 6167/6700/6167 6161/6689/6161 6173/6704/6173
f 6169/6703/6169 6168/6701/6168 6175/6711/6175
f 6158/6683/6158 6180/6706/6180 6164/6693/6164
f 6162/6691/6162 6169/6703/6169 6185/6715/6185
f 6162/6691/6162 6185/6715/6185 6170/6714/6170
f 6165/6685/6165 6182/6949/6182 6166/6695/6166
f 6167/6700/6167 6183/6710/6183 6174/6718/6174
f 6168/6701/6168 6167/6700/6167 6174/6718/6174
f 6168/6701/6168 6174/6718/6174 6175/6711/6175
f 6169/6703/6169 6184/6712/6184 6185/6715/6185
f 6182/6949/6182 6165/6685/6165 6181/6713/6181
f 6170/6714/6170 6199/6717/6199 6176/6708/6176
f 6172/6707/6172 6166/6695/6166 6182/6949/6182
f 6171/6663/6171 6194/6709/6194 6209/6697/6209
f 6179/6702/6179 6201/6723/6201 6180/6706/6180
f 6172/6707/6172 6182/6949/6182 6189/6729/6189
f 6176/6708/6176 6200/6719/6200 6194/6709/6194
f 6172/6707/6172 6189/6729/6189 6190/6733/6190
f 6173/6704/6173 6172/6707/6172 6190/6733/6190
f 6173/6704/6173 6190/6733/6190 6191/6725/6191
f 6183/6710/6183 6173/6704/6173 6191/6725/6191
f 6177/6627/6177 6248/6720/6248 6178/6646/6178
f 6188/6948/6188 6204/6730/6204 6182/6949/6182 6181/6713/6181
f 6185/6715/6185 6198/6722/6198 6207/6727/6207
f 6193/6716/6193 6185/6715/6185 6207/6727/6207
f 6192/6738/6192 6174/6718/6174 6183/6710/6183 6196/6726/6196
f 6182/6949/6182 6204/6730/6204 6189/6729/6189
f 6197/6721/6197 6184/6712/6184 6174/6718/6174 6192/6738/6192
f 6196/6726/6196 6191/6725/6191 6190/6733/6190 6212/6734/6212
f 6204/6730/6204 6188/6948/6188 6203/6750/6203
f 6199/6717/6199 6193/6716/6193 6208/6728/6208
f 6214/6747/6214 6197/6721/6197 6192/6738/6192 6222/6743/6222
f 6187/6699/6187 6186/6698/6186 6217/6736/6217
f 6187/6699/6187 6217/6736/6217 6195/6705/6195
f 6200/6719/6200 6215/6739/6215 6216/6732/6216
f 6194/6709/6194 6247/6740/6247 6209/6697/6209
f 6196/6726/6196 6213/6741/6213 6206/6737/6206
f 6201/6723/6201 6195/6705/6195 6225/6742/6225
f 6219/6746/6219 6220/6756/6220 6203/6750/6203 6202/6724/6202
f 6198/6722/6198 6197/6721/6197 6214/6747/6214
f 6201/6723/6201 6218/6745/6218 6202/6724/6202
f 6198/6722/6198 6214/6747/6214 6207/6727/6207
f 6203/6750/6203 6188/6948/6188 6202/6724/6202
f 6205/6731/6205 6211/6751/6211 6212/6734/6212
f 6212/6734/6212 6221/6752/6221 6213/6741/6213
f 6248/6720/6248 6209/6697/6209 6269/6744/6269
f 6218/6745/6218 6201/6723/6201 6225/6742/6225
f 6229/6754/6229 6214/6747/6214 6222/6743/6222 6228/6761/6228
f 6215/6739/6215 6208/6728/6208 6231/6749/6231
f 6205/6731/6205 6204/6730/6204 6211/6751/6211
f 6213/6741/6213 6236/6753/6236 6222/6743/6222
f 6246/6786/6246 6216/6732/6216 6215/6739/6215 6238/6758/6238
f 6254/6765/6254 6255/6766/6255 6225/6742/6225 6217/6736/6217
f 6247/6740/6247 6216/6732/6216 6246/6786/6246
f 6221/6752/6221 6212/6734/6212 6227/6759/6227
f 6237/6781/6237 6229/6754/6229 6228/6761/6228 6243/6779/6243
f 6219/6746/6219 6232/6763/6232 6233/6950/6233
f 6220/6756/6220 6219/6746/6219 6233/6950/6233
f 6226/6757/6226 6220/6756/6220 6233/6950/6233
f 6221/6752/6221 6235/6764/6235 6236/6753/6236
f 6245/6774/6245 6231/6749/6231 6230/6755/6230 6244/6790/6244
f 6225/6742/6225 6256/6767/6256 6232/6763/6232
f 6230/6755/6230 6229/6754/6229 6237/6781/6237
f 6230/6755/6230 6237/6781/6237 6244/6790/6244
f 6240/6772/6240 6234/6771/6234 6226/6757/6226 6233/6950/6233
f 6240/6772/6240 6233/6950/6233 6232/6763/6232 6249/6782/6249
f 6231/6749/6231 6245/6774/6245 6238/6758/6238
f 6227/6759/6227 6226/6757/6226 6234/6771/6234
f 6235/6764/6235 6227/6759/6227 6234/6771/6234
f 6235/6764/6235 6241/6777/6241 6236/6753/6236
f 6254/6765/6254 6224/6735/6224 6278/6768/6278
f 6228/6761/6228 6242/6770/6242 6243/6779/6243
f 6237/6781/6237 6253/6780/6253 6244/6790/6244
f 6288/6813/6288 6247/6740/6247 6246/6786/6246 6263/6785/6263
f 6238/6758/6238 6262/6775/6262 6246/6786/6246
f 6235/6764/6235 6251/6776/6251 6241/6777/6241
f 6242/6770/6242 6236/6753/6236 6252/6778/6252
f 6262/6775/6262 6245/6774/6245 6268/6784/6268
f 6257/6798/6257 6258/6951/6258 6251/6776/6251 6250/6773/6250
f 6269/6744/6269 6247/6740/6247 6288/6813/6288
f 6241/6777/6241 6259/6787/6259 6252/6778/6252
f 6248/6720/6248 6292/6788/6292 6331/6760/6331
f 6243/6779/6243 6242/6770/6242 6260/6789/6260
f 6243/6779/6243 6260/6789/6260 6253/6780/6253
f 6265/6799/6265 6240/6772/6240 6249/6782/6249 6264/6793/6264
f 6259/6787/6259 6251/6776/6251 6258/6951/6258
f 6252/6778/6252 6266/6791/6266 6260/6789/6260
f 6253/6780/6253 6275/6792/6275 6261/6783/6261
f 6265/6799/6265 6257/6798/6257 6250/6773/6250 6240/6772/6240
f 6274/6801/6274 6259/6787/6259 6258/6951/6258 6273/6952/6273
f 6271/6822/6271 6279/6804/6279 6255/6766/6255 6254/6765/6254
f 6266/6791/6266 6259/6787/6259 6274/6801/6274
f 6254/6765/6254 6315/6795/6315 6271/6822/6271
f 6272/6800/6272 6273/6952/6273 6258/6951/6258 6257/6798/6257
f 6256/6767/6256 6255/6766/6255 6279/6804/6279
f 6260/6789/6260 6267/6796/6267 6275/6792/6275
f 6264/6793/6264 6256/6767/6256 6279/6804/6279
f 6261/6783/6261 6276/6797/6276 6286/6806/6286
f 6261/6783/6261 6286/6806/6286 6268/6784/6268
f 6281/6808/6281 6265/6799/6265 6264/6793/6264 6280/6805/6280
f 6262/6775/6262 6277/6794/6277 6263/6785/6263
f 6267/6796/6267 6284/6803/6284 6275/6792/6275
f 6284/6803/6284 6285/6815/6285 6276/6797/6276 6275/6792/6275
f 6272/6800/6272 6265/6799/6265 6281/6808/6281
f 6277/6794/6277 6268/6784/6268 6287/6807/6287
f 6282/6809/6282 6289/6953/6289 6273/6952/6273 6272/6800/6272
f 6276/6797/6276 6285/6815/6285 6286/6806/6286
f 6313/6817/6313 6263/6785/6263 6277/6794/6277 6302/6810/6302
f 6289/6953/6289 6290/6954/6290 6274/6801/6274 6273/6952/6273
f 6263/6785/6263 6313/6817/6313 6288/6813/6288
f 6290/6954/6290 6291/6820/6291 6283/6802/6283 6274/6801/6274
f 6270/6678/6270 6384/6812/6384 6278/6768/6278
f 6269/6744/6269 6323/6814/6323 6292/6788/6292
f 6303/6955/6303 6293/6956/6293 6280/6805/6280 6279/6804/6279
f 6284/6803/6284 6298/6957/6298 6299/6958/6299
f 6294/6959/6294 6281/6808/6281 6280/6805/6280 6293/6956/6293
f 6285/6815/6285 6284/6803/6284 6299/6958/6299
f 6285/6815/6285 6299/6958/6299 6300/6816/6300
f 6300/6816/6300 6301/6960/6301 6287/6807/6287 6286/6806/6286
f 6294/6959/6294 6295/6961/6295 6282/6809/6282 6281/6808/6281
f 6295/6961/6295 6306/6962/6306 6289/6953/6289 6282/6809/6282
f 6287/6807/6287 6301/6960/6301 6302/6810/6302
f 6297/6821/6297 6298/6957/6298 6284/6803/6284 6283/6802/6283
f 6323/6814/6323 6288/6813/6288 6330/6818/6330
f 6278/6768/6278 6314/6819/6314 6315/6795/6315
f 6296/6963/6296 6290/6954/6290 6289/6953/6289 6306/6962/6306
f 6279/6804/6279 6307/6823/6307 6303/6955/6303
f 6296/6963/6296 6297/6821/6297 6291/6820/6291 6290/6954/6290
f 6308/6830/6308 6309/6843/6309 6297/6964/6297 6296/6831/6296
f 6292/6788/6292 6361/6824/6361 6331/6760/6331
f 6301/6825/6301 6300/6839/6300 6312/6826/6312
f 6295/6965/6295 6294/6841/6294 6304/6842/6304
f 6295/6965/6295 6304/6842/6304 6305/6966/6305
f 6306/6829/6306 6295/6965/6295 6305/6966/6305
f 6313/6856/6313 6302/6828/6302 6329/6827/6329
f 6309/6843/6309 6310/6833/6310 6298/6832/6298 6297/6964/6297
f 6320/6848/6320 6306/6829/6306 6305/6966/6305 6319/6866/6319
f 6293/6835/6293 6316/6837/6316 6317/6840/6317
f 6300/6839/6300 6311/6838/6311 6312/6826/6312
f 6319/6866/6319 6305/6966/6305 6304/6842/6304 6318/6847/6318
f 6308/6830/6308 6306/6829/6306 6320/6848/6320
f 6316/6837/6316 6303/6836/6303 6332/6846/6332
f 6311/6838/6311 6322/6853/6322 6312/6826/6312
f 6321/6849/6321 6326/6859/6326 6309/6843/6309 6308/6830/6308
f 6313/6856/6313 6353/6855/6353 6330/6869/6330
f 6327/6844/6327 6322/6853/6322 6311/6838/6311 6310/6833/6310
f 6327/6844/6327 6309/6843/6309 6326/6859/6326
f 6332/6846/6332 6307/6845/6307 6348/6852/6348
f 6335/6867/6335 6319/6866/6319 6318/6847/6318 6334/6864/6334
f 6318/6847/6318 6317/6840/6317 6325/6863/6325
f 6329/6827/6329 6312/6826/6312 6328/6854/6328
f 6323/6871/6323 6383/6870/6383 6361/6881/6361
f 6315/6850/6315 6362/6858/6362 6324/6851/6324
f 6322/6853/6322 6339/6862/6339 6340/6873/6340
f 6317/6840/6317 6333/6861/6333 6325/6863/6325
f 6322/6853/6322 6340/6873/6340 6328/6854/6328
f 6337/6876/6337 6344/6884/6344 6326/6859/6326 6321/6849/6321
f 6320/6848/6320 6336/6868/6336 6337/6876/6337
f 6320/6848/6320 6337/6876/6337 6321/6849/6321
f 6338/6860/6338 6326/6859/6326 6344/6884/6344
f 6334/6864/6334 6325/6863/6325 6342/6872/6342
f 6347/6865/6347 6328/6854/6328 6346/6874/6346
f 6334/6864/6334 6349/6890/6349 6335/6867/6335
f 6353/6855/6353 6329/6827/6329 6347/6865/6347
f 6383/6870/6383 6330/6869/6330 6368/6875/6368
f 6349/6890/6349 6343/6893/6343 6336/6868/6336 6335/6867/6335
f 6333/6861/6333 6332/6846/6332 6354/6886/6354
f 6333/6861/6333 6354/6886/6354 6341/6887/6341
f 6333/6861/6333 6341/6887/6341 6342/6872/6342
f 6340/6873/6340 6345/6879/6345 6346/6874/6346
f 6349/6890/6349 6334/6864/6334 6342/6872/6342
f 6352/6878/6352 6339/6862/6339 6338/6860/6338 6351/6885/6351
f 6350/6877/6350 6336/6868/6336 6343/6893/6343
f 6344/6884/6344 6337/6876/6337 6350/6877/6350
f 6357/6894/6357 6364/6967/6364 6350/6877/6350 6343/6893/6343
f 6360/6880/6360 6346/6874/6346 6359/6889/6359
f 6347/6865/6347 6370/6892/6370 6353/6855/6353
f 6374/6905/6374 6341/6887/6341 6354/6886/6354 6385/6904/6385
f 6344/6884/6344 6358/6895/6358 6351/6885/6351
f 6348/6852/6348 6324/6851/6324 6371/6896/6371
f 6351/6885/6351 6365/6899/6365 6352/6878/6352
f 6356/6891/6356 6342/6872/6342 6355/6888/6355
f 6357/6894/6357 6349/6890/6349 6356/6891/6356
f 6353/6855/6353 6370/6892/6370 6368/6875/6368
f 6314/6857/6314 5942/6475/5942 6362/6858/6362
f 6358/6895/6358 6350/6877/6350 6364/6967/6364
f 6354/6886/6354 6348/6852/6348 6372/6900/6372
f 6345/6879/6345 6367/6901/6367 6359/6889/6359
f 6364/6967/6364 6357/6894/6357 6363/6902/6363
f 6358/6895/6358 6364/6967/6364 6369/6909/6369
f 5992/6525/5992 6361/6881/6361 5945/6478/5945
f 6358/6895/6358 6369/6909/6369 6365/6899/6365
f 6365/6899/6365 6379/6910/6379 6366/6897/6366
f 6382/6906/6382 6389/6912/6389 6360/6880/6360 6359/6889/6359
f 6378/6915/6378 6364/6967/6364 6363/6902/6363 6377/6968/6377
f 6360/6880/6360 6389/6912/6389 6370/6892/6370
f 6380/6911/6380 6381/6969/6381 6367/6901/6367 6366/6897/6366
f 6364/6967/6364 6378/6915/6378 6369/6909/6369
f 6362/6858/6362 6406/6908/6406 6371/6896/6371
f 6376/6907/6376 6377/6968/6377 6363/6902/6363 6356/6891/6356
f 6367/6901/6367 6381/6969/6381 6382/6906/6382
f 6355/6888/6355 6374/6905/6374 6375/6919/6375
f 6376/6907/6376 6355/6888/6355 6375/6919/6375
f 6396/6923/6396 6397/6970/6397 6380/6911/6380 6379/6910/6379
f 6369/6909/6369 6388/6916/6388 6379/6910/6379
f 6376/6907/6376 6375/6919/6375 6386/6920/6386
f 6370/6892/6370 6400/6914/6400 6368/6875/6368
f 6397/6970/6397 6398/6971/6398 6381/6969/6381 6380/6911/6380
f 6373/6903/6373 6401/6917/6401 6385/6904/6385
f 6399/6926/6399 6382/6906/6382 6381/6969/6381 6398/6971/6398
f 6387/6927/6387 6377/6968/6377 6376/6907/6376 6393/6921/6393
f 6386/6920/6386 6375/6919/6375 6391/6918/6391
f 6389/6912/6389 6382/6906/6382 6399/6926/6399
f 6387/6927/6387 6394/6930/6394 6378/6915/6378 6377/6968/6377
f 5966/6476/5966 6383/6870/6383 6368/6875/6368 6400/6914/6400
f 6414/6472/6414 6419/6769/6419 6400/6914/6400 6390/6913/6390
f 6378/6915/6378 6394/6930/6394 6388/6916/6388
f 5945/6478/5945 6383/6870/6383 5966/6476/5966
f 6372/6900/6372 6371/6896/6371 6407/6922/6407
f 6385/6904/6385 6401/6917/6401 6391/6918/6391
f 6386/6920/6386 6391/6918/6391 6392/6924/6392
f 6386/6920/6386 6402/6925/6402 6393/6921/6393
f 6413/6935/6413 6399/6926/6399 6398/6971/6398 6405/6936/6405
f 6394/6930/6394 6387/6927/6387 6403/6928/6403
f 6384/6898/6384 5997/6473/5997 5942/6475/5942
f 6388/6916/6388 6395/6931/6395 6396/6923/6396
f 6372/6900/6372 6407/6922/6407 6401/6917/6401
f 6411/6940/6411 6396/6923/6396 6395/6931/6395 6410/6933/6410
f 6414/6472/6414 6399/6926/6399 6413/6935/6413
f 6403/6928/6403 6393/6921/6393 6402/6925/6402
f 6400/6914/6400 5959/6499/5959 5966/6476/5966
f 6412/6937/6412 6405/6936/6405 6398/6971/6398 6397/6970/6397
f 6397/6970/6397 6396/6923/6396 6411/6940/6411
f 6397/6970/6397 6411/6940/6411 6412/6937/6412
f 6409/6942/6409 6403/6928/6403 6402/6925/6402 6415/6941/6415
f 6391/6918/6391 6408/6934/6408 6392/6924/6392
f 6409/6942/6409 5944/6938/5944 6404/6932/6404 6403/6928/6403
f 5967/6502/5967 5952/6504/5952 6407/6922/6407 6406/6908/6406
f 6404/6932/6404 5944/6938/5944 6410/6933/6410
f 6405/6936/6405 6417/6484/6417 6413/6935/6413
f 6392/6924/6392 5943/6467/5943 6402/6925/6402
f 6409/6942/6409 5947/6492/5947 5948/6943/5948
f 5944/6938/5944 6409/6942/6409 5948/6943/5948
f 5949/6486/5949 6411/6940/6411 6410/6933/6410 6416/6939/6416
f 6412/6937/6412 6411/6940/6411 5950/6482/5950
f 6417/6484/6417 6412/6937/6412 5950/6482/5950
f 6408/6934/6408 6401/6917/6401 5954/6479/5954
f 5943/6467/5943 6408/6934/6408 5946/6485/5946
f 6413/6935/6413 6418/6490/6418 5951/6470/5951
f 6415/6941/6415 6402/6925/6402 5943/6467/5943
o Boss_fanged_jaw
v -0.053535 1.750000 0.390000
v -0.053535 1.750000 0.390000
v -0.053535 1.750000 0.390000
v -0.053535 1.750000 0.390000
v 0.240000 1.768557 0.450731
v 0.240000 1.768557 0.450731
v 0.240000 1.768557 0.450731
v 0.240000 1.768557 0.450731
v 0.240000 1.731443 0.329269
v 0.240000 1.731443 0.329269
v 0.240000 1.731443 0.329269
v 0.240000 1.731443 0.329269
vn 0.0555 0.8878 -0.4568
vn -0.0000 1.0000 -0.0000
vn 0.0555 -0.8878 0.4568
vn 0.0558 0.8930 -0.4465
vn -0.0000 -0.0000 -1.0000
vn -0.0619 0.9904 0.1238
vn 0.0558 -0.8930 0.4465
vn -0.0000 -0.0000 1.0000
vn -0.0619 -0.9904 -0.1238
vn -0.0000 -0.9564 0.2922
vn -0.0000 0.9564 -0.2922
vt 0.511240 0.561738
vt 0.553415 0.688262
vt 0.559372 0.704437
vt 0.511240 0.561738
vt 0.488760 0.688262
vt 0.441061 0.546738
vt 0.488760 0.688262
vt 0.446585 0.561738
vt 0.277887 0.625000
vt 0.267149 0.602334
vt 0.287279 0.673684
vt 0.732851 0.647666
vt 0.722113 0.625000
vt 0.712721 0.576316
s 0
f 6428/6972/6420 6425/6973/6420 6427/6974/6420 6430/6975/6420
f 6430/6975/6421 6427/6974/6421 6426/6976/6421 6431/6977/6421
f 6431/6977/6422 6426/6976/6422 6424/6978/6422 6429/6979/6422
f 6420/6980/6423 6424/6978/6423 6426/6976/6423 6422/6981/6423
f 6422/6981/6424 6426/6976/6424 6427/6974/6424 6423/6982/6424
f 6423/6983/6425 6427/6974/6425 6425/6973/6425 6421/6984/6425
f 6421/6984/6426 6428/6972/6426 6430/6975/6426 6423/6983/6426
f 6423/6983/6427 6430/6975/6427 6431/6977/6427 6422/6985/6427
f 6422/6981/6428 6431/6977/6428 6429/6979/6428 6420/6980/6428
f 6429/6979/6429 6424/6978/6429 6420/6980/6429
f 6421/6984/6430 6425/6973/6430 6428/6972/6430
