# Blender 4.5.0
# www.blender.org
o King_Sculpted_base
v 0.479512 -0.000002 -0.145458
v 0.417724 -0.000005 -0.279114
v 0.317887 -0.000002 -0.387346
v 0.181977 -0.000007 -0.469003
v -0.000000 -0.000004 -0.502395
v -0.145458 -0.000002 -0.479512
v -0.279116 -0.000004 -0.417726
v -0.387346 -0.000002 -0.317887
v -0.469002 -0.000007 -0.181977
v -0.502396 -0.000004 0.000000
v -0.479512 -0.000002 0.145458
v -0.417723 -0.000006 0.279114
v -0.317887 -0.000002 0.387346
v -0.181978 -0.000006 0.469005
v 0.000000 -0.000004 0.502396
v 0.145458 -0.000002 0.479512
v 0.279114 -0.000005 0.417724
v 0.387346 -0.000002 0.317887
v 0.469002 -0.000007 0.181977
v 0.502397 -0.000003 -0.000000
v 0.428575 0.035117 -0.407861
v 0.313139 0.034836 -0.501412
v -0.407861 0.035117 -0.428575
v -0.501412 0.034836 -0.313139
v -0.428575 0.035117 0.407861
v -0.313139 0.034836 0.501412
v 0.407861 0.035117 0.428575
v 0.501412 0.034836 0.313139
v 0.591376 0.219644 0.023156
v 0.576263 0.220096 -0.134365
v 0.527692 0.220032 -0.265625
v 0.455074 0.219644 -0.378378
v 0.361016 0.220361 -0.467067
v 0.265625 0.220032 -0.527692
v 0.155508 0.220384 -0.569644
v 0.023156 0.219644 -0.591376
v -0.134365 0.220096 -0.576263
v -0.265625 0.220032 -0.527692
v -0.378378 0.219644 -0.455074
v -0.467067 0.220361 -0.361016
v -0.527692 0.220032 -0.265625
v -0.569644 0.220384 -0.155508
v -0.591376 0.219644 -0.023156
v -0.576263 0.220096 0.134365
v -0.527692 0.220032 0.265625
v -0.455074 0.219644 0.378378
v -0.361016 0.220361 0.467067
v -0.265625 0.220032 0.527692
v -0.155508 0.220384 0.569644
v -0.023156 0.219644 0.591376
v 0.134365 0.220096 0.576263
v 0.265625 0.220032 0.527692
v 0.378378 0.219644 0.455074
v 0.467067 0.220361 0.361016
v 0.527692 0.220032 0.265625
v 0.569644 0.220384 0.155508
v 0.516788 0.270011 -0.063733
v 0.498714 0.270003 -0.148139
v 0.459989 0.270034 -0.245869
v 0.388659 0.270011 -0.346520
v 0.315557 0.270214 -0.413852
v 0.214164 0.269758 -0.475755
v 0.068117 0.270053 -0.517396
v -0.063733 0.270011 -0.516788
v -0.148139 0.270003 -0.498714
v -0.245869 0.270034 -0.459989
v -0.346520 0.270011 -0.388659
v -0.413852 0.270214 -0.315557
v -0.475755 0.269758 -0.214164
v -0.517396 0.270053 -0.068117
v -0.516788 0.270011 0.063733
v -0.498714 0.270003 0.148139
v -0.459989 0.270034 0.245869
v -0.388659 0.270011 0.346520
v -0.315557 0.270214 0.413852
v -0.214164 0.269758 0.475755
v -0.068117 0.270053 0.517396
v 0.063733 0.270011 0.516788
v 0.148139 0.270003 0.498714
v 0.245869 0.270034 0.459989
v 0.346520 0.270011 0.388659
v 0.413852 0.270214 0.315557
v 0.475755 0.269758 0.214164
v 0.517396 0.270053 0.068117
v 0.473950 0.340191 -0.082773
v 0.442500 0.340075 -0.187552
v 0.382012 0.340352 -0.293129
v 0.304709 0.340022 -0.371289
v 0.226711 0.340164 -0.424148
v 0.139428 0.340022 -0.459633
v 0.042715 0.340191 -0.479223
v -0.082773 0.340191 -0.473950
v -0.187552 0.340075 -0.442500
v -0.293129 0.340352 -0.382012
v -0.371289 0.340022 -0.304709
v -0.424148 0.340164 -0.226711
v -0.459633 0.340022 -0.139428
v -0.479223 0.340191 -0.042715
v -0.473950 0.340191 0.082773
v -0.442500 0.340075 0.187552
v -0.382012 0.340352 0.293129
v -0.304709 0.340022 0.371289
v -0.226711 0.340164 0.424148
v -0.139428 0.340022 0.459633
v -0.042715 0.340191 0.479223
v 0.082773 0.340191 0.473950
v 0.187552 0.340075 0.442500
v 0.293129 0.340352 0.382012
v 0.371289 0.340022 0.304709
v 0.424148 0.340164 0.226711
v 0.459633 0.340022 0.139428
v 0.479223 0.340191 0.042715
v 0.431100 0.399650 0.011495
v 0.424194 0.400179 -0.071330
v 0.403298 0.400040 -0.151791
v 0.359961 0.400018 -0.236275
v 0.314823 0.400179 -0.293113
v 0.253318 0.399650 -0.349012
v 0.166467 0.400333 -0.396978
v 0.096943 0.399843 -0.419294
v 0.011495 0.399650 -0.431100
v -0.071330 0.400179 -0.424194
v -0.151791 0.400040 -0.403298
v -0.236275 0.400018 -0.359961
v -0.293113 0.400179 -0.314823
v -0.349012 0.399650 -0.253318
v -0.396978 0.400333 -0.166467
v -0.419294 0.399843 -0.096943
v -0.431100 0.399650 -0.011495
v -0.424194 0.400179 0.071330
v -0.403298 0.400040 0.151791
v -0.359961 0.400018 0.236275
v -0.314823 0.400179 0.293113
v -0.253318 0.399650 0.349012
v -0.166467 0.400333 0.396978
v -0.096943 0.399843 0.419294
v -0.011495 0.399650 0.431100
v 0.071330 0.400179 0.424194
v 0.151791 0.400040 0.403298
v 0.236275 0.400018 0.359961
v 0.293113 0.400179 0.314823
v 0.349012 0.399650 0.253318
v 0.396978 0.400333 0.166467
v 0.419294 0.399843 0.096943
v 0.599137 0.047179 0.047305
v 0.570692 0.029040 0.061388
v 0.576947 0.029333 0.031670
v 0.589628 0.034814 0.021594
v 0.597905 0.044241 0.026785
v 0.592272 0.040211 0.045622
v 0.581860 0.033572 0.050777
v 0.563042 0.029288 -0.120841
v 0.588358 0.047785 -0.121015
v 0.587700 0.043828 -0.105290
v 0.580756 0.035059 -0.100006
v 0.570994 0.031183 -0.103048
v 0.572491 0.033890 -0.119079
v 0.581758 0.040661 -0.119142
v 0.539392 0.029217 -0.200273
v 0.560877 0.047696 -0.213261
v 0.546607 0.033809 -0.205983
v 0.554471 0.040573 -0.210737
v 0.518568 0.047558 -0.302733
v 0.493891 0.029133 -0.296156
v 0.499656 0.035009 -0.312416
v 0.511838 0.040491 -0.300699
v 0.502805 0.033747 -0.298292
v 0.188652 0.029217 -0.544680
v 0.197901 0.048020 -0.567513
v 0.204437 0.034975 -0.552800
v 0.190374 0.033851 -0.553214
v 0.193760 0.040733 -0.561572
v 0.047305 0.047179 -0.599137
v 0.061388 0.029040 -0.570692
v 0.031670 0.029333 -0.576947
v 0.021594 0.034814 -0.589628
v 0.026785 0.044241 -0.597905
v 0.045622 0.040211 -0.592272
v 0.050777 0.033572 -0.581860
v -0.120841 0.029288 -0.563042
v -0.121015 0.047785 -0.588358
v -0.105290 0.043828 -0.587700
v -0.100006 0.035059 -0.580756
v -0.103048 0.031183 -0.570994
v -0.119079 0.033890 -0.572491
v -0.119142 0.040661 -0.581758
v -0.200273 0.029217 -0.539392
v -0.213261 0.047696 -0.560877
v -0.205983 0.033809 -0.546607
v -0.210737 0.040573 -0.554471
v -0.302733 0.047558 -0.518568
v -0.296156 0.029133 -0.493891
v -0.312416 0.035009 -0.499656
v -0.300699 0.040491 -0.511838
v -0.298292 0.033747 -0.502805
v -0.544680 0.029217 -0.188652
v -0.567513 0.048020 -0.197901
v -0.552800 0.034975 -0.204437
v -0.553214 0.033851 -0.190374
v -0.561572 0.040733 -0.193760
v -0.599137 0.047179 -0.047305
v -0.570692 0.029040 -0.061388
v -0.576947 0.029333 -0.031670
v -0.589628 0.034814 -0.021594
v -0.597905 0.044241 -0.026785
v -0.592272 0.040211 -0.045622
v -0.581860 0.033572 -0.050777
v -0.563042 0.029288 0.120841
v -0.588358 0.047785 0.121015
v -0.587700 0.043828 0.105290
v -0.580756 0.035059 0.100006
v -0.570994 0.031183 0.103048
v -0.572491 0.033890 0.119079
v -0.581758 0.040661 0.119142
v -0.539392 0.029217 0.200273
v -0.560877 0.047696 0.213261
v -0.546607 0.033809 0.205983
v -0.554471 0.040573 0.210737
v -0.518568 0.047558 0.302733
v -0.493891 0.029133 0.296156
v -0.499656 0.035009 0.312416
v -0.511838 0.040491 0.300699
v -0.502805 0.033747 0.298292
v -0.188652 0.029217 0.544680
v -0.197901 0.048020 0.567513
v -0.204437 0.034975 0.552800
v -0.190374 0.033851 0.553214
v -0.193760 0.040733 0.561572
v -0.047305 0.047179 0.599137
v -0.061389 0.029040 0.570692
v -0.031670 0.029333 0.576947
v -0.021594 0.034814 0.589628
v -0.026785 0.044241 0.597905
v -0.045622 0.040211 0.592272
v -0.050777 0.033572 0.581860
v 0.120841 0.029288 0.563042
v 0.121015 0.047785 0.588358
v 0.105290 0.043828 0.587700
v 0.100006 0.035059 0.580756
v 0.103048 0.031183 0.570994
v 0.119079 0.033890 0.572491
v 0.119142 0.040661 0.581758
v 0.200273 0.029217 0.539392
v 0.213261 0.047696 0.560877
v 0.205983 0.033809 0.546607
v 0.210737 0.040573 0.554471
v 0.302733 0.047558 0.518568
v 0.296156 0.029133 0.493891
v 0.312416 0.035009 0.499656
v 0.300699 0.040491 0.511838
v 0.298292 0.033747 0.502805
v 0.544680 0.029217 0.188652
v 0.567513 0.048020 0.197901
v 0.552800 0.034975 0.204437
v 0.553214 0.033851 0.190374
v 0.561572 0.040733 0.193760
v 0.639283 0.115916 -0.033306
v 0.630043 0.087934 -0.032506
v 0.638243 0.106339 -0.034432
v 0.634861 0.096097 -0.034139
v 0.615479 0.087057 -0.136642
v 0.625334 0.115996 -0.138261
v 0.620070 0.095671 -0.138744
v 0.623677 0.106264 -0.139336
v 0.590733 0.087040 -0.219895
v 0.600136 0.115997 -0.223246
v 0.595592 0.095663 -0.221144
v 0.599034 0.106262 -0.222370
v 0.548039 0.087130 -0.312654
v 0.556415 0.115972 -0.317021
v 0.552669 0.095703 -0.314420
v 0.555734 0.106260 -0.316018
v 0.484125 0.087554 -0.404208
v 0.500059 0.115995 -0.400114
v 0.491085 0.095919 -0.403342
v 0.496917 0.106329 -0.401843
v 0.438129 0.087508 -0.453840
v 0.439506 0.115996 -0.465657
v 0.439148 0.095896 -0.459435
v 0.439652 0.106324 -0.463761
v 0.349701 0.087190 -0.525506
v 0.355095 0.115676 -0.532776
v 0.353626 0.095591 -0.528590
v 0.355600 0.106017 -0.531251
v 0.228432 0.087940 -0.588704
v 0.229008 0.116179 -0.598327
v 0.228991 0.096261 -0.593812
v 0.229202 0.106597 -0.597334
v 0.078921 0.087368 -0.626187
v 0.088650 0.115834 -0.633690
v 0.083860 0.095804 -0.630303
v 0.087421 0.106223 -0.633049
v -0.032506 0.087934 -0.630043
v -0.033306 0.115916 -0.639283
v -0.034139 0.096097 -0.634861
v -0.034432 0.106339 -0.638243
v -0.136642 0.087057 -0.615479
v -0.138261 0.115996 -0.625334
v -0.138744 0.095671 -0.620070
v -0.139336 0.106264 -0.623677
v -0.219895 0.087040 -0.590733
v -0.223246 0.115997 -0.600136
v -0.221144 0.095663 -0.595592
v -0.222370 0.106262 -0.599034
v -0.312654 0.087130 -0.548039
v -0.317021 0.115972 -0.556415
v -0.314420 0.095703 -0.552669
v -0.316018 0.106260 -0.555734
v -0.404208 0.087554 -0.484125
v -0.400114 0.115995 -0.500059
v -0.403342 0.095919 -0.491085
v -0.401843 0.106329 -0.496917
v -0.453840 0.087508 -0.438129
v -0.465657 0.115996 -0.439506
v -0.459435 0.095896 -0.439148
v -0.463761 0.106324 -0.439652
v -0.525506 0.087190 -0.349701
v -0.532776 0.115676 -0.355095
v -0.528590 0.095591 -0.353626
v -0.531251 0.106017 -0.355600
v -0.588704 0.087940 -0.228432
v -0.598327 0.116179 -0.229008
v -0.593812 0.096261 -0.228991
v -0.597334 0.106597 -0.229202
v -0.626187 0.087368 -0.078921
v -0.633690 0.115834 -0.088650
v -0.630303 0.095804 -0.083860
v -0.633049 0.106223 -0.087421
v -0.630043 0.087934 0.032506
v -0.639283 0.115916 0.033306
v -0.634861 0.096097 0.034139
v -0.638243 0.106339 0.034432
v -0.615479 0.087057 0.136642
v -0.625334 0.115996 0.138261
v -0.620070 0.095671 0.138744
v -0.623677 0.106264 0.139336
v -0.590733 0.087040 0.219895
v -0.600136 0.115997 0.223246
v -0.595592 0.095663 0.221144
v -0.599034 0.106262 0.222370
v -0.548039 0.087130 0.312654
v -0.556415 0.115972 0.317021
v -0.552669 0.095703 0.314420
v -0.555734 0.106260 0.316018
v -0.484125 0.087554 0.404208
v -0.500059 0.115995 0.400114
v -0.491085 0.095919 0.403342
v -0.496917 0.106329 0.401843
v -0.438129 0.087508 0.453840
v -0.439506 0.115996 0.465657
v -0.439148 0.095896 0.459435
v -0.439652 0.106324 0.463761
v -0.349701 0.087190 0.525506
v -0.355095 0.115676 0.532776
v -0.353626 0.095591 0.528590
v -0.355600 0.106017 0.531251
v -0.228432 0.087940 0.588704
v -0.229008 0.116179 0.598327
v -0.228991 0.096261 0.593812
v -0.229202 0.106597 0.597334
v -0.078921 0.087368 0.626187
v -0.088650 0.115834 0.633690
v -0.083860 0.095804 0.630303
v -0.087421 0.106223 0.633049
v 0.032506 0.087934 0.630043
v 0.033306 0.115916 0.639283
v 0.034139 0.096097 0.634861
v 0.034432 0.106339 0.638243
v 0.136642 0.087057 0.615479
v 0.138261 0.115996 0.625334
v 0.138744 0.095671 0.620070
v 0.139336 0.106264 0.623677
v 0.219895 0.087040 0.590733
v 0.223246 0.115997 0.600136
v 0.221144 0.095663 0.595592
v 0.222370 0.106262 0.599034
v 0.312654 0.087130 0.548039
v 0.317021 0.115972 0.556415
v 0.314420 0.095703 0.552669
v 0.316018 0.106260 0.555734
v 0.404208 0.087554 0.484125
v 0.400114 0.115995 0.500059
v 0.403342 0.095919 0.491085
v 0.401843 0.106329 0.496917
v 0.453840 0.087508 0.438129
v 0.465657 0.115996 0.439506
v 0.459435 0.095896 0.439148
v 0.463761 0.106324 0.439652
v 0.525506 0.087190 0.349701
v 0.532776 0.115676 0.355095
v 0.528590 0.095591 0.353626
v 0.531251 0.106017 0.355600
v 0.588704 0.087940 0.228432
v 0.598327 0.116179 0.229008
v 0.593812 0.096261 0.228991
v 0.597334 0.106597 0.229202
v 0.626187 0.087368 0.078921
v 0.633690 0.115834 0.088650
v 0.630303 0.095804 0.083860
v 0.633049 0.106223 0.087421
v 0.630957 0.172549 0.016750
v 0.640468 0.144168 0.015669
v 0.636088 0.164158 0.015981
v 0.639569 0.153770 0.015585
v 0.628012 0.143833 -0.124750
v 0.617102 0.172342 -0.129801
v 0.626490 0.153489 -0.126836
v 0.622496 0.163923 -0.128685
v 0.599383 0.144027 -0.225287
v 0.589283 0.171952 -0.222112
v 0.597872 0.153624 -0.225288
v 0.594176 0.163846 -0.224126
v 0.562499 0.144028 -0.306208
v 0.556708 0.172432 -0.295030
v 0.562371 0.153689 -0.303424
v 0.560252 0.164086 -0.299333
v 0.508051 0.144063 -0.389860
v 0.496753 0.172376 -0.388570
v 0.506383 0.153704 -0.390189
v 0.502248 0.164068 -0.389717
v 0.437928 0.144024 -0.467154
v 0.429591 0.171663 -0.460949
v 0.436481 0.153584 -0.466636
v 0.433430 0.163701 -0.464364
v 0.367920 0.144151 -0.524203
v 0.369275 0.172140 -0.510784
v 0.369349 0.153755 -0.521474
v 0.369845 0.164000 -0.516563
v 0.275508 0.144094 -0.577782
v 0.276060 0.172247 -0.567013
v 0.276762 0.153690 -0.576085
v 0.276964 0.163994 -0.572143
v 0.160548 0.144163 -0.619421
v 0.159710 0.172381 -0.609977
v 0.160525 0.153742 -0.618505
v 0.160219 0.164070 -0.615049
v 0.015669 0.144168 -0.640468
v 0.016750 0.172549 -0.630957
v 0.015585 0.153770 -0.639569
v 0.015981 0.164158 -0.636088
v -0.124750 0.143833 -0.628012
v -0.129801 0.172342 -0.617102
v -0.126836 0.153489 -0.626490
v -0.128685 0.163923 -0.622496
v -0.225287 0.144027 -0.599383
v -0.222112 0.171952 -0.589283
v -0.225288 0.153624 -0.597872
v -0.224126 0.163846 -0.594176
v -0.306208 0.144028 -0.562499
v -0.295030 0.172432 -0.556708
v -0.303424 0.153689 -0.562371
v -0.299333 0.164086 -0.560252
v -0.389860 0.144063 -0.508051
v -0.388570 0.172376 -0.496753
v -0.390189 0.153704 -0.506383
v -0.389717 0.164068 -0.502248
v -0.467154 0.144024 -0.437928
v -0.460949 0.171663 -0.429591
v -0.466636 0.153584 -0.436481
v -0.464364 0.163701 -0.433430
v -0.524203 0.144151 -0.367920
v -0.510784 0.172140 -0.369275
v -0.521474 0.153755 -0.369349
v -0.516563 0.164000 -0.369845
v -0.577782 0.144094 -0.275508
v -0.567013 0.172247 -0.276060
v -0.576085 0.153690 -0.276762
v -0.572143 0.163994 -0.276964
v -0.619421 0.144163 -0.160548
v -0.609977 0.172381 -0.159710
v -0.618505 0.153742 -0.160525
v -0.615049 0.164070 -0.160219
v -0.640468 0.144168 -0.015669
v -0.630957 0.172549 -0.016750
v -0.639569 0.153770 -0.015585
v -0.636088 0.164158 -0.015981
v -0.628012 0.143833 0.124750
v -0.617102 0.172342 0.129801
v -0.626490 0.153489 0.126836
v -0.622496 0.163923 0.128685
v -0.599383 0.144027 0.225287
v -0.589283 0.171952 0.222112
v -0.597872 0.153624 0.225288
v -0.594176 0.163846 0.224126
v -0.562499 0.144028 0.306208
v -0.556708 0.172432 0.295030
v -0.562371 0.153689 0.303424
v -0.560252 0.164086 0.299333
v -0.508051 0.144063 0.389860
v -0.496753 0.172376 0.388570
v -0.506383 0.153704 0.390189
v -0.502248 0.164068 0.389717
v -0.437928 0.144024 0.467154
v -0.429591 0.171663 0.460949
v -0.436481 0.153584 0.466636
v -0.433430 0.163701 0.464364
v -0.367920 0.144151 0.524203
v -0.369275 0.172140 0.510784
v -0.369349 0.153755 0.521474
v -0.369845 0.164000 0.516563
v -0.275508 0.144094 0.577782
v -0.276060 0.172247 0.567013
v -0.276762 0.153690 0.576085
v -0.276964 0.163994 0.572143
v -0.160548 0.144163 0.619421
v -0.159710 0.172381 0.609977
v -0.160525 0.153742 0.618505
v -0.160219 0.164070 0.615049
v -0.015669 0.144168 0.640468
v -0.016750 0.172549 0.630957
v -0.015585 0.153770 0.639569
v -0.015981 0.164158 0.636088
v 0.124750 0.143833 0.628012
v 0.129801 0.172342 0.617102
v 0.126836 0.153489 0.626490
v 0.128685 0.163923 0.622496
v 0.225287 0.144027 0.599383
v 0.222112 0.171952 0.589283
v 0.225288 0.153624 0.597872
v 0.224126 0.163846 0.594176
v 0.306208 0.144028 0.562499
v 0.295030 0.172432 0.556708
v 0.303424 0.153689 0.562371
v 0.299333 0.164086 0.560252
v 0.389860 0.144063 0.508051
v 0.388570 0.172376 0.496753
v 0.390189 0.153704 0.506383
v 0.389717 0.164068 0.502248
v 0.467154 0.144024 0.437928
v 0.460949 0.171663 0.429591
v 0.466636 0.153584 0.436481
v 0.464364 0.163701 0.433430
v 0.524203 0.144151 0.367920
v 0.510784 0.172140 0.369275
v 0.521474 0.153755 0.369349
v 0.516563 0.164000 0.369845
v 0.577782 0.144094 0.275508
v 0.567013 0.172247 0.276060
v 0.576085 0.153690 0.276762
v 0.572143 0.163994 0.276964
v 0.619421 0.144163 0.160548
v 0.609977 0.172381 0.159710
v 0.618505 0.153742 0.160525
v 0.615049 0.164070 0.160219
v 0.385718 0.480002 0.000000
v 0.407160 0.464783 -0.001388
v 0.394522 0.477964 -0.000186
v 0.402371 0.472393 -0.000694
v 0.367219 0.480002 -0.115339
v 0.387948 0.464936 -0.120653
v 0.375655 0.477983 -0.117747
v 0.383243 0.472468 -0.119692
v 0.331325 0.480001 -0.195025
v 0.349981 0.464924 -0.205516
v 0.338915 0.477981 -0.199389
v 0.345744 0.472462 -0.203229
v 0.287067 0.480001 -0.255730
v 0.303461 0.464966 -0.269666
v 0.293621 0.477987 -0.261561
v 0.299622 0.472483 -0.266661
v 0.214134 0.480001 -0.320322
v 0.225192 0.464827 -0.338659
v 0.218876 0.477968 -0.327714
v 0.222923 0.472414 -0.334426
v 0.115182 0.480003 -0.367244
v 0.121810 0.464908 -0.387608
v 0.117823 0.477980 -0.375622
v 0.120249 0.472455 -0.383076
v -0.000000 0.480002 -0.385718
v -0.001388 0.464785 -0.407160
v -0.000186 0.477965 -0.394522
v -0.000694 0.472395 -0.402370
v -0.115339 0.480003 -0.367219
v -0.120653 0.464936 -0.387948
v -0.117747 0.477984 -0.375655
v -0.119692 0.472469 -0.383243
v -0.195025 0.480001 -0.331325
v -0.205516 0.464923 -0.349982
v -0.199389 0.477981 -0.338915
v -0.203229 0.472462 -0.345744
v -0.255730 0.480001 -0.287067
v -0.269666 0.464966 -0.303461
v -0.261561 0.477987 -0.293621
v -0.266661 0.472483 -0.299622
v -0.320322 0.480001 -0.214134
v -0.338659 0.464827 -0.225192
v -0.327714 0.477968 -0.218876
v -0.334426 0.472414 -0.222923
v -0.367244 0.480003 -0.115182
v -0.387608 0.464908 -0.121810
v -0.375622 0.477980 -0.117823
v -0.383076 0.472455 -0.120249
v -0.385718 0.480002 0.000000
v -0.407160 0.464784 0.001388
v -0.394522 0.477964 0.000186
v -0.402370 0.472394 0.000694
v -0.367218 0.480002 0.115339
v -0.387948 0.464936 0.120653
v -0.375655 0.477983 0.117747
v -0.383243 0.472469 0.119692
v -0.331325 0.480001 0.195025
v -0.349982 0.464923 0.205516
v -0.338915 0.477981 0.199389
v -0.345744 0.472462 0.203229
v -0.287067 0.480001 0.255730
v -0.303461 0.464966 0.269666
v -0.293621 0.477987 0.261561
v -0.299622 0.472483 0.266661
v -0.214134 0.480001 0.320322
v -0.225192 0.464827 0.338659
v -0.218876 0.477968 0.327714
v -0.222923 0.472414 0.334426
v -0.115182 0.480003 0.367244
v -0.121810 0.464908 0.387608
v -0.117823 0.477980 0.375622
v -0.120249 0.472455 0.383076
v 0.000000 0.480002 0.385718
v 0.001388 0.464785 0.407160
v 0.000186 0.477965 0.394522
v 0.000694 0.472395 0.402370
v 0.115339 0.480003 0.367219
v 0.120653 0.464936 0.387948
v 0.117747 0.477984 0.375655
v 0.119692 0.472469 0.383243
v 0.195025 0.480001 0.331325
v 0.205516 0.464923 0.349982
v 0.199389 0.477981 0.338915
v 0.203229 0.472462 0.345744
v 0.255731 0.480001 0.287067
v 0.269666 0.464966 0.303461
v 0.261561 0.477987 0.293621
v 0.266661 0.472483 0.299622
v 0.320322 0.480001 0.214134
v 0.338659 0.464827 0.225192
v 0.327714 0.477968 0.218876
v 0.334426 0.472414 0.222923
v 0.367244 0.480003 0.115182
v 0.387608 0.464908 0.121810
v 0.375622 0.477980 0.117823
v 0.383076 0.472455 0.120249
vn 0.1873 -0.9806 -0.0579
vn 0.1664 -0.9798 -0.1105
vn 0.1246 -0.9804 -0.1524
vn 0.0711 -0.9794 -0.1890
vn 0.0008 -0.9798 -0.1999
vn -0.0579 -0.9806 -0.1873
vn -0.1105 -0.9798 -0.1664
vn -0.1524 -0.9804 -0.1246
vn -0.1890 -0.9794 -0.0711
vn -0.1999 -0.9798 -0.0008
vn -0.1873 -0.9806 0.0579
vn -0.1664 -0.9798 0.1105
vn -0.1246 -0.9804 0.1524
vn -0.0711 -0.9794 0.1890
vn -0.0008 -0.9798 0.1999
vn 0.0579 -0.9806 0.1873
vn 0.1105 -0.9798 0.1664
vn 0.1524 -0.9804 0.1246
vn 0.1890 -0.9794 0.0711
vn 0.1999 -0.9798 0.0008
vn 0.4424 -0.7915 -0.4218
vn 0.3229 -0.7919 -0.5183
vn -0.4218 -0.7915 -0.4424
vn -0.5183 -0.7919 -0.3229
vn -0.4424 -0.7915 0.4218
vn -0.3229 -0.7919 0.5183
vn 0.4218 -0.7915 0.4424
vn 0.5183 -0.7919 0.3229
vn 0.6854 0.7278 0.0236
vn 0.6680 0.7282 -0.1532
vn 0.6115 0.7291 -0.3072
vn 0.5264 0.7295 -0.4368
vn 0.4162 0.7313 -0.5403
vn 0.3095 0.7288 -0.6108
vn 0.1788 0.7303 -0.6593
vn 0.0236 0.7278 -0.6854
vn -0.1532 0.7282 -0.6680
vn -0.3072 0.7291 -0.6115
vn -0.4368 0.7295 -0.5264
vn -0.5403 0.7313 -0.4162
vn -0.6108 0.7288 -0.3095
vn -0.6593 0.7303 -0.1788
vn -0.6854 0.7278 -0.0236
vn -0.6680 0.7282 0.1532
vn -0.6115 0.7291 0.3072
vn -0.5264 0.7295 0.4368
vn -0.4162 0.7313 0.5403
vn -0.3095 0.7288 0.6108
vn -0.1788 0.7303 0.6593
vn -0.0236 0.7278 0.6854
vn 0.1532 0.7282 0.6680
vn 0.3072 0.7291 0.6115
vn 0.4368 0.7295 0.5264
vn 0.5403 0.7313 0.4162
vn 0.6108 0.7288 0.3095
vn 0.6593 0.7303 0.1788
vn 0.7344 0.6744 -0.0758
vn 0.7037 0.6764 -0.2172
vn 0.6482 0.6774 -0.3478
vn 0.5480 0.6760 -0.4926
vn 0.4477 0.6782 -0.5827
vn 0.2985 0.6784 -0.6713
vn 0.0955 0.6828 -0.7243
vn -0.0758 0.6744 -0.7344
vn -0.2172 0.6764 -0.7037
vn -0.3478 0.6774 -0.6482
vn -0.4926 0.6760 -0.5480
vn -0.5827 0.6782 -0.4477
vn -0.6713 0.6784 -0.2985
vn -0.7243 0.6828 -0.0955
vn -0.7344 0.6744 0.0758
vn -0.7037 0.6764 0.2172
vn -0.6482 0.6774 0.3478
vn -0.5480 0.6760 0.4926
vn -0.4477 0.6782 0.5827
vn -0.2985 0.6784 0.6713
vn -0.0955 0.6828 0.7243
vn 0.0758 0.6744 0.7344
vn 0.2172 0.6764 0.7037
vn 0.3478 0.6774 0.6482
vn 0.4926 0.6760 0.5480
vn 0.5827 0.6782 0.4477
vn 0.6713 0.6784 0.2985
vn 0.7243 0.6828 0.0955
vn 0.8130 0.5666 -0.1342
vn 0.7559 0.5695 -0.3231
vn 0.6511 0.5691 -0.5021
vn 0.5278 0.5678 -0.6317
vn 0.3913 0.5691 -0.7232
vn 0.2371 0.5618 -0.7926
vn 0.0628 0.5702 -0.8191
vn -0.1342 0.5666 -0.8130
vn -0.3231 0.5695 -0.7559
vn -0.5021 0.5691 -0.6511
vn -0.6317 0.5678 -0.5278
vn -0.7232 0.5691 -0.3913
vn -0.7926 0.5618 -0.2371
vn -0.8191 0.5702 -0.0628
vn -0.8130 0.5666 0.1342
vn -0.7559 0.5695 0.3231
vn -0.6511 0.5691 0.5021
vn -0.5278 0.5678 0.6317
vn -0.3913 0.5691 0.7232
vn -0.2371 0.5618 0.7926
vn -0.0628 0.5702 0.8191
vn 0.1342 0.5666 0.8130
vn 0.3231 0.5695 0.7559
vn 0.5021 0.5691 0.6511
vn 0.6317 0.5678 0.5278
vn 0.7232 0.5691 0.3913
vn 0.7926 0.5618 0.2371
vn 0.8191 0.5702 0.0628
vn 0.8583 0.5125 0.0279
vn 0.8453 0.5153 -0.1412
vn 0.8046 0.5052 -0.3121
vn 0.7249 0.5096 -0.4635
vn 0.6213 0.5113 -0.5937
vn 0.5110 0.5100 -0.6919
vn 0.3395 0.5131 -0.7883
vn 0.1822 0.5145 -0.8379
vn 0.0279 0.5125 -0.8583
vn -0.1412 0.5153 -0.8453
vn -0.3121 0.5052 -0.8046
vn -0.4635 0.5096 -0.7249
vn -0.5937 0.5113 -0.6213
vn -0.6919 0.5100 -0.5110
vn -0.7883 0.5131 -0.3395
vn -0.8379 0.5145 -0.1822
vn -0.8583 0.5125 -0.0279
vn -0.8453 0.5153 0.1412
vn -0.8046 0.5052 0.3121
vn -0.7249 0.5096 0.4635
vn -0.6213 0.5113 0.5937
vn -0.5110 0.5100 0.6919
vn -0.3395 0.5131 0.7883
vn -0.1822 0.5145 0.8379
vn -0.0279 0.5125 0.8583
vn 0.1412 0.5153 0.8453
vn 0.3121 0.5052 0.8046
vn 0.4635 0.5096 0.7249
vn 0.5937 0.5113 0.6213
vn 0.6919 0.5100 0.5110
vn 0.7883 0.5131 0.3395
vn 0.8379 0.5145 0.1822
vn 0.7407 -0.6646 0.0986
vn 0.4130 -0.9073 0.0790
vn 0.4452 -0.8945 0.0409
vn 0.5801 -0.8145 -0.0001
vn 0.7299 -0.6832 0.0215
vn 0.6174 -0.7784 0.1137
vn 0.5647 -0.8190 0.1019
vn 0.4203 -0.9014 -0.1038
vn 0.7266 -0.6661 -0.1680
vn 0.7181 -0.6873 -0.1095
vn 0.5870 -0.8051 -0.0846
vn 0.4431 -0.8927 -0.0824
vn 0.5555 -0.8170 -0.1545
vn 0.6109 -0.7730 -0.1710
vn 0.3891 -0.9094 -0.1473
vn 0.7062 -0.6543 -0.2706
vn 0.4997 -0.8448 -0.1914
vn 0.6175 -0.7498 -0.2377
vn 0.6614 -0.6478 -0.3780
vn 0.3504 -0.9170 -0.1906
vn 0.5070 -0.7979 -0.3262
vn 0.6003 -0.7474 -0.2848
vn 0.4771 -0.8549 -0.2035
vn 0.1111 -0.9138 -0.3906
vn 0.2306 -0.6440 -0.7295
vn 0.2136 -0.8011 -0.5590
vn 0.0972 -0.8446 -0.5265
vn 0.1488 -0.7340 -0.6626
vn 0.0986 -0.6646 -0.7407
vn 0.0790 -0.9073 -0.4130
vn 0.0409 -0.8945 -0.4452
vn -0.0001 -0.8145 -0.5801
vn 0.0215 -0.6832 -0.7299
vn 0.1137 -0.7784 -0.6174
vn 0.1019 -0.8190 -0.5647
vn -0.1038 -0.9014 -0.4203
vn -0.1680 -0.6661 -0.7266
vn -0.1095 -0.6873 -0.7181
vn -0.0846 -0.8051 -0.5870
vn -0.0824 -0.8927 -0.4431
vn -0.1545 -0.8170 -0.5555
vn -0.1710 -0.7730 -0.6109
vn -0.1473 -0.9094 -0.3891
vn -0.2706 -0.6543 -0.7062
vn -0.1914 -0.8448 -0.4997
vn -0.2377 -0.7498 -0.6175
vn -0.3780 -0.6478 -0.6614
vn -0.1906 -0.9170 -0.3504
vn -0.3261 -0.7979 -0.5070
vn -0.2848 -0.7474 -0.6003
vn -0.2035 -0.8549 -0.4771
vn -0.3906 -0.9138 -0.1111
vn -0.7295 -0.6440 -0.2306
vn -0.5590 -0.8011 -0.2136
vn -0.5265 -0.8446 -0.0972
vn -0.6626 -0.7340 -0.1488
vn -0.7407 -0.6646 -0.0986
vn -0.4130 -0.9073 -0.0790
vn -0.4452 -0.8945 -0.0409
vn -0.5801 -0.8145 0.0001
vn -0.7299 -0.6832 -0.0215
vn -0.6174 -0.7784 -0.1137
vn -0.5647 -0.8190 -0.1019
vn -0.4203 -0.9014 0.1038
vn -0.7266 -0.6661 0.1680
vn -0.7181 -0.6873 0.1095
vn -0.5870 -0.8051 0.0846
vn -0.4431 -0.8927 0.0824
vn -0.5555 -0.8170 0.1545
vn -0.6109 -0.7730 0.1710
vn -0.3891 -0.9094 0.1473
vn -0.7062 -0.6543 0.2706
vn -0.4997 -0.8448 0.1914
vn -0.6175 -0.7498 0.2377
vn -0.6614 -0.6478 0.3780
vn -0.3504 -0.9170 0.1906
vn -0.5070 -0.7979 0.3261
vn -0.6003 -0.7474 0.2848
vn -0.4771 -0.8549 0.2035
vn -0.1111 -0.9138 0.3906
vn -0.2306 -0.6440 0.7295
vn -0.2136 -0.8011 0.5590
vn -0.0972 -0.8446 0.5265
vn -0.1488 -0.7340 0.6626
vn -0.0986 -0.6646 0.7407
vn -0.0790 -0.9073 0.4130
vn -0.0409 -0.8945 0.4452
vn 0.0001 -0.8145 0.5801
vn -0.0215 -0.6832 0.7299
vn -0.1137 -0.7784 0.6174
vn -0.1019 -0.8190 0.5647
vn 0.1038 -0.9014 0.4203
vn 0.1680 -0.6661 0.7266
vn 0.1095 -0.6873 0.7181
vn 0.0846 -0.8051 0.5870
vn 0.0824 -0.8927 0.4431
vn 0.1545 -0.8170 0.5555
vn 0.1710 -0.7730 0.6109
vn 0.1473 -0.9094 0.3891
vn 0.2706 -0.6543 0.7062
vn 0.1914 -0.8448 0.4997
vn 0.2377 -0.7498 0.6175
vn 0.3780 -0.6478 0.6614
vn 0.1906 -0.9170 0.3504
vn 0.3262 -0.7979 0.5070
vn 0.2848 -0.7474 0.6003
vn 0.2035 -0.8549 0.4771
vn 0.3906 -0.9138 0.1111
vn 0.7295 -0.6440 0.2306
vn 0.5590 -0.8011 0.2136
vn 0.5265 -0.8446 0.0972
vn 0.6626 -0.7340 0.1488
vn 0.9982 -0.0236 -0.0544
vn 0.8320 -0.5532 -0.0422
vn 0.9770 -0.2074 -0.0497
vn 0.9152 -0.4001 -0.0483
vn 0.8132 -0.5547 -0.1763
vn 0.9747 -0.0611 -0.2150
vn 0.8889 -0.4146 -0.1950
vn 0.9516 -0.2256 -0.2085
vn 0.7772 -0.5567 -0.2932
vn 0.9346 -0.0623 -0.3503
vn 0.8530 -0.4120 -0.3205
vn 0.9119 -0.2250 -0.3431
vn 0.7174 -0.5597 -0.4148
vn 0.8648 -0.0639 -0.4981
vn 0.7906 -0.4155 -0.4497
vn 0.8470 -0.2290 -0.4797
vn 0.6477 -0.5485 -0.5289
vn 0.7804 -0.0649 -0.6219
vn 0.7123 -0.4062 -0.5723
vn 0.7622 -0.2246 -0.6071
vn 0.5715 -0.5502 -0.6088
vn 0.6805 -0.0597 -0.7303
vn 0.6252 -0.4023 -0.6688
vn 0.6650 -0.2146 -0.7153
vn 0.4573 -0.5540 -0.6957
vn 0.5398 -0.0540 -0.8401
vn 0.5043 -0.4047 -0.7628
vn 0.5383 -0.2093 -0.8163
vn 0.3009 -0.5599 -0.7720
vn 0.3504 -0.0210 -0.9364
vn 0.3246 -0.4092 -0.8528
vn 0.3472 -0.2041 -0.9153
vn 0.1130 -0.5461 -0.8300
vn 0.1484 -0.0113 -0.9889
vn 0.1325 -0.4065 -0.9040
vn 0.1461 -0.2016 -0.9685
vn -0.0422 -0.5532 -0.8320
vn -0.0544 -0.0236 -0.9982
vn -0.0483 -0.4001 -0.9152
vn -0.0497 -0.2074 -0.9770
vn -0.1763 -0.5547 -0.8132
vn -0.2150 -0.0611 -0.9747
vn -0.1950 -0.4146 -0.8889
vn -0.2085 -0.2256 -0.9516
vn -0.2932 -0.5567 -0.7772
vn -0.3503 -0.0623 -0.9346
vn -0.3205 -0.4120 -0.8530
vn -0.3431 -0.2250 -0.9119
vn -0.4148 -0.5597 -0.7174
vn -0.4981 -0.0639 -0.8648
vn -0.4497 -0.4155 -0.7906
vn -0.4797 -0.2290 -0.8470
vn -0.5289 -0.5485 -0.6477
vn -0.6219 -0.0649 -0.7804
vn -0.5723 -0.4062 -0.7123
vn -0.6071 -0.2246 -0.7622
vn -0.6088 -0.5502 -0.5715
vn -0.7303 -0.0597 -0.6805
vn -0.6688 -0.4023 -0.6252
vn -0.7153 -0.2146 -0.6650
vn -0.6957 -0.5540 -0.4573
vn -0.8401 -0.0540 -0.5398
vn -0.7628 -0.4047 -0.5043
vn -0.8163 -0.2093 -0.5383
vn -0.7720 -0.5599 -0.3009
vn -0.9364 -0.0210 -0.3504
vn -0.8528 -0.4092 -0.3246
vn -0.9153 -0.2041 -0.3472
vn -0.8300 -0.5461 -0.1130
vn -0.9889 -0.0113 -0.1484
vn -0.9040 -0.4065 -0.1325
vn -0.9685 -0.2016 -0.1461
vn -0.8320 -0.5532 0.0422
vn -0.9982 -0.0236 0.0544
vn -0.9152 -0.4001 0.0483
vn -0.9770 -0.2074 0.0497
vn -0.8132 -0.5547 0.1763
vn -0.9747 -0.0611 0.2150
vn -0.8889 -0.4146 0.1950
vn -0.9516 -0.2256 0.2085
vn -0.7772 -0.5567 0.2932
vn -0.9346 -0.0623 0.3503
vn -0.8530 -0.4120 0.3205
vn -0.9119 -0.2250 0.3431
vn -0.7174 -0.5597 0.4148
vn -0.8648 -0.0639 0.4981
vn -0.7906 -0.4155 0.4497
vn -0.8470 -0.2290 0.4797
vn -0.6477 -0.5485 0.5289
vn -0.7804 -0.0649 0.6219
vn -0.7123 -0.4062 0.5723
vn -0.7622 -0.2246 0.6071
vn -0.5715 -0.5502 0.6088
vn -0.6805 -0.0597 0.7303
vn -0.6252 -0.4023 0.6688
vn -0.6650 -0.2146 0.7153
vn -0.4573 -0.5540 0.6957
vn -0.5398 -0.0540 0.8401
vn -0.5043 -0.4047 0.7628
vn -0.5383 -0.2093 0.8163
vn -0.3009 -0.5599 0.7720
vn -0.3504 -0.0210 0.9364
vn -0.3246 -0.4092 0.8528
vn -0.3472 -0.2041 0.9153
vn -0.1130 -0.5461 0.8300
vn -0.1484 -0.0113 0.9889
vn -0.1325 -0.4065 0.9040
vn -0.1461 -0.2016 0.9685
vn 0.0422 -0.5532 0.8320
vn 0.0544 -0.0236 0.9982
vn 0.0483 -0.4001 0.9152
vn 0.0497 -0.2074 0.9770
vn 0.1763 -0.5547 0.8132
vn 0.2150 -0.0611 0.9747
vn 0.1950 -0.4146 0.8889
vn 0.2085 -0.2256 0.9516
vn 0.2932 -0.5567 0.7772
vn 0.3503 -0.0623 0.9346
vn 0.3205 -0.4120 0.8530
vn 0.3431 -0.2250 0.9119
vn 0.4148 -0.5597 0.7174
vn 0.4981 -0.0639 0.8648
vn 0.4497 -0.4155 0.7906
vn 0.4797 -0.2290 0.8470
vn 0.5289 -0.5485 0.6477
vn 0.6219 -0.0649 0.7804
vn 0.5723 -0.4062 0.7123
vn 0.6071 -0.2246 0.7622
vn 0.6088 -0.5502 0.5715
vn 0.7303 -0.0597 0.6805
vn 0.6688 -0.4023 0.6252
vn 0.7153 -0.2146 0.6650
vn 0.6957 -0.5540 0.4573
vn 0.8401 -0.0540 0.5398
vn 0.7628 -0.4047 0.5043
vn 0.8163 -0.2093 0.5383
vn 0.7720 -0.5599 0.3009
vn 0.9364 -0.0210 0.3504
vn 0.8528 -0.4092 0.3246
vn 0.9153 -0.2041 0.3472
vn 0.8300 -0.5461 0.1130
vn 0.9889 -0.0113 0.1484
vn 0.9040 -0.4065 0.1325
vn 0.9685 -0.2016 0.1461
vn 0.8118 0.5835 0.0218
vn 0.9992 0.0263 0.0312
vn 0.9053 0.4242 0.0222
vn 0.9764 0.2147 0.0242
vn 0.9828 0.0594 -0.1749
vn 0.7985 0.5808 -0.1585
vn 0.9573 0.2247 -0.1818
vn 0.8866 0.4290 -0.1728
vn 0.9354 0.0644 -0.3478
vn 0.7593 0.5863 -0.2822
vn 0.9120 0.2322 -0.3381
vn 0.8456 0.4315 -0.3143
vn 0.8761 0.0696 -0.4772
vn 0.7131 0.5870 -0.3834
vn 0.8517 0.2435 -0.4641
vn 0.7899 0.4400 -0.4271
vn 0.7954 0.0654 -0.6026
vn 0.6406 0.5833 -0.4994
vn 0.7697 0.2385 -0.5922
vn 0.7123 0.4354 -0.5506
vn 0.6845 0.0619 -0.7264
vn 0.5566 0.5832 -0.5916
vn 0.6686 0.2301 -0.7072
vn 0.6203 0.4278 -0.6574
vn 0.5713 0.0615 -0.8185
vn 0.4740 0.5811 -0.6615
vn 0.5567 0.2318 -0.7977
vn 0.5206 0.4300 -0.7376
vn 0.4305 0.0269 -0.9022
vn 0.3554 0.5828 -0.7308
vn 0.4168 0.2228 -0.8813
vn 0.3906 0.4261 -0.8160
vn 0.2435 0.0149 -0.9698
vn 0.2035 0.5793 -0.7893
vn 0.2383 0.2094 -0.9483
vn 0.2228 0.4190 -0.8802
vn 0.0312 0.0263 -0.9992
vn 0.0218 0.5835 -0.8118
vn 0.0242 0.2147 -0.9764
vn 0.0222 0.4242 -0.9053
vn -0.1749 0.0594 -0.9828
vn -0.1585 0.5808 -0.7985
vn -0.1818 0.2247 -0.9573
vn -0.1728 0.4290 -0.8866
vn -0.3478 0.0644 -0.9354
vn -0.2822 0.5863 -0.7593
vn -0.3381 0.2322 -0.9120
vn -0.3143 0.4315 -0.8456
vn -0.4772 0.0696 -0.8761
vn -0.3834 0.5870 -0.7131
vn -0.4641 0.2435 -0.8517
vn -0.4271 0.4400 -0.7899
vn -0.6026 0.0654 -0.7954
vn -0.4994 0.5833 -0.6406
vn -0.5922 0.2385 -0.7697
vn -0.5506 0.4353 -0.7123
vn -0.7264 0.0619 -0.6845
vn -0.5916 0.5832 -0.5566
vn -0.7072 0.2301 -0.6686
vn -0.6574 0.4278 -0.6203
vn -0.8185 0.0615 -0.5713
vn -0.6615 0.5811 -0.4740
vn -0.7977 0.2318 -0.5567
vn -0.7376 0.4300 -0.5206
vn -0.9022 0.0269 -0.4305
vn -0.7308 0.5828 -0.3554
vn -0.8813 0.2228 -0.4168
vn -0.8160 0.4261 -0.3906
vn -0.9698 0.0149 -0.2435
vn -0.7893 0.5793 -0.2035
vn -0.9483 0.2094 -0.2383
vn -0.8802 0.4190 -0.2228
vn -0.9992 0.0263 -0.0312
vn -0.8118 0.5835 -0.0218
vn -0.9764 0.2147 -0.0242
vn -0.9053 0.4242 -0.0222
vn -0.9828 0.0594 0.1749
vn -0.7985 0.5808 0.1585
vn -0.9573 0.2247 0.1818
vn -0.8866 0.4290 0.1728
vn -0.9354 0.0644 0.3478
vn -0.7593 0.5863 0.2822
vn -0.9120 0.2322 0.3381
vn -0.8456 0.4315 0.3143
vn -0.8761 0.0696 0.4772
vn -0.7131 0.5870 0.3834
vn -0.8517 0.2435 0.4641
vn -0.7899 0.4400 0.4271
vn -0.7954 0.0654 0.6026
vn -0.6406 0.5833 0.4994
vn -0.7697 0.2385 0.5922
vn -0.7123 0.4354 0.5506
vn -0.6845 0.0619 0.7264
vn -0.5566 0.5832 0.5916
vn -0.6686 0.2301 0.7072
vn -0.6203 0.4278 0.6574
vn -0.5713 0.0615 0.8185
vn -0.4740 0.5811 0.6615
vn -0.5567 0.2318 0.7977
vn -0.5206 0.4300 0.7376
vn -0.4305 0.0269 0.9022
vn -0.3554 0.5828 0.7308
vn -0.4168 0.2228 0.8813
vn -0.3906 0.4261 0.8160
vn -0.2435 0.0149 0.9698
vn -0.2035 0.5793 0.7893
vn -0.2383 0.2094 0.9483
vn -0.2228 0.4190 0.8802
vn -0.0312 0.0263 0.9992
vn -0.0218 0.5835 0.8118
vn -0.0242 0.2147 0.9764
vn -0.0222 0.4242 0.9053
vn 0.1749 0.0594 0.9828
vn 0.1585 0.5808 0.7985
vn 0.1818 0.2247 0.9573
vn 0.1728 0.4290 0.8866
vn 0.3478 0.0644 0.9354
vn 0.2822 0.5863 0.7593
vn 0.3381 0.2322 0.9120
vn 0.3143 0.4315 0.8456
vn 0.4772 0.0696 0.8761
vn 0.3834 0.5870 0.7131
vn 0.4641 0.2435 0.8517
vn 0.4271 0.4400 0.7899
vn 0.6026 0.0654 0.7954
vn 0.4994 0.5833 0.6406
vn 0.5922 0.2385 0.7697
vn 0.5506 0.4353 0.7123
vn 0.7264 0.0619 0.6845
vn 0.5916 0.5832 0.5566
vn 0.7072 0.2301 0.6686
vn 0.6574 0.4278 0.6203
vn 0.8185 0.0615 0.5713
vn 0.6615 0.5811 0.4740
vn 0.7977 0.2318 0.5567
vn 0.7376 0.4300 0.5206
vn 0.9022 0.0269 0.4305
vn 0.7308 0.5828 0.3554
vn 0.8813 0.2228 0.4168
vn 0.8160 0.4261 0.3906
vn 0.9698 0.0149 0.2435
vn 0.7893 0.5793 0.2035
vn 0.9483 0.2094 0.2383
vn 0.8802 0.4190 0.2228
vn 0.1243 0.9922 0.0003
vn 0.8921 0.4518 -0.0028
vn 0.4242 0.9056 0.0015
vn 0.7334 0.6798 0.0019
vn 0.1172 0.9925 -0.0352
vn 0.8542 0.4534 -0.2546
vn 0.4031 0.9071 -0.1213
vn 0.6995 0.6830 -0.2101
vn 0.1041 0.9927 -0.0605
vn 0.7737 0.4498 -0.4462
vn 0.3617 0.9083 -0.2100
vn 0.6307 0.6846 -0.3654
vn 0.0893 0.9927 -0.0814
vn 0.6615 0.4501 -0.5999
vn 0.3096 0.9080 -0.2825
vn 0.5391 0.6838 -0.4916
vn 0.0679 0.9924 -0.1026
vn 0.4916 0.4481 -0.7467
vn 0.2333 0.9064 -0.3521
vn 0.4038 0.6813 -0.6106
vn 0.0365 0.9924 -0.1179
vn 0.2621 0.4507 -0.8533
vn 0.1250 0.9058 -0.4048
vn 0.2164 0.6791 -0.7014
vn 0.0003 0.9923 -0.1242
vn -0.0028 0.4518 -0.8921
vn 0.0015 0.9056 -0.4242
vn 0.0019 0.6798 -0.7334
vn -0.0352 0.9925 -0.1172
vn -0.2546 0.4534 -0.8542
vn -0.1213 0.9071 -0.4031
vn -0.2101 0.6830 -0.6995
vn -0.0605 0.9927 -0.1041
vn -0.4462 0.4498 -0.7737
vn -0.2100 0.9083 -0.3617
vn -0.3654 0.6846 -0.6307
vn -0.0814 0.9927 -0.0893
vn -0.5999 0.4501 -0.6615
vn -0.2825 0.9080 -0.3096
vn -0.4916 0.6838 -0.5391
vn -0.1026 0.9924 -0.0679
vn -0.7467 0.4481 -0.4916
vn -0.3521 0.9064 -0.2333
vn -0.6106 0.6813 -0.4038
vn -0.1179 0.9924 -0.0365
vn -0.8533 0.4507 -0.2621
vn -0.4048 0.9058 -0.1250
vn -0.7014 0.6791 -0.2164
vn -0.1243 0.9923 -0.0003
vn -0.8921 0.4518 0.0028
vn -0.4242 0.9056 -0.0015
vn -0.7334 0.6798 -0.0019
vn -0.1172 0.9925 0.0352
vn -0.8542 0.4534 0.2546
vn -0.4031 0.9071 0.1213
vn -0.6995 0.6830 0.2101
vn -0.1041 0.9927 0.0605
vn -0.7737 0.4498 0.4462
vn -0.3617 0.9083 0.2100
vn -0.6307 0.6846 0.3654
vn -0.0893 0.9927 0.0814
vn -0.6615 0.4501 0.5999
vn -0.3096 0.9080 0.2825
vn -0.5391 0.6838 0.4916
vn -0.0679 0.9924 0.1026
vn -0.4916 0.4481 0.7467
vn -0.2333 0.9064 0.3521
vn -0.4038 0.6813 0.6106
vn -0.0365 0.9924 0.1179
vn -0.2621 0.4507 0.8533
vn -0.1250 0.9058 0.4048
vn -0.2164 0.6791 0.7014
vn -0.0003 0.9923 0.1242
vn 0.0028 0.4518 0.8921
vn -0.0015 0.9056 0.4242
vn -0.0019 0.6798 0.7334
vn 0.0352 0.9925 0.1172
vn 0.2546 0.4534 0.8542
vn 0.1213 0.9071 0.4031
vn 0.2101 0.6830 0.6995
vn 0.0605 0.9927 0.1041
vn 0.4462 0.4498 0.7737
vn 0.2100 0.9083 0.3617
vn 0.3654 0.6846 0.6307
vn 0.0814 0.9927 0.0893
vn 0.5999 0.4501 0.6615
vn 0.2825 0.9080 0.3096
vn 0.4916 0.6838 0.5391
vn 0.1026 0.9924 0.0679
vn 0.7467 0.4481 0.4916
vn 0.3521 0.9064 0.2333
vn 0.6106 0.6813 0.4038
vn 0.1179 0.9924 0.0365
vn 0.8533 0.4507 0.2621
vn 0.4048 0.9058 0.1250
vn 0.7014 0.6791 0.2164
s 1
f 3//3 22//22 21//21
f 4//4 22//22 3//3
f 8//8 24//24 23//23
f 9//9 24//24 8//8
f 13//13 26//26 25//25
f 14//14 26//26 13//13
f 18//18 28//28 27//27
f 19//19 28//28 18//18
f 29//29 57//57 84//84
f 30//30 57//57 29//29
f 30//30 58//58 57//57
f 35//35 62//62 34//34
f 36//36 64//64 63//63
f 37//37 64//64 36//36
f 37//37 65//65 64//64
f 42//42 69//69 41//41
f 43//43 71//71 70//70
f 44//44 71//71 43//43
f 44//44 72//72 71//71
f 49//49 76//76 48//48
f 50//50 78//78 77//77
f 51//51 78//78 50//50
f 51//51 79//79 78//78
f 56//56 83//83 55//55
f 58//58 85//85 57//57
f 59//59 86//86 58//58
f 62//62 89//89 61//61
f 62//62 90//90 89//89
f 65//65 92//92 64//64
f 66//66 93//93 65//65
f 69//69 96//96 68//68
f 69//69 97//97 96//96
f 72//72 99//99 71//71
f 73//73 100//100 72//72
f 76//76 103//103 75//75
f 76//76 104//104 103//103
f 79//79 106//106 78//78
f 80//80 107//107 79//79
f 83//83 110//110 82//82
f 83//83 111//111 110//110
f 85//85 114//114 113//113
f 87//87 117//117 116//116
f 89//89 119//119 118//118
f 90//90 119//119 89//89
f 92//92 122//122 121//121
f 94//94 125//125 124//124
f 96//96 127//127 126//126
f 97//97 127//127 96//96
f 99//99 130//130 129//129
f 101//101 133//133 132//132
f 103//103 135//135 134//134
f 104//104 135//135 103//103
f 106//106 138//138 137//137
f 108//108 141//141 140//140
f 110//110 143//143 142//142
f 111//111 143//143 110//110
f 2//2 3//3 21//21
f 7//7 8//8 23//23
f 12//12 13//13 25//25
f 17//17 18//18 27//27
f 59//59 58//58 30//30 31//31
f 60//60 32//32 33//33 61//61
f 31//31 32//32 59//59
f 32//32 60//60 59//59
f 61//61 33//33 34//34 62//62
f 66//66 65//65 37//37 38//38
f 35//35 63//63 62//62
f 35//35 36//36 63//63
f 67//67 39//39 40//40 68//68
f 38//38 39//39 66//66
f 39//39 67//67 66//66
f 68//68 40//40 41//41 69//69
f 73//73 72//72 44//44 45//45
f 42//42 70//70 69//69
f 42//42 43//43 70//70
f 74//74 46//46 47//47 75//75
f 45//45 46//46 73//73
f 46//46 74//74 73//73
f 75//75 47//47 48//48 76//76
f 80//80 79//79 51//51 52//52
f 49//49 77//77 76//76
f 49//49 50//50 77//77
f 81//81 53//53 54//54 82//82
f 52//52 53//53 80//80
f 53//53 81//81 80//80
f 82//82 54//54 55//55 83//83
f 112//112 84//84 57//57 85//85
f 56//56 84//84 83//83
f 56//56 29//29 84//84
f 88//88 87//87 60//60 61//61
f 58//58 86//86 85//85
f 59//59 87//87 86//86
f 59//59 60//60 87//87
f 91//91 63//63 64//64 92//92
f 61//61 89//89 88//88
f 62//62 63//63 90//90
f 63//63 91//91 90//90
f 95//95 94//94 67//67 68//68
f 65//65 93//93 92//92
f 66//66 94//94 93//93
f 66//66 67//67 94//94
f 98//98 70//70 71//71 99//99
f 68//68 96//96 95//95
f 69//69 70//70 97//97
f 70//70 98//98 97//97
f 102//102 101//101 74//74 75//75
f 72//72 100//100 99//99
f 73//73 101//101 100//100
f 73//73 74//74 101//101
f 105//105 77//77 78//78 106//106
f 75//75 103//103 102//102
f 76//76 77//77 104//104
f 77//77 105//105 104//104
f 109//109 108//108 81//81 82//82
f 79//79 107//107 106//106
f 80//80 108//108 107//107
f 80//80 81//81 108//108
f 116//116 115//115 86//86 87//87
f 82//82 110//110 109//109
f 83//83 84//84 111//111
f 84//84 112//112 111//111
f 112//112 85//85 113//113
f 85//85 115//115 114//114
f 85//85 86//86 115//115
f 117//117 87//87 88//88 118//118
f 124//124 123//123 93//93 94//94
f 88//88 89//89 118//118
f 90//90 120//120 119//119
f 90//90 91//91 120//120
f 91//91 121//121 120//120
f 91//91 92//92 121//121
f 92//92 123//123 122//122
f 92//92 93//93 123//123
f 125//125 94//94 95//95 126//126
f 132//132 131//131 100//100 101//101
f 95//95 96//96 126//126
f 97//97 128//128 127//127
f 97//97 98//98 128//128
f 98//98 129//129 128//128
f 98//98 99//99 129//129
f 99//99 131//131 130//130
f 99//99 100//100 131//131
f 133//133 101//101 102//102 134//134
f 140//140 139//139 107//107 108//108
f 102//102 103//103 134//134
f 104//104 136//136 135//135
f 104//104 105//105 136//136
f 105//105 137//137 136//136
f 105//105 106//106 137//137
f 106//106 139//139 138//138
f 106//106 107//107 139//139
f 141//141 108//108 109//109 142//142
f 109//109 110//110 142//142
f 111//111 144//144 143//143
f 111//111 112//112 144//144
f 112//112 113//113 144//144
f 3//3 2//2 1//1 20//20 19//19 18//18 17//17 16//16 15//15 14//14 13//13 12//12 11//11 10//10 9//9 8//8 7//7 6//6 5//5 4//4
f 145//145 150//150 151//151 146//146 147//147 148//148 149//149
f 152//152 157//157 158//158 153//153 154//154 155//155 156//156
f 163//163 166//166 165//165
f 166//166 167//167 165//165
f 167//167 164//164 165//165
f 168//168 171//171 170//170
f 171//171 172//172 170//170
f 172//172 169//169 170//170
f 173//173 178//178 179//179 174//174 175//175 176//176 177//177
f 180//180 185//185 186//186 181//181 182//182 183//183 184//184
f 191//191 194//194 193//193
f 194//194 195//195 193//193
f 195//195 192//192 193//193
f 196//196 199//199 198//198
f 199//199 200//200 198//198
f 200//200 197//197 198//198
f 201//201 206//206 207//207 202//202 203//203 204//204 205//205
f 208//208 213//213 214//214 209//209 210//210 211//211 212//212
f 219//219 222//222 221//221
f 222//222 223//223 221//221
f 223//223 220//220 221//221
f 224//224 227//227 226//226
f 227//227 228//228 226//226
f 228//228 225//225 226//226
f 229//229 234//234 235//235 230//230 231//231 232//232 233//233
f 236//236 241//241 242//242 237//237 238//238 239//239 240//240
f 247//247 250//250 249//249
f 250//250 251//251 249//249
f 251//251 248//248 249//249
f 252//252 255//255 254//254
f 255//255 256//256 254//254
f 256//256 253//253 254//254
f 152//152 159//159 161//161 157//157
f 157//157 161//161 162//162 158//158
f 158//158 162//162 160//160 153//153
f 159//159 164//164 167//167 161//161
f 161//161 167//167 166//166 162//162
f 162//162 166//166 163//163 160//160
f 168//168 174//174 179//179 171//171
f 171//171 179//179 178//178 172//172
f 172//172 178//178 173//173 169//169
f 180//180 187//187 189//189 185//185
f 185//185 189//189 190//190 186//186
f 186//186 190//190 188//188 181//181
f 187//187 192//192 195//195 189//189
f 189//189 195//195 194//194 190//190
f 190//190 194//194 191//191 188//188
f 196//196 202//202 207//207 199//199
f 199//199 207//207 206//206 200//200
f 200//200 206//206 201//201 197//197
f 208//208 215//215 217//217 213//213
f 213//213 217//217 218//218 214//214
f 214//214 218//218 216//216 209//209
f 215//215 220//220 223//223 217//217
f 217//217 223//223 222//222 218//218
f 218//218 222//222 219//219 216//216
f 224//224 230//230 235//235 227//227
f 227//227 235//235 234//234 228//228
f 228//228 234//234 229//229 225//225
f 236//236 243//243 245//245 241//241
f 241//241 245//245 246//246 242//242
f 242//242 246//246 244//244 237//237
f 243//243 248//248 251//251 245//245
f 245//245 251//251 250//250 246//246
f 246//246 250//250 247//247 244//244
f 252//252 146//146 151//151 255//255
f 255//255 151//151 150//150 256//256
f 256//256 150//150 145//145 253//253
f 258//258 261//261 263//263 260//260
f 260//260 263//263 264//264 259//259
f 259//259 264//264 262//262 257//257
f 261//261 265//265 267//267 263//263
f 263//263 267//267 268//268 264//264
f 264//264 268//268 266//266 262//262
f 265//265 269//269 271//271 267//267
f 267//267 271//271 272//272 268//268
f 268//268 272//272 270//270 266//266
f 269//269 273//273 275//275 271//271
f 271//271 275//275 276//276 272//272
f 272//272 276//276 274//274 270//270
f 273//273 277//277 279//279 275//275
f 275//275 279//279 280//280 276//276
f 276//276 280//280 278//278 274//274
f 277//277 281//281 283//283 279//279
f 279//279 283//283 284//284 280//280
f 280//280 284//284 282//282 278//278
f 281//281 285//285 287//287 283//283
f 283//283 287//287 288//288 284//284
f 284//284 288//288 286//286 282//282
f 285//285 289//289 291//291 287//287
f 287//287 291//291 292//292 288//288
f 288//288 292//292 290//290 286//286
f 289//289 293//293 295//295 291//291
f 291//291 295//295 296//296 292//292
f 292//292 296//296 294//294 290//290
f 293//293 297//297 299//299 295//295
f 295//295 299//299 300//300 296//296
f 296//296 300//300 298//298 294//294
f 297//297 301//301 303//303 299//299
f 299//299 303//303 304//304 300//300
f 300//300 304//304 302//302 298//298
f 301//301 305//305 307//307 303//303
f 303//303 307//307 308//308 304//304
f 304//304 308//308 306//306 302//302
f 305//305 309//309 311//311 307//307
f 307//307 311//311 312//312 308//308
f 308//308 312//312 310//310 306//306
f 309//309 313//313 315//315 311//311
f 311//311 315//315 316//316 312//312
f 312//312 316//316 314//314 310//310
f 313//313 317//317 319//319 315//315
f 315//315 319//319 320//320 316//316
f 316//316 320//320 318//318 314//314
f 317//317 321//321 323//323 319//319
f 319//319 323//323 324//324 320//320
f 320//320 324//324 322//322 318//318
f 321//321 325//325 327//327 323//323
f 323//323 327//327 328//328 324//324
f 324//324 328//328 326//326 322//322
f 325//325 329//329 331//331 327//327
f 327//327 331//331 332//332 328//328
f 328//328 332//332 330//330 326//326
f 329//329 333//333 335//335 331//331
f 331//331 335//335 336//336 332//332
f 332//332 336//336 334//334 330//330
f 333//333 337//337 339//339 335//335
f 335//335 339//339 340//340 336//336
f 336//336 340//340 338//338 334//334
f 337//337 341//341 343//343 339//339
f 339//339 343//343 344//344 340//340
f 340//340 344//344 342//342 338//338
f 341//341 345//345 347//347 343//343
f 343//343 347//347 348//348 344//344
f 344//344 348//348 346//346 342//342
f 345//345 349//349 351//351 347//347
f 347//347 351//351 352//352 348//348
f 348//348 352//352 350//350 346//346
f 349//349 353//353 355//355 351//351
f 351//351 355//355 356//356 352//352
f 352//352 356//356 354//354 350//350
f 353//353 357//357 359//359 355//355
f 355//355 359//359 360//360 356//356
f 356//356 360//360 358//358 354//354
f 357//357 361//361 363//363 359//359
f 359//359 363//363 364//364 360//360
f 360//360 364//364 362//362 358//358
f 361//361 365//365 367//367 363//363
f 363//363 367//367 368//368 364//364
f 364//364 368//368 366//366 362//362
f 365//365 369//369 371//371 367//367
f 367//367 371//371 372//372 368//368
f 368//368 372//372 370//370 366//366
f 369//369 373//373 375//375 371//371
f 371//371 375//375 376//376 372//372
f 372//372 376//376 374//374 370//370
f 373//373 377//377 379//379 375//375
f 375//375 379//379 380//380 376//376
f 376//376 380//380 378//378 374//374
f 377//377 381//381 383//383 379//379
f 379//379 383//383 384//384 380//380
f 380//380 384//384 382//382 378//378
f 381//381 385//385 387//387 383//383
f 383//383 387//387 388//388 384//384
f 384//384 388//388 386//386 382//382
f 385//385 389//389 391//391 387//387
f 387//387 391//391 392//392 388//388
f 388//388 392//392 390//390 386//386
f 389//389 393//393 395//395 391//391
f 391//391 395//395 396//396 392//392
f 392//392 396//396 394//394 390//390
f 393//393 397//397 399//399 395//395
f 395//395 399//399 400//400 396//396
f 396//396 400//400 398//398 394//394
f 257//257 398//398 400//400 259//259
f 259//259 400//400 399//399 260//260
f 260//260 399//399 397//397 258//258
f 402//402 405//405 407//407 404//404
f 404//404 407//407 408//408 403//403
f 403//403 408//408 406//406 401//401
f 405//405 409//409 411//411 407//407
f 407//407 411//411 412//412 408//408
f 408//408 412//412 410//410 406//406
f 409//409 413//413 415//415 411//411
f 411//411 415//415 416//416 412//412
f 412//412 416//416 414//414 410//410
f 413//413 417//417 419//419 415//415
f 415//415 419//419 420//420 416//416
f 416//416 420//420 418//418 414//414
f 417//417 421//421 423//423 419//419
f 419//419 423//423 424//424 420//420
f 420//420 424//424 422//422 418//418
f 421//421 425//425 427//427 423//423
f 423//423 427//427 428//428 424//424
f 424//424 428//428 426//426 422//422
f 425//425 429//429 431//431 427//427
f 427//427 431//431 432//432 428//428
f 428//428 432//432 430//430 426//426
f 429//429 433//433 435//435 431//431
f 431//431 435//435 436//436 432//432
f 432//432 436//436 434//434 430//430
f 433//433 437//437 439//439 435//435
f 435//435 439//439 440//440 436//436
f 436//436 440//440 438//438 434//434
f 437//437 441//441 443//443 439//439
f 439//439 443//443 444//444 440//440
f 440//440 444//444 442//442 438//438
f 441//441 445//445 447//447 443//443
f 443//443 447//447 448//448 444//444
f 444//444 448//448 446//446 442//442
f 445//445 449//449 451//451 447//447
f 447//447 451//451 452//452 448//448
f 448//448 452//452 450//450 446//446
f 449//449 453//453 455//455 451//451
f 451//451 455//455 456//456 452//452
f 452//452 456//456 454//454 450//450
f 453//453 457//457 459//459 455//455
f 455//455 459//459 460//460 456//456
f 456//456 460//460 458//458 454//454
f 457//457 461//461 463//463 459//459
f 459//459 463//463 464//464 460//460
f 460//460 464//464 462//462 458//458
f 461//461 465//465 467//467 463//463
f 463//463 467//467 468//468 464//464
f 464//464 468//468 466//466 462//462
f 465//465 469//469 471//471 467//467
f 467//467 471//471 472//472 468//468
f 468//468 472//472 470//470 466//466
f 469//469 473//473 475//475 471//471
f 471//471 475//475 476//476 472//472
f 472//472 476//476 474//474 470//470
f 473//473 477//477 479//479 475//475
f 475//475 479//479 480//480 476//476
f 476//476 480//480 478//478 474//474
f 477//477 481//481 483//483 479//479
f 479//479 483//483 484//484 480//480
f 480//480 484//484 482//482 478//478
f 481//481 485//485 487//487 483//483
f 483//483 487//487 488//488 484//484
f 484//484 488//488 486//486 482//482
f 485//485 489//489 491//491 487//487
f 487//487 491//491 492//492 488//488
f 488//488 492//492 490//490 486//486
f 489//489 493//493 495//495 491//491
f 491//491 495//495 496//496 492//492
f 492//492 496//496 494//494 490//490
f 493//493 497//497 499//499 495//495
f 495//495 499//499 500//500 496//496
f 496//496 500//500 498//498 494//494
f 497//497 501//501 503//503 499//499
f 499//499 503//503 504//504 500//500
f 500//500 504//504 502//502 498//498
f 501//501 505//505 507//507 503//503
f 503//503 507//507 508//508 504//504
f 504//504 508//508 506//506 502//502
f 505//505 509//509 511//511 507//507
f 507//507 511//511 512//512 508//508
f 508//508 512//512 510//510 506//506
f 509//509 513//513 515//515 511//511
f 511//511 515//515 516//516 512//512
f 512//512 516//516 514//514 510//510
f 513//513 517//517 519//519 515//515
f 515//515 519//519 520//520 516//516
f 516//516 520//520 518//518 514//514
f 517//517 521//521 523//523 519//519
f 519//519 523//523 524//524 520//520
f 520//520 524//524 522//522 518//518
f 521//521 525//525 527//527 523//523
f 523//523 527//527 528//528 524//524
f 524//524 528//528 526//526 522//522
f 525//525 529//529 531//531 527//527
f 527//527 531//531 532//532 528//528
f 528//528 532//532 530//530 526//526
f 529//529 533//533 535//535 531//531
f 531//531 535//535 536//536 532//532
f 532//532 536//536 534//534 530//530
f 533//533 537//537 539//539 535//535
f 535//535 539//539 540//540 536//536
f 536//536 540//540 538//538 534//534
f 537//537 541//541 543//543 539//539
f 539//539 543//543 544//544 540//540
f 540//540 544//544 542//542 538//538
f 541//541 402//402 404//404 543//543
f 543//543 404//404 403//403 544//544
f 544//544 403//403 401//401 542//542
f 550//550 554//554 556//556 552//552
f 552//552 556//556 555//555 551//551
f 551//551 555//555 553//553 549//549
f 554//554 558//558 560//560 556//556
f 556//556 560//560 559//559 555//555
f 555//555 559//559 557//557 553//553
f 566//566 570//570 572//572 568//568
f 568//568 572//572 571//571 567//567
f 567//567 571//571 569//569 565//565
f 574//574 578//578 580//580 576//576
f 576//576 580//580 579//579 575//575
f 575//575 579//579 577//577 573//573
f 578//578 582//582 584//584 580//580
f 580//580 584//584 583//583 579//579
f 579//579 583//583 581//581 577//577
f 590//590 594//594 596//596 592//592
f 592//592 596//596 595//595 591//591
f 591//591 595//595 593//593 589//589
f 598//598 602//602 604//604 600//600
f 600//600 604//604 603//603 599//599
f 599//599 603//603 601//601 597//597
f 602//602 606//606 608//608 604//604
f 604//604 608//608 607//607 603//603
f 603//603 607//607 605//605 601//601
f 614//614 618//618 620//620 616//616
f 616//616 620//620 619//619 615//615
f 615//615 619//619 617//617 613//613
f 622//622 626//626 628//628 624//624
f 624//624 628//628 627//627 623//623
f 623//623 627//627 625//625 621//621
f 626//626 630//630 632//632 628//628
f 628//628 632//632 631//631 627//627
f 627//627 631//631 629//629 625//625
f 638//638 546//546 548//548 640//640
f 640//640 548//548 547//547 639//639
f 639//639 547//547 545//545 637//637
f 546//546 550//550 552//552 548//548
f 548//548 552//552 551//551 547//547
f 547//547 551//551 549//549 545//545
f 561//561 557//557 559//559 563//563
f 563//563 559//559 560//560 564//564
f 564//564 560//560 558//558 562//562
f 565//565 561//561 563//563 567//567
f 567//567 563//563 564//564 568//568
f 568//568 564//564 562//562 566//566
f 573//573 569//569 571//571 575//575
f 575//575 571//571 572//572 576//576
f 576//576 572//572 570//570 574//574
f 585//585 581//581 583//583 587//587
f 587//587 583//583 584//584 588//588
f 588//588 584//584 582//582 586//586
f 589//589 585//585 587//587 591//591
f 591//591 587//587 588//588 592//592
f 592//592 588//588 586//586 590//590
f 597//597 593//593 595//595 599//599
f 599//599 595//595 596//596 600//600
f 600//600 596//596 594//594 598//598
f 609//609 605//605 607//607 611//611
f 611//611 607//607 608//608 612//612
f 612//612 608//608 606//606 610//610
f 613//613 609//609 611//611 615//615
f 615//615 611//611 612//612 616//616
f 616//616 612//612 610//610 614//614
f 621//621 617//617 619//619 623//623
f 623//623 619//619 620//620 624//624
f 624//624 620//620 618//618 622//622
f 633//633 629//629 631//631 635//635
f 635//635 631//631 632//632 636//636
f 636//636 632//632 630//630 634//634
f 637//637 633//633 635//635 639//639
f 639//639 635//635 636//636 640//640
f 640//640 636//636 634//634 638//638
f 20//20 156//156 155//155 148//148 147//147
f 155//155 154//154 258//258 149//149 148//148
f 20//20 147//147 146//146 19//19
f 19//19 146//146 252//252
f 145//145 149//149 258//258 397//397
f 397//397 393//393 253//253 145//145
f 20//20 1//1 152//152 156//156
f 1//1 159//159 152//152
f 265//265 261//261 153//153 160//160
f 154//154 153//153 261//261 258//258
f 269//269 265//265 160//160 163//163
f 159//159 1//1 2//2 164//164
f 2//2 21//21 165//165 164//164
f 273//273 269//269 163//163 165//165 21//21
f 170//170 169//169 285//285 22//22
f 4//4 168//168 170//170 22//22
f 289//289 285//285 169//169 173//173
f 4//4 174//174 168//168
f 183//183 182//182 293//293 177//177 176//176
f 5//5 184//184 183//183 176//176 175//175
f 173//173 177//177 293//293 289//289
f 5//5 175//175 174//174 4//4
f 5//5 6//6 180//180 184//184
f 6//6 187//187 180//180
f 301//301 297//297 181//181 188//188
f 182//182 181//181 297//297 293//293
f 305//305 301//301 188//188 191//191
f 187//187 6//6 7//7 192//192
f 7//7 23//23 193//193 192//192
f 309//309 305//305 191//191 193//193 23//23
f 198//198 197//197 321//321 24//24
f 9//9 196//196 198//198 24//24
f 325//325 321//321 197//197 201//201
f 9//9 202//202 196//196
f 211//211 210//210 329//329 205//205 204//204
f 10//10 212//212 211//211 204//204 203//203
f 201//201 205//205 329//329 325//325
f 10//10 203//203 202//202 9//9
f 10//10 11//11 208//208 212//212
f 11//11 215//215 208//208
f 337//337 333//333 209//209 216//216
f 210//210 209//209 333//333 329//329
f 341//341 337//337 216//216 219//219
f 215//215 11//11 12//12 220//220
f 12//12 25//25 221//221 220//220
f 345//345 341//341 219//219 221//221 25//25
f 226//226 225//225 357//357 26//26
f 14//14 224//224 226//226 26//26
f 361//361 357//357 225//225 229//229
f 14//14 230//230 224//224
f 239//239 238//238 365//365 233//233 232//232
f 15//15 240//240 239//239 232//232 231//231
f 229//229 233//233 365//365 361//361
f 15//15 231//231 230//230 14//14
f 15//15 16//16 236//236 240//240
f 16//16 243//243 236//236
f 373//373 369//369 237//237 244//244
f 238//238 237//237 369//369 365//365
f 377//377 373//373 244//244 247//247
f 243//243 16//16 17//17 248//248
f 17//17 27//27 249//249 248//248
f 381//381 377//377 247//247 249//249 27//27
f 254//254 253//253 393//393 28//28
f 19//19 252//252 254//254 28//28
f 257//257 402//402 398//398
f 257//257 405//405 402//402
f 262//262 405//405 257//257
f 405//405 262//262 266//266 409//409
f 409//409 266//266 270//270 413//413
f 274//274 417//417 270//270
f 270//270 417//417 413//413
f 417//417 274//274 278//278 421//421
f 21//21 277//277 273//273
f 281//281 277//277 21//21 22//22
f 421//421 278//278 282//282 425//425
f 22//22 285//285 281//281
f 286//286 429//429 282//282
f 282//282 429//429 425//425
f 290//290 433//433 286//286
f 286//286 433//433 429//429
f 294//294 437//437 290//290
f 290//290 437//437 433//433
f 298//298 441//441 294//294
f 294//294 441//441 437//437
f 441//441 298//298 302//302 445//445
f 445//445 302//302 306//306 449//449
f 310//310 453//453 306//306
f 306//306 453//453 449//449
f 453//453 310//310 314//314 457//457
f 23//23 313//313 309//309
f 317//317 313//313 23//23 24//24
f 457//457 314//314 318//318 461//461
f 24//24 321//321 317//317
f 322//322 465//465 318//318
f 318//318 465//465 461//461
f 326//326 469//469 322//322
f 322//322 469//469 465//465
f 330//330 473//473 326//326
f 326//326 473//473 469//469
f 334//334 477//477 330//330
f 330//330 477//477 473//473
f 477//477 334//334 338//338 481//481
f 481//481 338//338 342//342 485//485
f 346//346 489//489 342//342
f 342//342 489//489 485//485
f 489//489 346//346 350//350 493//493
f 25//25 349//349 345//345
f 353//353 349//349 25//25 26//26
f 493//493 350//350 354//354 497//497
f 26//26 357//357 353//353
f 358//358 501//501 354//354
f 354//354 501//501 497//497
f 362//362 505//505 358//358
f 358//358 505//505 501//501
f 366//366 509//509 362//362
f 362//362 509//509 505//505
f 370//370 513//513 366//366
f 366//366 513//513 509//509
f 513//513 370//370 374//374 517//517
f 517//517 374//374 378//378 521//521
f 382//382 525//525 378//378
f 378//378 525//525 521//521
f 525//525 382//382 386//386 529//529
f 27//27 385//385 381//381
f 389//389 385//385 27//27 28//28
f 529//529 386//386 390//390 533//533
f 28//28 393//393 389//389
f 394//394 537//537 390//390
f 390//390 537//537 533//533
f 398//398 541//541 394//394
f 394//394 541//541 537//537
f 398//398 402//402 541//541
f 30//30 29//29 401//401 406//406
f 29//29 56//56 542//542 401//401
f 410//410 30//30 406//406
f 414//414 31//31 410//410
f 410//410 31//31 30//30
f 31//31 414//414 418//418 32//32
f 422//422 32//32 418//418
f 426//426 33//33 422//422
f 422//422 33//33 32//32
f 34//34 33//33 426//426 430//430
f 35//35 34//34 430//430 434//434
f 36//36 35//35 434//434 438//438
f 37//37 36//36 438//438 442//442
f 446//446 37//37 442//442
f 450//450 38//38 446//446
f 446//446 38//38 37//37
f 38//38 450//450 454//454 39//39
f 458//458 39//39 454//454
f 462//462 40//40 458//458
f 458//458 40//40 39//39
f 41//41 40//40 462//462 466//466
f 42//42 41//41 466//466 470//470
f 43//43 42//42 470//470 474//474
f 44//44 43//43 474//474 478//478
f 482//482 44//44 478//478
f 486//486 45//45 482//482
f 482//482 45//45 44//44
f 45//45 486//486 490//490 46//46
f 494//494 46//46 490//490
f 498//498 47//47 494//494
f 494//494 47//47 46//46
f 48//48 47//47 498//498 502//502
f 49//49 48//48 502//502 506//506
f 50//50 49//49 506//506 510//510
f 51//51 50//50 510//510 514//514
f 518//518 51//51 514//514
f 522//522 52//52 518//518
f 518//518 52//52 51//51
f 52//52 522//522 526//526 53//53
f 530//530 53//53 526//526
f 534//534 54//54 530//530
f 530//530 54//54 53//53
f 55//55 54//54 534//534 538//538
f 56//56 55//55 538//538 542//542
f 546//546 638//638 144//144 113//113
f 577//577 581//581 585//585 589//589 593//593 597//597 601//601 605//605 609//609 613//613 617//617 621//621 625//625 629//629 633//633 637//637 545//545 549//549 553//553 557//557 561//561 565//565 569//569 573//573
f 113//113 114//114 546//546
f 114//114 550//550 546//546
f 114//114 115//115 550//550
f 115//115 554//554 550//550
f 116//116 558//558 554//554
f 116//116 554//554 115//115
f 558//558 117//117 118//118 562//562
f 117//117 558//558 116//116
f 119//119 562//562 118//118
f 119//119 566//566 562//562
f 120//120 566//566 119//119
f 570//570 566//566 120//120 121//121
f 121//121 122//122 570//570
f 122//122 574//574 570//570
f 122//122 123//123 574//574
f 123//123 578//578 574//574
f 124//124 582//582 578//578
f 124//124 578//578 123//123
f 582//582 125//125 126//126 586//586
f 125//125 582//582 124//124
f 127//127 586//586 126//126
f 127//127 590//590 586//586
f 128//128 590//590 127//127
f 594//594 590//590 128//128 129//129
f 129//129 130//130 594//594
f 130//130 598//598 594//594
f 130//130 131//131 598//598
f 131//131 602//602 598//598
f 132//132 606//606 602//602
f 132//132 602//602 131//131
f 606//606 133//133 134//134 610//610
f 133//133 606//606 132//132
f 135//135 610//610 134//134
f 135//135 614//614 610//610
f 136//136 614//614 135//135
f 618//618 614//614 136//136 137//137
f 137//137 138//138 618//618
f 138//138 622//622 618//618
f 138//138 139//139 622//622
f 139//139 626//626 622//622
f 140//140 630//630 626//626
f 140//140 626//626 139//139
f 630//630 141//141 142//142 634//634
f 141//141 630//630 140//140
f 143//143 634//634 142//142
f 143//143 638//638 634//634
f 144//144 638//638 143//143
o King_Gold_foot_inlay
v 0.562633 0.102739 -0.027641
v 0.540110 0.091981 -0.118474
v 0.381021 0.112547 -0.420391
v 0.379182 0.137729 -0.416328
v 0.338639 0.138502 -0.379492
v 0.293023 0.113253 -0.409493
v 0.299309 0.100509 -0.475302
v 0.237195 0.107731 -0.512991
v 0.122948 0.097459 -0.497945
v 0.134858 0.107236 -0.548532
v -0.210341 0.090639 -0.507810
v -0.267115 0.127502 -0.499737
v -0.284290 0.147531 -0.474309
v -0.338250 0.114734 -0.456078
v -0.336546 0.132269 -0.453780
v -0.371270 0.142647 -0.416856
v -0.345130 0.092067 -0.431224
v -0.420954 0.126384 -0.380783
v -0.375208 0.106883 -0.340069
v -0.414589 0.101468 -0.380242
v -0.432960 0.147832 -0.343381
v -0.472281 0.112984 -0.313158
v -0.475514 0.139004 -0.299523
v -0.471862 0.092883 -0.289713
v -0.513304 0.125266 -0.242775
v -0.510694 0.102880 -0.236962
v -0.542037 0.097062 -0.132695
v -0.552803 0.092931 -0.027158
v -0.552053 0.142934 0.080004
v -0.543197 0.114347 0.162357
v -0.530778 0.139850 0.183066
v -0.474905 0.132225 0.174593
v -0.475705 0.088000 0.254270
v -0.521586 0.092868 0.186626
v -0.467989 0.147640 0.295027
v -0.459258 0.090370 0.300496
v -0.395207 0.142689 0.395207
v -0.364038 0.087962 0.401717
v -0.269695 0.142696 0.489956
v -0.278103 0.090359 0.471882
v -0.138488 0.142938 0.540586
v -0.015901 0.147842 0.553248
v 0.083317 0.114734 0.561675
v 0.082535 0.138122 0.556406
v 0.149829 0.151846 0.521638
v 0.115338 0.092198 0.540295
v 0.164944 0.126371 0.542423
v 0.186167 0.142934 0.525837
v 0.176986 0.097390 0.481415
v 0.224947 0.088006 0.492781
v 0.177756 0.100516 0.532699
v 0.258575 0.149579 0.483759
v 0.288191 0.097607 0.478568
v 0.361439 0.152000 0.398786
v 0.348693 0.090639 0.424884
v 0.381604 0.126384 0.420210
v 0.375074 0.147137 0.407290
v 0.375542 0.102307 0.419330
v 0.451109 0.114659 0.344822
v 0.453106 0.138163 0.333685
v 0.459257 0.149630 0.300496
v 0.459257 0.090370 0.300496
v 0.463025 0.096818 0.312441
v 0.488166 0.152055 0.227183
v 0.483438 0.107230 0.292613
v 0.502114 0.126364 0.263238
v 0.504511 0.142393 0.239895
v 0.531935 0.132269 0.190330
v 0.526822 0.148017 0.164798
v 0.513547 0.092042 0.203685
v 0.540646 0.097066 0.137347
v 0.549190 0.091908 0.057354
v 0.566069 0.126192 -0.032022
v 0.566319 0.124614 -0.026358
v 0.566381 0.124016 -0.031948
v 0.566428 0.125020 -0.033388
v 0.566342 0.125381 -0.033372
v 0.566293 0.125616 -0.031323
v 0.566384 0.125039 -0.029250
v 0.563847 0.132859 0.029141
v 0.564081 0.131328 0.035191
v 0.564019 0.132438 0.031230
v 0.564104 0.131877 0.033445
v 0.557998 0.141640 -0.029448
v 0.556274 0.143417 -0.029024
v 0.557403 0.142683 -0.028045
v 0.557565 0.142519 -0.028068
v 0.557560 0.142274 -0.029325
v 0.556929 0.142924 -0.029170
v 0.543322 0.151178 -0.026306
v 0.540845 0.151685 -0.029817
v 0.542607 0.151476 -0.026696
v 0.541701 0.151661 -0.027981
v 0.517499 0.147538 0.036916
v 0.515508 0.146400 0.028416
v 0.515892 0.146889 0.035286
v 0.515998 0.147170 0.035377
v 0.516143 0.147282 0.035408
v 0.516794 0.147284 0.034781
v 0.516065 0.146867 0.031670
v 0.508547 0.137953 -0.018130
v 0.509583 0.140128 -0.020414
v 0.508786 0.138685 -0.019216
v 0.509165 0.139481 -0.020052
v 0.503437 0.112505 0.025476
v 0.503183 0.114924 0.024245
v 0.503259 0.113273 0.025074
v 0.503166 0.114158 0.024623
v 0.509442 0.099957 -0.028593
v 0.507812 0.101986 -0.030662
v 0.508828 0.100562 -0.029213
v 0.508231 0.101305 -0.029971
v 0.525534 0.089822 0.006090
v 0.523426 0.090919 0.006433
v 0.524838 0.090167 0.006138
v 0.524067 0.090569 0.006264
v 0.535238 0.088470 -0.052709
v 0.532956 0.088208 -0.052385
v 0.534527 0.088263 -0.052607
v 0.533692 0.088167 -0.052489
v 0.514771 0.148446 -0.087920
v 0.516711 0.149652 -0.092736
v 0.515476 0.149586 -0.097176
v 0.515062 0.149518 -0.097103
v 0.514804 0.148965 -0.095113
v 0.515290 0.149011 -0.091505
v 0.516000 0.149453 -0.093268
v 0.501712 0.136556 -0.078549
v 0.502826 0.138583 -0.080186
v 0.501759 0.137949 -0.080329
v 0.501628 0.137708 -0.080294
v 0.501959 0.137301 -0.078981
v 0.502367 0.138043 -0.079580
v 0.498641 0.121724 -0.071884
v 0.498744 0.119210 -0.070252
v 0.498562 0.120941 -0.071465
v 0.498600 0.120021 -0.070868
v 0.554310 0.112893 -0.115679
v 0.555696 0.114894 -0.110942
v 0.556289 0.113807 -0.109029
v 0.556223 0.113470 -0.109019
v 0.555432 0.112688 -0.110587
v 0.555161 0.113431 -0.113050
v 0.555668 0.114163 -0.111316
v 0.545830 0.140100 -0.127017
v 0.547901 0.138485 -0.122719
v 0.546639 0.139678 -0.125643
v 0.547397 0.139087 -0.124069
v 0.489613 0.108594 -0.126900
v 0.490951 0.106358 -0.125865
v 0.490005 0.107842 -0.126360
v 0.490494 0.107023 -0.125981
v 0.502877 0.093482 -0.119830
v 0.505335 0.092197 -0.117217
v 0.503566 0.092977 -0.119160
v 0.504466 0.092507 -0.118204
v 0.534228 0.121193 -0.191544
v 0.534245 0.118853 -0.191535
v 0.534172 0.120105 -0.192420
v 0.534396 0.120443 -0.191458
v 0.534402 0.119586 -0.191455
v 0.516147 0.151213 -0.173442
v 0.514695 0.151883 -0.173805
v 0.514502 0.151770 -0.173240
v 0.515412 0.151553 -0.173626
v 0.515607 0.151530 -0.173378
v 0.515290 0.151689 -0.173370
v 0.514669 0.151868 -0.173729
v 0.514880 0.151798 -0.173759
v 0.514981 0.151800 -0.173492
v 0.515006 0.151733 -0.173305
v 0.514598 0.151826 -0.173523
v 0.515022 0.151779 -0.173338
v 0.483449 0.147331 -0.188934
v 0.476848 0.146180 -0.197485
v 0.481411 0.146331 -0.188906
v 0.481834 0.146969 -0.188662
v 0.482029 0.147099 -0.188711
v 0.481893 0.147081 -0.190419
v 0.479477 0.146659 -0.193549
v 0.475887 0.128894 -0.167706
v 0.477099 0.126204 -0.162089
v 0.476173 0.128027 -0.165787
v 0.476617 0.127043 -0.163731
v 0.481188 0.088232 -0.250879
v 0.480471 0.088469 -0.244600
v 0.477993 0.088117 -0.256942
v 0.477142 0.088027 -0.259084
v 0.477342 0.088072 -0.259224
v 0.478449 0.088647 -0.259089
v 0.478693 0.088237 -0.257215
v 0.479906 0.088188 -0.252703
v 0.479643 0.088275 -0.250405
v 0.525206 0.101435 -0.198231
v 0.528364 0.103366 -0.194559
v 0.528307 0.102362 -0.193634
v 0.528114 0.102046 -0.193588
v 0.526624 0.101976 -0.196478
v 0.527779 0.102683 -0.195134
v 0.526156 0.138174 -0.197693
v 0.528364 0.136633 -0.194559
v 0.527487 0.137621 -0.195916
v 0.527099 0.137828 -0.196209
v 0.527907 0.137265 -0.195062
v 0.456030 0.112539 -0.215214
v 0.454793 0.114933 -0.216693
v 0.455593 0.113253 -0.215457
v 0.455141 0.114129 -0.215998
v 0.479521 0.093912 -0.192731
v 0.480295 0.092708 -0.195824
v 0.479954 0.093403 -0.193044
v 0.480237 0.092962 -0.194176
v 0.500129 0.125794 -0.265955
v 0.499679 0.128042 -0.265792
v 0.501137 0.127189 -0.264228
v 0.501210 0.126911 -0.264251
v 0.500278 0.126542 -0.265715
v 0.500113 0.127365 -0.265655
v 0.478623 0.147205 -0.277028
v 0.481123 0.148341 -0.269986
v 0.480236 0.148047 -0.273254
v 0.480432 0.147353 -0.273943
v 0.479317 0.147715 -0.275084
v 0.480232 0.148131 -0.272506
v 0.439984 0.137894 -0.255631
v 0.439666 0.140231 -0.258254
v 0.439651 0.138669 -0.256749
v 0.439534 0.139524 -0.257709
v 0.435349 0.097070 -0.270984
v 0.444301 0.097892 -0.254610
v 0.438436 0.097394 -0.265514
v 0.441713 0.097695 -0.259520
v 0.487018 0.100666 -0.278822
v 0.489196 0.102430 -0.277349
v 0.487906 0.101118 -0.278295
v 0.488703 0.101764 -0.277756
v 0.458269 0.126931 -0.333740
v 0.457051 0.124640 -0.336621
v 0.456364 0.125706 -0.337667
v 0.456330 0.125978 -0.337637
v 0.456249 0.126403 -0.337333
v 0.457708 0.126228 -0.335234
v 0.457262 0.125389 -0.336289
v 0.405117 0.150559 -0.332547
v 0.398315 0.149770 -0.340882
v 0.405619 0.149093 -0.331824
v 0.413914 0.149800 -0.320418
v 0.403845 0.150197 -0.334673
v 0.409958 0.150226 -0.326145
v 0.406767 0.149978 -0.330780
v 0.400559 0.149639 -0.338054
v 0.401361 0.149906 -0.337726
v 0.403561 0.149778 -0.334867
v 0.408088 0.149381 -0.328369
v 0.403232 0.149391 -0.334739
v 0.405826 0.149594 -0.331719
v 0.413175 0.149946 -0.321701
v 0.411125 0.149640 -0.324194
v 0.409216 0.149781 -0.327257
v 0.396411 0.137179 -0.319109
v 0.396568 0.139248 -0.321041
v 0.395083 0.138530 -0.321098
v 0.396257 0.137951 -0.319774
v 0.396315 0.138708 -0.320481
v 0.404291 0.114876 -0.300786
v 0.406061 0.112383 -0.298844
v 0.404687 0.114093 -0.300157
v 0.405335 0.113181 -0.299446
v 0.455304 0.108483 -0.334658
v 0.453487 0.106515 -0.335695
v 0.454370 0.107293 -0.335432
v 0.455011 0.107763 -0.334742
v 0.454346 0.107043 -0.335121
v 0.417503 0.147737 -0.361300
v 0.422240 0.146607 -0.357939
v 0.419930 0.147389 -0.359892
v 0.419715 0.147559 -0.359711
v 0.419286 0.147519 -0.359974
v 0.421019 0.147106 -0.358744
v 0.343770 0.152000 -0.417026
v 0.343664 0.151357 -0.418744
v 0.341958 0.151981 -0.418547
v 0.340863 0.151819 -0.418568
v 0.343755 0.151913 -0.417256
v 0.343400 0.151967 -0.417224
v 0.343227 0.151915 -0.417635
v 0.342803 0.151676 -0.418646
v 0.343717 0.151678 -0.417885
v 0.343017 0.151821 -0.418125
v 0.341593 0.151927 -0.418554
v 0.342179 0.151904 -0.418574
v 0.342283 0.151902 -0.418361
v 0.342336 0.151900 -0.417789
v 0.341228 0.151873 -0.418561
v 0.342366 0.151907 -0.418079
v 0.384367 0.096835 -0.341147
v 0.384544 0.098528 -0.338245
v 0.382102 0.097476 -0.341937
v 0.383900 0.097265 -0.340755
v 0.383964 0.097885 -0.339693
v 0.416461 0.089894 -0.318003
v 0.396994 0.086894 -0.359536
v 0.409972 0.088894 -0.331848
v 0.403483 0.087894 -0.345692
v 0.416476 0.092266 -0.362143
v 0.422700 0.093326 -0.357453
v 0.421424 0.092545 -0.357975
v 0.421245 0.092396 -0.357846
v 0.419855 0.092219 -0.357997
v 0.418834 0.092473 -0.360331
v 0.421112 0.092861 -0.358614
v 0.338074 0.118830 -0.373378
v 0.338075 0.121193 -0.373387
v 0.337155 0.120286 -0.373765
v 0.337092 0.119859 -0.373732
v 0.338061 0.119575 -0.373229
v 0.338061 0.120440 -0.373232
v 0.376334 0.098130 -0.412635
v 0.373619 0.096703 -0.413160
v 0.375045 0.097108 -0.412841
v 0.375844 0.097549 -0.412496
v 0.374850 0.097027 -0.412688
v 0.295498 0.146895 -0.468183
v 0.298279 0.148097 -0.464613
v 0.296694 0.147876 -0.466421
v 0.296809 0.147752 -0.466589
v 0.295970 0.147416 -0.467354
v 0.296988 0.147856 -0.466047
v 0.286558 0.147669 -0.432968
v 0.284647 0.146344 -0.431811
v 0.285995 0.147354 -0.432502
v 0.285295 0.146869 -0.432079
v 0.298355 0.133476 -0.409580
v 0.298725 0.131398 -0.408304
v 0.299998 0.132357 -0.407423
v 0.300099 0.132789 -0.407508
v 0.298683 0.132893 -0.408912
v 0.298818 0.132132 -0.408445
v 0.334127 0.102661 -0.382459
v 0.336957 0.100820 -0.382006
v 0.339563 0.101412 -0.378693
v 0.339415 0.101640 -0.378556
v 0.338601 0.102651 -0.379085
v 0.336158 0.101988 -0.381312
v 0.337193 0.101314 -0.381146
v 0.307128 0.091402 -0.421593
v 0.311860 0.090405 -0.421233
v 0.312452 0.090537 -0.419242
v 0.312178 0.090830 -0.419035
v 0.309367 0.090961 -0.420972
v 0.311099 0.090596 -0.420840
v 0.293229 0.088544 -0.448568
v 0.311068 0.088280 -0.443285
v 0.316536 0.088411 -0.440399
v 0.318153 0.088216 -0.438842
v 0.318019 0.088088 -0.438601
v 0.317872 0.088048 -0.438442
v 0.316718 0.088199 -0.438184
v 0.304339 0.088327 -0.444487
v 0.310869 0.088230 -0.442553
v 0.286431 0.125652 -0.489387
v 0.290213 0.127810 -0.486840
v 0.290924 0.127056 -0.486928
v 0.290949 0.126787 -0.486968
v 0.290345 0.125886 -0.487195
v 0.288234 0.126413 -0.488424
v 0.289618 0.127203 -0.487492
v 0.257648 0.100131 -0.440159
v 0.256372 0.102086 -0.439424
v 0.257301 0.100701 -0.439791
v 0.256834 0.101417 -0.439522
v 0.206010 0.150806 -0.481915
v 0.194826 0.149638 -0.486099
v 0.207790 0.149432 -0.480840
v 0.202573 0.150274 -0.483487
v 0.206831 0.150204 -0.481634
v 0.204520 0.149960 -0.482651
v 0.200708 0.149607 -0.483972
v 0.198480 0.149846 -0.485018
v 0.202525 0.149763 -0.483411
v 0.207480 0.149703 -0.481238
v 0.205451 0.149530 -0.482042
v 0.205411 0.149717 -0.482198
v 0.215760 0.127483 -0.455617
v 0.215301 0.125216 -0.455461
v 0.215568 0.126785 -0.455469
v 0.215401 0.125955 -0.455412
v 0.205335 0.091020 -0.481569
v 0.206588 0.089874 -0.483264
v 0.205720 0.090626 -0.482081
v 0.206178 0.090206 -0.482701
v 0.194337 0.092295 -0.517075
v 0.195593 0.093493 -0.518555
v 0.200598 0.093069 -0.516534
v 0.200595 0.092705 -0.516176
v 0.200489 0.092576 -0.515971
v 0.196383 0.092573 -0.517115
v 0.196844 0.093011 -0.517657
v 0.220311 0.124450 -0.522231
v 0.217814 0.126512 -0.522842
v 0.219532 0.125167 -0.522556
v 0.218618 0.125921 -0.522780
v 0.183653 0.147101 -0.522070
v 0.188821 0.145923 -0.521624
v 0.186372 0.146474 -0.522155
v 0.186184 0.146827 -0.521919
v 0.185699 0.146872 -0.521825
v 0.187591 0.146441 -0.521661
v 0.092095 0.151950 -0.534268
v 0.091635 0.151262 -0.535601
v 0.090980 0.151723 -0.533471
v 0.092033 0.151858 -0.534447
v 0.091947 0.151912 -0.534164
v 0.091683 0.151845 -0.534442
v 0.091443 0.151563 -0.535005
v 0.091865 0.151606 -0.534935
v 0.091515 0.151730 -0.534718
v 0.091539 0.151829 -0.533872
v 0.091204 0.151732 -0.534228
v 0.091407 0.151804 -0.534370
v 0.177832 0.141341 -0.480183
v 0.177941 0.142962 -0.481884
v 0.174151 0.142398 -0.482202
v 0.174137 0.142113 -0.482050
v 0.176928 0.141925 -0.481021
v 0.176968 0.142518 -0.481643
v 0.173295 0.102575 -0.478256
v 0.173542 0.104456 -0.476885
v 0.170184 0.103598 -0.478265
v 0.170220 0.103164 -0.478482
v 0.172614 0.103092 -0.477986
v 0.172705 0.103781 -0.477484
v 0.130346 0.088284 -0.522466
v 0.143725 0.088548 -0.514071
v 0.125445 0.088155 -0.522533
v 0.125416 0.088052 -0.522817
v 0.125668 0.088185 -0.523511
v 0.130782 0.088235 -0.521455
v 0.135679 0.088331 -0.518383
v 0.138156 0.124681 -0.550452
v 0.141641 0.126679 -0.549222
v 0.139212 0.125376 -0.550253
v 0.140487 0.126108 -0.549803
v 0.120275 0.132902 -0.491823
v 0.120642 0.130574 -0.490920
v 0.120374 0.132187 -0.491464
v 0.120509 0.131335 -0.491134
v 0.100173 0.091690 -0.542742
v 0.098421 0.093002 -0.544836
v 0.099213 0.091965 -0.543570
v 0.098571 0.092446 -0.544337
v 0.066782 0.137647 -0.558179
v 0.071359 0.139301 -0.556453
v 0.068067 0.138272 -0.557807
v 0.069743 0.138877 -0.557175
v 0.075671 0.147320 -0.513181
v 0.073847 0.146235 -0.511321
v 0.075142 0.147089 -0.512531
v 0.074474 0.146692 -0.511850
v 0.070336 0.121397 -0.498631
v 0.070214 0.119108 -0.498464
v 0.075055 0.119889 -0.497677
v 0.075034 0.120295 -0.497741
v 0.071609 0.120579 -0.498346
v 0.071564 0.119741 -0.498285
v 0.117394 0.115950 -0.489346
v 0.124558 0.114182 -0.488531
v 0.125824 0.114976 -0.487670
v 0.125807 0.115414 -0.487505
v 0.124384 0.116444 -0.488140
v 0.121014 0.115466 -0.488713
v 0.123636 0.114818 -0.488415
v 0.079930 0.091739 -0.514153
v 0.078708 0.093090 -0.512434
v 0.079531 0.092065 -0.513534
v 0.079083 0.092559 -0.512904
v 0.022843 0.112004 -0.566057
v 0.024432 0.114283 -0.566558
v 0.026870 0.113679 -0.566578
v 0.027041 0.113194 -0.566622
v 0.027043 0.112994 -0.566594
v 0.026963 0.112731 -0.566445
v 0.024152 0.112695 -0.566394
v 0.024734 0.113530 -0.566578
v 0.032106 0.135965 -0.506158
v 0.029681 0.138151 -0.507654
v 0.031355 0.136676 -0.506556
v 0.030467 0.137477 -0.507103
v 0.024292 0.108930 -0.505108
v 0.024223 0.106752 -0.506024
v 0.024268 0.108235 -0.505349
v 0.024243 0.107437 -0.505685
v -0.004734 0.139244 -0.560836
v -0.002157 0.137460 -0.562071
v -0.003912 0.138759 -0.561375
v -0.002969 0.138105 -0.561827
v -0.045401 0.149741 -0.523612
v -0.044622 0.148977 -0.521417
v -0.045146 0.149568 -0.522874
v -0.044860 0.149289 -0.522071
v -0.021372 0.128700 -0.503843
v -0.018653 0.126138 -0.503477
v -0.020490 0.127883 -0.503658
v -0.019494 0.126946 -0.503524
v -0.030391 0.098361 -0.511285
v -0.030347 0.096807 -0.513073
v -0.030102 0.097797 -0.511809
v -0.030086 0.097228 -0.512463
v -0.054695 0.089542 -0.523251
v -0.050361 0.088108 -0.526628
v -0.040835 0.088306 -0.529277
v -0.039974 0.088114 -0.528085
v -0.039983 0.088155 -0.527972
v -0.040549 0.088634 -0.527225
v -0.049174 0.088827 -0.525487
v -0.047588 0.088303 -0.526723
v -0.035527 0.091925 -0.550836
v -0.033210 0.093146 -0.552720
v -0.034539 0.092152 -0.551556
v -0.033691 0.092598 -0.552245
v -0.083477 0.112684 -0.560753
v -0.082898 0.114819 -0.561300
v -0.083129 0.113311 -0.561123
v -0.082917 0.114093 -0.561323
v -0.085758 0.136576 -0.556561
v -0.085548 0.138304 -0.555329
v -0.085784 0.137216 -0.556307
v -0.085707 0.137849 -0.555856
v -0.029345 0.151189 -0.542625
v -0.030273 0.151764 -0.540371
v -0.029430 0.151534 -0.541963
v -0.029769 0.151745 -0.541138
v -0.068455 0.141101 -0.507206
v -0.071522 0.143037 -0.508648
v -0.074747 0.142596 -0.507358
v -0.074691 0.142318 -0.507221
v -0.070730 0.141887 -0.507543
v -0.071852 0.142596 -0.508071
v -0.073958 0.112523 -0.498674
v -0.075215 0.114901 -0.497949
v -0.074193 0.113248 -0.498394
v -0.074653 0.114118 -0.498129
v -0.160299 0.151650 -0.518034
v -0.161503 0.151123 -0.519802
v -0.160634 0.151640 -0.518651
v -0.161075 0.151448 -0.519298
v -0.125086 0.133753 -0.491214
v -0.123917 0.131494 -0.490579
v -0.124699 0.133046 -0.490964
v -0.124271 0.132219 -0.490731
v -0.123431 0.096807 -0.498436
v -0.125139 0.098519 -0.496565
v -0.129962 0.097794 -0.495891
v -0.130135 0.097304 -0.496161
v -0.125679 0.097250 -0.497456
v -0.126304 0.097877 -0.496771
v -0.200205 0.088608 -0.495273
v -0.190113 0.088213 -0.504404
v -0.187171 0.088031 -0.504468
v -0.187132 0.088001 -0.504303
v -0.188637 0.088231 -0.502941
v -0.194510 0.088332 -0.499729
v -0.190816 0.088188 -0.503071
v -0.131931 0.098436 -0.543184
v -0.137808 0.097313 -0.540732
v -0.135791 0.097656 -0.541836
v -0.135761 0.098024 -0.542058
v -0.133702 0.097982 -0.542488
v -0.135853 0.097571 -0.541591
v -0.185037 0.117041 -0.536381
v -0.181291 0.114640 -0.537171
v -0.185583 0.115378 -0.536233
v -0.185724 0.116010 -0.536316
v -0.184381 0.116285 -0.536645
v -0.183010 0.115406 -0.536935
v -0.190857 0.139276 -0.528013
v -0.192252 0.137430 -0.528945
v -0.193772 0.138365 -0.528106
v -0.193691 0.138635 -0.527922
v -0.191697 0.138756 -0.528332
v -0.192207 0.138081 -0.528673
v -0.174304 0.147448 -0.488718
v -0.175356 0.146418 -0.486074
v -0.174691 0.147231 -0.487811
v -0.175076 0.146853 -0.486843
v -0.169999 0.114856 -0.474099
v -0.170293 0.112653 -0.474675
v -0.170051 0.114127 -0.474169
v -0.170158 0.113321 -0.474380
v -0.238352 0.138808 -0.450425
v -0.236879 0.136709 -0.449843
v -0.237840 0.138176 -0.450165
v -0.237301 0.137407 -0.449952
v -0.193911 0.092335 -0.482285
v -0.194332 0.093564 -0.479992
v -0.194103 0.092605 -0.481446
v -0.194257 0.093055 -0.480607
v -0.214473 0.100148 -0.517784
v -0.212429 0.102139 -0.520075
v -0.213652 0.100909 -0.518978
v -0.214328 0.100711 -0.518402
v -0.213580 0.101440 -0.519240
v -0.292882 0.150125 -0.436861
v -0.291402 0.149018 -0.435354
v -0.292405 0.149801 -0.436372
v -0.291863 0.149395 -0.435820
v -0.259830 0.114870 -0.431610
v -0.258340 0.112437 -0.433091
v -0.259343 0.114099 -0.431924
v -0.258798 0.113209 -0.432466
v -0.289469 0.094377 -0.427579
v -0.292941 0.092834 -0.427329
v -0.291005 0.093786 -0.427204
v -0.292276 0.093222 -0.427113
v -0.276409 0.102447 -0.489560
v -0.271635 0.100418 -0.490544
v -0.277782 0.101126 -0.488288
v -0.277911 0.101483 -0.488506
v -0.275932 0.101737 -0.489514
v -0.274185 0.100995 -0.489875
v -0.319688 0.137472 -0.395724
v -0.320719 0.139392 -0.396582
v -0.319978 0.138116 -0.395952
v -0.320356 0.138819 -0.396266
v -0.391399 0.088206 -0.373229
v -0.392904 0.088697 -0.374716
v -0.391898 0.088218 -0.373722
v -0.392449 0.088398 -0.374266
v -0.351815 0.151499 -0.405627
v -0.364383 0.151796 -0.400936
v -0.368772 0.151502 -0.398148
v -0.369564 0.151960 -0.396267
v -0.369368 0.152022 -0.396077
v -0.369226 0.151979 -0.395984
v -0.359652 0.151730 -0.401859
v -0.364252 0.151839 -0.400142
v -0.341699 0.126259 -0.369957
v -0.342228 0.123949 -0.369506
v -0.341801 0.125542 -0.369748
v -0.341994 0.124697 -0.369583
v -0.369892 0.091270 -0.369285
v -0.371751 0.090489 -0.370535
v -0.370284 0.090943 -0.369818
v -0.370965 0.090657 -0.370275
v -0.406691 0.149750 -0.332082
v -0.404598 0.148804 -0.331092
v -0.405993 0.149508 -0.331744
v -0.405227 0.149162 -0.331382
v -0.350742 0.102418 -0.367887
v -0.345442 0.100498 -0.375444
v -0.342930 0.101019 -0.376642
v -0.342782 0.101300 -0.376457
v -0.343701 0.102331 -0.375475
v -0.347489 0.101697 -0.371791
v -0.345549 0.100994 -0.374557
v -0.402475 0.137036 -0.308975
v -0.408320 0.138879 -0.304650
v -0.409213 0.138323 -0.301975
v -0.409068 0.138028 -0.301897
v -0.408247 0.137035 -0.302777
v -0.405463 0.137716 -0.306195
v -0.407602 0.138390 -0.304612
v -0.404889 0.121185 -0.300286
v -0.404837 0.118801 -0.300209
v -0.404795 0.120431 -0.300203
v -0.404776 0.119559 -0.300175
v -0.423823 0.100825 -0.283187
v -0.422781 0.102855 -0.282764
v -0.423525 0.101448 -0.282867
v -0.423143 0.102191 -0.282712
v -0.471836 0.090872 -0.230148
v -0.473327 0.089740 -0.231593
v -0.472304 0.090528 -0.230600
v -0.472850 0.090114 -0.231129
v -0.485367 0.151576 -0.243762
v -0.482165 0.151758 -0.245412
v -0.482266 0.152041 -0.247866
v -0.482351 0.152069 -0.247937
v -0.482529 0.152021 -0.248049
v -0.482923 0.151777 -0.248140
v -0.484106 0.151781 -0.245155
v -0.482934 0.151848 -0.245759
v -0.468489 0.147180 -0.222525
v -0.467459 0.145993 -0.219660
v -0.468063 0.146925 -0.221658
v -0.467686 0.146490 -0.220610
v -0.439702 0.124949 -0.244636
v -0.446112 0.128638 -0.234156
v -0.441588 0.126143 -0.241286
v -0.443935 0.127493 -0.237450
v -0.464774 0.098763 -0.214266
v -0.464694 0.097116 -0.218574
v -0.463420 0.097721 -0.218629
v -0.464505 0.098137 -0.216061
v -0.464476 0.097534 -0.217638
v -0.525534 0.141819 -0.189203
v -0.526590 0.143144 -0.182116
v -0.525498 0.142874 -0.187271
v -0.525701 0.142685 -0.187398
v -0.525919 0.142327 -0.187184
v -0.526306 0.142812 -0.184590
v -0.479133 0.135940 -0.167893
v -0.480256 0.138215 -0.167694
v -0.479395 0.136692 -0.167800
v -0.479805 0.137525 -0.167727
v -0.474464 0.112528 -0.170383
v -0.474754 0.114965 -0.168625
v -0.474427 0.113267 -0.169841
v -0.474533 0.114159 -0.169197
v -0.516754 0.088135 -0.161840
v -0.518799 0.088711 -0.162286
v -0.517443 0.088172 -0.161995
v -0.518192 0.088383 -0.162158
v -0.541816 0.112044 -0.164596
v -0.542051 0.114364 -0.165247
v -0.541374 0.113320 -0.168062
v -0.541307 0.112977 -0.168037
v -0.541841 0.112756 -0.165537
v -0.541927 0.113605 -0.165775
v -0.546333 0.138616 -0.131117
v -0.546947 0.136819 -0.133199
v -0.546621 0.138140 -0.132027
v -0.546845 0.137482 -0.132789
v -0.535583 0.151217 -0.095688
v -0.533503 0.151752 -0.094496
v -0.534984 0.151552 -0.095397
v -0.534222 0.151748 -0.094961
v -0.519974 0.149684 -0.085111
v -0.518024 0.148896 -0.083990
v -0.519323 0.149519 -0.084751
v -0.518609 0.149231 -0.084341
v -0.496199 0.098130 -0.127768
v -0.500108 0.096609 -0.114193
v -0.495085 0.096661 -0.135509
v -0.497364 0.097577 -0.123490
v -0.495782 0.097590 -0.130288
v -0.496824 0.097311 -0.126743
v -0.498567 0.096724 -0.121120
v -0.498795 0.097020 -0.118522
v -0.497716 0.097028 -0.123794
v -0.495375 0.097052 -0.133121
v -0.496728 0.096743 -0.128922
v -0.496617 0.097039 -0.128482
v -0.560684 0.114817 -0.086253
v -0.560080 0.112488 -0.087164
v -0.561227 0.113200 -0.082697
v -0.561435 0.113550 -0.082614
v -0.561479 0.113798 -0.082628
v -0.561391 0.114202 -0.082761
v -0.560865 0.114065 -0.085491
v -0.560644 0.113213 -0.085825
v -0.503905 0.138759 -0.075513
v -0.502723 0.136872 -0.074895
v -0.503400 0.138258 -0.075225
v -0.502967 0.137567 -0.074999
v -0.498453 0.114855 -0.073823
v -0.498675 0.112549 -0.073881
v -0.498397 0.114107 -0.073823
v -0.498478 0.113263 -0.073844
v -0.514757 0.091401 -0.076722
v -0.521567 0.090869 -0.050051
v -0.523411 0.089934 -0.052115
v -0.516948 0.091335 -0.068501
v -0.517445 0.090829 -0.068823
v -0.519259 0.090800 -0.061842
v -0.522058 0.090561 -0.050631
v -0.519440 0.091141 -0.058739
v -0.520736 0.090713 -0.056012
v -0.520612 0.090293 -0.059816
v -0.522733 0.090218 -0.051386
v -0.521125 0.090445 -0.056334
v -0.559796 0.139283 -0.040553
v -0.561034 0.137477 -0.040077
v -0.561194 0.138298 -0.036740
v -0.560923 0.138712 -0.036673
v -0.560732 0.138854 -0.036716
v -0.560408 0.138816 -0.039516
v -0.560861 0.138155 -0.039341
v -0.513416 0.096606 -0.028333
v -0.511649 0.098285 -0.029496
v -0.512403 0.097579 -0.025122
v -0.512517 0.097215 -0.025031
v -0.512893 0.097033 -0.027726
v -0.512246 0.097647 -0.028151
v -0.566794 0.125170 0.002089
v -0.566475 0.127349 -0.002660
v -0.566867 0.126188 -0.000823
v -0.566807 0.125901 0.000829
v -0.566690 0.126699 -0.000909
v -0.541789 0.151243 0.046256
v -0.539675 0.151885 0.049167
v -0.541148 0.151596 0.046583
v -0.540374 0.151831 0.047649
v -0.508470 0.139017 0.024728
v -0.507663 0.136874 0.024407
v -0.508160 0.138387 0.024627
v -0.507865 0.137603 0.024509
v -0.503274 0.115935 0.020893
v -0.503479 0.113531 0.019984
v -0.503209 0.115173 0.020697
v -0.503284 0.114293 0.020365
v -0.564049 0.107023 0.024531
v -0.564407 0.108620 0.029611
v -0.564656 0.108376 0.025914
v -0.564532 0.107738 0.025690
v -0.564286 0.107475 0.026083
v -0.564417 0.108059 0.027943
v -0.560607 0.128498 0.083031
v -0.561441 0.126182 0.079631
v -0.560942 0.126333 0.083655
v -0.560958 0.127258 0.084428
v -0.560872 0.127597 0.084413
v -0.560945 0.127805 0.082655
v -0.561250 0.126958 0.081411
v -0.511865 0.149840 0.128027
v -0.510020 0.149065 0.126789
v -0.511249 0.149668 0.127626
v -0.510574 0.149385 0.127172
v -0.501962 0.103166 0.078221
v -0.503598 0.101193 0.077050
v -0.503074 0.101863 0.073736
v -0.502959 0.102201 0.073762
v -0.502545 0.102446 0.076868
v -0.503145 0.101724 0.076440
v -0.512341 0.091139 0.106611
v -0.514207 0.090328 0.107148
v -0.512821 0.090823 0.107085
v -0.513504 0.090526 0.107282
v -0.540062 0.088312 0.056083
v -0.536160 0.088475 0.039926
v -0.538724 0.088103 0.061965
v -0.538942 0.088045 0.062062
v -0.539153 0.088092 0.062111
v -0.539820 0.088476 0.061932
v -0.539269 0.088236 0.055682
v -0.537841 0.088296 0.049768
v -0.554917 0.102583 0.092246
v -0.554521 0.100962 0.087421
v -0.554104 0.100901 0.091666
v -0.554195 0.101228 0.093849
v -0.554405 0.101554 0.093886
v -0.554748 0.101908 0.091765
v -0.554603 0.101315 0.089999
v -0.515511 0.151178 0.177612
v -0.514041 0.151833 0.177975
v -0.514587 0.151769 0.175006
v -0.514782 0.151513 0.177796
v -0.515187 0.151500 0.176602
v -0.514776 0.151654 0.177050
v -0.514114 0.151825 0.177577
v -0.514243 0.151753 0.177929
v -0.514426 0.151761 0.177361
v -0.514849 0.151715 0.175648
v -0.514314 0.151801 0.176491
v -0.514620 0.151749 0.176626
v -0.496018 0.138896 0.116027
v -0.494360 0.137076 0.116836
v -0.495465 0.138413 0.115884
v -0.494858 0.137746 0.116180
v -0.488656 0.121231 0.122841
v -0.488792 0.118810 0.121900
v -0.488627 0.120456 0.122520
v -0.488677 0.119570 0.122176
v -0.479380 0.103985 0.166549
v -0.481557 0.102058 0.163940
v -0.479678 0.103310 0.166659
v -0.480475 0.102605 0.165704
v -0.513941 0.124640 0.240987
v -0.511763 0.126952 0.243835
v -0.514427 0.126125 0.239959
v -0.514518 0.125683 0.239968
v -0.513706 0.125392 0.241412
v -0.512909 0.126238 0.242454
v -0.461550 0.140229 0.217712
v -0.461033 0.138228 0.216137
v -0.461220 0.139623 0.217463
v -0.461030 0.138890 0.216886
v -0.456660 0.121667 0.212822
v -0.456622 0.119314 0.212787
v -0.456494 0.120927 0.212861
v -0.456480 0.120066 0.212848
v -0.457903 0.102173 0.221799
v -0.458836 0.100331 0.222713
v -0.458109 0.101496 0.222048
v -0.458451 0.100822 0.222382
v -0.470202 0.091174 0.227469
v -0.471462 0.090255 0.229859
v -0.470704 0.090782 0.227928
v -0.471165 0.090446 0.228803
v -0.512141 0.106570 0.236842
v -0.511846 0.108500 0.239404
v -0.512145 0.107340 0.238152
v -0.511934 0.107072 0.238077
v -0.511826 0.107779 0.239015
v -0.442365 0.149476 0.278752
v -0.436061 0.150274 0.291370
v -0.424866 0.149500 0.304558
v -0.434873 0.148702 0.289919
v -0.440413 0.149588 0.282822
v -0.439887 0.149319 0.282386
v -0.437564 0.149430 0.286856
v -0.432728 0.149890 0.295410
v -0.438106 0.149880 0.287441
v -0.435128 0.149629 0.291263
v -0.428001 0.149334 0.299922
v -0.428631 0.149607 0.300237
v -0.431731 0.149439 0.295475
v -0.437145 0.149036 0.286473
v -0.431663 0.149041 0.294564
v -0.434589 0.149241 0.290837
v -0.456643 0.125778 0.336195
v -0.456185 0.127885 0.336087
v -0.456683 0.126486 0.336247
v -0.456515 0.127257 0.336208
v -0.408247 0.137035 0.302777
v -0.410155 0.138903 0.302222
v -0.407701 0.138266 0.303890
v -0.407639 0.138073 0.303822
v -0.408595 0.137718 0.302771
v -0.409293 0.138402 0.302567
v -0.404869 0.118815 0.300311
v -0.404889 0.121184 0.300286
v -0.403817 0.120079 0.301004
v -0.404787 0.119566 0.300230
v -0.404794 0.120433 0.300221
v -0.408423 0.103083 0.302219
v -0.407961 0.101167 0.305195
v -0.408265 0.102394 0.303024
v -0.408096 0.101693 0.304113
v -0.404183 0.091084 0.331858
v -0.406375 0.090108 0.332747
v -0.404843 0.090721 0.332117
v -0.405645 0.090364 0.332443
v -0.473319 0.100229 0.300919
v -0.473036 0.102062 0.303507
v -0.473446 0.100731 0.301665
v -0.473342 0.101402 0.302613
v -0.360742 0.151817 0.405487
v -0.361233 0.151213 0.406828
v -0.358411 0.151687 0.406477
v -0.360906 0.151616 0.405934
v -0.360418 0.151792 0.405625
v -0.360410 0.151689 0.406081
v -0.360313 0.151489 0.406736
v -0.361069 0.151415 0.406381
v -0.360375 0.151592 0.406430
v -0.359565 0.151745 0.405988
v -0.359281 0.151662 0.406607
v -0.359885 0.151701 0.406299
v -0.413950 0.103079 0.381405
v -0.413034 0.101250 0.380620
v -0.413737 0.102391 0.381317
v -0.413402 0.101721 0.381030
v -0.403148 0.125672 0.398294
v -0.402110 0.127952 0.398864
v -0.402816 0.126412 0.398678
v -0.402436 0.127247 0.398887
v -0.332277 0.148953 0.404874
v -0.334166 0.149770 0.406105
v -0.331661 0.149668 0.406915
v -0.331486 0.149618 0.406674
v -0.332632 0.149315 0.405481
v -0.333323 0.149614 0.405931
v -0.330110 0.143599 0.395523
v -0.325718 0.141997 0.396611
v -0.330223 0.142253 0.393499
v -0.330651 0.142920 0.393493
v -0.329428 0.143154 0.395265
v -0.327821 0.142567 0.395663
v -0.337906 0.127357 0.374303
v -0.338516 0.125158 0.373161
v -0.339237 0.126288 0.372123
v -0.339275 0.126513 0.372168
v -0.338174 0.126700 0.373683
v -0.338397 0.125895 0.373265
v -0.339849 0.108985 0.374943
v -0.338794 0.106865 0.376934
v -0.340791 0.107703 0.374191
v -0.339744 0.108258 0.375258
v -0.339358 0.107482 0.375987
v -0.326199 0.098493 0.395461
v -0.329517 0.097229 0.394190
v -0.327084 0.098100 0.395217
v -0.328299 0.097637 0.394752
v -0.339774 0.124597 0.454390
v -0.338955 0.126633 0.454448
v -0.339806 0.125311 0.454403
v -0.339506 0.126056 0.454424
v -0.253115 0.151303 0.481839
v -0.252218 0.151757 0.479865
v -0.252561 0.151589 0.481363
v -0.252233 0.151755 0.480640
v -0.314741 0.090305 0.419490
v -0.313657 0.091292 0.417631
v -0.310806 0.090442 0.421108
v -0.313549 0.090487 0.419619
v -0.313152 0.090848 0.418938
v -0.331798 0.101665 0.453479
v -0.333015 0.103502 0.454135
v -0.332266 0.102146 0.453802
v -0.332712 0.102818 0.454042
v -0.259156 0.127442 0.432443
v -0.258870 0.125131 0.432208
v -0.259005 0.126731 0.432267
v -0.258900 0.125885 0.432181
v -0.256522 0.108989 0.435957
v -0.256472 0.106716 0.436607
v -0.256483 0.108240 0.436129
v -0.256464 0.107408 0.436367
v -0.242663 0.125168 0.513067
v -0.244410 0.127354 0.511894
v -0.242939 0.125899 0.512999
v -0.243578 0.126699 0.512570
v -0.221333 0.146141 0.466989
v -0.221589 0.147326 0.468961
v -0.221379 0.146643 0.467544
v -0.221473 0.147077 0.468265
v -0.205059 0.098918 0.467850
v -0.217020 0.096657 0.465948
v -0.222547 0.097784 0.461954
v -0.208549 0.098116 0.467137
v -0.210317 0.098641 0.466199
v -0.213662 0.097903 0.465505
v -0.219006 0.096996 0.464541
v -0.212926 0.097288 0.466440
v -0.216461 0.097376 0.464974
v -0.216718 0.098226 0.464041
v -0.221029 0.097408 0.463079
v -0.217660 0.097675 0.464201
v -0.188534 0.089686 0.493325
v -0.158756 0.091912 0.496526
v -0.178608 0.090428 0.494392
v -0.168682 0.091170 0.495459
v -0.179878 0.088388 0.510583
v -0.178245 0.088851 0.513314
v -0.181362 0.088477 0.511689
v -0.181300 0.088247 0.511299
v -0.181217 0.088220 0.511132
v -0.179765 0.088389 0.511380
v -0.179167 0.088559 0.512380
v -0.240301 0.100415 0.507011
v -0.240454 0.102235 0.508397
v -0.240336 0.100894 0.507616
v -0.240392 0.101560 0.508123
v -0.176569 0.127633 0.472138
v -0.177408 0.125289 0.471276
v -0.176827 0.126925 0.471724
v -0.177134 0.126067 0.471409
v -0.177476 0.106501 0.473856
v -0.160342 0.107936 0.479549
v -0.171615 0.107007 0.475942
v -0.165344 0.107532 0.478026
v -0.133866 0.125165 0.551351
v -0.133950 0.127484 0.550915
v -0.133788 0.125917 0.551406
v -0.133819 0.126766 0.551246
v -0.129641 0.151464 0.526515
v -0.129120 0.151825 0.524420
v -0.129730 0.151718 0.525830
v -0.129539 0.151850 0.525063
v -0.133930 0.147593 0.501224
v -0.134804 0.146461 0.498927
v -0.134123 0.147354 0.500438
v -0.134443 0.146940 0.499597
v -0.115348 0.121136 0.490357
v -0.116762 0.118863 0.490152
v -0.119259 0.119706 0.489225
v -0.119267 0.120130 0.489146
v -0.116546 0.120415 0.490018
v -0.117064 0.119583 0.489943
v -0.092267 0.101132 0.500951
v -0.107426 0.100638 0.498093
v -0.095639 0.102756 0.499613
v -0.097205 0.101060 0.500100
v -0.093326 0.101592 0.500448
v -0.096706 0.101463 0.499926
v -0.103426 0.101244 0.498511
v -0.102754 0.100879 0.499054
v -0.099954 0.101352 0.499303
v -0.094560 0.102186 0.499958
v -0.099113 0.102019 0.499068
v -0.097321 0.101775 0.499598
v -0.087201 0.088195 0.533527
v -0.087647 0.088731 0.535680
v -0.087364 0.088199 0.534246
v -0.087527 0.088396 0.535034
v -0.137994 0.101220 0.544484
v -0.138328 0.103028 0.545694
v -0.138249 0.101688 0.544978
v -0.138372 0.102350 0.545420
v -0.075063 0.136860 0.502450
v -0.073938 0.139016 0.503924
v -0.074714 0.137548 0.502838
v -0.074302 0.138337 0.503378
v -0.027245 0.127442 0.566041
v -0.029275 0.125147 0.566337
v -0.026800 0.125740 0.566590
v -0.026625 0.126244 0.566657
v -0.026629 0.126500 0.566599
v -0.027735 0.126743 0.566326
v -0.028478 0.125903 0.566435
v -0.012248 0.148561 0.522458
v -0.012278 0.149761 0.524487
v -0.004700 0.149680 0.524506
v -0.004894 0.149260 0.523891
v -0.009936 0.149117 0.523454
v -0.009947 0.149556 0.524197
v -0.024706 0.121178 0.502930
v -0.024737 0.118849 0.502782
v -0.024714 0.120435 0.502846
v -0.024725 0.119582 0.502792
v -0.026914 0.092645 0.518003
v -0.025669 0.093692 0.516062
v -0.026507 0.092887 0.517324
v -0.026051 0.093270 0.516613
v -0.058043 0.101197 0.558030
v -0.055144 0.103070 0.559575
v -0.057112 0.101691 0.558667
v -0.056051 0.102376 0.559232
v 0.023114 0.138928 0.508996
v 0.025013 0.137097 0.507507
v 0.024089 0.138417 0.508413
v 0.024784 0.137747 0.507868
v 0.022437 0.106931 0.506057
v 0.021380 0.108840 0.505149
v 0.026731 0.108150 0.505190
v 0.026779 0.107728 0.505264
v 0.023440 0.107515 0.505682
v 0.023053 0.108214 0.505350
v 0.025979 0.088631 0.542462
v 0.023663 0.088254 0.540092
v 0.027773 0.088013 0.541061
v 0.027806 0.087979 0.541170
v 0.027840 0.088037 0.541446
v 0.025903 0.088342 0.541779
v 0.025055 0.088204 0.540911
v 0.011571 0.102489 0.562073
v 0.014302 0.100549 0.560756
v 0.014807 0.101145 0.561580
v 0.014816 0.101483 0.561830
v 0.012685 0.101776 0.561809
v 0.013684 0.101066 0.561326
v 0.069928 0.121184 0.498860
v 0.069508 0.118800 0.498952
v 0.069785 0.120433 0.498816
v 0.069631 0.119560 0.498850
v 0.099368 0.100940 0.500204
v 0.101688 0.103018 0.498219
v 0.099781 0.101527 0.499540
v 0.100630 0.102288 0.498814
v 0.121468 0.091723 0.507043
v 0.114161 0.090239 0.512149
v 0.106964 0.090327 0.513606
v 0.106896 0.090384 0.513239
v 0.107601 0.091059 0.512344
v 0.115603 0.091026 0.509983
v 0.112928 0.090482 0.511852
v 0.066672 0.151750 0.529628
v 0.065559 0.151427 0.527413
v 0.066140 0.151817 0.528911
v 0.065733 0.151699 0.528100
v 0.112303 0.137031 0.495353
v 0.113557 0.138737 0.496310
v 0.116522 0.138339 0.494807
v 0.116450 0.137966 0.494676
v 0.113583 0.137703 0.495393
v 0.114042 0.138327 0.495744
v 0.164599 0.127705 0.476393
v 0.161283 0.125146 0.476920
v 0.163552 0.126901 0.476453
v 0.162338 0.125964 0.476645
v 0.217911 0.112659 0.522819
v 0.222195 0.114858 0.521431
v 0.220017 0.113891 0.522432
v 0.219668 0.113311 0.522342
v 0.221236 0.114116 0.521834
v 0.239836 0.131365 0.511716
v 0.234351 0.132863 0.513707
v 0.236064 0.132176 0.513452
v 0.236445 0.131398 0.513413
v 0.238134 0.131897 0.512450
v 0.236127 0.132445 0.513178
v 0.217709 0.147383 0.470777
v 0.223398 0.146110 0.465859
v 0.220125 0.147104 0.468879
v 0.222207 0.146638 0.467079
v 0.215071 0.112513 0.456090
v 0.215868 0.114866 0.454939
v 0.215283 0.113226 0.455643
v 0.215575 0.114087 0.455222
v 0.288124 0.114851 0.488398
v 0.291465 0.112556 0.486129
v 0.292649 0.113500 0.485909
v 0.292678 0.113767 0.485948
v 0.291955 0.114742 0.486233
v 0.289881 0.114096 0.487462
v 0.291103 0.113256 0.486631
v 0.291401 0.139610 0.479263
v 0.297325 0.138164 0.477007
v 0.298620 0.139257 0.475839
v 0.298522 0.139504 0.475702
v 0.296446 0.139717 0.476731
v 0.294468 0.139344 0.477955
v 0.296637 0.138815 0.477129
v 0.259916 0.133219 0.434899
v 0.258905 0.131026 0.434437
v 0.259560 0.132540 0.434696
v 0.259190 0.131737 0.434527
v 0.246352 0.092728 0.456737
v 0.246818 0.093955 0.454310
v 0.246844 0.092987 0.455689
v 0.247014 0.093436 0.454800
v 0.311524 0.147472 0.414595
v 0.308275 0.146363 0.414853
v 0.310118 0.147235 0.414937
v 0.308929 0.146829 0.415032
v 0.291697 0.114567 0.410501
v 0.294079 0.112312 0.409491
v 0.292795 0.113839 0.409787
v 0.293667 0.113014 0.409418
v 0.338107 0.093835 0.391632
v 0.339748 0.092469 0.392464
v 0.338503 0.093286 0.391932
v 0.339104 0.092787 0.392236
v 0.341840 0.133680 0.374375
v 0.341198 0.131450 0.373782
v 0.341483 0.133003 0.374212
v 0.341248 0.132187 0.373995
v 0.398474 0.088536 0.358770
v 0.400128 0.088182 0.360587
v 0.395945 0.088096 0.365027
v 0.395723 0.088055 0.364801
v 0.395604 0.088146 0.364598
v 0.398047 0.088313 0.360952
v 0.398653 0.088183 0.361617
v 0.379526 0.146618 0.351898
v 0.381338 0.147881 0.352691
v 0.383177 0.147684 0.349292
v 0.382978 0.147447 0.349179
v 0.380820 0.147169 0.351396
v 0.381483 0.147632 0.351686
v 0.342406 0.116563 0.369254
v 0.342323 0.114297 0.369964
v 0.342431 0.115813 0.369214
v 0.342400 0.114983 0.369474
v 0.407988 0.136892 0.303157
v 0.409097 0.139016 0.303556
v 0.408246 0.137621 0.303215
v 0.408652 0.138398 0.303361
v 0.405178 0.112658 0.300282
v 0.404828 0.114873 0.300027
v 0.404940 0.113325 0.300092
v 0.404811 0.114136 0.299998
v 0.414407 0.092865 0.311118
v 0.414751 0.094121 0.308085
v 0.414772 0.093120 0.309759
v 0.414898 0.093579 0.308648
v 0.449477 0.149658 0.269363
v 0.447686 0.148640 0.268254
v 0.445846 0.149217 0.273055
v 0.445997 0.149469 0.273251
v 0.448248 0.149461 0.270292
v 0.447593 0.149088 0.269887
v 0.458650 0.139855 0.223031
v 0.457831 0.137832 0.222161
v 0.458293 0.139281 0.222708
v 0.457993 0.138540 0.222389
v 0.455616 0.114805 0.215184
v 0.455887 0.112582 0.215683
v 0.455521 0.114064 0.215338
v 0.455621 0.113250 0.215521
v 0.467511 0.093913 0.220473
v 0.471131 0.092596 0.216814
v 0.468227 0.093364 0.220078
v 0.469552 0.092882 0.218739
v 0.515742 0.088228 0.156433
v 0.517870 0.088534 0.157139
v 0.516439 0.088186 0.156663
v 0.517218 0.088298 0.156922
v 0.535615 0.113009 0.186062
v 0.535033 0.115359 0.189606
v 0.534758 0.114334 0.190658
v 0.534706 0.114078 0.190646
v 0.534474 0.113357 0.190062
v 0.535405 0.113742 0.187815
v 0.535192 0.114602 0.189112
v 0.496764 0.148649 0.162349
v 0.499416 0.149668 0.161599
v 0.500722 0.149536 0.155914
v 0.500360 0.149479 0.155808
v 0.499306 0.148778 0.156605
v 0.498377 0.149097 0.160298
v 0.499348 0.149470 0.160024
v 0.484914 0.137182 0.153646
v 0.487273 0.139068 0.151017
v 0.486680 0.138435 0.149419
v 0.486601 0.138251 0.149402
v 0.486445 0.137535 0.149686
v 0.485765 0.137860 0.152179
v 0.486629 0.138551 0.151217
v 0.488593 0.114842 0.122972
v 0.489138 0.112618 0.122743
v 0.488621 0.114108 0.122863
v 0.488821 0.113293 0.122779
v 0.499526 0.093489 0.133412
v 0.501148 0.092206 0.135167
v 0.499965 0.092947 0.133778
v 0.500559 0.092478 0.134420
v 0.560926 0.114837 0.083726
v 0.559876 0.112521 0.086872
v 0.560843 0.112888 0.082371
v 0.561270 0.113509 0.082036
v 0.561311 0.113750 0.082038
v 0.561322 0.114051 0.082108
v 0.560905 0.114085 0.083975
v 0.560521 0.113237 0.085127
v 0.554756 0.137527 0.092579
v 0.554581 0.139017 0.086190
v 0.553559 0.139418 0.092453
v 0.553974 0.138942 0.094209
v 0.554136 0.138717 0.094264
v 0.554606 0.138191 0.091904
v 0.554542 0.138737 0.089565
v 0.537374 0.151238 0.080638
v 0.535008 0.151604 0.076726
v 0.535902 0.151898 0.081050
v 0.536041 0.151933 0.081106
v 0.536285 0.151876 0.081158
v 0.536709 0.151541 0.079859
v 0.535843 0.151675 0.078427
v 0.501331 0.133701 0.074042
v 0.500301 0.131743 0.074659
v 0.499882 0.132185 0.078249
v 0.499938 0.132736 0.078349
v 0.500766 0.133051 0.075262
v 0.500389 0.132335 0.075488
v 0.507237 0.098748 0.069685
v 0.508694 0.096998 0.069150
v 0.507448 0.097359 0.074759
v 0.507174 0.097819 0.074639
v 0.507565 0.098042 0.071028
v 0.508098 0.097401 0.070832
vn 0.8343 -0.5504 -0.0312
vn 0.5431 -0.8308 -0.1215
vn 0.6597 -0.1898 -0.7272
vn 0.5634 0.5397 -0.6255
vn -0.5787 0.5017 0.6430
vn -0.5723 -0.0798 0.8161
vn 0.4408 -0.5769 -0.6876
vn 0.3948 -0.3720 -0.8401
vn -0.1961 -0.5724 0.7962
vn 0.2195 -0.4141 -0.8834
vn -0.1753 -0.8988 -0.4017
vn -0.4516 0.2112 -0.8668
vn -0.2831 0.8312 -0.4785
vn -0.5899 -0.2059 -0.7808
vn -0.5422 0.4174 -0.7293
vn -0.4951 0.6662 -0.5578
vn -0.3418 -0.8342 -0.4328
vn -0.7248 0.2056 -0.6576
vn 0.7558 -0.0757 0.6505
vn -0.6131 -0.5538 -0.5634
vn -0.4453 0.8209 -0.3576
vn -0.8105 -0.2010 -0.5502
vn -0.7072 0.5504 -0.4437
vn -0.4772 -0.8279 -0.2948
vn -0.8873 0.1880 -0.4212
vn -0.7591 -0.5529 -0.3436
vn -0.6915 -0.7044 -0.1598
vn -0.5878 -0.8081 -0.0382
vn -0.6792 0.7271 0.1002
vn -0.9470 -0.1613 0.2777
vn -0.7857 0.5591 0.2647
vn 0.9260 0.1984 -0.3211
vn -0.1234 -0.9908 0.0556
vn -0.5591 -0.8061 0.1940
vn -0.4819 0.8239 0.2982
vn -0.3536 -0.9030 0.2442
vn -0.5031 0.7078 0.4959
vn -0.1861 -0.9600 0.2091
vn -0.3894 0.6434 0.6591
vn -0.2232 -0.9006 0.3730
vn -0.1891 0.7192 0.6686
vn -0.0151 0.8257 0.5640
vn 0.1406 -0.1850 0.9726
vn 0.1133 0.5839 0.8039
vn 0.0654 0.9649 0.2544
vn 0.1162 -0.8221 0.5573
vn 0.2700 0.1687 0.9480
vn 0.2389 0.7022 0.6707
vn -0.2834 -0.5513 -0.7847
vn 0.1014 -0.9720 0.2120
vn 0.2536 -0.5812 0.7733
vn 0.1941 0.9034 0.3823
vn 0.3553 -0.7204 0.5956
vn 0.0397 0.9980 0.0487
vn 0.2745 -0.8969 0.3467
vn 0.6597 0.1929 0.7264
vn 0.4134 0.7964 0.4414
vn 0.5748 -0.5331 0.6208
vn 0.7667 -0.1683 0.6195
vn 0.6743 0.5371 0.5068
vn 0.3614 0.9030 0.2321
vn 0.3105 -0.9303 0.1956
vn 0.6030 -0.6677 0.4365
vn 0.1405 0.9879 0.0657
vn 0.8245 -0.3288 0.4605
vn 0.8717 0.1699 0.4597
vn 0.6449 0.7010 0.3045
vn 0.8666 0.4009 0.2971
vn 0.5212 0.8384 0.1592
vn 0.5145 -0.8273 0.2255
vn 0.7016 -0.6910 0.1740
vn 0.5415 -0.8393 0.0494
vn 0.9386 0.3422 -0.0430
vn 0.9982 -0.0528 0.0293
vn 0.9957 -0.0885 -0.0289
vn 0.9964 0.0136 -0.0831
vn 0.9587 0.2714 -0.0854
vn 0.9795 0.2014 0.0030
vn 0.9918 0.1274 0.0116
vn 0.8413 0.5402 0.0186
vn 0.9862 0.1441 0.0815
vn 0.9056 0.4223 0.0390
vn 0.9591 0.2762 0.0625
vn 0.8511 0.5193 -0.0767
vn 0.5590 0.8279 -0.0451
vn 0.6550 0.7553 -0.0207
vn 0.7817 0.6224 -0.0380
vn 0.7408 0.6627 -0.1095
vn 0.6730 0.7322 -0.1044
vn 0.4665 0.8844 -0.0167
vn -0.0491 0.9988 -0.0013
vn 0.3195 0.9472 -0.0262
vn 0.1346 0.9906 -0.0228
vn -0.1788 0.9837 -0.0180
vn -0.6857 0.7278 0.0016
vn -0.6823 0.7261 -0.0851
vn -0.6272 0.7695 -0.1203
vn -0.4302 0.8996 -0.0746
vn -0.3787 0.9251 -0.0277
vn -0.4727 0.8808 -0.0277
vn -0.9622 0.2721 0.0077
vn -0.7775 0.6283 0.0254
vn -0.9120 0.4095 0.0230
vn -0.8346 0.5501 0.0278
vn -0.9432 -0.3284 -0.0507
vn -0.9952 0.0894 -0.0405
vn -0.9793 -0.1958 -0.0517
vn -0.9977 -0.0471 -0.0491
vn -0.6888 -0.7234 0.0478
vn -0.9098 -0.4094 0.0676
vn -0.7752 -0.6303 0.0433
vn -0.8586 -0.5098 0.0542
vn -0.4528 -0.8913 -0.0223
vn -0.5664 -0.8238 -0.0233
vn -0.4500 -0.8930 -0.0047
vn -0.5417 -0.8405 -0.0081
vn 0.2993 -0.9540 -0.0159
vn -0.1377 -0.9904 0.0148
vn 0.1606 -0.9870 -0.0024
vn -0.0109 -0.9999 0.0113
vn -0.6514 0.7579 0.0346
vn -0.2546 0.9666 0.0301
vn -0.2376 0.9704 0.0440
vn -0.4011 0.9102 0.1031
vn -0.4980 0.8599 0.1120
vn -0.4912 0.8697 0.0490
vn -0.4207 0.9059 0.0489
vn -0.9131 0.3674 0.1769
vn -0.6227 0.7697 0.1405
vn -0.6911 0.6724 0.2650
vn -0.8322 0.4793 0.2787
vn -0.7961 0.5615 0.2259
vn -0.7521 0.6217 0.2189
vn -0.9559 0.2464 0.1596
vn -0.9802 -0.1541 0.1246
vn -0.9848 0.0902 0.1484
vn -0.9890 -0.0507 0.1386
vn 0.9019 -0.3600 -0.2387
vn 0.9713 0.1014 -0.2150
vn 0.9835 -0.0407 -0.1765
vn 0.9182 -0.3603 -0.1647
vn 0.8827 -0.4273 -0.1957
vn 0.9573 -0.1430 -0.2512
vn 0.9662 -0.0702 -0.2480
vn 0.5682 0.8102 -0.1437
vn 0.9085 0.3797 -0.1743
vn 0.7073 0.6875 -0.1644
vn 0.8349 0.5196 -0.1814
vn -0.9403 -0.2208 0.2589
vn -0.7866 -0.5877 0.1895
vn -0.9043 -0.3581 0.2325
vn -0.8485 -0.4865 0.2082
vn -0.7109 -0.6831 0.1675
vn -0.3802 -0.9216 0.0778
vn -0.5777 -0.8053 0.1331
vn -0.4702 -0.8765 0.1032
vn 0.9291 0.2176 -0.2992
vn 0.9165 -0.2296 -0.3276
vn 0.9289 0.0131 -0.3702
vn 0.9630 0.0853 -0.2558
vn 0.9566 -0.1043 -0.2721
vn 0.4919 0.8516 -0.1811
vn 0.0469 0.9940 0.0990
vn -0.1182 0.9853 0.1232
vn 0.4570 0.8405 -0.2910
vn 0.4151 0.8978 -0.1470
vn 0.4197 0.8341 0.3579
vn -0.4801 0.7254 0.4932
vn 0.4147 0.8847 -0.2132
vn 0.2627 0.9649 -0.0046
vn 0.1716 0.9395 0.2963
vn -0.2852 0.8934 0.3471
vn 0.2057 0.8974 0.3903
vn -0.2374 0.9658 0.1040
vn -0.6331 0.6963 0.3381
vn -0.6876 0.6773 0.2617
vn -0.6337 0.7473 0.1997
vn -0.4384 0.8847 0.1585
vn -0.4180 0.8861 0.2003
vn -0.4847 0.8424 0.2354
vn -0.8078 0.5073 0.3002
vn -0.9547 -0.0026 0.2977
vn -0.9008 0.2997 0.3142
vn -0.9395 0.1433 0.3110
vn 0.3240 -0.9387 -0.1180
vn -0.2176 -0.9741 0.0622
vn -0.0051 -0.9997 0.0254
vn 0.0464 -0.9988 -0.0179
vn 0.2605 -0.9513 -0.1647
vn 0.4076 -0.8879 -0.2133
vn 0.3230 -0.9359 -0.1407
vn 0.0821 -0.9963 -0.0245
vn 0.0411 -0.9991 -0.0135
vn 0.5479 -0.8021 -0.2376
vn 0.8681 -0.3478 -0.3543
vn 0.8372 -0.4638 -0.2896
vn 0.6748 -0.6935 -0.2525
vn 0.7368 -0.5783 -0.3501
vn 0.7896 -0.4849 -0.3760
vn 0.6529 0.7012 -0.2863
vn 0.9087 0.2860 -0.3041
vn 0.7006 0.7048 -0.1110
vn 0.6149 0.7700 -0.1705
vn 0.8462 0.4780 -0.2354
vn -0.7964 -0.4780 0.3706
vn -0.8988 0.0277 0.4374
vn -0.8532 -0.3341 0.4006
vn -0.8903 -0.1625 0.4254
vn -0.7125 -0.6441 0.2784
vn -0.3424 -0.9264 0.1567
vn -0.6241 -0.7399 0.2509
vn -0.4974 -0.8410 0.2130
vn 0.8691 -0.0979 -0.4848
vn 0.7613 0.4757 -0.4405
vn 0.8161 0.3765 -0.4384
vn 0.8857 0.0476 -0.4618
vn 0.8318 0.1605 -0.5313
vn 0.8154 0.2489 -0.5227
vn 0.6379 0.6432 -0.4235
vn 0.3400 0.9288 -0.1475
vn 0.6056 0.7115 -0.3564
vn 0.6546 0.6426 -0.3982
vn 0.4549 0.8276 -0.3288
vn 0.3721 0.8876 -0.2715
vn -0.8603 0.2274 0.4562
vn -0.7194 0.5584 0.4131
vn -0.8084 0.3718 0.4563
vn -0.7469 0.5045 0.4331
vn -0.4856 -0.8160 0.3136
vn -0.7348 -0.5373 0.4140
vn -0.5516 -0.7597 0.3445
vn -0.6233 -0.6855 0.3763
vn 0.5686 -0.7432 -0.3525
vn 0.8484 -0.2670 -0.4571
vn 0.6818 -0.6211 -0.3865
vn 0.7874 -0.4401 -0.4317
vn 0.7207 0.5081 -0.4716
vn 0.8170 -0.0359 -0.5756
vn 0.7780 0.0887 -0.6220
vn 0.7482 0.3243 -0.5788
vn 0.7111 0.4850 -0.5090
vn 0.8205 0.2581 -0.5100
vn 0.8386 0.1639 -0.5195
vn -0.6426 -0.6145 0.4576
vn -0.2029 0.9584 0.2008
vn -0.6702 0.5050 0.5439
vn -0.3794 0.8936 0.2398
vn -0.7980 0.0713 0.5984
vn -0.7701 -0.3392 0.5403
vn -0.8072 -0.0054 0.5902
vn -0.3605 0.8642 0.3509
vn -0.4266 0.8332 0.3518
vn -0.6896 0.4672 0.5533
vn -0.6292 0.6666 0.3996
vn -0.4792 0.7498 0.4563
vn -0.7502 0.3427 0.5655
vn -0.7521 0.4118 0.5145
vn -0.5286 0.7796 0.3359
vn -0.7861 0.2772 0.5525
vn -0.7319 0.3218 0.6007
vn -0.5114 0.7214 0.4669
vn -0.5782 0.5245 0.6250
vn -0.6264 0.4943 0.6027
vn -0.5426 0.6400 0.5440
vn -0.7762 0.1938 0.6000
vn -0.7673 -0.3585 0.5317
vn -0.8004 0.0101 0.5993
vn -0.7922 -0.1691 0.5863
vn 0.7974 -0.1984 -0.5699
vn 0.6210 -0.6094 -0.4929
vn 0.7390 -0.4013 -0.5411
vn 0.7818 -0.3523 -0.5145
vn 0.6910 -0.5803 -0.4310
vn 0.2476 0.9342 -0.2568
vn 0.6088 0.6390 -0.4703
vn 0.4886 0.7989 -0.3508
vn 0.3192 0.9330 -0.1664
vn 0.2659 0.9622 -0.0585
vn 0.3624 0.9235 -0.1257
vn -0.2992 0.9383 0.1735
vn 0.3252 0.8650 -0.3821
vn 0.1125 0.9936 -0.0046
vn -0.1967 0.9222 0.3331
vn 0.3223 0.8969 -0.3029
vn -0.2201 0.9710 0.0931
vn 0.1352 0.9699 -0.2026
vn 0.2549 0.8711 -0.4197
vn 0.3766 0.8634 -0.3358
vn 0.2222 0.9348 -0.2771
vn -0.2898 0.6995 0.6533
vn 0.1963 0.9519 -0.2351
vn 0.1024 0.9935 -0.0500
vn -0.1317 0.9869 0.0931
vn -0.2659 0.8162 0.5129
vn 0.0098 0.9995 -0.0312
vn -0.3643 -0.8700 0.3323
vn -0.5215 -0.7222 0.4544
vn -0.4304 -0.7765 0.4602
vn -0.4021 -0.8237 0.3998
vn -0.4469 -0.7882 0.4232
vn -0.6981 -0.6113 0.3728
vn -0.0418 -0.9985 0.0359
vn -0.6033 -0.7236 0.3352
vn -0.5115 -0.8065 0.2966
vn 0.2998 -0.9011 -0.3133
vn 0.5985 -0.6314 -0.4931
vn 0.4130 -0.8496 -0.3281
vn 0.3291 -0.9067 -0.2639
vn 0.2623 -0.9355 -0.2367
vn 0.3969 -0.8300 -0.3917
vn 0.4516 -0.7800 -0.4332
vn -0.6535 -0.2079 0.7278
vn -0.6430 0.2219 0.7330
vn -0.5742 0.1475 0.8053
vn -0.5774 -0.0536 0.8147
vn -0.6350 -0.0329 0.7718
vn -0.6297 0.0575 0.7747
vn 0.5747 -0.5584 -0.5983
vn 0.3182 -0.8671 -0.3833
vn 0.4911 -0.8087 -0.3236
vn 0.5410 -0.6768 -0.4993
vn 0.3776 -0.8911 -0.2518
vn 0.3815 0.6352 -0.6715
vn 0.2221 0.9290 -0.2960
vn 0.0626 0.9361 -0.3461
vn 0.2385 0.8220 -0.5171
vn 0.0307 0.9105 -0.4123
vn -0.0309 0.9543 -0.2972
vn -0.1796 0.9418 0.2841
vn -0.3909 0.6716 0.6294
vn -0.2580 0.8859 0.3856
vn -0.3260 0.8016 0.5012
vn -0.5128 0.5021 0.6963
vn -0.5792 0.1594 0.7995
vn -0.6317 0.2438 0.7359
vn -0.5958 0.4019 0.6954
vn -0.5692 0.3236 0.7559
vn -0.5770 0.2527 0.7767
vn -0.5598 -0.3553 0.7486
vn -0.3954 -0.7769 0.4900
vn -0.4682 -0.7194 0.5131
vn -0.6271 -0.4579 0.6302
vn -0.6361 -0.3446 0.6904
vn -0.5366 -0.5124 0.6705
vn -0.5187 -0.5595 0.6465
vn -0.3001 -0.8356 0.4601
vn -0.1442 -0.9746 0.1714
vn -0.2300 -0.9434 0.2388
vn -0.3075 -0.8760 0.3715
vn -0.2495 -0.9072 0.3386
vn -0.2232 -0.9291 0.2949
vn -0.0873 -0.9787 0.1856
vn 0.1296 -0.9637 -0.2336
vn 0.1784 -0.9495 -0.2582
vn 0.2293 -0.9276 -0.2949
vn 0.1398 -0.9775 -0.1582
vn 0.0187 -0.9993 -0.0319
vn -0.0553 -0.9967 0.0588
vn -0.0264 -0.9984 0.0501
vn 0.0074 -0.9996 -0.0271
vn 0.4693 -0.0665 -0.8805
vn 0.4390 0.4495 -0.7780
vn 0.5246 0.2576 -0.8114
vn 0.5446 0.0178 -0.8385
vn 0.5116 -0.1034 -0.8530
vn 0.4501 0.1616 -0.8782
vn 0.4397 0.2586 -0.8601
vn -0.3556 -0.7205 0.5954
vn -0.4769 -0.3480 0.8071
vn -0.3993 -0.6304 0.6657
vn -0.4508 -0.4726 0.7573
vn -0.4065 -0.1729 0.8971
vn -0.0963 0.9585 0.2683
vn -0.2494 0.8215 0.5128
vn -0.3829 0.2129 0.8989
vn -0.4164 0.1247 0.9006
vn -0.3902 0.1087 0.9143
vn -0.1789 0.8345 0.5211
vn -0.2501 0.7337 0.6318
vn -0.3345 0.4183 0.8445
vn -0.3696 0.5015 0.7823
vn -0.2238 0.7841 0.5788
vn -0.3686 0.4127 0.8330
vn -0.3907 0.4200 0.8191
vn -0.4188 -0.0235 0.9078
vn -0.4028 0.3196 0.8576
vn -0.4175 0.1762 0.8914
vn -0.2298 -0.8041 0.5483
vn -0.1506 -0.9248 0.3495
vn -0.2037 -0.8416 0.5003
vn -0.1647 -0.8988 0.4063
vn 0.1006 -0.9468 -0.3057
vn 0.2375 -0.6135 -0.7532
vn 0.2661 -0.6533 -0.7088
vn 0.2381 -0.7905 -0.5642
vn 0.1512 -0.9188 -0.3647
vn 0.1625 -0.8091 -0.5647
vn 0.1699 -0.7869 -0.5932
vn 0.3861 -0.0595 -0.9205
vn 0.3381 0.4574 -0.8225
vn 0.3831 0.0636 -0.9215
vn 0.3665 0.2711 -0.8901
vn 0.1002 0.9220 -0.3739
vn 0.3087 0.6093 -0.7304
vn 0.2652 0.6480 -0.7140
vn 0.2356 0.7489 -0.6194
vn 0.2162 0.8919 -0.3973
vn 0.2634 0.8298 -0.4920
vn -0.1394 0.9873 0.0764
vn 0.0920 0.8554 -0.5098
vn -0.0631 0.9900 0.1262
vn 0.0768 0.9035 -0.4217
vn -0.2682 0.9128 0.3080
vn -0.1256 0.9628 -0.2393
vn -0.0426 0.9120 -0.4080
vn 0.1183 0.8638 -0.4898
vn -0.2464 0.8881 -0.3881
vn -0.1989 0.9620 0.1872
vn -0.1593 0.9797 -0.1219
vn -0.3340 0.9243 -0.1847
vn -0.2918 0.6207 0.7277
vn -0.2029 0.7879 0.5814
vn -0.1975 0.6316 0.7498
vn -0.2265 0.6031 0.7648
vn -0.2525 0.7066 0.6610
vn -0.2359 0.7468 0.6219
vn -0.2421 -0.7042 0.6674
vn -0.3326 -0.3426 0.8786
vn -0.2625 -0.4366 0.8605
vn -0.2258 -0.5955 0.7710
vn -0.2762 -0.5668 0.7762
vn -0.2904 -0.5070 0.8116
vn 0.0519 -0.9876 -0.1484
vn -0.0823 -0.9754 0.2045
vn -0.0192 -0.9875 0.1565
vn 0.0038 -0.9988 0.0490
vn 0.0416 -0.9842 -0.1719
vn 0.0170 -0.9997 -0.0171
vn -0.0178 -0.9979 0.0624
vn 0.2122 -0.0167 -0.9771
vn 0.2518 0.4737 -0.8440
vn 0.2459 0.1173 -0.9622
vn 0.2583 0.3179 -0.9123
vn -0.2122 0.4641 0.8600
vn -0.2542 0.1508 0.9553
vn -0.2281 0.3668 0.9019
vn -0.2416 0.2587 0.9353
vn 0.0614 -0.9509 -0.3034
vn 0.1129 -0.6174 -0.7785
vn 0.0842 -0.8836 -0.4606
vn 0.1009 -0.7595 -0.6427
vn 0.0911 0.2710 -0.9583
vn 0.1133 0.7241 -0.6803
vn 0.0945 0.4257 -0.8999
vn 0.1037 0.6134 -0.7830
vn -0.0338 0.9747 0.2210
vn -0.0723 0.7923 0.6059
vn -0.0470 0.9520 0.3024
vn -0.0631 0.9090 0.4120
vn -0.1051 0.1601 0.9815
vn -0.1251 0.0409 0.9913
vn -0.1754 0.1391 0.9746
vn -0.1700 0.1008 0.9803
vn -0.1089 0.1068 0.9883
vn -0.1120 0.0698 0.9913
vn -0.1709 -0.0005 0.9853
vn -0.2233 -0.3852 0.8954
vn -0.2702 -0.3060 0.9129
vn -0.2938 -0.0991 0.9507
vn -0.2648 0.0274 0.9639
vn -0.1862 -0.1893 0.9641
vn -0.1805 -0.2484 0.9517
vn -0.0497 -0.9209 0.3866
vn -0.0956 -0.6680 0.7380
vn -0.0818 -0.8513 0.5182
vn -0.0906 -0.7781 0.6216
vn -0.0029 -0.5344 -0.8452
vn -0.0019 0.1015 -0.9948
vn 0.0509 0.0621 -0.9968
vn 0.0711 -0.0892 -0.9935
vn 0.0671 -0.2760 -0.9588
vn 0.0433 -0.4854 -0.8732
vn -0.0348 -0.2255 -0.9736
vn -0.0350 -0.1420 -0.9893
vn -0.0695 0.3629 0.9292
vn -0.0282 0.6651 0.7462
vn -0.0600 0.4411 0.8955
vn -0.0507 0.5539 0.8310
vn -0.0594 -0.2110 0.9757
vn -0.0310 -0.4548 0.8901
vn -0.0485 -0.2590 0.9647
vn -0.0440 -0.3568 0.9331
vn -0.0115 0.7978 -0.6028
vn -0.0032 0.2938 -0.9559
vn -0.0129 0.6825 -0.7308
vn -0.0105 0.4866 -0.8736
vn 0.0201 0.9811 0.1926
vn 0.0376 0.8566 0.5147
vn 0.0270 0.9497 0.3121
vn 0.0371 0.8991 0.4362
vn 0.0524 0.3324 0.9417
vn 0.0232 0.0218 0.9995
vn 0.0453 0.2599 0.9646
vn 0.0386 0.1483 0.9882
vn 0.0513 -0.6062 0.7936
vn 0.0196 -0.8541 0.5197
vn 0.0361 -0.6993 0.7139
vn 0.0254 -0.8010 0.5982
vn 0.1315 -0.8094 0.5724
vn 0.0241 -0.9959 0.0868
vn 0.0082 -0.9996 -0.0260
vn 0.0179 -0.9889 0.1477
vn 0.0060 -0.9214 0.3886
vn 0.0288 -0.9050 0.4244
vn 0.0924 -0.9036 0.4184
vn 0.0792 -0.9226 0.3775
vn -0.0410 -0.9504 -0.3084
vn -0.0236 -0.5935 -0.8045
vn -0.0379 -0.8786 -0.4761
vn -0.0313 -0.7473 -0.6637
vn -0.1418 -0.4600 -0.8765
vn -0.1393 0.1209 -0.9828
vn -0.1360 -0.2718 -0.9527
vn -0.1356 -0.0585 -0.9890
vn -0.1501 0.2698 -0.9511
vn -0.0972 0.7943 -0.5997
vn -0.1445 0.4545 -0.8790
vn -0.1237 0.6484 -0.7512
vn -0.0300 0.8545 -0.5186
vn -0.0013 0.9989 0.0478
vn -0.0218 0.9314 -0.3633
vn -0.0133 0.9902 -0.1389
vn 0.0716 0.5674 0.8203
vn 0.1143 0.7235 0.6808
vn 0.1755 0.6370 0.7506
vn 0.1526 0.6186 0.7707
vn 0.0851 0.6417 0.7623
vn 0.0872 0.6862 0.7222
vn 0.1252 -0.4064 0.9051
vn 0.1582 -0.0858 0.9837
vn 0.1352 -0.3336 0.9330
vn 0.1433 -0.2302 0.9625
vn 0.0375 0.9944 0.0985
vn -0.1347 0.8819 -0.4517
vn -0.0026 0.9978 -0.0664
vn -0.0723 0.9598 -0.2711
vn 0.2239 0.4831 0.8464
vn 0.2221 0.2412 0.9447
vn 0.2264 0.4080 0.8845
vn 0.2315 0.3282 0.9158
vn 0.1662 -0.6957 0.6988
vn 0.1652 -0.5778 0.7993
vn 0.2111 -0.5739 0.7912
vn 0.2295 -0.5485 0.8041
vn 0.1582 -0.6654 0.7296
vn 0.1626 -0.6297 0.7596
vn 0.1121 -0.9746 0.1936
vn -0.0482 -0.9880 -0.1465
vn -0.0337 -0.9868 -0.1583
vn 0.0107 -0.9979 0.0636
vn 0.0335 -0.9888 0.1455
vn 0.0017 -0.9995 0.0316
vn -0.0542 -0.9970 -0.0545
vn -0.1670 -0.5118 -0.8427
vn -0.1514 -0.8452 -0.5126
vn -0.1962 -0.6107 -0.7672
vn -0.2114 -0.4963 -0.8420
vn -0.1164 -0.7296 -0.6739
vn -0.1122 -0.7963 -0.5944
vn -0.2911 0.1221 -0.9489
vn -0.2482 -0.3886 -0.8874
vn -0.3129 -0.2962 -0.9024
vn -0.3503 -0.0464 -0.9355
vn -0.2441 -0.0379 -0.9690
vn -0.2437 -0.1332 -0.9607
vn -0.1858 0.7854 -0.5904
vn -0.2908 0.3077 -0.9060
vn -0.3274 0.4376 -0.8374
vn -0.2550 0.7055 -0.6612
vn -0.1996 0.5964 -0.7775
vn -0.2139 0.5153 -0.8299
vn 0.0816 0.9720 0.2202
vn 0.2256 0.7918 0.5675
vn 0.1263 0.9304 0.3442
vn 0.1599 0.8822 0.4429
vn 0.3364 -0.0197 0.9415
vn 0.2849 -0.4847 0.8270
vn 0.3317 -0.1727 0.9274
vn 0.3173 -0.3264 0.8904
vn 0.3513 0.6320 0.6907
vn 0.4150 0.3114 0.8549
vn 0.3855 0.5329 0.7532
vn 0.4065 0.4451 0.7979
vn 0.1068 -0.9524 0.2856
vn 0.3097 -0.6295 0.7127
vn 0.1888 -0.8646 0.4657
vn 0.2535 -0.7467 0.6149
vn -0.2805 -0.7149 -0.6404
vn -0.3536 -0.3509 -0.8671
vn -0.3834 -0.5363 -0.7519
vn -0.3835 -0.5733 -0.7240
vn -0.4134 -0.3639 -0.8347
vn 0.2117 0.9193 0.3318
vn 0.2962 0.8403 0.4540
vn 0.2301 0.9117 0.3404
vn 0.2682 0.8747 0.4037
vn 0.5427 0.1115 0.8325
vn 0.4360 -0.4532 0.7775
vn 0.5170 -0.0851 0.8518
vn 0.4968 -0.2466 0.8321
vn 0.4177 -0.6491 0.6357
vn 0.2570 -0.8878 0.3818
vn 0.3340 -0.7934 0.5089
vn 0.2745 -0.8704 0.4087
vn -0.4388 -0.2912 -0.8501
vn -0.2983 -0.7642 -0.5718
vn -0.3605 -0.7002 -0.6163
vn -0.4575 -0.4021 -0.7931
vn -0.3814 -0.4422 -0.8117
vn -0.3640 -0.5176 -0.7744
vn 0.5831 0.4106 0.7010
vn 0.4764 0.6874 0.5482
vn 0.5560 0.4971 0.6662
vn 0.5052 0.6119 0.6086
vn 0.0690 -0.9944 0.0798
vn -0.3205 -0.9035 -0.2845
vn -0.0516 -0.9986 -0.0122
vn -0.2016 -0.9669 -0.1565
vn 0.0700 0.9923 0.1019
vn -0.1913 0.9446 -0.2668
vn -0.2248 0.9402 -0.2559
vn -0.2114 0.9539 -0.2129
vn -0.0132 0.9995 -0.0301
vn 0.0637 0.9970 0.0435
vn -0.0309 0.9978 -0.0578
vn -0.0761 0.9878 -0.1360
vn 0.6813 0.1658 0.7130
vn 0.6628 -0.2037 0.7206
vn 0.6728 0.0477 0.7382
vn 0.6682 -0.0935 0.7381
vn 0.3918 -0.8424 0.3698
vn 0.1808 -0.9706 0.1587
vn 0.3402 -0.8757 0.3427
vn 0.2896 -0.9138 0.2848
vn 0.2118 0.9621 0.1716
vn 0.4055 0.8446 0.3497
vn 0.2855 0.9269 0.2435
vn 0.3568 0.8868 0.2938
vn 0.7285 -0.2174 0.6496
vn 0.5048 -0.6656 0.5497
vn 0.4973 -0.6407 0.5850
vn 0.5684 -0.4426 0.6936
vn 0.6233 -0.3351 0.7066
vn 0.6523 -0.4464 0.6126
vn 0.6087 -0.5454 0.5761
vn 0.6860 0.3360 0.6454
vn 0.5923 0.6750 0.4399
vn 0.6646 0.5971 0.4492
vn 0.7570 0.4042 0.5134
vn 0.7510 0.3432 0.5642
vn 0.6428 0.5154 0.5667
vn 0.6113 0.5815 0.5369
vn 0.7848 0.1959 0.5880
vn 0.7769 -0.1823 0.6027
vn 0.7971 0.0656 0.6002
vn 0.7942 -0.0754 0.6030
vn 0.6523 -0.6064 0.4548
vn 0.8070 -0.2300 0.5439
vn 0.7402 -0.4746 0.4763
vn 0.7989 -0.3176 0.5109
vn 0.5062 -0.8334 0.2220
vn 0.4618 -0.8499 0.2537
vn 0.4827 -0.8489 0.2155
vn 0.4221 -0.8871 0.1870
vn -0.4442 0.8755 -0.1900
vn 0.0727 0.9958 0.0554
vn 0.0473 0.9961 0.0744
vn -0.0692 0.9976 -0.0030
vn -0.2550 0.9590 -0.1236
vn -0.4246 0.8821 -0.2039
vn -0.1646 0.9858 -0.0345
vn -0.0882 0.9961 -0.0088
vn 0.2103 0.9720 0.1047
vn 0.6229 0.7362 0.2647
vn 0.3164 0.9364 0.1520
vn 0.4346 0.8769 0.2055
vn 0.8702 -0.0888 0.4846
vn 0.7650 0.5152 0.3864
vn 0.8708 0.1121 0.4787
vn 0.8520 0.2705 0.4483
vn 0.7088 -0.6279 0.3214
vn 0.4586 -0.8626 0.2133
vn 0.5259 -0.7954 0.3011
vn 0.6086 -0.7339 0.3017
vn 0.5146 -0.8147 0.2671
vn -0.8182 0.4736 -0.3259
vn -0.5136 0.8443 -0.1530
vn -0.5543 0.8093 -0.1944
vn -0.6885 0.6802 -0.2516
vn -0.8162 0.5209 -0.2499
vn -0.7583 0.6135 -0.2203
vn 0.9140 0.2290 0.3350
vn 0.7594 0.5979 0.2566
vn 0.8781 0.3645 0.3099
vn 0.8092 0.5194 0.2747
vn 0.8463 -0.4171 0.3313
vn 0.9426 0.0870 0.3223
vn 0.8980 -0.2905 0.3305
vn 0.9293 -0.1510 0.3370
vn 0.0535 -0.9985 0.0078
vn -0.4341 -0.8868 -0.1583
vn -0.0736 -0.9964 -0.0431
vn -0.2623 -0.9590 -0.1071
vn -0.8681 -0.4332 -0.2424
vn -0.9577 0.1055 -0.2678
vn -0.9513 -0.0065 -0.3082
vn -0.8900 -0.3518 -0.2900
vn -0.9563 -0.1874 -0.2245
vn -0.9650 -0.1318 -0.2269
vn -0.6360 0.7608 -0.1291
vn -0.9321 0.2703 -0.2409
vn -0.7564 0.6326 -0.1662
vn -0.8638 0.4591 -0.2074
vn -0.4917 0.8665 -0.0857
vn 0.0658 0.9977 0.0185
vn -0.3142 0.9481 -0.0483
vn -0.1080 0.9941 -0.0096
vn 0.1911 0.9810 0.0326
vn 0.5422 0.8367 0.0770
vn 0.3257 0.9441 0.0511
vn 0.4552 0.8873 0.0739
vn 0.8415 -0.4993 0.2063
vn 0.5465 -0.8319 0.0962
vn 0.7200 -0.6571 0.2231
vn 0.7936 -0.5903 0.1476
vn 0.7922 -0.5608 0.2407
vn 0.8408 -0.5048 0.1956
vn 0.6728 -0.7251 0.1468
vn 0.6870 -0.7159 0.1242
vn 0.7870 -0.5915 0.1755
vn 0.7200 -0.6578 0.2212
vn 0.7579 -0.6226 0.1948
vn 0.7968 -0.5714 0.1967
vn -0.9741 0.1219 -0.1905
vn -0.8718 -0.4614 -0.1644
vn -0.8837 -0.4518 -0.1223
vn -0.9543 -0.2762 -0.1137
vn -0.9890 -0.0778 -0.1254
vn -0.9832 0.1022 -0.1511
vn -0.9670 -0.1397 -0.2128
vn -0.9594 -0.1876 -0.2108
vn 0.6670 0.7388 0.0957
vn 0.9568 0.2548 0.1398
vn 0.8291 0.5465 0.1183
vn 0.9100 0.3934 0.1312
vn 0.9799 0.1373 0.1447
vn 0.9265 -0.3482 0.1425
vn 0.9890 -0.0063 0.1476
vn 0.9733 -0.1765 0.1466
vn 0.7027 -0.6857 0.1899
vn 0.5036 -0.8635 0.0284
vn 0.3535 -0.9343 0.0455
vn 0.6505 -0.7427 0.1590
vn 0.6105 -0.7749 0.1635
vn 0.5245 -0.8425 0.1231
vn 0.4582 -0.8883 0.0316
vn 0.5407 -0.8334 0.1142
vn 0.4644 -0.8806 0.0944
vn 0.4991 -0.8567 0.1305
vn 0.3835 -0.9229 0.0337
vn 0.4204 -0.9024 0.0943
vn -0.6188 0.7824 -0.0705
vn -0.9534 0.2770 -0.1192
vn -0.9099 0.4101 -0.0626
vn -0.7726 0.6339 -0.0351
vn -0.6285 0.7766 -0.0441
vn -0.8200 0.5586 -0.1246
vn -0.8535 0.5048 -0.1294
vn 0.6218 -0.7830 0.0184
vn 0.8087 -0.5824 0.0827
vn 0.8394 -0.5435 -0.0045
vn 0.7870 -0.6156 -0.0406
vn 0.6901 -0.7223 0.0442
vn 0.7307 -0.6808 0.0510
vn -0.9988 -0.0440 0.0192
vn -0.9311 0.3642 -0.0182
vn -0.9954 0.0959 0.0035
vn -0.9845 0.1653 0.0579
vn -0.9279 0.3701 0.0455
vn -0.5296 0.8479 0.0228
vn -0.0178 0.9998 0.0116
vn -0.4034 0.9144 0.0335
vn -0.2154 0.9760 0.0320
vn 0.8250 0.5639 -0.0370
vn 0.9561 0.2894 -0.0464
vn 0.8356 0.5481 -0.0373
vn 0.9068 0.4195 -0.0406
vn 0.9860 0.1583 -0.0516
vn 0.9536 -0.2988 -0.0382
vn 0.9985 0.0194 -0.0503
vn 0.9905 -0.1301 -0.0454
vn -0.8039 -0.5948 0.0021
vn -0.9792 -0.1802 0.0936
vn -0.9832 -0.1774 0.0438
vn -0.9495 -0.3129 0.0225
vn -0.8724 -0.4828 0.0761
vn -0.9096 -0.4057 0.0893
vn -0.8998 0.4210 0.1147
vn -0.9941 -0.0461 0.0977
vn -0.9864 -0.0861 0.1399
vn -0.9832 0.0457 0.1765
vn -0.9358 0.3041 0.1784
vn -0.9659 0.2462 0.0797
vn -0.9824 0.1681 0.0818
vn 0.1775 0.9832 -0.0422
vn 0.4971 0.8604 -0.1127
vn 0.2768 0.9588 -0.0637
vn 0.3924 0.9153 -0.0909
vn 0.8982 -0.4090 -0.1611
vn 0.6668 -0.7403 -0.0856
vn 0.8062 -0.5895 -0.0492
vn 0.8865 -0.4561 -0.0779
vn 0.8179 -0.5622 -0.1224
vn 0.7717 -0.6264 -0.1098
vn 0.5412 -0.8352 -0.0976
vn 0.2582 -0.9644 -0.0571
vn 0.4493 -0.8881 -0.0971
vn 0.3517 -0.9332 -0.0737
vn -0.3787 -0.9254 0.0142
vn 0.1002 -0.9950 0.0040
vn 0.0707 -0.9972 -0.0246
vn -0.0294 -0.9995 -0.0073
vn -0.2536 -0.9662 0.0469
vn -0.4369 -0.8981 0.0496
vn -0.1769 -0.9841 -0.0191
vn -0.0849 -0.9963 -0.0096
vn -0.9446 -0.2974 0.1390
vn -0.7007 -0.7115 0.0538
vn -0.6960 -0.7126 0.0879
vn -0.7110 -0.6899 0.1360
vn -0.8986 -0.4055 0.1677
vn -0.8930 -0.4406 0.0923
vn -0.8568 -0.5093 0.0802
vn -0.4911 0.8525 0.1791
vn -0.0042 0.9998 -0.0217
vn -0.0214 0.9997 -0.0094
vn -0.4344 0.8734 0.2201
vn -0.4598 0.8828 0.0958
vn -0.4122 0.9043 0.1112
vn 0.0129 0.9977 -0.0665
vn -0.3814 0.9041 0.1930
vn -0.3168 0.9442 0.0898
vn -0.2789 0.9593 0.0436
vn -0.0024 0.9990 -0.0441
vn -0.2897 0.9563 0.0402
vn 0.6361 0.7576 -0.1462
vn 0.9247 0.3027 -0.2310
vn 0.7917 0.5848 -0.1767
vn 0.8669 0.4570 -0.1990
vn 0.9466 0.2017 -0.2514
vn 0.9621 -0.1545 -0.2245
vn 0.9672 0.0823 -0.2405
vn 0.9702 -0.0486 -0.2375
vn 0.8839 -0.3619 -0.2962
vn 0.6448 -0.7373 -0.2015
vn 0.8382 -0.4595 -0.2938
vn 0.7569 -0.6022 -0.2539
vn -0.8863 -0.0534 0.4600
vn -0.7504 0.5147 0.4147
vn -0.8328 0.3875 0.3953
vn -0.9121 0.0717 0.4036
vn -0.8552 0.0995 0.5086
vn -0.8407 0.2114 0.4986
vn 0.6990 0.6361 -0.3268
vn 0.8614 0.3334 -0.3831
vn 0.7145 0.6093 -0.3439
vn 0.7904 0.4835 -0.3762
vn 0.8794 0.2381 -0.4124
vn 0.8908 -0.1949 -0.4105
vn 0.8991 0.1007 -0.4261
vn 0.9031 -0.0411 -0.4274
vn 0.8381 -0.3420 -0.4250
vn 0.6336 -0.7054 -0.3177
vn 0.7895 -0.4673 -0.3979
vn 0.7200 -0.5917 -0.3626
vn 0.5195 -0.8186 -0.2452
vn 0.1966 -0.9757 -0.0967
vn 0.3959 -0.8993 -0.1857
vn 0.3000 -0.9431 -0.1435
vn -0.7289 -0.6102 0.3106
vn -0.8758 -0.1918 0.4429
vn -0.7954 -0.4307 0.4264
vn -0.6832 -0.6134 0.3961
vn -0.8163 -0.3577 0.4535
vn 0.1781 0.9799 -0.0895
vn 0.5711 0.7248 -0.3855
vn 0.1501 0.9804 -0.1277
vn 0.6195 0.6708 -0.4076
vn 0.2994 0.9370 -0.1800
vn 0.3132 0.9357 -0.1627
vn 0.4550 0.8441 -0.2837
vn 0.4247 0.8549 -0.2980
vn 0.4391 0.8519 -0.2853
vn 0.4565 0.8342 -0.3093
vn 0.2692 0.9366 -0.2242
vn 0.2763 0.9384 -0.2074
vn 0.4241 0.8508 -0.3102
vn 0.4563 0.8544 -0.2486
vn 0.3957 0.8611 -0.3193
vn 0.5891 0.7024 -0.3995
vn -0.7993 -0.1407 0.5842
vn -0.6945 0.5042 0.5133
vn -0.8091 0.0702 0.5835
vn -0.7735 0.3022 0.5571
vn 0.7365 0.3372 -0.5864
vn 0.5516 0.7223 -0.4172
vn 0.5797 0.5899 -0.5622
vn 0.6631 0.3652 -0.6534
vn 0.6836 0.4618 -0.5652
vn 0.6590 0.5132 -0.5499
vn 0.7800 -0.1955 -0.5944
vn 0.7708 0.2257 -0.5958
vn 0.7144 0.0244 -0.6994
vn 0.7649 -0.0802 -0.6391
vn 0.7603 0.0865 -0.6438
vn 0.7620 -0.3571 -0.5403
vn 0.5044 -0.7725 -0.3857
vn 0.6485 -0.5883 -0.4831
vn 0.5764 -0.6931 -0.4329
vn 0.4025 -0.8440 -0.3546
vn 0.2037 -0.9662 -0.1581
vn 0.3458 -0.8934 -0.2867
vn 0.2556 -0.9436 -0.2107
vn -0.5923 -0.7265 0.3485
vn -0.8032 -0.2539 0.5389
vn -0.6688 -0.6118 0.4225
vn -0.7580 -0.4246 0.4952
vn 0.0113 0.9991 0.0405
vn -0.3085 0.8802 0.3608
vn 0.0425 0.9987 -0.0282
vn -0.3081 0.9064 0.2890
vn 0.0940 0.9954 0.0201
vn -0.1456 0.9555 0.2564
vn -0.1919 0.9296 0.3146
vn -0.3372 0.8903 0.3060
vn -0.1868 0.9300 0.3165
vn 0.0741 0.9972 0.0095
vn -0.0649 0.9849 0.1605
vn -0.0743 0.9681 0.2395
vn -0.7133 -0.2586 0.6514
vn -0.4404 -0.8011 0.4052
vn -0.6500 -0.4579 0.6065
vn -0.5465 -0.6632 0.5114
vn -0.7063 -0.1243 0.6969
vn -0.6373 0.4305 0.6392
vn -0.7077 0.0613 0.7038
vn -0.6753 0.2941 0.6764
vn 0.3058 0.8713 -0.3838
vn 0.1077 0.9851 -0.1339
vn 0.1031 0.9775 -0.1842
vn 0.1799 0.9300 -0.3204
vn 0.2183 0.9298 -0.2964
vn 0.1786 0.9486 -0.2611
vn 0.3993 0.7931 -0.4600
vn 0.4570 0.5975 -0.6589
vn 0.5423 0.5812 -0.6067
vn 0.5454 0.6528 -0.5257
vn 0.3770 0.7787 -0.5016
vn 0.4159 0.7181 -0.5580
vn 0.6212 0.4146 -0.6650
vn 0.6857 -0.0800 -0.7235
vn 0.7608 0.0370 -0.6479
vn 0.7292 0.2853 -0.6219
vn 0.6946 0.1859 -0.6949
vn 0.7024 0.0953 -0.7054
vn 0.6717 -0.1713 -0.7208
vn 0.6156 -0.4115 -0.6721
vn 0.7185 -0.2654 -0.6429
vn 0.6765 -0.2165 -0.7039
vn 0.6567 -0.3053 -0.6896
vn 0.4862 -0.5666 -0.6652
vn 0.4590 -0.7415 -0.4893
vn 0.5232 -0.5485 -0.6523
vn 0.5118 -0.5641 -0.6480
vn -0.5913 -0.1436 0.7935
vn -0.5089 0.4792 0.7151
vn -0.5995 0.0370 0.7996
vn -0.5754 0.2585 0.7759
vn -0.2090 0.8901 0.4051
vn 0.0374 0.9972 -0.0648
vn -0.1369 0.9518 0.2745
vn -0.0533 0.9940 0.0956
vn 0.1366 -0.9740 -0.1805
vn 0.3219 -0.8443 -0.4284
vn 0.1809 -0.9341 -0.3077
vn 0.2073 -0.9194 -0.3342
vn 0.2372 -0.9021 -0.3605
vn -0.3634 -0.7881 0.4968
vn -0.5693 -0.2729 0.7755
vn -0.4445 -0.6572 0.6086
vn -0.5270 -0.4513 0.7201
vn 0.4818 0.4048 -0.7772
vn 0.5174 -0.0518 -0.8542
vn 0.4962 0.2697 -0.8252
vn 0.5140 0.0903 -0.8530
vn 0.4929 -0.2397 -0.8364
vn 0.4647 -0.4424 -0.7671
vn 0.4622 -0.4261 -0.7777
vn 0.4487 -0.4775 -0.7554
vn -0.4124 -0.1240 0.9025
vn -0.3956 0.4256 0.8139
vn -0.4151 0.0575 0.9080
vn -0.4089 0.2678 0.8724
vn 0.3520 0.6246 -0.6971
vn 0.1232 0.9556 -0.2676
vn 0.2963 0.7492 -0.5924
vn 0.2206 0.8677 -0.4455
vn 0.2811 -0.4040 -0.8705
vn 0.2353 -0.8445 -0.4811
vn 0.3957 -0.5798 -0.7122
vn 0.2557 -0.6016 -0.7568
vn 0.2961 -0.4934 -0.8178
vn 0.2643 -0.6669 -0.6967
vn 0.3792 -0.5996 -0.7048
vn 0.2163 -0.7730 -0.5965
vn 0.2302 -0.7731 -0.5911
vn 0.2957 -0.6245 -0.7229
vn 0.3883 -0.5829 -0.7137
vn 0.2611 -0.7310 -0.6305
vn 0.1111 -0.9596 -0.2585
vn 0.1249 -0.6465 -0.7526
vn 0.1204 -0.7838 -0.6092
vn 0.1226 -0.7256 -0.6771
vn 0.0293 -0.9994 -0.0160
vn -0.1482 -0.8581 0.4916
vn -0.1457 -0.8785 0.4549
vn -0.0789 -0.9570 0.2792
vn 0.0157 -0.9974 0.0704
vn -0.0061 -0.9882 0.1531
vn -0.0295 -0.9685 0.2475
vn -0.2617 -0.7955 0.5465
vn -0.4081 -0.2756 0.8703
vn -0.3188 -0.6665 0.6739
vn -0.3761 -0.4652 0.8014
vn 0.2834 0.4912 -0.8237
vn 0.3810 -0.0139 -0.9245
vn 0.3254 0.3384 -0.8829
vn 0.3464 0.1845 -0.9198
vn 0.3300 -0.5863 -0.7398
vn 0.2973 -0.1746 -0.9387
vn 0.3278 -0.5250 -0.7855
vn 0.3217 -0.4516 -0.8322
vn -0.2365 -0.1045 0.9660
vn -0.2070 0.4854 0.8494
vn -0.2309 0.0901 0.9688
vn -0.2210 0.3137 0.9235
vn -0.0901 0.9206 0.3800
vn 0.0190 0.9864 -0.1633
vn -0.0604 0.9744 0.2165
vn -0.0151 0.9998 0.0100
vn 0.0584 0.9668 -0.2489
vn 0.1818 0.7029 -0.6876
vn 0.0985 0.9120 -0.3981
vn 0.1468 0.8106 -0.5669
vn 0.2209 0.0826 -0.9718
vn 0.2219 -0.1759 -0.9591
vn 0.2858 -0.1656 -0.9439
vn 0.2926 -0.0889 -0.9521
vn 0.2240 -0.0290 -0.9742
vn 0.2230 -0.0808 -0.9715
vn 0.1035 -0.5903 -0.8005
vn 0.1636 -0.7913 -0.5892
vn 0.1651 -0.3218 -0.9323
vn 0.1502 -0.5858 -0.7964
vn 0.1084 -0.5219 -0.8461
vn 0.1613 -0.5116 -0.8440
vn 0.2019 -0.6950 -0.6901
vn 0.1589 -0.6874 -0.7087
vn 0.1818 -0.5590 -0.8090
vn 0.1167 -0.3800 -0.9176
vn 0.2255 -0.5091 -0.8306
vn 0.1853 -0.4265 -0.8853
vn 0.0164 -0.9971 -0.0745
vn -0.0779 -0.8661 0.4938
vn -0.0177 -0.9944 0.1044
vn -0.0502 -0.9457 0.3211
vn -0.1475 -0.7932 0.5909
vn -0.2436 -0.2596 0.9345
vn -0.1921 -0.6546 0.7312
vn -0.2296 -0.4489 0.8636
vn 0.1641 0.3197 -0.9332
vn 0.1125 0.6413 -0.7590
vn 0.1449 0.4304 -0.8909
vn 0.1285 0.5516 -0.8242
vn -0.0709 0.4571 0.8866
vn -0.0986 -0.1209 0.9878
vn -0.0506 -0.0828 0.9953
vn -0.0289 0.0874 0.9958
vn -0.0279 0.2937 0.9555
vn -0.1306 0.2612 0.9564
vn -0.1340 0.1552 0.9787
vn 0.0684 0.8026 -0.5926
vn 0.0268 0.8455 -0.5334
vn -0.0018 0.7833 -0.6216
vn 0.0045 0.8532 -0.5215
vn 0.0499 0.8527 -0.5199
vn 0.0441 0.8695 -0.4919
vn 0.0473 0.1571 -0.9864
vn 0.0484 -0.0768 -0.9959
vn 0.0475 0.0779 -0.9958
vn 0.0480 -0.0293 -0.9984
vn 0.0343 -0.9254 -0.3775
vn 0.0287 -0.6962 -0.7173
vn 0.0399 -0.8103 -0.5846
vn 0.0342 -0.7352 -0.6769
vn -0.0717 -0.7887 0.6106
vn -0.0945 -0.2865 0.9534
vn -0.0849 -0.6533 0.7523
vn -0.0953 -0.4615 0.8820
vn -0.0081 0.7928 -0.6094
vn -0.0508 0.3829 -0.9224
vn -0.0363 0.6550 -0.7547
vn -0.0492 0.5097 -0.8589
vn -0.0267 -0.4856 -0.8738
vn 0.0070 -0.3357 -0.9420
vn -0.0642 -0.3306 -0.9416
vn -0.0962 -0.2968 -0.9501
vn -0.0004 -0.4669 -0.8843
vn -0.0013 -0.4216 -0.9068
vn -0.0074 -0.8840 0.4675
vn -0.0129 -0.9962 -0.0859
vn -0.0566 -0.9963 -0.0652
vn -0.0442 -0.9964 0.0727
vn 0.0047 -0.9335 0.3586
vn -0.0548 -0.9578 0.2823
vn -0.0486 -0.9818 0.1835
vn -0.0093 -0.2822 0.9593
vn -0.0149 -0.7934 0.6086
vn 0.0079 -0.6806 0.7326
vn 0.0190 -0.4236 0.9057
vn -0.0636 -0.5905 0.8045
vn -0.0619 -0.6746 0.7356
vn -0.1458 0.1722 -0.9742
vn -0.1185 -0.1407 -0.9829
vn -0.1407 0.0819 -0.9867
vn -0.1375 -0.0142 -0.9904
vn -0.0893 -0.7894 -0.6073
vn -0.2381 -0.3132 -0.9194
vn -0.1377 -0.6827 -0.7176
vn -0.1705 -0.5578 -0.8123
vn -0.2278 -0.7424 -0.6300
vn -0.0869 -0.9514 -0.2956
vn -0.0712 -0.9530 -0.2945
vn -0.0681 -0.8924 -0.4461
vn -0.1101 -0.8287 -0.5487
vn -0.1652 -0.8507 -0.4990
vn -0.1317 -0.8972 -0.4215
vn 0.0082 0.9923 0.1237
vn -0.0636 0.9066 -0.4171
vn -0.0214 0.9998 -0.0049
vn -0.0500 0.9763 -0.2103
vn -0.1878 0.4057 -0.8945
vn -0.1705 0.7228 -0.6697
vn -0.2547 0.5871 -0.7684
vn -0.2556 0.4514 -0.8549
vn -0.1934 0.5407 -0.8187
vn -0.1880 0.5951 -0.7813
vn -0.3138 0.3893 -0.8660
vn -0.3075 0.0096 -0.9515
vn -0.3181 0.2619 -0.9112
vn -0.3205 0.1521 -0.9350
vn 0.3411 -0.3731 0.8628
vn 0.4138 0.0278 0.9100
vn 0.4062 -0.1500 0.9014
vn 0.3982 -0.3864 0.8320
vn 0.4463 -0.1848 0.8756
vn 0.4589 0.1965 0.8665
vn 0.3183 0.5702 0.7573
vn 0.3973 0.2620 0.8795
vn 0.4218 0.1626 0.8920
vn 0.4288 0.3924 0.8137
vn 0.4042 0.4654 0.7875
vn -0.1055 0.9701 -0.2186
vn -0.3406 0.6782 -0.6512
vn -0.1781 0.9144 -0.3635
vn -0.2477 0.8256 -0.5070
vn -0.3327 -0.5206 -0.7863
vn -0.4243 -0.0820 -0.9018
vn -0.3821 -0.3874 -0.8390
vn -0.4104 -0.2205 -0.8849
vn 0.4708 0.0659 0.8798
vn 0.4605 -0.3901 0.7974
vn 0.5340 -0.2451 0.8092
vn 0.5487 -0.0073 0.8360
vn 0.5143 0.1111 0.8504
vn 0.4579 -0.1479 0.8766
vn 0.4506 -0.2310 0.8624
vn 0.3301 0.6619 0.6730
vn 0.4991 0.2887 0.8170
vn 0.5119 0.3839 0.7685
vn 0.4048 0.6829 0.6081
vn 0.3704 0.6712 0.6420
vn 0.4120 0.4688 0.7814
vn 0.4349 0.4013 0.8061
vn -0.4491 0.5087 -0.7346
vn -0.4856 0.2280 -0.8439
vn -0.4648 0.4130 -0.7832
vn -0.4805 0.3202 -0.8164
vn -0.1339 -0.9575 -0.2555
vn -0.3760 -0.6286 -0.6808
vn -0.2334 -0.8730 -0.4283
vn -0.3241 -0.7468 -0.5807
vn -0.2121 0.9311 -0.2967
vn -0.4251 0.6822 -0.5950
vn -0.3096 0.8486 -0.4289
vn -0.3884 0.7452 -0.5421
vn -0.5624 0.0239 -0.8265
vn -0.5094 -0.4606 -0.7269
vn -0.5687 -0.1444 -0.8098
vn -0.5468 -0.3186 -0.7743
vn -0.5101 -0.6182 -0.5979
vn -0.2431 -0.9259 -0.2891
vn -0.4351 -0.7443 -0.5066
vn -0.3344 -0.8584 -0.3891
vn -0.5665 0.5471 -0.6162
vn -0.6568 0.1965 -0.7280
vn -0.5969 0.4523 -0.6627
vn -0.6266 0.3413 -0.7006
vn -0.1561 -0.9807 -0.1178
vn 0.2419 -0.9506 0.1945
vn 0.1799 -0.9699 0.1640
vn -0.0755 -0.9925 -0.0961
vn -0.1429 -0.9759 -0.1651
vn -0.0574 -0.9966 -0.0588
vn -0.0267 -0.9988 -0.0413
vn -0.4934 0.7286 -0.4751
vn -0.2641 0.9366 -0.2301
vn -0.4157 0.8534 -0.3146
vn -0.5151 0.7533 -0.4089
vn -0.4254 0.8202 -0.3825
vn -0.3912 0.8539 -0.3432
vn -0.6848 0.0508 -0.7270
vn -0.6042 -0.4778 -0.6378
vn -0.6889 -0.1209 -0.7147
vn -0.6575 -0.3167 -0.6836
vn -0.7709 0.2497 -0.5860
vn -0.6012 0.6588 -0.4522
vn -0.7398 0.3805 -0.5549
vn -0.6841 0.5233 -0.5081
vn -0.7080 -0.4753 -0.5224
vn -0.7972 0.1106 -0.5935
vn -0.7675 -0.3045 -0.5641
vn -0.8018 -0.0872 -0.5913
vn -0.3324 -0.9118 -0.2411
vn -0.6568 -0.5867 -0.4737
vn -0.4720 -0.8114 -0.3447
vn -0.5875 -0.6893 -0.4240
vn -0.2610 0.9515 -0.1630
vn -0.5019 0.8227 -0.2670
vn -0.4772 0.8153 -0.3281
vn -0.3964 0.8685 -0.2975
vn -0.3850 0.8952 -0.2246
vn -0.4203 0.8748 -0.2409
vn -0.6438 0.6960 -0.3181
vn -0.8608 0.2712 -0.4306
vn -0.7287 0.5780 -0.3673
vn -0.8115 0.4194 -0.4070
vn -0.8995 0.1225 -0.4195
vn -0.7865 -0.4908 -0.3749
vn -0.8994 -0.0867 -0.4284
vn -0.8585 -0.3091 -0.4093
vn -0.7147 -0.5994 -0.3604
vn -0.3358 -0.9278 -0.1629
vn -0.6370 -0.7033 -0.3158
vn -0.4934 -0.8356 -0.2415
vn -0.1491 -0.9874 -0.0525
vn 0.3192 -0.9444 0.0795
vn -0.0130 -0.9997 -0.0193
vn 0.1536 -0.9876 0.0311
vn 0.8663 -0.4307 0.2531
vn 0.9524 0.0388 0.3025
vn 0.9247 -0.1146 0.3631
vn 0.8622 -0.3707 0.3453
vn 0.8183 -0.4908 0.2990
vn 0.9415 -0.2205 0.2550
vn 0.9553 -0.1439 0.2583
vn -0.5427 0.8061 -0.2358
vn -0.2359 0.9674 -0.0921
vn -0.2642 0.9607 -0.0845
vn -0.4299 0.8973 -0.1003
vn -0.5318 0.8335 -0.1498
vn -0.4362 0.8833 -0.1718
vn -0.4011 0.9027 -0.1555
vn -0.8894 0.3159 -0.3304
vn -0.6609 0.7283 -0.1814
vn -0.7777 0.6075 -0.1615
vn -0.9062 0.3726 -0.2000
vn -0.9138 0.3231 -0.2461
vn -0.8262 0.4978 -0.2636
vn -0.7804 0.5747 -0.2464
vn -0.9670 0.0961 -0.2359
vn -0.8575 -0.4711 -0.2071
vn -0.9652 -0.1000 -0.2417
vn -0.9282 -0.2916 -0.2313
vn -0.7260 -0.6596 -0.1946
vn -0.2712 -0.9605 -0.0629
vn -0.5790 -0.8014 -0.1502
vn -0.4336 -0.8946 -0.1079
vn 0.9798 0.0600 0.1906
vn 0.8820 -0.4352 0.1809
vn 0.8714 -0.4726 0.1312
vn 0.9361 -0.3342 0.1099
vn 0.9765 -0.1858 0.1092
vn 0.9905 -0.0327 0.1335
vn 0.9667 -0.1340 0.2180
vn 0.9542 -0.2074 0.2155
vn 0.9309 0.3286 0.1593
vn 0.6786 0.7328 0.0490
vn 0.6516 0.7546 0.0770
vn 0.6933 0.7098 0.1243
vn 0.8755 0.4477 0.1818
vn 0.8658 0.4915 0.0938
vn 0.8257 0.5584 0.0800
vn 0.4724 0.8808 0.0308
vn -0.0806 0.9965 -0.0213
vn -0.0288 0.9972 -0.0689
vn 0.1148 0.9923 -0.0454
vn 0.3419 0.9397 0.0124
vn 0.2982 0.9537 -0.0394
vn 0.1934 0.9801 -0.0452
vn -0.8594 0.4972 -0.1190
vn -0.9635 0.2422 -0.1142
vn -0.9540 0.2480 -0.1684
vn -0.9305 0.3108 -0.1941
vn -0.9107 0.3966 -0.1154
vn -0.9313 0.3436 -0.1208
vn -0.8367 -0.5427 -0.0732
vn -0.7571 -0.6467 -0.0924
vn -0.8296 -0.5395 -0.1439
vn -0.8073 -0.5757 -0.1296
vn -0.7987 -0.5968 -0.0774
vn -0.7749 -0.6272 -0.0782
vt 0.534174 0.340852
vt 0.507813 0.411575
vt 0.483203 0.334051
vt 0.851563 0.562500
vt 0.865803 0.625000
vt 0.835938 0.660724
vt 0.851563 0.474544
vt 0.882294 0.530982
vt 0.856955 0.352195
vt 0.882434 0.409272
vt 0.893622 0.648365
vt 0.910631 0.595291
vt 0.906250 0.465231
vt 0.930295 0.528361
vt 0.133694 0.303097
vt 0.092223 0.312500
vt 0.078086 0.250000
vt 0.273438 0.474544
vt 0.296875 0.531330
vt 0.273575 0.592221
vt 0.304155 0.625000
vt 0.294729 0.699642
vt 0.283894 0.354388
vt 0.301381 0.403753
vt 0.319127 0.271525
vt 0.328135 0.687500
vt 0.367188 0.750000
vt 0.359357 0.312500
vt 0.336268 0.375000
vt 0.367707 0.653807
vt 0.398607 0.589128
vt 0.367303 0.531217
vt 0.407801 0.687500
vt 0.396847 0.481147
vt 0.366720 0.414011
vt 0.430682 0.750000
vt 0.405533 0.375000
vt 0.413373 0.437500
vt 0.421875 0.531328
vt 0.429357 0.625000
vt 0.451130 0.640557
vt 0.407777 0.312500
vt 0.440299 0.352610
vt 0.460405 0.375000
vt 0.828125 0.537178
vt 0.913430 0.347000
vt 0.931211 0.425314
vt 0.054687 0.345362
vt 0.245742 0.651982
vt 0.445312 0.562500
vt 0.509348 0.526839
vt 0.509156 0.523647
vt 0.508557 0.520330
vt 0.507715 0.518302
vt 0.509325 0.515181
vt 0.509744 0.520133
vt 0.509745 0.521959
vt 0.508415 0.618576
vt 0.508374 0.622608
vt 0.508346 0.626795
vt 0.508336 0.629494
vt 0.508002 0.624716
vt 0.508009 0.623789
vt 0.488278 0.822572
vt 0.488849 0.827690
vt 0.489771 0.833166
vt 0.490785 0.836803
vt 0.488647 0.833617
vt 0.488614 0.831687
vt 0.488617 0.830727
vt 0.526819 0.820351
vt 0.527923 0.815842
vt 0.528475 0.810353
vt 0.528325 0.806576
vt 0.529652 0.810903
vt 0.529672 0.812992
vt 0.529101 0.818118
vt 0.525153 0.930717
vt 0.525300 0.927406
vt 0.525465 0.922474
vt 0.525604 0.918069
vt 0.525730 0.924350
vt 0.525728 0.925525
vt 0.532885 0.465666
vt 0.532094 0.467816
vt 0.531575 0.471429
vt 0.531468 0.475124
vt 0.530914 0.469474
vt 0.530907 0.467834
vt 0.531377 0.463116
vt 0.554817 0.505226
vt 0.554761 0.502026
vt 0.555038 0.500520
vt 0.554741 0.498425
vt 0.555038 0.500520
vt 0.554763 0.495367
vt 0.551636 0.708497
vt 0.551764 0.711058
vt 0.551721 0.711619
vt 0.551710 0.710425
vt 0.551891 0.716164
vt 0.551807 0.714884
vt 0.551928 0.712804
vt 0.551913 0.711922
vt 0.551854 0.714330
vt 0.551733 0.714545
vt 0.551765 0.716641
vt 0.551724 0.714776
vt 0.559395 0.845047
vt 0.559981 0.849341
vt 0.561138 0.854040
vt 0.562566 0.856480
vt 0.559574 0.856496
vt 0.559471 0.853469
vt 0.559470 0.852191
vt 0.576083 0.304883
vt 0.576691 0.302985
vt 0.576033 0.297486
vt 0.574287 0.290375
vt 0.578060 0.300035
vt 0.578757 0.301821
vt 0.578750 0.303424
vt 0.578573 0.307641
vt 0.578063 0.304684
vt 0.557801 0.415586
vt 0.557195 0.419408
vt 0.556718 0.423995
vt 0.556491 0.427144
vt 0.556272 0.422698
vt 0.556265 0.420789
vt 0.557563 0.580945
vt 0.557078 0.578780
vt 0.556962 0.577245
vt 0.556699 0.575825
vt 0.556527 0.572700
vt 0.578325 0.528556
vt 0.578261 0.532281
vt 0.578265 0.537156
vt 0.578336 0.540848
vt 0.577780 0.535461
vt 0.577774 0.534249
vt 0.583306 0.654420
vt 0.582722 0.657900
vt 0.581940 0.661105
vt 0.581172 0.662420
vt 0.582146 0.659139
vt 0.582313 0.655292
vt 0.600343 0.534267
vt 0.600800 0.530437
vt 0.601124 0.525565
vt 0.601228 0.521987
vt 0.601591 0.527185
vt 0.601595 0.528536
vt 0.601545 0.530917
vt 0.609343 0.784970
vt 0.610091 0.793709
vt 0.608655 0.798899
vt 0.606974 0.793590
vt 0.611354 0.811476
vt 0.610282 0.813413
vt 0.612685 0.810845
vt 0.611608 0.812614
vt 0.610309 0.815742
vt 0.609021 0.815163
vt 0.609123 0.818206
vt 0.607793 0.815642
vt 0.606261 0.811856
vt 0.607351 0.812470
vt 0.604880 0.808157
vt 0.605332 0.807945
vt 0.607964 0.912436
vt 0.608142 0.909447
vt 0.608680 0.907321
vt 0.608296 0.906271
vt 0.608680 0.907321
vt 0.608387 0.903721
vt 0.600893 0.443555
vt 0.600950 0.439997
vt 0.601211 0.437805
vt 0.601129 0.436294
vt 0.601383 0.433448
vt 0.613828 0.651976
vt 0.613193 0.649524
vt 0.612594 0.645704
vt 0.612196 0.642592
vt 0.613037 0.646862
vt 0.613047 0.647884
vt 0.640290 0.749846
vt 0.640354 0.753191
vt 0.640530 0.749608
vt 0.640396 0.747169
vt 0.640502 0.748446
vt 0.640681 0.749641
vt 0.640660 0.746180
vt 0.640811 0.748158
vt 0.640973 0.754129
vt 0.640914 0.752712
vt 0.641018 0.750506
vt 0.641118 0.750693
vt 0.641192 0.752643
vt 0.640829 0.751479
vt 0.641279 0.753708
vt 0.640780 0.752238
vt 0.615552 0.129798
vt 0.615543 0.126908
vt 0.616181 0.124448
vt 0.615269 0.123810
vt 0.616181 0.124448
vt 0.614802 0.121334
vt 0.614239 0.350143
vt 0.613367 0.351459
vt 0.612541 0.354232
vt 0.611991 0.357241
vt 0.612347 0.352751
vt 0.612335 0.351636
vt 0.612641 0.344562
vt 0.632813 1.000000
vt 0.632813 0.999950
vt 0.632889 0.993651
vt 0.633187 0.998582
vt 0.633303 0.999999
vt 0.632313 0.381239
vt 0.632390 0.377546
vt 0.632628 0.375293
vt 0.632631 0.373714
vt 0.632628 0.375293
vt 0.632973 0.370764
vt 0.660154 0.647607
vt 0.659916 0.650973
vt 0.659460 0.655370
vt 0.658921 0.658384
vt 0.659594 0.653212
vt 0.659603 0.652470
vt 0.649790 0.932333
vt 0.649590 0.935535
vt 0.649599 0.939134
vt 0.649801 0.941514
vt 0.648984 0.938916
vt 0.648977 0.936605
vt 0.635737 0.092957
vt 0.634986 0.096359
vt 0.634676 0.100798
vt 0.634895 0.104016
vt 0.633621 0.099049
vt 0.633626 0.097735
vt 0.633925 0.092356
vt 0.649857 0.181185
vt 0.649157 0.185022
vt 0.648698 0.190281
vt 0.648600 0.194645
vt 0.648070 0.187677
vt 0.648084 0.185321
vt 0.658496 0.277465
vt 0.655057 0.291540
vt 0.653081 0.302447
vt 0.653089 0.305092
vt 0.651326 0.304903
vt 0.650699 0.303444
vt 0.650692 0.302550
vt 0.650684 0.301186
vt 0.650891 0.295161
vt 0.665530 0.526567
vt 0.664950 0.530332
vt 0.664474 0.534832
vt 0.664227 0.537961
vt 0.664072 0.533586
vt 0.664073 0.532252
vt 0.664258 0.527616
vt 0.685591 0.772051
vt 0.686760 0.788152
vt 0.686164 0.798918
vt 0.685394 0.792014
vt 0.688136 0.809476
vt 0.686847 0.811749
vt 0.689269 0.809408
vt 0.687413 0.811652
vt 0.685898 0.814508
vt 0.685882 0.814685
vt 0.685083 0.815670
vt 0.685202 0.813781
vt 0.692586 0.352048
vt 0.692005 0.356763
vt 0.691912 0.361473
vt 0.692333 0.364446
vt 0.690801 0.362112
vt 0.690757 0.360222
vt 0.690754 0.359280
vt 0.695951 0.655499
vt 0.695358 0.654023
vt 0.694835 0.650747
vt 0.694531 0.647277
vt 0.695196 0.650499
vt 0.695223 0.652537
vt 0.722626 0.716359
vt 0.722678 0.720606
vt 0.722768 0.719454
vt 0.722652 0.715973
vt 0.722760 0.714867
vt 0.722841 0.715882
vt 0.722873 0.712420
vt 0.722871 0.714423
vt 0.722919 0.719842
vt 0.722834 0.717713
vt 0.722902 0.723495
vt 0.722754 0.719844
vt 0.693518 0.880654
vt 0.693893 0.877113
vt 0.693967 0.872739
vt 0.693717 0.869692
vt 0.694824 0.874682
vt 0.694833 0.876357
vt 0.694236 0.078284
vt 0.694388 0.074674
vt 0.694268 0.070513
vt 0.693919 0.068215
vt 0.695124 0.070715
vt 0.695130 0.073042
vt 0.711104 0.255588
vt 0.710891 0.252919
vt 0.709203 0.245705
vt 0.706492 0.236708
vt 0.712527 0.248273
vt 0.712540 0.249689
vt 0.712494 0.252991
vt 0.727471 0.000000
vt 0.727136 0.000000
vt 0.727239 0.001851
vt 0.727724 0.004578
vt 0.726180 0.000650
vt 0.726562 0.000000
vt 0.712465 0.024072
vt 0.711296 0.026787
vt 0.710466 0.030610
vt 0.710196 0.033897
vt 0.709732 0.029035
vt 0.709714 0.027600
vt 0.710184 0.028026
vt 0.743415 0.461212
vt 0.743028 0.464753
vt 0.742836 0.469471
vt 0.742895 0.473233
vt 0.742246 0.470197
vt 0.742200 0.467670
vt 0.742195 0.466700
vt 0.742209 0.465014
vt 0.766375 0.194633
vt 0.764568 0.201476
vt 0.763991 0.207596
vt 0.764796 0.209959
vt 0.761902 0.214223
vt 0.761635 0.207603
vt 0.761636 0.207033
vt 0.761842 0.202686
vt 0.771305 0.882607
vt 0.772018 0.878352
vt 0.772362 0.873558
vt 0.772246 0.870573
vt 0.773266 0.874644
vt 0.773274 0.876403
vt 0.788659 0.130174
vt 0.789396 0.127065
vt 0.789611 0.122550
vt 0.789248 0.118683
vt 0.790792 0.122678
vt 0.790824 0.125666
vt 0.811317 0.238300
vt 0.809170 0.245792
vt 0.807723 0.252587
vt 0.807362 0.255055
vt 0.806559 0.250767
vt 0.806545 0.249649
vt 0.807126 0.245578
vt 0.787934 0.379856
vt 0.788462 0.376896
vt 0.789122 0.373989
vt 0.789733 0.372366
vt 0.789080 0.375370
vt 0.789061 0.377476
vt 0.803200 0.489142
vt 0.803022 0.485489
vt 0.802631 0.480398
vt 0.802132 0.476047
vt 0.803388 0.480592
vt 0.803423 0.483968
vt 0.804853 0.601387
vt 0.805029 0.598132
vt 0.805135 0.593840
vt 0.805146 0.590488
vt 0.805599 0.595072
vt 0.805603 0.596706
vt 0.812499 0.393426
vt 0.812395 0.397589
vt 0.812152 0.399944
vt 0.812110 0.402075
vt 0.812152 0.399944
vt 0.811720 0.405680
vt 0.831895 0.411881
vt 0.831783 0.408193
vt 0.831285 0.403008
vt 0.830538 0.398577
vt 0.832414 0.405169
vt 0.832411 0.407083
vt 0.862948 0.716601
vt 0.865389 0.700181
vt 0.866746 0.688788
vt 0.866669 0.688080
vt 0.868160 0.686039
vt 0.868667 0.689020
vt 0.868663 0.689749
vt 0.868666 0.691623
vt 0.871248 0.089260
vt 0.869662 0.093471
vt 0.868623 0.099210
vt 0.868402 0.102480
vt 0.867587 0.097708
vt 0.867582 0.096070
vt 0.867926 0.092096
vt 0.895789 0.912677
vt 0.897056 0.908475
vt 0.897861 0.903369
vt 0.897993 0.900077
vt 0.898811 0.904832
vt 0.898830 0.906570
vt 0.898438 0.911688
vt 0.925714 0.704826
vt 0.925200 0.707574
vt 0.924893 0.712539
vt 0.924881 0.717500
vt 0.924233 0.710372
vt 0.924227 0.709145
vt 0.924244 0.708587
vt 0.924280 0.706721
vt 0.931279 0.118391
vt 0.930719 0.122319
vt 0.929838 0.124502
vt 0.930247 0.126442
vt 0.929838 0.124502
vt 0.929991 0.129654
vt 0.945045 0.620001
vt 0.945597 0.622957
vt 0.946337 0.626405
vt 0.947062 0.628512
vt 0.945503 0.626375
vt 0.945502 0.624707
vt 0.953715 0.460029
vt 0.953486 0.463860
vt 0.953437 0.468384
vt 0.953581 0.471761
vt 0.952784 0.467173
vt 0.952778 0.465597
vt 0.959890 0.119095
vt 0.961275 0.122643
vt 0.960252 0.123827
vt 0.959093 0.122425
vt 0.962866 0.126954
vt 0.961199 0.125982
vt 0.964248 0.130063
vt 0.962053 0.128143
vt 0.959588 0.128229
vt 0.959704 0.125058
vt 0.957519 0.129581
vt 0.958227 0.126667
vt 0.975715 0.474249
vt 0.975932 0.470919
vt 0.975821 0.466402
vt 0.975412 0.462471
vt 0.976719 0.466408
vt 0.976668 0.468516
vt 0.976746 0.469758
vt 0.976709 0.471862
vt 0.976355 0.177903
vt 0.978947 0.177972
vt 0.981087 0.183595
vt 0.978890 0.183663
vt 0.938318 0.179017
vt 0.213215 0.179699
vt 0.000000 0.182791
vt 0.000154 0.186015
vt -0.001755 0.178084
vt -0.003066 0.169946
vt 0.016657 0.189582
vt 0.982854 0.187626
vt 0.983894 0.194297
vt 0.981786 0.189629
vt 0.984435 0.188710
vt 0.988505 0.601966
vt 0.988820 0.598661
vt 0.988880 0.594499
vt 0.988677 0.591035
vt 0.989613 0.595154
vt 0.989586 0.595319
vt 0.989440 0.598395
vt 0.991239 0.130063
vt 0.991411 0.127045
vt 0.991252 0.122563
vt 0.990805 0.118738
vt 0.992052 0.122411
vt 0.991857 0.125000
vt 1.000000 0.525305
vt 1.000000 0.531330
vt 0.999662 0.530435
vt 0.999643 0.533525
vt 0.999662 0.530435
vt 0.999148 0.536565
vt 0.007247 0.433500
vt 0.007479 0.435898
vt 0.007862 0.439253
vt 0.008310 0.442125
vt 0.007296 0.441013
vt 0.007429 0.435685
vt 0.022811 0.540350
vt 0.022678 0.536603
vt 0.022306 0.531820
vt 0.021826 0.528010
vt 0.022956 0.528591
vt 0.023163 0.533297
vt 0.023153 0.535098
vt 0.024550 0.089197
vt 0.024091 0.093036
vt 0.023920 0.098134
vt 0.024082 0.101669
vt 0.023194 0.096152
vt 0.023100 0.094062
vt 0.992166 0.255256
vt 0.991550 0.252722
vt 0.991083 0.246048
vt 0.990708 0.238388
vt 0.992188 0.250000
vt 0.026166 0.409158
vt 0.026056 0.405702
vt 0.025695 0.402257
vt 0.025175 0.400390
vt 0.026103 0.399199
vt 0.026682 0.402160
vt 0.026685 0.404047
vt 0.052927 0.696456
vt 0.053052 0.698717
vt 0.052863 0.699296
vt 0.052718 0.697595
vt 0.053163 0.699311
vt 0.053000 0.703119
vt 0.053209 0.700424
vt 0.053106 0.704580
vt 0.052752 0.702169
vt 0.052757 0.701082
vt 0.052295 0.703900
vt 0.052463 0.700860
vt 0.069978 0.521986
vt 0.070128 0.525567
vt 0.070504 0.530446
vt 0.071002 0.534421
vt 0.069662 0.529465
vt 0.069669 0.527048
vt 0.068926 0.433233
vt 0.069275 0.435961
vt 0.069284 0.438009
vt 0.069538 0.439147
vt 0.069644 0.441937
vt 0.089538 0.806833
vt 0.090912 0.807093
vt 0.092364 0.811298
vt 0.090837 0.810256
vt 0.092434 0.790361
vt 0.093874 0.805224
vt 0.093691 0.766816
vt 0.095254 0.789561
vt 0.097178 0.805213
vt 0.095519 0.810662
vt 0.098919 0.804853
vt 0.097276 0.809616
vt 0.095327 0.815321
vt 0.093855 0.815600
vt 0.093590 0.818716
vt 0.092317 0.814895
vt 0.101439 0.910335
vt 0.101371 0.906553
vt 0.101195 0.901823
vt 0.100958 0.898465
vt 0.101813 0.903810
vt 0.101818 0.904917
vt 0.101563 1.000000
vt 0.101953 0.999632
vt 0.101559 0.997612
vt 0.101953 0.999632
vt 0.101554 0.993770
vt 0.133693 0.681932
vt 0.133770 0.678402
vt 0.133895 0.684208
vt 0.133788 0.687222
vt 0.133872 0.680879
vt 0.133982 0.680980
vt 0.133935 0.679128
vt 0.134064 0.680111
vt 0.134261 0.684892
vt 0.134058 0.683577
vt 0.134455 0.689679
vt 0.134078 0.686317
vt 0.140608 0.818963
vt 0.140643 0.815008
vt 0.140558 0.809590
vt 0.140382 0.804855
vt 0.141130 0.811175
vt 0.141150 0.812799
vt 0.139313 0.869091
vt 0.139426 0.872531
vt 0.139902 0.876988
vt 0.140614 0.880489
vt 0.138897 0.879108
vt 0.138778 0.875295
vt 0.133166 0.000000
vt 0.132989 0.000000
vt 0.132860 0.001632
vt 0.132813 0.004064
vt 0.132426 0.000000
vt 0.132813 0.000000
vt 0.132813 0.058434
vt 0.132897 0.060913
vt 0.132425 0.062873
vt 0.133135 0.063623
vt 0.132425 0.062873
vt 0.133461 0.065837
vt 0.147629 0.193840
vt 0.147895 0.189997
vt 0.148810 0.187500
vt 0.147814 0.185840
vt 0.148810 0.187500
vt 0.147408 0.182482
vt 0.184313 0.113899
vt 0.183216 0.118957
vt 0.181544 0.120331
vt 0.182597 0.115666
vt 0.181858 0.125235
vt 0.180635 0.120316
vt 0.180602 0.129788
vt 0.179875 0.126697
vt 0.179120 0.123519
vt 0.180231 0.121514
vt 0.178536 0.121311
vt 0.180477 0.118101
vt 0.195702 0.304549
vt 0.195794 0.309733
vt 0.196049 0.314875
vt 0.196395 0.317500
vt 0.195389 0.315012
vt 0.195357 0.313192
vt 0.195355 0.313142
vt 0.213224 0.000000
vt 0.212834 0.000000
vt 0.212667 0.002335
vt 0.212774 0.005731
vt 0.211949 0.001449
vt 0.211835 0.000000
vt 0.220993 0.096390
vt 0.219426 0.096896
vt 0.219542 0.093645
vt 0.220621 0.093553
vt 0.217660 0.098241
vt 0.218513 0.094958
vt 0.216185 0.100960
vt 0.217408 0.096599
vt 0.218734 0.090424
vt 0.219332 0.091775
vt 0.219842 0.086555
vt 0.220205 0.089750
vt 0.242320 0.537292
vt 0.242170 0.533713
vt 0.241961 0.528788
vt 0.241753 0.525016
vt 0.242435 0.528015
vt 0.242483 0.530651
vt 0.242486 0.531940
vt 0.246185 0.820977
vt 0.246942 0.816132
vt 0.247009 0.810490
vt 0.246364 0.806762
vt 0.248580 0.811667
vt 0.248515 0.815567
vt 0.257124 0.068273
vt 0.257404 0.065016
vt 0.257254 0.060552
vt 0.256724 0.057305
vt 0.258416 0.060842
vt 0.258426 0.063014
vt 0.258391 0.310806
vt 0.258390 0.307991
vt 0.258154 0.302805
vt 0.257739 0.297905
vt 0.258970 0.304434
vt 0.258986 0.305909
vt 0.258972 0.306781
vt 0.253297 0.408032
vt 0.253612 0.404200
vt 0.253915 0.399610
vt 0.254127 0.396592
vt 0.254228 0.401090
vt 0.254213 0.402901
vt 0.287503 0.175385
vt 0.285519 0.182020
vt 0.284571 0.188792
vt 0.284904 0.191845
vt 0.282692 0.189182
vt 0.282672 0.187237
vt 0.282933 0.181772
vt 0.285341 0.906434
vt 0.285730 0.902674
vt 0.285860 0.897883
vt 0.285694 0.894903
vt 0.286656 0.899141
vt 0.286658 0.901197
vt 0.311672 0.463837
vt 0.312121 0.466822
vt 0.312187 0.469926
vt 0.312526 0.470194
vt 0.312187 0.469926
vt 0.312786 0.473165
vt 0.319750 0.557955
vt 0.319232 0.560722
vt 0.318629 0.563877
vt 0.318104 0.565983
vt 0.318583 0.562012
vt 0.318627 0.558117
vt 0.334778 0.474880
vt 0.335328 0.471102
vt 0.335744 0.466331
vt 0.335916 0.462458
vt 0.336240 0.468109
vt 0.336232 0.469408
vt 0.336018 0.474475
vt 0.336909 0.603061
vt 0.337858 0.601798
vt 0.338515 0.598781
vt 0.338699 0.595323
vt 0.339183 0.600920
vt 0.339181 0.602378
vt 0.338522 0.604327
vt 0.383406 0.241107
vt 0.382805 0.246580
vt 0.382745 0.251333
vt 0.383239 0.253430
vt 0.381463 0.250987
vt 0.381460 0.250123
vt 0.381468 0.248223
vt 0.380562 0.830763
vt 0.380943 0.826180
vt 0.381030 0.821435
vt 0.380802 0.819103
vt 0.381906 0.822661
vt 0.381911 0.824687
vt 0.414043 0.808422
vt 0.413628 0.810901
vt 0.413644 0.814964
vt 0.414089 0.818859
vt 0.412538 0.814782
vt 0.412502 0.812625
vt 0.447078 0.463914
vt 0.446595 0.467815
vt 0.446227 0.472647
vt 0.446069 0.476432
vt 0.445759 0.471202
vt 0.445776 0.469940
vt 0.445913 0.466058
vt 0.449654 0.818867
vt 0.450446 0.814996
vt 0.450659 0.810897
vt 0.450232 0.808417
vt 0.451963 0.810751
vt 0.451967 0.812682
vt 0.451641 0.818659
vt 0.451244 0.911909
vt 0.451748 0.909231
vt 0.452104 0.905032
vt 0.452223 0.901405
vt 0.452639 0.906789
vt 0.452648 0.908056
vt 0.452551 0.910597
vt 0.475758 0.474845
vt 0.475668 0.471091
vt 0.475330 0.466303
vt 0.474834 0.462440
vt 0.476118 0.464113
vt 0.476219 0.468077
vt 0.476221 0.469255
vt 0.476206 0.470830
vt 0.473697 0.590097
vt 0.473902 0.593561
vt 0.474578 0.596729
vt 0.475538 0.598150
vt 0.473747 0.601008
vt 0.473227 0.597245
vt 0.473236 0.596132
vt 0.476888 0.685780
vt 0.477101 0.688907
vt 0.477472 0.694937
vt 0.477910 0.700615
vt 0.476706 0.692513
vt 0.476706 0.691232
vt 0.476701 0.690045
vt 0.476606 0.929790
vt 0.476228 0.933997
vt 0.476165 0.938262
vt 0.476428 0.940473
vt 0.475286 0.939009
vt 0.475259 0.937011
vt 0.478328 0.117345
vt 0.477898 0.121810
vt 0.477951 0.126496
vt 0.478473 0.129068
vt 0.476720 0.125820
vt 0.476754 0.122834
vt 0.491793 0.566028
vt 0.491201 0.563816
vt 0.490560 0.560563
vt 0.490049 0.557765
vt 0.492348 0.995089
vt 0.522818 0.994742
vt 0.522644 0.999972
vt 0.492218 1.000000
vt 0.492636 0.028377
vt 0.522640 0.000000
vt 0.522532 0.002194
vt 0.492515 0.030952
vt 0.522382 0.006061
vt 0.492380 0.035074
vt 0.554812 0.494976
vt 0.554759 0.498069
vt 0.554761 0.502026
vt 0.553649 0.946956
vt 0.552909 0.951797
vt 0.546875 0.000000
vt 0.546745 0.001559
vt 0.546454 0.004052
vt 0.570191 0.994283
vt 0.602441 0.995434
vt 0.602187 1.000000
vt 0.569950 1.000000
vt 0.570471 0.030027
vt 0.602252 0.033524
vt 0.601996 0.036286
vt 0.570352 0.033230
vt 0.601689 0.040049
vt 0.570221 0.036777
vt 0.632813 0.000000
vt 0.632864 0.002369
vt 0.632888 0.006226
vt 0.687069 0.521754
vt 0.687332 0.525315
vt 0.687601 0.529718
vt 0.687798 0.532875
vt 0.711060 0.522066
vt 0.710768 0.525495
vt 0.710378 0.529812
vt 0.710006 0.532792
vt 0.727691 0.992938
vt 0.756563 0.948983
vt 0.756235 0.953349
vt 0.727287 0.998897
vt 0.750000 0.000000
vt 0.749961 0.001606
vt 0.749955 0.004068
vt 0.773564 0.463137
vt 0.773450 0.466548
vt 0.773374 0.471363
vt 0.773359 0.475008
vt 0.773020 0.995965
vt 0.804723 0.995987
vt 0.804713 1.000000
vt 0.772791 1.000000
vt 0.773246 0.033030
vt 0.804364 0.031321
vt 0.804409 0.033583
vt 0.773205 0.036020
vt 0.804430 0.037167
vt 0.773129 0.039594
vt 0.837538 0.995443
vt 0.837366 0.999979
vt 0.835994 0.030906
vt 0.835821 0.033334
vt 0.835606 0.037116
vt 0.868976 0.978730
vt 0.869113 0.984359
vt 0.867157 0.000031
vt 0.867213 0.001846
vt 0.867331 0.004736
vt 0.898438 0.993856
vt 0.898443 0.999992
vt 0.898443 0.000000
vt 0.898457 0.001874
vt 0.898467 0.005195
vt 0.946417 0.995591
vt 0.977107 0.995292
vt 0.977135 1.000000
vt 0.946251 1.000000
vt 0.945664 0.028326
vt 0.976461 0.033177
vt 0.976490 0.035413
vt 0.945449 0.031706
vt 0.976522 0.038882
vt 0.945286 0.035310
vt 1.000000 0.995224
vt 1.000000 1.000000
vt 1.000000 0.016594
vt 1.000007 0.019139
vt 1.000035 0.022780
vt 0.000487 0.525303
vt 0.000131 0.528967
vt -0.000020 0.534239
vt 0.000000 0.538782
vt 0.008566 0.995224
vt 0.039180 0.993599
vt 0.039079 1.000000
vt 0.008625 1.000000
vt 0.006335 0.016594
vt 0.039079 0.000000
vt 0.038990 0.002047
vt 0.006220 0.019050
vt 0.038891 0.005527
vt 0.006285 0.023357
vt 0.069432 0.993233
vt 0.069476 1.000000
vt 0.069476 0.000000
vt 0.069442 0.002278
vt 0.069412 0.006063
vt 0.101886 0.527257
vt 0.101922 0.530632
vt 0.101951 0.535462
vt 0.101956 0.538942
vt 0.101554 0.993770
vt 0.101563 0.000000
vt 0.101562 0.002340
vt 0.101552 0.006074
vt 0.124659 0.528023
vt 0.124843 0.531509
vt 0.124969 0.536233
vt 0.125001 0.540042
vt 0.148137 0.523713
vt 0.148157 0.527115
vt 0.148236 0.531633
vt 0.148355 0.534703
vt 0.179730 0.524952
vt 0.179658 0.528502
vt 0.179442 0.533148
vt 0.179143 0.536630
vt 0.211460 0.524866
vt 0.211460 0.528588
vt 0.211443 0.533580
vt 0.211411 0.537318
vt 0.213203 0.993953
vt 0.242163 0.994166
vt 0.242187 1.000000
vt 0.212834 1.000000
vt 0.242187 0.000000
vt 0.242180 0.001905
vt 0.242177 0.005351
vt 0.272147 0.994152
vt 0.272089 0.999952
vt 0.272082 0.000000
vt 0.272088 0.002104
vt 0.272071 0.005603
vt 0.302720 0.953718
vt 0.302369 0.958582
vt 0.296875 0.000000
vt 0.296740 0.001985
vt 0.296597 0.004835
vt 0.312121 0.466822
vt 0.312575 0.471115
vt 0.312922 0.474827
vt 0.321377 0.995911
vt 0.343251 0.996126
vt 0.343561 1.000000
vt 0.321206 1.000000
vt 0.320716 0.030386
vt 0.348781 0.038667
vt 0.348890 0.041145
vt 0.320675 0.033663
vt 0.348982 0.044737
vt 0.320541 0.037257
vt 0.367220 0.995592
vt 0.367149 1.000000
vt 0.369263 0.016908
vt 0.369144 0.019467
vt 0.369018 0.023338
vt 0.398445 0.995434
vt 0.430570 0.995066
vt 0.430525 1.000000
vt 0.398436 1.000000
vt 0.398088 0.031321
vt 0.430116 0.031563
vt 0.430097 0.034019
vt 0.398094 0.033807
vt 0.430067 0.037656
vt 0.398108 0.037498
vt 0.460850 0.995851
vt 0.460918 1.000000
vt 0.461525 0.027387
vt 0.461520 0.029891
vt 0.461531 0.033766
vt 0.509863 0.104854
vt 0.540122 0.057574
vt 0.540086 0.060422
vt 0.509640 0.108971
vt 0.540002 0.064889
vt 0.509377 0.114011
vt 0.539910 0.069020
vt 0.509153 0.117995
vt 0.666208 0.104238
vt 0.666130 0.107221
vt 0.666054 0.111360
vt 0.666011 0.114888
vt 0.742110 0.058410
vt 0.742290 0.060889
vt 0.742383 0.064786
vt 0.742414 0.068942
vt 0.749675 0.590724
vt 0.774041 0.587542
vt 0.774049 0.590975
vt 0.749883 0.594119
vt 0.774065 0.595380
vt 0.750173 0.598259
vt 0.774065 0.597970
vt 0.750459 0.600956
vt 0.906157 0.089189
vt 0.945887 0.024942
vt 0.906217 0.091979
vt 0.906236 0.095966
vt 0.906201 0.099811
vt 0.962281 0.572546
vt 0.962379 0.575733
vt 0.962577 0.580371
vt 0.962820 0.583753
vt 0.053001 0.072817
vt 0.052999 0.076130
vt 0.052659 0.081367
vt 0.052053 0.085549
vt 0.071970 0.100923
vt 0.072019 0.104769
vt 0.072069 0.109275
vt 0.072102 0.112448
vt 0.101101 0.086310
vt 0.101320 0.090074
vt 0.101614 0.095074
vt 0.101915 0.098827
vt 0.165266 0.058412
vt 0.165360 0.060947
vt 0.132897 0.060913
vt 0.165439 0.064258
vt 0.133138 0.064740
vt 0.165476 0.067749
vt 0.133466 0.068253
vt 0.198442 0.059495
vt 0.196894 0.061574
vt 0.194923 0.064435
vt 0.192973 0.067891
vt 0.281816 0.087919
vt 0.320558 0.027293
vt 0.281553 0.091266
vt 0.281318 0.096137
vt 0.281143 0.100046
vt 0.535115 0.595521
vt 0.556491 0.572853
vt 0.556680 0.575689
vt 0.535511 0.598807
vt 0.557078 0.578780
vt 0.535996 0.602995
vt 0.536443 0.605953
vt 0.582818 0.122265
vt 0.614851 0.118604
vt 0.615288 0.122457
vt 0.584559 0.123943
vt 0.615543 0.126908
vt 0.586656 0.126743
vt 0.588591 0.129798
vt 0.726172 0.174350
vt 0.759430 0.118636
vt 0.759340 0.122324
vt 0.726089 0.178212
vt 0.759323 0.126918
vt 0.725986 0.183350
vt 0.759374 0.130179
vt 0.725875 0.186445
vt 0.811262 0.155206
vt 0.844633 0.140560
vt 0.845094 0.144433
vt 0.811172 0.158612
vt 0.845430 0.149372
vt 0.811039 0.163823
vt 0.845574 0.155457
vt 0.810892 0.167141
vt 0.930262 0.126736
vt 0.930031 0.129607
vt 0.140244 0.120680
vt 0.139977 0.123336
vt 0.139605 0.126272
vt 0.139211 0.128347
vt 0.242909 0.152376
vt 0.242829 0.155753
vt 0.242711 0.160641
vt 0.242583 0.164688
vt 0.329182 0.147316
vt 0.363311 0.149688
vt 0.363337 0.153438
vt 0.329148 0.150511
vt 0.363435 0.157986
vt 0.329009 0.156000
vt 0.363552 0.161997
vt 0.328770 0.159666
vt 0.398452 0.150534
vt 0.429655 0.150149
vt 0.429843 0.153782
vt 0.398354 0.154093
vt 0.430353 0.158414
vt 0.398080 0.158259
vt 0.431071 0.162021
vt 0.397690 0.161122
vt 0.458326 0.158899
vt 0.458226 0.162720
vt 0.458071 0.167878
vt 0.457910 0.170884
vt 0.498073 0.181959
vt 0.536636 0.167163
vt 0.536368 0.171445
vt 0.498114 0.185145
vt 0.536014 0.176391
vt 0.498163 0.189149
vt 0.535666 0.180766
vt 0.498203 0.193128
vt 0.560934 0.142049
vt 0.560972 0.145468
vt 0.561221 0.151539
vt 0.561642 0.156235
vt 0.603787 0.188967
vt 0.608435 0.198479
vt 0.613081 0.208395
vt 0.617540 0.231409
vt 0.685849 0.181010
vt 0.685813 0.184851
vt 0.685765 0.189419
vt 0.685727 0.193778
vt 0.875162 0.181410
vt 0.875121 0.185003
vt 0.875165 0.190753
vt 0.875291 0.195808
vt 0.927762 0.181508
vt 0.927707 0.185033
vt 0.927645 0.189587
vt 0.927578 0.194656
vt 0.972368 0.697048
vt 0.972371 0.700202
vt 0.972403 0.704202
vt 0.972485 0.710152
vt 1.000285 0.683126
vt 1.000193 0.685788
vt 1.000000 0.687500
vt 0.000034 0.749877
vt 0.014003 0.700638
vt 0.014700 0.704266
vt 0.000000 0.754768
vt 0.032613 0.181795
vt 0.032756 0.185257
vt 0.032747 0.189495
vt 0.032657 0.193651
vt -0.000223 0.192449
vt 0.013835 0.695081
vt 0.013872 0.697911
vt 0.071728 0.181932
vt 0.071780 0.185363
vt 0.071945 0.189291
vt 0.072183 0.192254
vt 0.109408 0.181284
vt 0.109359 0.185051
vt 0.109290 0.189568
vt 0.109241 0.194629
vt 0.147461 0.180350
vt 0.147833 0.184683
vt 0.147895 0.189997
vt 0.200918 0.175872
vt 0.197854 0.182641
vt 0.194780 0.189234
vt 0.191790 0.208886
vt 0.509308 0.690631
vt 0.508752 0.686362
vt 0.508336 0.682195
vt 0.508192 0.679699
vt 0.515601 0.242226
vt 0.515612 0.245570
vt 0.515628 0.251420
vt 0.515637 0.254748
vt 0.759053 0.683011
vt 0.759125 0.685784
vt 0.759253 0.690840
vt 0.759399 0.695780
vt 0.798232 0.689665
vt 0.798179 0.691970
vt 0.798170 0.700327
vt 0.798056 0.701304
vt 0.879224 0.300057
vt 0.879259 0.302859
vt 0.879235 0.312370
vt 0.879230 0.314357
vt 0.951706 0.290215
vt 0.951781 0.291147
vt 0.951445 0.301080
vt 0.951554 0.303570
vt 0.172536 0.688584
vt 0.172590 0.691276
vt 0.172556 0.696127
vt 0.172463 0.700243
vt 0.212285 0.696323
vt 0.212245 0.698900
vt 0.212248 0.706033
vt 0.212302 0.708331
vt 0.223770 0.292670
vt 0.223724 0.296342
vt 0.223716 0.301570
vt 0.223729 0.304583
vt 0.270076 0.758252
vt 0.269936 0.761926
vt 0.269806 0.770095
vt 0.269802 0.771780
vt 0.453085 0.242362
vt 0.453105 0.245263
vt 0.453092 0.251223
vt 0.453098 0.254689
vt 0.656895 0.841659
vt 0.656945 0.844931
vt 0.657045 0.849431
vt 0.657159 0.853428
vt 0.720810 0.331514
vt 0.721128 0.335184
vt 0.721349 0.339685
vt 0.721411 0.343256
vt 0.725526 0.841346
vt 0.725622 0.845260
vt 0.725781 0.850409
vt 0.725985 0.854070
vt 0.763845 0.803915
vt 0.763750 0.809244
vt 0.763659 0.814897
vt 0.763607 0.818283
vt 0.760560 0.345190
vt 0.760257 0.349006
vt 0.759992 0.353545
vt 0.759842 0.356846
vt 0.803569 0.837635
vt 0.803725 0.842088
vt 0.803914 0.847686
vt 0.804109 0.851332
vt 0.844027 0.804035
vt 0.843984 0.810028
vt 0.843941 0.815032
vt 0.843909 0.818811
vt 0.890970 0.804547
vt 0.890943 0.810021
vt 0.890884 0.815034
vt 0.890825 0.818744
vt 0.929132 0.838854
vt 0.929305 0.843089
vt 0.929543 0.848858
vt 0.929801 0.852965
vt 0.974198 0.805159
vt 0.974253 0.809630
vt 0.974328 0.815312
vt 0.974410 0.818289
vt 0.000000 0.808359
vt 0.038745 0.807198
vt 0.038836 0.810603
vt -0.000011 0.810981
vt 0.038668 0.815054
vt -0.000378 0.815429
vt 0.038514 0.818106
vt -0.000854 0.819536
vt 0.179755 0.836872
vt 0.208323 0.829123
vt 0.208178 0.833323
vt 0.179707 0.841236
vt 0.207999 0.838748
vt 0.179622 0.846148
vt 0.207827 0.842141
vt 0.179557 0.849518
vt 0.318201 0.832614
vt 0.319041 0.837991
vt 0.319785 0.844603
vt 0.320281 0.848873
vt 0.352383 0.835889
vt 0.351985 0.838943
vt 0.351696 0.843279
vt 0.351575 0.846817
vt 0.505958 0.879778
vt 0.505860 0.883885
vt 0.505621 0.888535
vt 0.505291 0.891858
vt 0.584156 0.880922
vt 0.608368 0.901346
vt 0.608286 0.905003
vt 0.584012 0.884459
vt 0.608142 0.909447
vt 0.583724 0.888643
vt 0.583359 0.892096
vt 0.740662 0.907193
vt 0.740444 0.911264
vt 0.740174 0.915728
vt 0.739926 0.919383
vt 0.812395 0.397589
vt 0.812126 0.402912
vt 0.811753 0.406892
vt 0.858279 0.901593
vt 0.858258 0.905438
vt 0.858250 0.909496
vt 0.858248 0.912450
vt 0.946708 0.914731
vt 0.976394 0.898756
vt 0.976461 0.902000
vt 0.946680 0.919109
vt 0.976522 0.906124
vt 0.946644 0.922943
vt 0.976554 0.908938
vt 0.946607 0.925509
vt 1.000026 0.902744
vt 1.000004 0.905525
vt 0.999996 0.909095
vt 1.000000 0.912027
vt 0.008083 0.901079
vt 0.036433 0.894775
vt 0.036428 0.897771
vt 0.007484 0.905679
vt 0.036555 0.902898
vt 0.007511 0.909086
vt 0.036794 0.906720
vt 0.007555 0.912027
vt 0.070578 0.879666
vt 0.070557 0.883075
vt 0.070401 0.887584
vt 0.070174 0.891827
vt 0.117839 0.407534
vt 0.149034 0.408183
vt 0.148954 0.411560
vt 0.117814 0.410710
vt 0.148891 0.416407
vt 0.117820 0.415556
vt 0.148864 0.419889
vt 0.117838 0.418961
vt 0.179436 0.398841
vt 0.179500 0.402118
vt 0.179552 0.406890
vt 0.179574 0.410377
vt 0.210617 0.401255
vt 0.210598 0.404142
vt 0.210592 0.408700
vt 0.210599 0.412260
vt 0.233863 0.400899
vt 0.234180 0.403931
vt 0.234509 0.408504
vt 0.234758 0.412175
vt 0.226484 0.897985
vt 0.256788 0.899176
vt 0.257073 0.902717
vt 0.226337 0.902077
vt 0.257286 0.907490
vt 0.226189 0.906611
vt 0.257379 0.911031
vt 0.226078 0.910348
vt 0.398688 0.900641
vt 0.427666 0.885049
vt 0.427702 0.888562
vt 0.398673 0.904752
vt 0.427775 0.892758
vt 0.398635 0.908988
vt 0.427849 0.895880
vt 0.398589 0.911834
vt 0.552372 0.955884
vt 0.551835 0.959672
vt 0.582785 0.399090
vt 0.582530 0.401802
vt 0.582296 0.406270
vt 0.582144 0.409783
vt 0.679374 0.959537
vt 0.679398 0.962934
vt 0.679394 0.966485
vt 0.679393 0.969015
vt 0.711789 0.931715
vt 0.711760 0.935337
vt 0.711602 0.939457
vt 0.711320 0.942694
vt 0.789648 0.931813
vt 0.789576 0.935480
vt 0.789465 0.938958
vt 0.755946 0.956492
vt 0.789354 0.941398
vt 0.755647 0.959089
vt 0.827463 0.902878
vt 0.827383 0.906687
vt 0.827286 0.910465
vt 0.827203 0.913100
vt 0.923799 0.957008
vt 0.922346 0.963630
vt 0.921219 0.968833
vt 0.920059 0.973317
vt 0.089971 0.400786
vt 0.090134 0.404344
vt 0.090397 0.408954
vt 0.069540 0.440071
vt 0.090683 0.412269
vt 0.069643 0.443637
vt 0.133399 0.964648
vt 0.164101 0.963241
vt 0.164077 0.969042
vt 0.133217 0.970323
vt 0.162702 0.000000
vt 0.162790 0.001581
vt 0.162859 0.004086
vt 0.192778 0.953626
vt 0.192621 0.957812
vt 0.187500 0.000000
vt 0.187609 0.001632
vt 0.187718 0.004211
vt 0.192537 0.962164
vt 0.192465 0.966423
vt 0.335708 0.931625
vt 0.335662 0.935360
vt 0.335544 0.938925
vt 0.302080 0.961965
vt 0.335356 0.941279
vt 0.301782 0.964597
vt 0.367755 0.931035
vt 0.367720 0.935122
vt 0.367671 0.939134
vt 0.367621 0.941827
vt 0.570394 0.027102
vt 0.600950 0.439997
vt 0.601154 0.436006
vt 0.601443 0.433343
vt 0.632390 0.377546
vt 0.632657 0.373959
vt 0.633035 0.372069
vt 0.729640 0.603625
vt 0.730142 0.600351
vt 0.730652 0.596032
vt 0.731016 0.592719
vt 0.773100 0.030208
vt 0.921875 0.000000
vt 0.921164 0.002453
vt 0.919921 0.007031
vt 0.984800 0.182791
vt 0.632761 0.465766
vt 0.632574 0.590451
vt 0.633999 0.901503
vt 0.633206 0.000891
vt 0.651566 0.042486
vt 0.656250 1.000000
vt 0.660557 0.398821
vt 0.681072 0.437500
vt 0.678350 0.004358
vt 0.703728 0.995569
vt 0.702826 0.999558
vt 0.711474 0.125000
vt 0.711633 0.437500
vt 0.726188 0.998433
vt 0.726011 1.000000
vt 0.706478 1.000000
vt 0.812483 0.312500
vt 0.882813 0.062500
vt 0.991899 0.346645
vt 0.961790 0.375000
vt 0.999643 0.433500
vt 0.999740 0.437846
vt 1.000000 0.441029
vt 0.000000 0.130063
vt 0.000282 0.124649
vt 0.019511 0.287624
vt 0.015632 0.270920
vt 0.022905 0.625000
vt 0.000193 0.626050
vt 0.000237 0.625000
vt 0.000000 0.622179
vt 0.000152 0.122400
vt 0.000000 0.346645
vt 0.046875 0.472185
vt 0.052756 0.609549
vt 0.019553 0.289715
vt 0.019541 0.290489
vt 0.018148 0.293056
vt 0.019430 0.293621
vt 0.089745 0.657633
vt 0.056072 0.937500
vt 0.125010 0.625000
vt 0.132646 0.969518
vt 0.132643 0.970698
vt 0.101950 0.000000
vt 0.169923 0.625000
vt 0.210085 0.625000
vt 0.165243 0.312500
vt 0.211932 0.999200
vt 0.306072 0.125000
s 1
f 642/1/642 641/2/641 712/3/712
f 655/4/655 656/5/656 653/6/653
f 654/7/654 658/8/658 655/4/655
f 658/8/658 656/5/656 655/4/655
f 657/9/657 660/10/660 654/7/654
f 658/8/658 661/11/661 656/5/656
f 663/12/663 661/11/661 658/8/658
f 662/13/662 658/8/658 660/10/660
f 665/14/665 663/12/663 662/13/662
f 678/15/678 676/16/676 673/17/673
f 683/18/683 687/19/687 684/20/684
f 688/21/688 685/22/685 684/20/684
f 686/23/686 691/24/691 683/18/683
f 690/25/690 691/24/691 686/23/686
f 692/26/692 694/27/694 685/22/685
f 695/28/695 693/29/693 690/25/690
f 697/30/697 694/27/694 692/26/692
f 700/31/700 697/30/697 696/32/696
f 701/33/701 694/27/694 697/30/697
f 699/34/699 696/32/696 698/35/698
f 701/33/701 704/36/704 694/27/694
f 703/37/703 705/38/705 699/34/699
f 706/39/706 700/31/700 699/34/699
f 707/40/707 701/33/701 700/31/700
f 709/41/709 704/36/704 701/33/701
f 702/42/702 710/43/710 703/37/703
f 712/3/712 711/44/711 710/43/710
f 654/7/654 655/4/655 652/45/652
f 652/45/652 655/4/655 653/6/653
f 660/10/660 658/8/658 654/7/654
f 658/8/658 662/13/662 663/12/663
f 664/46/664 662/13/662 660/10/660
f 664/46/664 666/47/666 662/13/662
f 662/13/662 666/47/666 665/14/665
f 673/17/673 676/16/676 674/48/674
f 684/20/684 685/22/685 682/49/682
f 687/19/687 688/21/688 684/20/684
f 691/24/691 687/19/687 683/18/683
f 688/21/688 692/26/692 685/22/685
f 690/25/690 693/29/693 691/24/691
f 695/28/695 698/35/698 693/29/693
f 699/34/699 700/31/700 696/32/696
f 700/31/700 701/33/701 697/30/697
f 703/37/703 698/35/698 695/28/695 702/42/702
f 698/35/698 703/37/703 699/34/699
f 700/31/700 706/39/706 707/40/707
f 705/38/705 706/39/706 699/34/699
f 706/39/706 708/50/708 707/40/707
f 707/40/707 709/41/709 701/33/701
f 708/50/708 709/41/709 707/40/707
f 713/51/713 718/52/718 719/53/719 714/54/714 715/55/715 716/56/716 717/57/717
f 724/58/724 728/59/728 729/60/729 725/61/725 726/62/726 727/63/727
f 734/64/734 739/65/739 740/66/740 735/67/735 736/68/736 737/69/737 738/70/738
f 761/71/761 766/72/766 767/73/767 762/74/762 763/75/763 764/76/764 765/77/765
f 768/78/768 772/79/772 773/80/773 769/81/769 770/82/770 771/83/771
f 778/84/778 783/85/783 784/86/784 779/87/779 780/88/780 781/89/781 782/90/782
f 797/91/797 800/92/800 799/93/799
f 800/92/800 801/94/801 799/95/799
f 801/94/801 798/96/798 799/95/799
f 802/97/802 805/98/805 807/99/807 806/100/806
f 805/98/805 809/101/809 810/102/810 807/99/807
f 803/103/803 808/104/808 810/102/810 809/101/809
f 808/104/808 812/105/812 813/106/813 810/102/810
f 804/107/804 811/108/811 813/106/813 812/105/812
f 811/108/811 806/100/806 807/99/807 813/106/813
f 807/99/807 810/102/810 813/106/813
f 814/109/814 819/110/819 820/111/820 815/112/815 816/113/816 817/114/817 818/115/818
f 825/116/825 832/117/832 833/118/833 826/119/826 827/120/827 828/121/828 829/122/829 830/123/830 831/124/831
f 834/125/834 838/126/838 839/127/839 835/128/835 836/129/836 837/130/837
f 840/131/840 843/132/843 842/133/842
f 843/132/843 844/134/844 842/133/842
f 844/134/844 841/135/841 842/133/842
f 853/136/853 857/137/857 858/138/858 854/139/854 855/140/855 856/141/856
f 859/142/859 863/143/863 864/144/864 860/145/860 861/146/861 862/147/862
f 877/148/877 882/149/882 883/150/883 878/151/878 879/152/879 880/153/880 881/154/881
f 884/155/884 888/156/888 890/157/890 889/158/889
f 888/156/888 892/159/892 893/160/893 890/157/890
f 885/161/885 891/162/891 893/160/893 892/159/892
f 891/162/891 895/163/895 896/164/896 893/160/893
f 886/165/886 894/166/894 896/164/896 895/163/895
f 894/166/894 898/167/898 899/168/899 896/164/896
f 887/169/887 897/170/897 899/168/899 898/167/898
f 897/170/897 889/158/889 890/157/890 899/168/899
f 890/157/890 893/160/893 896/164/896 899/168/899
f 900/171/900 903/172/903 902/173/902
f 903/172/903 904/174/904 902/175/902
f 904/174/904 901/176/901 902/175/902
f 909/177/909 912/178/912 911/179/911
f 912/178/912 913/180/913 911/179/911
f 913/180/913 910/181/910 911/179/911
f 914/182/914 918/183/918 919/184/919 915/185/915 916/186/916 917/187/917
f 920/188/920 924/189/924 926/190/926 925/191/925
f 924/189/924 928/192/928 929/193/929 926/190/926
f 921/194/921 927/195/927 929/193/929 928/192/928
f 927/195/927 931/196/931 932/197/932 929/193/929
f 922/198/922 930/199/930 932/197/932 931/196/931
f 930/199/930 934/200/934 935/201/935 932/197/932
f 923/202/923 933/203/933 935/201/935 934/200/934
f 933/203/933 925/191/925 926/190/926 935/201/935
f 926/190/926 929/193/929 932/197/932 935/201/935
f 936/204/936 939/205/939 938/206/938
f 939/205/939 940/207/940 938/208/938
f 940/207/940 937/209/937 938/208/938
f 945/210/945 950/211/950 951/212/951 946/213/946 947/214/947 948/215/948 949/216/949
f 952/217/952 956/217/956 957/218/957 953/219/953 954/220/954 955/221/955
f 958/222/958 961/223/961 960/224/960
f 961/223/961 962/225/962 960/226/960
f 962/225/962 959/227/959 960/226/960
f 963/228/963 967/229/967 968/230/968 964/231/964 965/232/965 966/233/966
f 973/234/973 977/235/977 978/236/978 974/237/974 975/238/975 976/239/976
f 979/240/979 984/241/984 985/242/985 980/243/980 981/244/981 982/245/982 983/246/983
f 986/247/986 990/248/990 991/249/991 987/250/987 988/251/988 989/252/989
f 992/253/992 999/254/999 1000/255/1000 993/256/993 994/257/994 995/258/995 996/259/996 997/260/997 998/261/998
f 1001/262/1001 1006/263/1006 1007/264/1007 1002/265/1002 1003/266/1003 1004/267/1004 1005/268/1005
f 1012/269/1012 1015/270/1015 1017/271/1017 1016/272/1016
f 1015/270/1015 1019/273/1019 1020/274/1020 1017/271/1017
f 1013/275/1013 1018/276/1018 1020/274/1020 1019/273/1019
f 1018/276/1018 1022/277/1022 1023/278/1023 1020/274/1020
f 1014/279/1014 1021/280/1021 1023/278/1023 1022/277/1022
f 1021/280/1021 1016/272/1016 1017/271/1017 1023/278/1023
f 1017/271/1017 1020/274/1020 1023/278/1023
f 1032/281/1032 1037/282/1037 1038/283/1038 1033/284/1033 1034/285/1034 1035/286/1035 1036/287/1036
f 1043/288/1043 1047/289/1047 1048/290/1048 1044/291/1044 1045/292/1045 1046/293/1046
f 1049/294/1049 1052/295/1052 1054/296/1054 1053/297/1053
f 1052/295/1052 1056/298/1056 1057/299/1057 1054/296/1054
f 1050/300/1050 1055/301/1055 1057/299/1057 1056/298/1056
f 1055/301/1055 1059/302/1059 1060/303/1060 1057/299/1057
f 1051/304/1051 1058/305/1058 1060/303/1060 1059/302/1059
f 1058/305/1058 1053/297/1053 1054/296/1054 1060/303/1060
f 1054/296/1054 1057/299/1057 1060/303/1060
f 1061/306/1061 1065/307/1065 1066/308/1066 1062/309/1062 1063/310/1063 1064/311/1064
f 1067/312/1067 1071/313/1071 1072/314/1072 1068/315/1068 1069/316/1069 1070/317/1070
f 1073/318/1073 1078/319/1078 1079/320/1079 1074/321/1074 1075/322/1075 1076/323/1076 1077/324/1077
f 1100/325/1100 1104/326/1104 1105/327/1105 1101/328/1101 1102/329/1102 1103/330/1103
f 1106/331/1106 1111/332/1111 1112/333/1112 1107/334/1107 1108/335/1108 1109/336/1109 1110/337/1110
f 1117/338/1117 1123/339/1123 1124/340/1124 1118/341/1118 1119/342/1119 1120/343/1120 1121/344/1121 1122/345/1122
f 1149/346/1149 1155/347/1155 1156/348/1156 1150/349/1150 1151/350/1151 1152/351/1152 1153/352/1153 1154/353/1154
f 1173/354/1173 1177/355/1177 1178/356/1178 1174/357/1174 1175/358/1175 1176/359/1176
f 1191/360/1191 1195/361/1195 1196/362/1196 1192/363/1192 1193/364/1193 1194/365/1194
f 1197/366/1197 1202/367/1202 1203/368/1203 1198/369/1198 1199/370/1199 1200/371/1200 1201/372/1201
f 1204/373/1204 1208/374/1208 1209/375/1209 1205/376/1205 1206/377/1206 1207/378/1207
f 1210/379/1210 1214/380/1214 1215/381/1215 1211/382/1211 1212/383/1212 1213/384/1213
f 1216/385/1216 1220/386/1220 1221/387/1221 1217/388/1217 1218/389/1218 1219/390/1219
f 1238/391/1238 1241/392/1241 1240/393/1240
f 1241/392/1241 1242/394/1242 1240/395/1240
f 1242/394/1242 1239/396/1239 1240/395/1240
f 1255/397/1255 1259/398/1259 1260/399/1260 1256/400/1256 1257/401/1257 1258/402/1258
f 1269/403/1269 1275/404/1275 1276/405/1276 1270/406/1270 1271/407/1271 1272/408/1272 1273/409/1273 1274/410/1274
f 1289/411/1289 1294/412/1294 1295/413/1295 1290/414/1290 1291/415/1291 1292/416/1292 1293/417/1293
f 1296/418/1296 1301/419/1301 1302/420/1302 1297/421/1297 1298/422/1298 1299/423/1299 1300/424/1300
f 1315/425/1315 1321/426/1321 1322/427/1322 1316/428/1316 1317/429/1317 1318/430/1318 1319/431/1319 1320/432/1320
f 1331/433/1331 1334/434/1334 1333/435/1333
f 1334/434/1334 1335/436/1335 1333/437/1333
f 1335/436/1335 1332/438/1332 1333/437/1333
f 1336/439/1336 1340/440/1340 1341/441/1341 1337/442/1337 1338/443/1338 1339/444/1339
f 1354/445/1354 1358/446/1358 1359/447/1359 1355/448/1355 1356/449/1356 1357/450/1357
f 1372/451/1372 1375/452/1375 1377/453/1377 1376/454/1376
f 1375/452/1375 1379/455/1379 1380/456/1380 1377/453/1377
f 1373/457/1373 1378/458/1378 1380/456/1380 1379/455/1379
f 1378/458/1378 1382/459/1382 1383/460/1383 1380/456/1380
f 1374/461/1374 1381/462/1381 1383/460/1383 1382/459/1382
f 1381/462/1381 1376/454/1376 1377/453/1377 1383/460/1383
f 1377/453/1377 1380/456/1380 1383/460/1383
f 1384/463/1384 1390/464/1390 1391/465/1391 1385/466/1385 1386/467/1386 1387/468/1387 1388/469/1388 1389/470/1389
f 1400/471/1400 1403/472/1403 1405/473/1405 1404/474/1404
f 1403/472/1403 1407/475/1407 1408/476/1408 1405/473/1405
f 1401/477/1401 1406/478/1406 1408/479/1408 1407/480/1407
f 1406/478/1406 1410/481/1410 1411/482/1411 1408/479/1408
f 1402/483/1402 1409/484/1409 1411/482/1411 1410/485/1410
f 1409/484/1409 1404/474/1404 1405/473/1405 1411/482/1411
f 1405/473/1405 1408/476/1408 1411/482/1411
f 1412/486/1412 1417/487/1417 1418/488/1418 1413/489/1413 1414/490/1414 1415/491/1415 1416/492/1416
f 1419/493/1419 1423/494/1423 1424/495/1424 1420/496/1420 1421/497/1421 1422/498/1422
f 1425/499/1425 1428/500/1428 1427/501/1427
f 1428/500/1428 1429/502/1429 1427/503/1427
f 1429/502/1429 1426/504/1426 1427/503/1427
f 1442/505/1442 1446/506/1446 1447/507/1447 1443/508/1443 1444/509/1444 1445/510/1445
f 1448/511/1448 1453/512/1453 1454/513/1454 1449/514/1449 1450/515/1450 1451/516/1451 1452/517/1452
f 1459/518/1459 1463/519/1463 1464/520/1464 1460/521/1460 1461/522/1461 1462/523/1462
f 1469/524/1469 1475/525/1475 1476/526/1476 1470/527/1470 1471/528/1471 1472/528/1472 1473/528/1473 1474/528/1474
f 1477/529/1477 1482/530/1482 1483/531/1483 1478/532/1478 1479/533/1479 1480/534/1480 1481/535/1481
f 1484/536/1484 1487/537/1487 1489/538/1489 1488/539/1488
f 1487/537/1487 1491/540/1491 1492/541/1492 1489/538/1489
f 1485/542/1485 1490/543/1490 1492/541/1492 1491/540/1491
f 1490/543/1490 1494/544/1494 1495/545/1495 1492/541/1492
f 1486/546/1486 1493/547/1493 1495/545/1495 1494/544/1494
f 1493/547/1493 1488/539/1488 1489/538/1489 1495/545/1495
f 1489/538/1489 1492/541/1492 1495/545/1495
f 1508/548/1508 1512/549/1512 1513/550/1513 1509/551/1509 1510/552/1510 1511/553/1511
f 1530/554/1530 1533/555/1533 1532/556/1532
f 1533/555/1533 1534/557/1534 1532/556/1532
f 1534/557/1534 1531/558/1531 1532/556/1532
f 1535/559/1535 1539/560/1539 1541/561/1541 1540/562/1540
f 1539/560/1539 1543/563/1543 1544/564/1544 1541/561/1541
f 1536/565/1536 1542/566/1542 1544/564/1544 1543/563/1543
f 1542/566/1542 1546/567/1546 1547/568/1547 1544/564/1544
f 1537/569/1537 1545/570/1545 1547/568/1547 1546/567/1546
f 1545/570/1545 1549/571/1549 1550/572/1550 1547/568/1547
f 1538/573/1538 1548/574/1548 1550/572/1550 1549/571/1549
f 1548/574/1548 1540/562/1540 1541/561/1541 1550/572/1550
f 1541/561/1541 1544/564/1544 1547/568/1547 1550/572/1550
f 1555/575/1555 1559/576/1559 1560/577/1560 1556/578/1556 1557/579/1557 1558/580/1558
f 1561/581/1561 1564/581/1564 1563/582/1563
f 1564/581/1564 1565/583/1565 1563/584/1563
f 1565/583/1565 1562/585/1562 1563/584/1563
f 1578/586/1578 1581/587/1581 1583/588/1583 1582/589/1582
f 1581/587/1581 1585/590/1585 1586/591/1586 1583/588/1583
f 1579/592/1579 1584/593/1584 1586/591/1586 1585/590/1585
f 1584/593/1584 1588/594/1588 1589/595/1589 1586/591/1586
f 1580/596/1580 1587/597/1587 1589/595/1589 1588/594/1588
f 1587/597/1587 1582/589/1582 1583/588/1583 1589/595/1589
f 1583/588/1583 1586/591/1586 1589/595/1589
f 1598/598/1598 1602/599/1602 1603/600/1603 1599/601/1599 1600/602/1600 1601/603/1601
f 1604/604/1604 1608/605/1608 1609/606/1609 1605/607/1605 1606/608/1606 1607/609/1607
f 1610/610/1610 1614/611/1614 1615/612/1615 1611/613/1611 1612/614/1612 1613/615/1613
f 1616/616/1616 1619/617/1619 1618/618/1618
f 1619/617/1619 1620/619/1620 1618/620/1618
f 1620/619/1620 1617/621/1617 1618/620/1618
f 1633/622/1633 1636/623/1636 1635/624/1635
f 1636/623/1636 1637/625/1637 1635/626/1635
f 1637/625/1637 1634/627/1634 1635/626/1635
f 1658/628/1658 1661/629/1661 1663/630/1663 1662/631/1662
f 1661/629/1661 1665/632/1665 1666/633/1666 1663/630/1663
f 1659/634/1659 1664/635/1664 1666/633/1666 1665/632/1665
f 1664/635/1664 1668/636/1668 1669/637/1669 1666/633/1666
f 1660/638/1660 1667/639/1667 1669/637/1669 1668/636/1668
f 1667/639/1667 1662/631/1662 1663/630/1663 1669/637/1669
f 1663/630/1663 1666/633/1666 1669/637/1669
f 1674/640/1674 1679/641/1679 1680/642/1680 1675/643/1675 1676/644/1676 1677/645/1677 1678/646/1678
f 1705/647/1705 1709/648/1709 1710/649/1710 1706/650/1706 1707/651/1707 1708/652/1708
f 1711/653/1711 1714/654/1714 1716/655/1716 1715/656/1715
f 1714/654/1714 1718/657/1718 1719/658/1719 1716/655/1716
f 1712/659/1712 1717/660/1717 1719/658/1719 1718/657/1718
f 1717/660/1717 1721/661/1721 1722/662/1722 1719/658/1719
f 1713/663/1713 1720/664/1720 1722/662/1722 1721/661/1721
f 1720/664/1720 1715/656/1715 1716/655/1716 1722/662/1722
f 1716/655/1716 1719/658/1719 1722/662/1722
f 1735/665/1735 1740/666/1740 1741/667/1741 1736/668/1736 1737/669/1737 1738/670/1738 1739/671/1739
f 1742/672/1742 1746/673/1746 1747/674/1747 1743/675/1743 1744/676/1744 1745/677/1745
f 1764/678/1764 1768/679/1768 1769/680/1769 1765/681/1765 1766/682/1766 1767/683/1767
f 1770/684/1770 1775/685/1775 1776/686/1776 1771/687/1771 1772/688/1772 1773/689/1773 1774/690/1774
f 1777/691/1777 1781/692/1781 1782/693/1782 1778/694/1778 1779/695/1779 1780/696/1780
f 1791/697/1791 1796/698/1796 1797/699/1797 1792/700/1792 1793/701/1793 1794/702/1794 1795/703/1795
f 1802/704/1802 1806/705/1806 1807/706/1807 1803/707/1803 1804/708/1804 1805/709/1805
f 1812/710/1812 1815/711/1815 1814/712/1814
f 1815/711/1815 1816/713/1816 1814/714/1814
f 1816/713/1816 1813/715/1813 1814/714/1814
f 1817/716/1817 1821/717/1821 1822/718/1822 1818/719/1818 1819/720/1819 1820/721/1820
f 1831/722/1831 1836/723/1836 1837/724/1837 1832/725/1832 1833/726/1833 1834/727/1834 1835/728/1835
f 1838/729/1838 1843/730/1843 1844/731/1844 1839/732/1839 1840/733/1840 1841/734/1841 1842/735/1842
f 1869/736/1869 1874/737/1874 1875/738/1875 1870/739/1870 1871/740/1871 1872/741/1872 1873/742/1873
f 1876/743/1876 1880/744/1880 1881/745/1881 1877/746/1877 1878/747/1878 1879/748/1879
f 1898/749/1898 1902/750/1902 1903/751/1903 1899/752/1899 1900/753/1900 1901/754/1901
f 1920/755/1920 1925/756/1925 1926/757/1926 1921/758/1921 1922/759/1922 1923/760/1923 1924/761/1924
f 1927/762/1927 1932/763/1932 1933/764/1933 1928/765/1928 1929/766/1929 1930/767/1930 1931/768/1931
f 1934/769/1934 1939/770/1939 1940/771/1940 1935/772/1935 1936/773/1936 1937/774/1937 1938/775/1938
f 1949/776/1949 1955/777/1955 1956/778/1956 1950/779/1950 1951/780/1951 1952/781/1952 1953/782/1953 1954/783/1954
f 1957/784/1957 1962/785/1962 1963/786/1963 1958/787/1958 1959/788/1959 1960/789/1960 1961/790/1961
f 1964/791/1964 1969/792/1969 1970/793/1970 1965/794/1965 1966/795/1966 1967/796/1967 1968/797/1968
f 1971/798/1971 1975/799/1975 1976/800/1976 1972/801/1972 1973/802/1973 1974/803/1974
f 1977/804/1977 1981/805/1981 1982/806/1982 1978/807/1978 1979/808/1979 1980/809/1980
f 713/51/713 720/810/720 722/811/722 718/52/718
f 718/52/718 722/811/722 723/812/723 719/53/719
f 719/53/719 723/812/723 721/813/721 714/54/714
f 746/814/746 774/815/774 776/816/776 748/817/748
f 748/818/748 776/819/776 777/820/777 747/821/747
f 747/821/747 777/820/777 775/822/775 745/823/745
f 778/84/778 798/824/798 801/825/801 783/85/783
f 783/85/783 801/825/801 800/826/800 784/86/784
f 784/86/784 800/826/800 797/91/797 779/87/779
f 774/815/774 821/827/821 823/828/823 776/816/776
f 776/819/776 823/829/823 824/830/824 777/820/777
f 777/820/777 824/830/824 822/831/822 775/822/775
f 853/136/853 878/151/878 883/150/883 857/137/857
f 857/137/857 883/150/883 882/149/882 858/138/858
f 858/138/858 882/149/882 877/148/877 854/139/854
f 846/832/846 905/833/905 907/834/907 848/835/848
f 848/836/848 907/837/907 908/838/908 847/839/847
f 847/839/847 908/838/908 906/840/906 845/841/845
f 905/833/905 953/219/953 957/218/957 907/834/907
f 907/837/907 957/842/957 956/843/956 908/838/908
f 908/838/908 956/843/956 952/844/952 906/840/906
f 1001/262/1001 1039/845/1039 1041/846/1041 1006/263/1006
f 1006/263/1006 1041/846/1041 1042/847/1042 1007/264/1007
f 1007/264/1007 1042/847/1042 1040/848/1040 1002/265/1002
f 1039/845/1039 1080/849/1080 1082/850/1082 1041/846/1041
f 1041/846/1041 1082/850/1082 1083/851/1083 1042/847/1042
f 1042/847/1042 1083/851/1083 1081/852/1081 1040/848/1040
f 1100/853/1100 1141/854/1141 1143/855/1143 1104/856/1104
f 1104/326/1104 1143/857/1143 1144/858/1144 1105/327/1105
f 1105/327/1105 1144/858/1144 1142/859/1142 1101/328/1101
f 1117/338/1117 1161/860/1161 1163/861/1163 1123/339/1123
f 1123/339/1123 1163/861/1163 1164/862/1164 1124/340/1124
f 1124/340/1124 1164/862/1164 1162/863/1162 1118/341/1118
f 1161/860/1161 1211/382/1211 1215/381/1215 1163/861/1163
f 1163/861/1163 1215/381/1215 1214/380/1214 1164/862/1164
f 1164/862/1164 1214/380/1214 1210/379/1210 1162/863/1162
f 1180/864/1180 1226/865/1226 1228/866/1228 1182/867/1182
f 1182/868/1182 1228/869/1228 1229/870/1229 1181/871/1181
f 1181/871/1181 1229/870/1229 1227/872/1227 1179/873/1179
f 1226/865/1226 1247/874/1247 1249/875/1249 1228/866/1228
f 1228/869/1228 1249/876/1249 1250/877/1250 1229/870/1229
f 1229/870/1229 1250/877/1250 1248/878/1248 1227/872/1227
f 1247/874/1247 1277/879/1277 1279/880/1279 1249/875/1249
f 1249/876/1249 1279/881/1279 1280/882/1280 1250/877/1250
f 1250/877/1250 1280/882/1280 1278/883/1278 1248/878/1248
f 1277/879/1277 1303/884/1303 1305/885/1305 1279/880/1279
f 1279/881/1279 1305/886/1305 1306/887/1306 1280/882/1280
f 1280/882/1280 1306/887/1306 1304/888/1304 1278/883/1278
f 1354/445/1354 1385/466/1385 1391/465/1391 1358/446/1358
f 1358/446/1358 1391/465/1391 1390/464/1390 1359/447/1359
f 1359/447/1359 1390/464/1390 1384/463/1384 1355/448/1355
f 1347/889/1347 1396/890/1396 1398/891/1398 1349/892/1349
f 1349/893/1349 1398/894/1398 1399/895/1399 1348/896/1348
f 1348/896/1348 1399/895/1399 1397/897/1397 1346/898/1346
f 1396/890/1396 1438/899/1438 1440/900/1440 1398/891/1398
f 1398/894/1398 1440/901/1440 1441/902/1441 1399/895/1399
f 1399/895/1399 1441/902/1441 1439/903/1439 1397/897/1397
f 1425/904/1425 1449/514/1449 1454/513/1454 1428/905/1428
f 1428/905/1428 1454/513/1454 1453/512/1453 1429/906/1429
f 1429/906/1429 1453/512/1453 1448/511/1448 1426/907/1426
f 1438/908/1438 1500/909/1500 1502/910/1502 1440/911/1440
f 1440/912/1440 1502/913/1502 1503/914/1503 1441/915/1441
f 1441/915/1441 1503/914/1503 1501/916/1501 1439/917/1439
f 1500/909/1500 1518/918/1518 1520/919/1520 1502/910/1502
f 1502/913/1502 1520/920/1520 1521/921/1521 1503/914/1503
f 1503/914/1503 1521/921/1521 1519/922/1519 1501/916/1501
f 1508/548/1508 1551/923/1551 1553/924/1553 1512/549/1512
f 1512/549/1512 1553/924/1553 1554/925/1554 1513/550/1513
f 1513/550/1513 1554/925/1554 1552/926/1552 1509/551/1509
f 1518/918/1518 1562/927/1562 1565/581/1565 1520/919/1520
f 1520/920/1520 1565/928/1565 1564/929/1564 1521/921/1521
f 1521/921/1521 1564/929/1564 1561/930/1561 1519/922/1519
f 1551/923/1551 1594/931/1594 1596/932/1596 1553/924/1553
f 1553/924/1553 1596/932/1596 1597/933/1597 1554/925/1554
f 1554/925/1554 1597/933/1597 1595/934/1595 1552/926/1552
f 1594/931/1594 1625/935/1625 1627/936/1627 1596/932/1596
f 1596/932/1596 1627/936/1627 1628/937/1628 1597/933/1597
f 1597/933/1597 1628/937/1628 1626/938/1626 1595/934/1595
f 1625/935/1625 1650/939/1650 1652/940/1652 1627/936/1627
f 1627/936/1627 1652/940/1652 1653/941/1653 1628/937/1628
f 1628/937/1628 1653/941/1653 1651/942/1651 1626/938/1626
f 1650/939/1650 1693/943/1693 1695/944/1695 1652/940/1652
f 1652/940/1652 1695/944/1695 1696/945/1696 1653/941/1653
f 1653/941/1653 1696/945/1696 1694/946/1694 1651/942/1651
f 1693/943/1693 1736/668/1736 1741/667/1741 1695/944/1695
f 1695/944/1695 1741/667/1741 1740/666/1740 1696/945/1696
f 1696/945/1696 1740/666/1740 1735/665/1735 1694/946/1694
f 1705/947/1705 1748/948/1748 1750/949/1750 1709/950/1709
f 1709/648/1709 1750/951/1750 1751/952/1751 1710/649/1710
f 1710/649/1710 1751/952/1751 1749/953/1749 1706/650/1706
f 1748/948/1748 1783/954/1783 1785/955/1785 1750/949/1750
f 1750/951/1750 1785/956/1785 1786/957/1786 1751/952/1751
f 1751/952/1751 1786/957/1786 1784/958/1784 1749/953/1749
f 1783/954/1783 1808/959/1808 1810/960/1810 1785/955/1785
f 1785/956/1785 1810/961/1810 1811/962/1811 1786/957/1786
f 1786/957/1786 1811/962/1811 1809/963/1809 1784/958/1784
f 1812/710/1812 1832/725/1832 1837/724/1837 1815/964/1815
f 1815/964/1815 1837/724/1837 1836/723/1836 1816/965/1816
f 1816/965/1816 1836/723/1836 1831/722/1831 1813/966/1813
f 1828/967/1828 1857/968/1857 1859/969/1859 1830/970/1830
f 1830/971/1830 1859/972/1859 1860/973/1860 1829/974/1829
f 1829/974/1829 1860/973/1860 1858/975/1858 1827/976/1827
f 1857/968/1857 1882/977/1882 1884/978/1884 1859/969/1859
f 1859/972/1859 1884/979/1884 1885/980/1885 1860/973/1860
f 1860/973/1860 1885/980/1885 1883/981/1883 1858/975/1858
f 1891/982/1891 1908/983/1908 1910/984/1910 1893/985/1893
f 1893/986/1893 1910/987/1910 1911/988/1911 1892/989/1892
f 1892/989/1892 1911/988/1911 1909/990/1909 1890/991/1890
f 1908/983/1908 1941/992/1941 1943/993/1943 1910/984/1910
f 1910/987/1910 1943/994/1943 1944/995/1944 1911/988/1911
f 1911/988/1911 1944/995/1944 1942/996/1942 1909/990/1909
f 1920/755/1920 1950/779/1950 1956/778/1956 1925/756/1925
f 1925/756/1925 1956/778/1956 1955/777/1955 1926/757/1926
f 1926/757/1926 1955/777/1955 1949/776/1949 1921/758/1921
f 1941/992/1941 746/814/746 748/817/748 1943/993/1943
f 1943/994/1943 748/818/748 747/821/747 1944/995/1944
f 1944/995/1944 747/821/747 745/823/745 1942/996/1942
f 750/997/750 789/998/789 791/999/791 752/1000/752
f 752/1000/752 791/999/791 792/1001/792 751/1002/751
f 751/1002/751 792/1001/792 790/1003/790 749/1004/749
f 1009/1005/1009 1068/315/1068 1072/314/1072 1011/1006/1011
f 1011/1006/1011 1072/314/1072 1071/313/1071 1010/1007/1010
f 1010/1007/1010 1071/313/1071 1067/312/1067 1008/1008/1008
f 1106/331/1106 1129/1009/1129 1131/1010/1131 1111/332/1111
f 1111/332/1111 1131/1010/1131 1132/1011/1132 1112/333/1112
f 1112/333/1112 1132/1011/1132 1130/1012/1130 1107/334/1107
f 1134/1013/1134 1165/1014/1165 1167/1015/1167 1136/1016/1136
f 1136/1016/1136 1167/1015/1167 1168/1017/1168 1135/1018/1135
f 1135/1018/1135 1168/1017/1168 1166/1019/1166 1133/1020/1133
f 1165/1014/1165 1217/388/1217 1221/387/1221 1167/1015/1167
f 1167/1015/1167 1221/387/1221 1220/386/1220 1168/1017/1168
f 1168/1017/1168 1220/386/1220 1216/385/1216 1166/1019/1166
f 1308/1021/1308 1347/1022/1347 1349/893/1349 1310/1023/1310
f 1310/1023/1310 1349/893/1349 1348/896/1348 1309/1024/1309
f 1309/1024/1309 1348/896/1348 1346/898/1346 1307/1025/1307
f 1361/1026/1361 1413/489/1413 1418/488/1418 1363/1027/1363
f 1363/1027/1363 1418/488/1418 1417/487/1417 1362/1028/1362
f 1362/1028/1362 1417/487/1417 1412/486/1412 1360/1029/1360
f 1459/518/1459 1504/1030/1504 1506/1031/1506 1463/519/1463
f 1463/519/1463 1506/1031/1506 1507/1032/1507 1464/520/1464
f 1464/520/1464 1507/1032/1507 1505/1033/1505 1460/521/1460
f 1504/1030/1504 1522/1034/1522 1524/1035/1524 1506/1031/1506
f 1506/1031/1506 1524/1035/1524 1525/1036/1525 1507/1032/1507
f 1507/1032/1507 1525/1036/1525 1523/1037/1523 1505/1033/1505
f 1522/1034/1522 1566/1038/1566 1568/1039/1568 1524/1035/1524
f 1524/1035/1524 1568/1039/1568 1569/1040/1569 1525/1036/1525
f 1525/1036/1525 1569/1040/1569 1567/1041/1567 1523/1037/1523
f 1616/616/1616 1646/1042/1646 1648/1043/1648 1619/1044/1619
f 1619/1044/1619 1648/1043/1648 1649/1045/1649 1620/1046/1620
f 1620/1046/1620 1649/1045/1649 1647/1047/1647 1617/1048/1617
f 1646/1042/1646 1690/1049/1690 1692/1050/1692 1648/1043/1648
f 1648/1043/1648 1692/1050/1692 1691/1051/1691 1649/1045/1649
f 1649/1045/1649 1691/1051/1691 1689/1052/1689 1647/1047/1647
f 1690/1049/1690 1658/628/1658 1662/631/1662 1692/1050/1692
f 1692/1050/1692 1662/631/1662 1667/639/1667 1691/1051/1691
f 1691/1051/1691 1667/639/1667 1660/638/1660 1689/1052/1689
f 1713/663/1713 1765/681/1765 1769/680/1769 1720/664/1720
f 1720/664/1720 1769/680/1769 1768/679/1768 1715/656/1715
f 1715/656/1715 1768/679/1768 1764/678/1764 1711/653/1711
f 1788/1053/1788 1828/1054/1828 1830/971/1830 1790/1055/1790
f 1790/1055/1790 1830/971/1830 1829/974/1829 1789/1056/1789
f 1789/1056/1789 1829/974/1829 1827/976/1827 1787/1057/1787
f 1957/784/1957 721/813/721 723/812/723 1962/785/1962
f 1962/785/1962 723/812/723 722/811/722 1963/786/1963
f 1963/786/1963 722/811/722 720/810/720 1958/787/1958
f 786/1058/786 841/1059/841 844/1060/844 788/1061/788
f 788/1061/788 844/1060/844 843/1062/843 787/1063/787
f 787/1063/787 843/1062/843 840/131/840 785/1064/785
f 859/142/859 915/185/915 919/184/919 863/143/863
f 863/143/863 919/184/919 918/183/918 864/144/864
f 864/144/864 918/183/918 914/182/914 860/145/860
f 870/1065/870 937/1066/937 940/1067/940 872/1068/872
f 872/1068/872 940/1067/940 939/1069/939 871/1070/871
f 871/1070/871 939/1069/939 936/204/936 869/1071/869
f 979/240/979 1009/1005/1009 1011/1006/1011 984/241/984
f 984/241/984 1011/1006/1011 1010/1007/1010 985/242/985
f 985/242/985 1010/1007/1010 1008/1008/1008 980/243/980
f 1114/1072/1114 1145/1073/1145 1147/1074/1147 1116/1075/1116
f 1116/1075/1116 1147/1074/1147 1148/1076/1148 1115/1077/1115
f 1115/1077/1115 1148/1076/1148 1146/1078/1146 1113/1079/1113
f 1145/1073/1145 1192/363/1192 1196/362/1196 1147/1074/1147
f 1147/1074/1147 1196/362/1196 1195/361/1195 1148/1076/1148
f 1148/1076/1148 1195/361/1195 1191/360/1191 1146/1078/1146
f 1235/1080/1235 1251/1081/1251 1253/1082/1253 1237/1083/1237
f 1237/1083/1237 1253/1082/1253 1254/1084/1254 1236/1085/1236
f 1236/1085/1236 1254/1084/1254 1252/1086/1252 1234/1087/1234
f 1289/411/1289 1308/1021/1308 1310/1023/1310 1294/412/1294
f 1294/412/1294 1310/1023/1310 1309/1024/1309 1295/413/1295
f 1295/413/1295 1309/1024/1309 1307/1025/1307 1290/414/1290
f 1331/433/1331 1372/451/1372 1376/454/1376 1334/434/1334
f 1334/434/1334 1376/454/1376 1381/462/1381 1335/1088/1335
f 1335/1088/1335 1381/462/1381 1374/461/1374 1332/1089/1332
f 1372/451/1372 1420/496/1420 1424/495/1424 1375/452/1375
f 1375/452/1375 1424/495/1424 1423/494/1423 1379/455/1379
f 1379/455/1379 1423/494/1423 1419/493/1419 1373/457/1373
f 1566/1038/1566 1621/1090/1621 1623/1091/1623 1568/1039/1568
f 1568/1039/1568 1623/1091/1623 1624/1092/1624 1569/1040/1569
f 1569/1040/1569 1624/1092/1624 1622/1093/1622 1567/1041/1567
f 1621/1090/1621 1660/638/1660 1668/636/1668 1623/1091/1623
f 1623/1091/1623 1668/636/1668 1664/635/1664 1624/1092/1624
f 1624/1092/1624 1664/635/1664 1659/634/1659 1622/1093/1622
f 1658/628/1658 1713/663/1713 1721/661/1721 1661/629/1661
f 1661/629/1661 1721/661/1721 1717/660/1717 1665/632/1665
f 1665/632/1665 1717/660/1717 1712/659/1712 1659/634/1659
f 1753/1094/1753 1788/1053/1788 1790/1055/1790 1755/1095/1755
f 1755/1095/1755 1790/1055/1790 1789/1056/1789 1754/1096/1754
f 1754/1096/1754 1789/1056/1789 1787/1057/1787 1752/1097/1752
f 1850/1098/1850 1861/1099/1861 1863/1100/1863 1852/1101/1852
f 1852/1101/1852 1863/1100/1863 1864/1102/1864 1851/1103/1851
f 1851/1103/1851 1864/1102/1864 1862/1104/1862 1849/1105/1849
f 1895/1106/1895 1912/1107/1912 1914/1108/1914 1897/1109/1897
f 1897/1109/1897 1914/1108/1914 1915/1110/1915 1896/1111/1896
f 1896/1111/1896 1915/1110/1915 1913/1112/1913 1894/1113/1894
f 1912/1107/1912 1945/1114/1945 1947/1115/1947 1914/1108/1914
f 1914/1108/1914 1947/1115/1947 1948/1116/1948 1915/1110/1915
f 1915/1110/1915 1948/1116/1948 1946/1117/1946 1913/1112/1913
f 749/1004/749 1978/807/1978 1982/806/1982 751/1002/751
f 751/1002/751 1982/806/1982 1981/805/1981 752/1000/752
f 752/1000/752 1981/805/1981 1977/804/1977 750/997/750
f 754/1118/754 793/1119/793 795/1120/795 756/1121/756
f 756/1121/756 795/1120/795 796/1122/796 755/1123/755
f 755/1123/755 796/1122/796 794/1124/794 753/1125/753
f 793/1119/793 849/1126/849 851/1127/851 795/1120/795
f 795/1120/795 851/1127/851 852/1128/852 796/1122/796
f 796/1122/796 852/1128/852 850/1129/850 794/1124/794
f 849/1126/849 941/1130/941 943/1131/943 851/1127/851
f 851/1127/851 943/1131/943 944/1132/944 852/1128/852
f 852/1128/852 944/1132/944 942/1133/942 850/1129/850
f 986/247/986 1028/1134/1028 1030/1135/1030 990/248/990
f 990/248/990 1030/1135/1030 1031/1136/1031 991/249/991
f 991/249/991 1031/1136/1031 1029/1137/1029 987/250/987
f 963/228/963 1044/291/1044 1048/290/1048 967/229/967
f 967/229/967 1048/290/1048 1047/289/1047 968/230/968
f 968/230/968 1047/289/1047 1043/288/1043 964/231/964
f 1028/1134/1028 1114/1072/1114 1116/1075/1116 1030/1135/1030
f 1030/1135/1030 1116/1075/1116 1115/1077/1115 1031/1136/1031
f 1031/1136/1031 1115/1077/1115 1113/1079/1113 1029/1137/1029
f 1149/346/1149 1235/1080/1235 1237/1083/1237 1155/347/1155
f 1155/347/1155 1237/1083/1237 1236/1085/1236 1156/348/1156
f 1156/348/1156 1236/1085/1236 1234/1087/1234 1150/349/1150
f 1251/1081/1251 1281/1138/1281 1283/1139/1283 1253/1082/1253
f 1253/1082/1253 1283/1139/1283 1284/1140/1284 1254/1084/1254
f 1254/1084/1254 1284/1140/1284 1282/1141/1282 1252/1086/1252
f 1281/1138/1281 1311/1142/1311 1313/1143/1313 1283/1139/1283
f 1283/1139/1283 1313/1143/1313 1314/1144/1314 1284/1140/1284
f 1284/1140/1284 1314/1144/1314 1312/1145/1312 1282/1141/1282
f 1315/425/1315 1364/1146/1364 1366/1147/1366 1321/426/1321
f 1321/426/1321 1366/1147/1366 1367/1148/1367 1322/427/1322
f 1322/427/1322 1367/1148/1367 1365/1149/1365 1316/428/1316
f 1311/1142/1311 1400/471/1400 1404/474/1404 1313/1143/1313
f 1313/1143/1313 1404/474/1404 1409/484/1409 1314/1144/1314
f 1314/1144/1314 1409/484/1409 1402/483/1402 1312/1145/1312
f 1364/1146/1364 1430/1150/1430 1432/1151/1432 1366/1147/1366
f 1366/1147/1366 1432/1151/1432 1433/1152/1433 1367/1148/1367
f 1367/1153/1367 1433/1154/1433 1431/1155/1431 1365/1156/1365
f 1401/477/1401 1465/1157/1465 1467/1158/1467 1406/478/1406
f 1406/478/1406 1467/1158/1467 1468/1159/1468 1410/481/1410
f 1410/481/1410 1468/1159/1468 1466/1160/1466 1402/1161/1402
f 1430/1162/1430 1484/536/1484 1488/539/1488 1432/1163/1432
f 1432/1163/1432 1488/539/1488 1493/547/1493 1433/1154/1433
f 1433/1154/1433 1493/547/1493 1486/546/1486 1431/1155/1431
f 1465/1157/1465 1526/1164/1526 1528/1165/1528 1467/1158/1467
f 1467/1158/1467 1528/1165/1528 1529/1166/1529 1468/1159/1468
f 1468/1159/1468 1529/1166/1529 1527/1167/1527 1466/1160/1466
f 1526/1164/1526 1570/1168/1570 1572/1169/1572 1528/1165/1528
f 1528/1165/1528 1572/1169/1572 1573/1170/1573 1529/1166/1529
f 1529/1166/1529 1573/1170/1573 1571/1171/1571 1527/1167/1527
f 1570/1168/1570 1634/1172/1634 1637/1173/1637 1572/1169/1572
f 1572/1169/1572 1637/1173/1637 1636/1174/1636 1573/1170/1573
f 1573/1170/1573 1636/1174/1636 1633/622/1633 1571/1171/1571
f 1671/1175/1671 1753/1094/1753 1755/1095/1755 1673/1176/1673
f 1673/1176/1673 1755/1095/1755 1754/1096/1754 1672/1177/1672
f 1672/1177/1672 1754/1096/1754 1752/1097/1752 1670/1178/1670
f 1791/697/1791 1850/1098/1850 1852/1101/1852 1796/698/1796
f 1796/698/1796 1852/1101/1852 1851/1103/1851 1797/699/1797
f 1797/699/1797 1851/1103/1851 1849/1105/1849 1792/700/1792
f 1861/1099/1861 1895/1106/1895 1897/1109/1897 1863/1100/1863
f 1863/1100/1863 1897/1109/1897 1896/1111/1896 1864/1102/1864
f 1864/1102/1864 1896/1111/1896 1894/1113/1894 1862/1104/1862
f 1945/1114/1945 754/1118/754 756/1121/756 1947/1115/1947
f 1947/1115/1947 756/1121/756 755/1123/755 1948/1116/1948
f 1948/1116/1948 755/1123/755 753/1125/753 1946/1117/1946
f 731/1179/731 1965/794/1965 1970/793/1970 733/1180/733
f 733/1180/733 1970/793/1970 1969/792/1969 732/1181/732
f 732/1181/732 1969/792/1969 1964/791/1964 730/1182/730
f 730/1182/730 802/97/802 806/100/806 732/1181/732
f 732/1181/732 806/100/806 811/108/811 733/1180/733
f 733/1180/733 811/108/811 804/107/804 731/1179/731
f 758/1183/758 826/119/826 833/118/833 760/1184/760
f 760/1184/760 833/118/833 832/117/832 759/1185/759
f 759/1185/759 832/117/832 825/116/825 757/1186/757
f 803/103/803 884/155/884 889/158/889 808/104/808
f 808/104/808 889/158/889 897/170/897 812/105/812
f 812/105/812 897/170/897 887/169/887 804/107/804
f 802/97/802 921/194/921 928/192/928 805/98/805
f 805/98/805 928/192/928 924/189/924 809/101/809
f 809/101/809 924/189/924 920/188/920 803/103/803
f 922/198/922 1012/269/1012 1016/272/1016 930/199/930
f 930/199/930 1016/272/1016 1021/280/1021 934/200/934
f 934/200/934 1021/280/1021 1014/279/1014 923/202/923
f 921/194/921 1050/300/1050 1056/298/1056 927/195/927
f 927/195/927 1056/298/1056 1052/295/1052 931/196/931
f 931/196/931 1052/295/1052 1049/294/1049 922/198/922
f 1051/304/1051 1013/275/1013 1019/273/1019 1058/305/1058
f 1058/305/1058 1019/273/1019 1015/270/1015 1053/297/1053
f 1053/297/1053 1015/270/1015 1012/269/1012 1049/294/1049
f 992/253/992 1074/321/1074 1079/320/1079 999/254/999
f 999/254/999 1079/320/1079 1078/319/1078 1000/255/1000
f 1000/255/1000 1078/319/1078 1073/318/1073 993/256/993
f 1050/300/1050 1169/1187/1169 1171/1188/1171 1055/301/1055
f 1055/301/1055 1171/1188/1171 1172/1189/1172 1059/302/1059
f 1059/302/1059 1172/1189/1172 1170/1190/1170 1051/304/1051
f 1184/1191/1184 1270/406/1270 1276/405/1276 1186/1192/1186
f 1186/1192/1186 1276/405/1276 1275/404/1275 1185/1193/1185
f 1185/1193/1185 1275/404/1275 1269/403/1269 1183/1194/1183
f 1197/366/1197 1265/1195/1265 1267/1196/1267 1202/367/1202
f 1202/367/1202 1267/1196/1267 1268/1197/1268 1203/368/1203
f 1203/368/1203 1268/1197/1268 1266/1198/1266 1198/369/1198
f 1265/1195/1265 1350/1199/1350 1352/1200/1352 1267/1196/1267
f 1267/1196/1267 1352/1200/1352 1353/1201/1353 1268/1197/1268
f 1268/1197/1268 1353/1201/1353 1351/1202/1351 1266/1198/1266
f 1484/536/1484 1579/592/1579 1585/590/1585 1487/537/1487
f 1487/537/1487 1585/590/1585 1581/587/1581 1491/540/1491
f 1491/540/1491 1581/587/1581 1578/586/1578 1485/542/1485
f 1579/592/1579 1629/1203/1629 1631/1204/1631 1584/593/1584
f 1584/593/1584 1631/1204/1631 1632/1205/1632 1588/594/1588
f 1588/594/1588 1632/1205/1632 1630/1206/1630 1580/596/1580
f 1629/1203/1629 1697/1207/1697 1699/1208/1699 1631/1204/1631
f 1631/1204/1631 1699/1208/1699 1700/1209/1700 1632/1205/1632
f 1632/1205/1632 1700/1209/1700 1698/1210/1698 1630/1206/1630
f 1674/640/1674 1723/1211/1723 1725/1212/1725 1679/641/1679
f 1679/641/1679 1725/1212/1725 1726/1213/1726 1680/642/1680
f 1680/642/1680 1726/1213/1726 1724/1214/1724 1675/643/1675
f 1697/1207/1697 1798/1215/1798 1800/1216/1800 1699/1208/1699
f 1699/1208/1699 1800/1216/1800 1801/1217/1801 1700/1209/1700
f 1700/1209/1700 1801/1217/1801 1799/1218/1799 1698/1210/1698
f 1723/1211/1723 1771/687/1771 1776/686/1776 1725/1212/1725
f 1725/1212/1725 1776/686/1776 1775/685/1775 1726/1213/1726
f 1726/1213/1726 1775/685/1775 1770/684/1770 1724/1214/1724
f 1869/736/1869 1916/1219/1916 1918/1220/1918 1874/737/1874
f 1874/737/1874 1918/1220/1918 1919/1221/1919 1875/738/1875
f 1875/738/1875 1919/1221/1919 1917/1222/1917 1870/739/1870
f 757/1186/757 1917/1222/1917 1919/1221/1919 759/1185/759
f 759/1185/759 1919/1221/1919 1918/1220/1918 760/1184/760
f 760/1184/760 1918/1220/1918 1916/1219/1916 758/1183/758
f 734/64/734 762/74/762 767/73/767 739/65/739
f 739/65/739 767/73/767 766/72/766 740/66/740
f 740/66/740 766/72/766 761/71/761 735/67/735
f 814/109/814 887/169/887 898/167/898 819/110/819
f 819/110/819 898/167/898 894/166/894 820/111/820
f 820/111/820 894/166/894 886/165/886 815/112/815
f 885/161/885 969/1223/969 971/1224/971 891/162/891
f 891/162/891 971/1224/971 972/1225/972 895/163/895
f 895/163/895 972/1225/972 970/1226/970 886/165/886
f 1032/281/1032 1088/1227/1088 1090/1228/1090 1037/282/1037
f 1037/282/1037 1090/1228/1090 1091/1229/1091 1038/283/1038
f 1038/283/1038 1091/1229/1091 1089/1230/1089 1033/284/1033
f 1013/275/1013 1096/1231/1096 1098/1232/1098 1018/276/1018
f 1018/276/1018 1098/1232/1098 1099/1233/1099 1022/277/1022
f 1022/277/1022 1099/1233/1099 1097/1234/1097 1014/279/1014
f 1096/1231/1096 1137/1235/1137 1139/1236/1139 1098/1232/1098
f 1098/1232/1098 1139/1236/1139 1140/1237/1140 1099/1233/1099
f 1099/1233/1099 1140/1237/1140 1138/1238/1138 1097/1234/1097
f 1088/1227/1088 1157/1239/1157 1159/1240/1159 1090/1228/1090
f 1090/1228/1090 1159/1240/1159 1160/1241/1160 1091/1229/1091
f 1091/1229/1091 1160/1241/1160 1158/1242/1158 1089/1230/1089
f 1137/1235/1137 1222/1243/1222 1224/1244/1224 1139/1236/1139
f 1139/1236/1139 1224/1244/1224 1225/1245/1225 1140/1237/1140
f 1140/1237/1140 1225/1245/1225 1223/1246/1223 1138/1238/1138
f 1222/1243/1222 1243/1247/1243 1245/1248/1245 1224/1244/1224
f 1224/1244/1224 1245/1248/1245 1246/1249/1246 1225/1245/1225
f 1225/1245/1225 1246/1249/1246 1244/1250/1244 1223/1246/1223
f 1243/1247/1243 1285/1251/1285 1287/1252/1287 1245/1248/1245
f 1245/1248/1245 1287/1252/1287 1288/1253/1288 1246/1249/1246
f 1246/1249/1246 1288/1253/1288 1286/1254/1286 1244/1250/1244
f 1285/1251/1285 1323/1255/1323 1325/1256/1325 1287/1252/1287
f 1287/1252/1287 1325/1256/1325 1326/1257/1326 1288/1253/1288
f 1288/1253/1288 1326/1257/1326 1324/1258/1324 1286/1254/1286
f 1323/1255/1323 1368/1259/1368 1370/1260/1370 1325/1256/1325
f 1325/1256/1325 1370/1260/1370 1371/1261/1371 1326/1257/1326
f 1326/1257/1326 1371/1261/1371 1369/1262/1369 1324/1258/1324
f 1368/1263/1368 1455/1264/1455 1457/1265/1457 1370/1266/1370
f 1370/1266/1370 1457/1265/1457 1458/1267/1458 1371/1268/1371
f 1371/1268/1371 1458/1267/1458 1456/1269/1456 1369/1270/1369
f 1455/1264/1455 1535/559/1535 1540/562/1540 1457/1265/1457
f 1457/1265/1457 1540/562/1540 1548/574/1548 1458/1267/1458
f 1458/1267/1458 1548/574/1548 1538/573/1538 1456/1269/1456
f 1537/569/1537 1599/601/1599 1603/600/1603 1545/570/1545
f 1545/570/1545 1603/600/1603 1602/599/1602 1549/571/1549
f 1549/571/1549 1602/599/1602 1598/598/1598 1538/573/1538
f 1655/1271/1655 1701/1272/1701 1703/1273/1703 1657/1274/1657
f 1657/1274/1657 1703/1273/1703 1704/1275/1704 1656/1276/1656
f 1656/1276/1656 1704/1275/1704 1702/1277/1702 1654/1278/1654
f 1701/1272/1701 1743/675/1743 1747/674/1747 1703/1273/1703
f 1703/1273/1703 1747/674/1747 1746/673/1746 1704/1275/1704
f 1704/1275/1704 1746/673/1746 1742/672/1742 1702/1277/1702
f 1798/1215/1798 1823/1279/1823 1825/1280/1825 1800/1216/1800
f 1800/1216/1800 1825/1280/1825 1826/1281/1826 1801/1217/1801
f 1801/1217/1801 1826/1281/1826 1824/1282/1824 1799/1218/1799
f 1823/1279/1823 1853/1283/1853 1855/1284/1855 1825/1280/1825
f 1825/1280/1825 1855/1284/1855 1856/1285/1856 1826/1281/1826
f 1826/1281/1826 1856/1285/1856 1854/1286/1854 1824/1282/1824
f 1853/1283/1853 1877/746/1877 1881/745/1881 1855/1284/1855
f 1855/1284/1855 1881/745/1881 1880/744/1880 1856/1285/1856
f 1856/1285/1856 1880/744/1880 1876/743/1876 1854/1286/1854
f 1898/749/1898 1928/765/1928 1933/764/1933 1902/750/1902
f 1902/750/1902 1933/764/1933 1932/763/1932 1903/751/1903
f 1903/751/1903 1932/763/1932 1927/762/1927 1899/752/1899
f 742/1287/742 769/81/769 773/80/773 744/1288/744
f 744/1288/744 773/80/773 772/79/772 743/1289/743
f 743/1289/743 772/79/772 768/78/768 741/1290/741
f 866/1291/866 901/1292/901 904/1293/904 868/1294/868
f 868/1294/868 904/1293/904 903/1295/903 867/1296/867
f 867/1296/867 903/1295/903 900/171/900 865/1297/865
f 969/1223/969 1062/309/1062 1066/308/1066 971/1224/971
f 971/1224/971 1066/308/1066 1065/307/1065 972/1225/972
f 972/1225/972 1065/307/1065 1061/306/1061 970/1226/970
f 1126/1298/1126 1174/357/1174 1178/356/1178 1128/1299/1128
f 1128/1299/1128 1178/356/1178 1177/355/1177 1127/1300/1127
f 1127/1300/1127 1177/355/1177 1173/354/1173 1125/1301/1125
f 1238/391/1238 1256/400/1256 1260/399/1260 1241/1302/1241
f 1241/1302/1241 1260/399/1260 1259/398/1259 1242/1303/1242
f 1242/1303/1242 1259/398/1259 1255/397/1255 1239/1304/1239
f 1262/1305/1262 1297/421/1297 1302/420/1302 1264/1306/1264
f 1264/1306/1264 1302/420/1302 1301/419/1301 1263/1307/1263
f 1263/1307/1263 1301/419/1301 1296/418/1296 1261/1308/1261
f 1343/1309/1343 1392/1310/1392 1394/1311/1394 1345/1312/1345
f 1345/1312/1345 1394/1311/1394 1395/1313/1395 1344/1314/1344
f 1344/1314/1344 1395/1313/1395 1393/1315/1393 1342/1316/1342
f 1392/1310/1392 1434/1317/1434 1436/1318/1436 1394/1311/1394
f 1394/1311/1394 1436/1318/1436 1437/1319/1437 1395/1313/1395
f 1395/1313/1395 1437/1319/1437 1435/1320/1435 1393/1315/1393
f 1434/1321/1434 1496/1322/1496 1498/1323/1498 1436/1324/1436
f 1436/1324/1436 1498/1323/1498 1499/1325/1499 1437/1326/1437
f 1437/1326/1437 1499/1325/1499 1497/1327/1497 1435/1328/1435
f 1496/1322/1496 1514/1329/1514 1516/1330/1516 1498/1323/1498
f 1498/1323/1498 1516/1330/1516 1517/1331/1517 1499/1325/1499
f 1499/1325/1499 1517/1331/1517 1515/1332/1515 1497/1327/1497
f 1514/1329/1514 1556/578/1556 1560/577/1560 1516/1330/1516
f 1516/1330/1516 1560/577/1560 1559/576/1559 1517/1331/1517
f 1517/1331/1517 1559/576/1559 1555/575/1555 1515/1332/1515
f 1591/1333/1591 1638/1334/1638 1640/1335/1640 1593/1336/1593
f 1593/1336/1593 1640/1335/1640 1641/1337/1641 1592/1338/1592
f 1592/1338/1592 1641/1337/1641 1639/1339/1639 1590/1340/1590
f 1604/604/1604 1655/1271/1655 1657/1274/1657 1608/605/1608
f 1608/605/1608 1657/1274/1657 1656/1276/1656 1609/606/1609
f 1609/606/1609 1656/1276/1656 1654/1278/1654 1605/607/1605
f 1638/1334/1638 1681/1341/1681 1683/1342/1683 1640/1335/1640
f 1640/1335/1640 1683/1342/1683 1684/1343/1684 1641/1337/1641
f 1641/1337/1641 1684/1343/1684 1682/1344/1682 1639/1339/1639
f 1681/1341/1681 1727/1345/1727 1729/1346/1729 1683/1342/1683
f 1683/1342/1683 1729/1346/1729 1730/1347/1730 1684/1343/1684
f 1684/1343/1684 1730/1347/1730 1728/1348/1728 1682/1344/1682
f 1727/1345/1727 1756/1349/1756 1758/1350/1758 1729/1346/1729
f 1729/1346/1729 1758/1350/1758 1759/1351/1759 1730/1347/1730
f 1730/1347/1730 1759/1351/1759 1757/1352/1757 1728/1348/1728
f 1732/1353/1732 1760/1354/1760 1762/1355/1762 1734/1356/1734
f 1734/1356/1734 1762/1355/1762 1763/1357/1763 1733/1358/1733
f 1733/1358/1733 1763/1357/1763 1761/1359/1761 1731/1360/1731
f 1756/1349/1756 1778/694/1778 1782/693/1782 1758/1350/1758
f 1758/1350/1758 1782/693/1782 1781/692/1781 1759/1351/1759
f 1759/1351/1759 1781/692/1781 1777/691/1777 1757/1352/1757
f 1760/1354/1760 1803/707/1803 1807/706/1807 1762/1355/1762
f 1762/1355/1762 1807/706/1807 1806/705/1806 1763/1357/1763
f 1763/1357/1763 1806/705/1806 1802/704/1802 1761/1359/1761
f 1887/1361/1887 1904/1362/1904 1906/1363/1906 1889/1364/1889
f 1889/1364/1889 1906/1363/1906 1907/1365/1907 1888/1366/1888
f 1888/1366/1888 1907/1365/1907 1905/1367/1905 1886/1368/1886
f 1904/1362/1904 1935/772/1935 1940/771/1940 1906/1363/1906
f 1906/1363/1906 1940/771/1940 1939/770/1939 1907/1365/1907
f 1907/1365/1907 1939/770/1939 1934/769/1934 1905/1367/1905
f 821/827/821 866/1291/866 868/1294/868 823/828/823
f 823/828/823 868/1294/868 867/1296/867 824/1369/824
f 824/1369/824 867/1296/867 865/1297/865 822/1370/822
f 834/125/834 873/1371/873 875/1372/875 838/126/838
f 838/126/838 875/1372/875 876/1373/876 839/127/839
f 839/127/839 876/1373/876 874/1374/874 835/128/835
f 973/234/973 1024/1375/1024 1026/1376/1026 977/235/977
f 977/235/977 1026/1376/1026 1027/1377/1027 978/236/978
f 978/236/978 1027/1377/1027 1025/1378/1025 974/237/974
f 1024/1375/1024 1084/1379/1084 1086/1380/1086 1026/1376/1026
f 1026/1376/1026 1086/1380/1086 1087/1381/1087 1027/1377/1027
f 1027/1377/1027 1087/1381/1087 1085/1382/1085 1025/1378/1025
f 1084/1379/1084 1126/1298/1126 1128/1299/1128 1086/1380/1086
f 1086/1380/1086 1128/1299/1128 1127/1300/1127 1087/1381/1087
f 1087/1381/1087 1127/1300/1127 1125/1301/1125 1085/1382/1085
f 1141/854/1141 1187/1383/1187 1189/1384/1189 1143/855/1143
f 1143/855/1143 1189/1384/1189 1190/1385/1190 1144/1386/1144
f 1144/1386/1144 1190/1385/1190 1188/1387/1188 1142/1388/1142
f 1187/1383/1187 1230/1389/1230 1232/1390/1232 1189/1384/1189
f 1189/1384/1189 1232/1390/1232 1233/1391/1233 1190/1385/1190
f 1190/1385/1190 1233/1391/1233 1231/1392/1231 1188/1387/1188
f 1230/1389/1230 1262/1305/1262 1264/1306/1264 1232/1390/1232
f 1232/1390/1232 1264/1306/1264 1263/1307/1263 1233/1391/1233
f 1233/1391/1233 1263/1307/1263 1261/1308/1261 1231/1392/1231
f 1328/1393/1328 1343/1309/1343 1345/1312/1345 1330/1394/1330
f 1330/1394/1330 1345/1312/1345 1344/1314/1344 1329/1395/1329
f 1329/1395/1329 1344/1314/1344 1342/1316/1342 1327/1396/1327
f 1530/554/1530 1574/1397/1574 1576/1398/1576 1533/555/1533
f 1533/555/1533 1576/1398/1576 1577/1399/1577 1534/1400/1534
f 1534/1400/1534 1577/1399/1577 1575/1401/1575 1531/1402/1531
f 1610/1403/1610 1642/1404/1642 1644/1405/1644 1614/1406/1614
f 1614/611/1614 1644/1407/1644 1645/1408/1645 1615/612/1615
f 1615/612/1615 1645/1408/1645 1643/1409/1643 1611/613/1611
f 1642/1404/1642 1685/1410/1685 1687/1411/1687 1644/1405/1644
f 1644/1407/1644 1687/1412/1687 1688/1413/1688 1645/1408/1645
f 1645/1408/1645 1688/1413/1688 1686/1414/1686 1643/1409/1643
f 1685/1410/1685 1732/1353/1732 1734/1356/1734 1687/1411/1687
f 1687/1411/1687 1734/1356/1734 1733/1358/1733 1688/1415/1688
f 1688/1415/1688 1733/1358/1733 1731/1360/1731 1686/1416/1686
f 1808/959/1808 1845/1417/1845 1847/1418/1847 1810/960/1810
f 1810/960/1810 1847/1418/1847 1848/1419/1848 1811/1420/1811
f 1811/1420/1811 1848/1419/1848 1846/1421/1846 1809/1422/1809
f 1845/1417/1845 1865/1423/1865 1867/1424/1867 1847/1418/1847
f 1847/1418/1847 1867/1424/1867 1868/1425/1868 1848/1419/1848
f 1848/1419/1848 1868/1425/1868 1866/1426/1866 1846/1421/1846
f 741/1290/741 1972/801/1972 1976/800/1976 743/1289/743
f 743/1289/743 1976/800/1976 1975/799/1975 744/1288/744
f 744/1288/744 1975/799/1975 1971/798/1971 742/1287/742
f 724/58/724 786/1058/786 788/1061/788 728/59/728
f 728/59/728 788/1061/788 787/1063/787 729/60/729
f 729/60/729 787/1063/787 785/1064/785 725/61/725
f 789/998/789 846/1427/846 848/836/848 791/999/791
f 791/999/791 848/836/848 847/839/847 792/1001/792
f 792/1001/792 847/839/847 845/841/845 790/1003/790
f 941/1130/941 870/1065/870 872/1068/872 943/1131/943
f 943/1131/943 872/1068/872 871/1070/871 944/1132/944
f 944/1132/944 871/1070/871 869/1071/869 942/1133/942
f 909/177/909 874/1374/874 876/1373/876 912/1428/912
f 912/1428/912 876/1373/876 875/1372/875 913/1429/913
f 913/1429/913 875/1372/875 873/1371/873 910/1430/910
f 884/155/884 920/188/920 925/191/925 888/156/888
f 888/156/888 925/191/925 933/203/933 892/159/892
f 892/159/892 933/203/933 923/202/923 885/161/885
f 958/222/958 946/213/946 951/212/951 961/1431/961
f 961/1431/961 951/212/951 950/211/950 962/1432/962
f 962/1432/962 950/211/950 945/210/945 959/1433/959
f 1093/1434/1093 1081/852/1081 1083/851/1083 1095/1435/1095
f 1095/1435/1095 1083/851/1083 1082/850/1082 1094/1436/1094
f 1094/1436/1094 1082/850/1082 1080/849/1080 1092/1437/1092
f 1092/1437/1092 1134/1013/1134 1136/1016/1136 1094/1436/1094
f 1094/1436/1094 1136/1016/1136 1135/1018/1135 1095/1435/1095
f 1095/1435/1095 1135/1018/1135 1133/1020/1133 1093/1434/1093
f 1129/1009/1129 1180/1438/1180 1182/868/1182 1131/1010/1131
f 1131/1010/1131 1182/868/1182 1181/871/1181 1132/1011/1132
f 1132/1011/1132 1181/871/1181 1179/873/1179 1130/1012/1130
f 1169/1187/1169 1184/1191/1184 1186/1192/1186 1171/1188/1171
f 1171/1188/1171 1186/1192/1186 1185/1193/1185 1172/1189/1172
f 1172/1189/1172 1185/1193/1185 1183/1194/1183 1170/1190/1170
f 1204/373/1204 1158/1242/1158 1160/1241/1160 1208/374/1208
f 1208/374/1208 1160/1241/1160 1159/1240/1159 1209/375/1209
f 1209/375/1209 1159/1240/1159 1157/1239/1157 1205/376/1205
f 1303/884/1303 1328/1393/1328 1330/1394/1330 1305/885/1305
f 1305/886/1305 1330/1439/1330 1329/1440/1329 1306/887/1306
f 1306/887/1306 1329/1440/1329 1327/1441/1327 1304/888/1304
f 1336/439/1336 1361/1026/1361 1363/1027/1363 1340/440/1340
f 1340/440/1340 1363/1027/1363 1362/1028/1362 1341/441/1341
f 1341/441/1341 1362/1028/1362 1360/1029/1360 1337/442/1337
f 1400/471/1400 1374/461/1374 1382/459/1382 1403/472/1403
f 1403/472/1403 1382/459/1382 1378/458/1378 1407/475/1407
f 1407/475/1407 1378/458/1378 1373/457/1373 1401/1442/1401
f 1350/1199/1350 1470/527/1470 1476/526/1476 1352/1200/1352
f 1352/1200/1352 1476/526/1476 1475/525/1475 1353/1201/1353
f 1353/1201/1353 1475/525/1475 1469/524/1469 1351/1202/1351
f 1442/505/1442 1478/532/1478 1483/531/1483 1446/506/1446
f 1446/506/1446 1483/531/1483 1482/530/1482 1447/507/1447
f 1447/507/1447 1482/530/1482 1477/529/1477 1443/508/1443
f 1535/559/1535 1486/546/1486 1494/544/1494 1539/560/1539
f 1539/560/1539 1494/544/1494 1490/543/1490 1543/563/1543
f 1543/563/1543 1490/543/1490 1485/542/1485 1536/565/1536
f 1536/565/1536 1578/586/1578 1582/589/1582 1542/566/1542
f 1542/566/1542 1582/589/1582 1587/597/1587 1546/567/1546
f 1546/567/1546 1587/597/1587 1580/596/1580 1537/569/1537
f 1574/1397/1574 1591/1333/1591 1593/1336/1593 1576/1398/1576
f 1576/1398/1576 1593/1336/1593 1592/1338/1592 1577/1399/1577
f 1577/1399/1577 1592/1338/1592 1590/1340/1590 1575/1401/1575
f 1670/1178/1670 1712/659/1712 1718/657/1718 1672/1177/1672
f 1672/1177/1672 1718/657/1718 1714/654/1714 1673/1176/1673
f 1673/1176/1673 1714/654/1714 1711/653/1711 1671/1175/1671
f 1838/729/1838 1818/719/1818 1822/718/1822 1843/730/1843
f 1843/730/1843 1822/718/1822 1821/717/1821 1844/731/1844
f 1844/731/1844 1821/717/1821 1817/716/1817 1839/732/1839
f 1865/1423/1865 1887/1361/1887 1889/1364/1889 1867/1424/1867
f 1867/1424/1867 1889/1364/1889 1888/1366/1888 1868/1425/1868
f 1868/1425/1868 1888/1366/1888 1886/1368/1886 1866/1426/1866
f 1882/977/1882 1891/982/1891 1893/985/1893 1884/978/1884
f 1884/979/1884 1893/986/1893 1892/989/1892 1885/980/1885
f 1885/980/1885 1892/989/1892 1890/991/1890 1883/981/1883
f 714/54/714 721/813/721 1954/783/1954 1953/782/1953
f 641/2/641 781/89/781 780/88/780 716/56/716 715/55/715
f 780/88/780 779/87/779 786/1058/786 717/57/717 716/56/716
f 641/2/641 715/55/715 714/54/714 1953/782/1953 1952/781/1952
f 786/1058/786 724/58/724 713/51/713 717/57/717
f 713/51/713 724/58/724 727/63/727 720/810/720
f 720/810/720 727/63/727 726/62/726 1958/787/1958
f 1949/776/1949 1954/783/1954 721/813/721 1957/784/1957
f 730/1182/730 725/61/725 785/1064/785 802/97/802
f 1964/791/1964 1959/788/1959 1958/787/1958 726/62/726 725/61/725 730/1182/730
f 762/74/762 734/64/734 1965/794/1965 731/1179/731
f 731/1179/731 804/107/804 763/75/763 762/74/762
f 1966/795/1966 1965/794/1965 734/64/734 738/70/738 1930/767/1930 1929/766/1929
f 738/70/738 737/69/737 1936/773/1936 1935/772/1935 1931/768/1931 1930/767/1930
f 737/69/737 736/68/736 1971/798/1971 1974/803/1974 1937/774/1937 1936/773/1936
f 761/71/761 742/1287/742 735/67/735
f 736/68/736 735/67/735 742/1287/742 1971/798/1971
f 761/71/761 765/77/765 769/81/769 742/1287/742
f 746/814/746 741/1290/741 768/78/768 774/815/774
f 741/1290/741 746/814/746 1972/801/1972
f 775/822/775 750/997/750 745/823/745
f 1973/802/1973 1972/801/1972 746/814/746 1941/992/1941
f 745/823/745 750/997/750 1977/804/1977
f 1942/996/1942 745/823/745 1977/804/1977 1980/809/1980
f 775/822/775 789/998/789 750/997/750
f 749/1004/749 790/1003/790 793/1119/793
f 749/1004/749 754/1118/754 1978/807/1978
f 749/1004/749 793/1119/793 754/1118/754
f 1946/1117/1946 753/1125/753 1916/1219/1916
f 753/1125/753 758/1183/758 1916/1219/1916
f 794/1124/794 758/1183/758 753/1125/753
f 1979/808/1979 1978/807/1978 754/1118/754 1945/1114/1945
f 757/1186/757 642/1/642 712/3/712
f 794/1124/794 826/119/826 758/1183/758
f 757/1186/757 712/3/712 1917/1222/1917
f 825/116/825 642/1/642 757/1186/757
f 765/77/765 764/76/764 818/115/818 817/114/817 770/82/770 769/81/769
f 804/107/804 814/109/814 818/115/818 764/76/764 763/75/763
f 768/78/768 771/83/771 821/827/821 774/815/774
f 817/114/817 816/113/816 821/827/821 771/83/771 770/82/770
f 822/831/822 789/998/789 775/822/775
f 786/1058/786 779/87/779 797/91/797 841/1059/841
f 642/1/642 837/130/837 836/129/836 778/84/778 782/90/782
f 778/84/778 836/129/836 835/128/835 798/824/798
f 642/1/642 782/90/782 781/89/781 641/2/641
f 802/97/802 785/1064/785 840/131/840 861/146/861 860/145/860
f 790/1003/790 849/1126/849 793/1119/793
f 846/1427/846 789/998/789 822/831/822
f 845/841/845 849/1126/849 790/1003/790
f 850/1129/850 827/120/827 826/119/826 794/1124/794
f 799/93/799 798/824/798 835/128/835 874/1374/874 853/136/853 856/141/856
f 797/91/797 799/93/799 856/141/856 855/140/855 842/133/842 841/1059/841
f 804/107/804 887/169/887 814/109/814
f 920/188/920 884/155/884 803/103/803
f 921/194/921 802/97/802 860/145/860 914/182/914
f 886/165/886 866/1291/866 815/112/815
f 816/113/816 815/112/815 866/1291/866 821/827/821
f 865/1297/865 846/832/846 822/1370/822
f 942/1133/942 949/216/949 948/215/948 829/122/829 828/121/828
f 642/1/642 825/116/825 831/124/831 834/125/834 837/130/837
f 831/124/831 830/123/830 873/1371/873 834/125/834
f 830/123/830 829/122/829 948/215/948 947/214/947 873/1371/873
f 850/1129/850 942/1133/942 828/121/828 827/120/827
f 855/140/855 854/139/854 862/147/862 861/146/861 840/131/840 842/133/842
f 845/841/845 906/840/906 870/1065/870
f 845/841/845 870/1065/870 849/1126/849
f 846/832/846 865/1297/865 900/171/900 905/833/905
f 870/1065/870 941/1130/941 849/1126/849
f 878/151/878 853/136/853 874/1374/874 909/177/909
f 877/148/877 859/142/859 862/147/862 854/139/854
f 877/148/877 881/154/881 915/185/915 859/142/859
f 886/165/886 901/1292/901 866/1291/866
f 906/840/906 937/1066/937 870/1065/870
f 936/204/936 942/1133/942 869/1071/869
f 947/214/947 946/213/946 910/1430/910 873/1371/873
f 643/1443/643 879/152/879 878/151/878 909/177/909 911/179/911
f 880/153/880 879/152/879 643/1443/643 644/1444/644
f 644/1444/644 916/186/916 915/185/915 881/154/881 880/153/880
f 645/1445/645 902/173/902 901/1292/901 886/165/886 970/1226/970
f 923/202/923 969/1223/969 885/161/885
f 905/833/905 900/171/900 902/173/902 645/1445/645 953/219/953
f 906/840/906 982/245/982 981/244/981 938/206/938 937/1066/937
f 906/840/906 952/844/952 983/246/983 982/245/982
f 643/1443/643 911/179/911 910/1430/910 946/213/946 958/222/958
f 965/232/965 964/231/964 921/194/921 914/182/914 917/187/917
f 644/1444/644 966/233/966 965/232/965 917/187/917 916/186/916
f 923/202/923 1014/279/1014 969/1223/969
f 922/198/922 1049/294/1049 1012/269/1012
f 921/194/921 964/231/964 1043/288/1043 1050/300/1050
f 942/1133/942 936/204/936 938/206/938 981/244/981 980/243/980 989/252/989 988/251/988
f 942/1133/942 997/260/997 996/259/996 945/210/945 949/216/949
f 988/251/988 987/250/987 998/261/998 997/260/997 942/1133/942
f 945/210/945 996/259/996 995/258/995 959/1433/959
f 952/844/952 955/1446/955 646/1447/646 979/240/979 983/246/983
f 645/1445/645 976/239/976 975/238/975 954/220/954 953/219/953
f 975/238/975 974/237/974 646/1448/646 955/221/955 954/220/954
f 995/258/995 994/257/994 647/1449/647 960/224/960 959/1433/959
f 647/1449/647 643/1443/643 958/222/958 960/224/960
f 644/1444/644 1003/266/1003 1002/265/1002 963/228/963 966/233/966
f 1044/291/1044 963/228/963 1002/265/1002 1040/848/1040
f 1014/279/1014 1062/309/1062 969/1223/969
f 645/1445/645 970/1226/970 973/234/973 976/239/976
f 1061/306/1061 1024/1375/1024 970/1226/970
f 970/1226/970 1024/1375/1024 973/234/973
f 974/237/974 1025/1378/1025 646/1448/646
f 646/1447/646 1009/1005/1009 979/240/979
f 980/243/980 1008/1008/1008 986/247/986 989/252/989
f 1008/1008/1008 1028/1134/1028 986/247/986
f 987/250/987 1029/1137/1029 992/253/992 998/261/998
f 1029/1137/1029 1074/321/1074 992/253/992
f 994/257/994 993/256/993 1036/287/1036 1035/286/1035 647/1449/647
f 993/256/993 1073/318/1073 1032/281/1032 1036/287/1036
f 647/1449/647 1005/268/1005 1004/267/1004 643/1443/643
f 647/1449/647 648/1450/648 1001/262/1001 1005/268/1005
f 648/1450/648 1039/845/1039 1001/262/1001
f 1004/267/1004 1003/266/1003 644/1444/644 643/1443/643
f 1025/1451/1025 1068/315/1068 1009/1005/1009
f 1025/1451/1025 1009/1005/1009 646/1447/646
f 1067/312/1067 1028/1134/1028 1008/1008/1008
f 1051/304/1051 1096/1231/1096 1013/275/1013
f 1097/1234/1097 1063/310/1063 1062/309/1062 1014/279/1014
f 1025/1378/1025 1085/1382/1085 1110/1452/1110 1109/1453/1109
f 1061/306/1061 1064/311/1064 1084/1379/1084 1024/1375/1024
f 1109/336/1109 1108/335/1108 1069/316/1069 1068/315/1068 1025/1451/1025
f 1113/1079/1113 1075/322/1075 1074/321/1074 1029/1137/1029
f 649/1454/649 1028/1134/1028 1067/312/1067 1070/317/1070
f 649/1454/649 1114/1072/1114 1028/1134/1028
f 1073/318/1073 1077/324/1077 1088/1227/1088 1032/281/1032
f 1089/1230/1089 650/1455/650 1033/284/1033
f 1034/285/1034 1033/284/1033 650/1455/650 648/1450/648
f 1035/286/1035 1034/285/1034 648/1450/648 647/1449/647
f 1080/849/1080 1039/845/1039 648/1450/648 650/1455/650
f 1081/852/1081 1045/292/1045 1044/291/1044 1040/848/1040
f 1081/852/1081 1093/1434/1093 1046/293/1046 1045/292/1045
f 1043/288/1043 1046/293/1046 1093/1434/1093 1050/300/1050
f 1050/300/1050 1093/1434/1093 1133/1020/1133 1169/1187/1169
f 1170/1190/1170 1137/1235/1137 1051/304/1051
f 1051/304/1051 1137/1235/1137 1096/1231/1096
f 1097/1234/1097 1084/1379/1084 1064/311/1064 1063/310/1063
f 1070/317/1070 1069/316/1069 1108/335/1108 1107/334/1107 649/1454/649
f 1153/352/1153 1152/351/1152 1076/323/1076 1075/322/1075 1113/1079/1113
f 1088/1227/1088 1077/324/1077 1076/323/1076 1152/351/1152 1151/350/1151 1157/1239/1157
f 1121/344/1121 1120/343/1120 1080/849/1080 650/1455/650
f 1080/849/1080 1120/343/1120 1119/342/1119 1092/1437/1092
f 1085/1382/1085 1103/1456/1103 1102/1457/1102 1106/1458/1106 1110/1452/1110
f 1125/1301/1125 1100/853/1100 1103/1456/1103 1085/1382/1085
f 1097/1234/1097 1126/1298/1126 1084/1379/1084
f 1158/1242/1158 1117/338/1117 1122/345/1122 1089/1230/1089
f 1089/1230/1089 1122/345/1122 1121/344/1121 650/1455/650
f 1119/342/1119 1118/341/1118 1134/1013/1134 1092/1437/1092
f 1138/1238/1138 1126/1298/1126 1097/1234/1097
f 1102/329/1102 1101/328/1101 1129/1009/1129 1106/331/1106
f 1142/859/1142 1129/1009/1129 1101/328/1101
f 1125/1301/1125 1141/854/1141 1100/853/1100
f 649/1454/649 1107/334/1107 1130/1012/1130 1114/1072/1114
f 1130/1012/1130 1145/1073/1145 1114/1072/1114
f 1113/1079/1113 1146/1078/1146 1154/353/1154 1153/352/1153
f 1134/1013/1134 1118/341/1118 1162/863/1162 1165/1014/1165
f 1158/1242/1158 1161/860/1161 1117/338/1117
f 1138/1238/1138 1174/357/1174 1126/1298/1126
f 1173/354/1173 1141/854/1141 1125/1301/1125
f 1180/1438/1180 1129/1009/1129 1142/859/1142
f 1179/873/1179 1145/1073/1145 1130/1012/1130
f 1133/1020/1133 1166/1019/1166 1169/1187/1169
f 1223/1246/1223 1175/358/1175 1174/357/1174 1138/1238/1138
f 1222/1243/1222 1137/1235/1137 1170/1190/1170 1183/1194/1183
f 1173/354/1173 1176/359/1176 1187/1383/1187 1141/854/1141
f 1188/1387/1188 1180/864/1180 1142/1388/1142
f 1146/1078/1146 1191/360/1191 1149/346/1149 1154/353/1154
f 1179/873/1179 1192/363/1192 1145/1073/1145
f 1191/360/1191 1194/365/1194 1235/1080/1235 1149/346/1149
f 1151/350/1151 1150/349/1150 1200/371/1200 1199/370/1199 1157/1239/1157
f 1234/1087/1234 1201/372/1201 1200/371/1200 1150/349/1150
f 1199/370/1199 1198/369/1198 651/1459/651 1157/1239/1157
f 651/1459/651 1205/376/1205 1157/1239/1157
f 1204/373/1204 1161/860/1161 1158/1242/1158
f 1165/1014/1165 1162/863/1162 1210/379/1210 1217/388/1217
f 1204/373/1204 1207/378/1207 1211/382/1211 1161/860/1161
f 1216/385/1216 1184/1191/1184 1166/1019/1166
f 1166/1019/1166 1184/1191/1184 1169/1187/1169
f 1223/1246/1223 1187/1383/1187 1176/359/1176 1175/358/1175
f 1227/872/1227 1193/364/1193 1192/363/1192 1179/873/1179
f 1188/1387/1188 1226/865/1226 1180/864/1180
f 1216/385/1216 1219/390/1219 653/6/653 1184/1191/1184
f 653/6/653 1270/406/1270 1184/1191/1184
f 1183/1194/1183 1243/1247/1243 1222/1243/1222
f 1183/1194/1183 1269/403/1269 1243/1247/1243
f 1188/1387/1188 1231/1392/1231 1226/865/1226
f 1223/1246/1223 1230/1389/1230 1187/1383/1187
f 1227/872/1227 1235/1080/1235 1194/365/1194 1193/364/1193
f 657/9/657 651/1459/651 1198/369/1198 1266/1198/1266
f 1234/1087/1234 1252/1086/1252 1197/366/1197 1201/372/1201
f 1252/1086/1252 1265/1195/1265 1197/366/1197
f 1207/378/1207 1206/377/1206 1240/393/1240 1239/1304/1239 1212/383/1212 1211/382/1211
f 651/1459/651 1238/391/1238 1240/393/1240 1206/377/1206 1205/376/1205
f 652/45/652 1218/389/1218 1217/388/1217 1210/379/1210 1213/384/1213
f 1213/384/1213 1212/383/1212 1239/1304/1239 1255/397/1255 652/45/652
f 652/45/652 653/6/653 1219/390/1219 1218/389/1218
f 1244/1250/1244 1230/1389/1230 1223/1246/1223
f 1248/878/1248 1235/1080/1235 1227/872/1227
f 1231/1392/1231 1247/874/1247 1226/865/1226
f 1261/1308/1261 1247/874/1247 1231/1392/1231
f 1244/1250/1244 1262/1305/1262 1230/1389/1230
f 1248/878/1248 1251/1081/1251 1235/1080/1235
f 651/1459/651 1256/400/1256 1238/391/1238
f 1269/403/1269 1274/410/1274 1285/1251/1285 1243/1247/1243
f 1244/1250/1244 1286/1254/1286 1262/1305/1262
f 1248/878/1248 1278/883/1278 1293/417/1293 1292/416/1292
f 1261/1308/1261 1277/879/1277 1247/874/1247
f 1292/416/1292 1291/415/1291 1251/1081/1251 1248/878/1248
f 1282/1141/1282 1265/1195/1265 1252/1086/1252
f 1291/415/1291 1290/414/1290 1281/1138/1281 1251/1081/1251
f 651/1459/651 657/9/657 1257/401/1257 1256/400/1256
f 657/9/657 654/7/654 1258/402/1258 1257/401/1257
f 1255/397/1255 1258/402/1258 654/7/654 652/45/652
f 1286/1254/1286 1297/421/1297 1262/1305/1262
f 1296/418/1296 1277/879/1277 1261/1308/1261
f 1351/1202/1351 664/46/664 1266/1198/1266
f 657/9/657 1266/1198/1266 660/10/660
f 664/46/664 660/10/660 1266/1198/1266
f 1282/1141/1282 1312/1145/1312 1265/1195/1265
f 1312/1145/1312 1350/1199/1350 1265/1195/1265
f 656/5/656 1271/407/1271 1270/406/1270 653/6/653
f 1273/409/1273 1272/408/1272 661/11/661 1319/431/1319 1318/430/1318
f 1274/410/1274 1273/409/1273 1318/430/1318 1317/429/1317 1285/1251/1285
f 661/11/661 1272/408/1272 1271/407/1271 656/5/656
f 1304/888/1304 659/1460/659 1278/883/1278
f 1278/883/1278 659/1460/659 1289/411/1289 1293/417/1293
f 1277/879/1277 1296/418/1296 1300/424/1300 1303/884/1303
f 1307/1025/1307 1281/1138/1281 1290/414/1290
f 1307/1025/1307 1311/1142/1311 1281/1138/1281
f 1317/429/1317 1316/428/1316 1323/1255/1323 1285/1251/1285
f 1324/1258/1324 1298/422/1298 1297/421/1297 1286/1254/1286
f 659/1460/659 1308/1021/1308 1289/411/1289
f 1299/423/1299 1298/422/1298 1324/1258/1324 1328/1393/1328
f 1328/1393/1328 1303/884/1303 1300/424/1300 1299/423/1299
f 1304/888/1304 1308/1021/1308 659/1460/659
f 1304/888/1304 1327/1441/1327 1308/1021/1308
f 1327/1441/1327 1347/1022/1347 1308/1021/1308
f 1346/898/1346 1331/433/1331 1333/435/1333 1307/1025/1307
f 1307/1025/1307 1333/435/1333 1332/1089/1332 1311/1142/1311
f 1332/1089/1332 1374/461/1374 1311/1142/1311
f 1374/461/1374 1400/471/1400 1311/1142/1311
f 1402/483/1402 1350/1199/1350 1312/1145/1312
f 1339/444/1339 1338/443/1338 1315/425/1315 1320/432/1320 663/12/663
f 1338/443/1338 1337/442/1337 1364/1146/1364 1315/425/1315
f 663/12/663 1320/432/1320 1319/431/1319 661/11/661
f 1368/1259/1368 1323/1255/1323 1316/428/1316 1365/1149/1365
f 1369/1262/1369 1343/1309/1343 1324/1258/1324
f 1324/1258/1324 1343/1309/1343 1328/1393/1328
f 1342/1316/1342 1347/889/1347 1327/1396/1327
f 1346/898/1346 1372/451/1372 1331/433/1331
f 665/14/665 1336/439/1336 1339/444/1339 663/12/663
f 1360/1029/1360 1364/1146/1364 1337/442/1337
f 1361/1026/1361 1336/439/1336 665/14/665
f 1369/1262/1369 1392/1310/1392 1343/1309/1343
f 1347/889/1347 1342/1316/1342 1393/1315/1393 1396/890/1396
f 1397/897/1397 1372/451/1372 1346/898/1346
f 664/46/664 1351/1202/1351 666/47/666
f 668/1461/668 667/1462/667 1351/1202/1351
f 1351/1202/1351 667/1462/667 666/47/666
f 1402/483/1402 1470/527/1470 1350/1199/1350
f 1469/524/1469 668/1461/668 1351/1202/1351
f 1356/449/1356 1355/448/1355 1361/1026/1361 665/14/665
f 1384/463/1384 1361/1026/1361 1355/448/1355
f 667/1462/667 1385/466/1385 1354/445/1354
f 666/47/666 667/1462/667 1354/445/1354 1357/450/1357
f 1357/450/1357 1356/449/1356 665/14/665 666/47/666
f 1360/1029/1360 1412/486/1412 1364/1146/1364
f 1384/463/1384 1389/470/1389 1413/489/1413 1361/1026/1361
f 1455/1264/1455 1368/1263/1368 1365/1156/1365 1431/1155/1431
f 1412/486/1412 1416/492/1416 1430/1150/1430 1364/1146/1364
f 1369/1262/1369 1434/1317/1434 1392/1310/1392
f 1456/1269/1456 1434/1321/1434 1369/1270/1369
f 1419/493/1419 1401/1442/1401 1373/457/1373
f 1397/897/1397 1420/496/1420 1372/451/1372
f 1427/501/1427 1426/504/1426 1414/490/1414 1413/489/1413 1389/470/1389 1388/469/1388
f 667/1462/667 668/1461/668 1386/467/1386 1385/466/1385
f 668/1461/668 1442/1463/1442 1445/1464/1445 1387/468/1387 1386/467/1386
f 1445/1464/1445 1444/1465/1444 1425/499/1425 1427/501/1427 1388/469/1388 1387/468/1387
f 1396/890/1396 1393/1315/1393 1435/1320/1435 1438/899/1438
f 1439/903/1439 1421/497/1421 1420/496/1420 1397/897/1397
f 1401/477/1401 1419/1466/1419 1422/1467/1422 1461/522/1461 1460/521/1460 1465/1157/1465
f 1466/1160/1466 1471/1468/1471 1470/1469/1470 1402/1161/1402
f 669/1470/669 1430/1162/1430 1416/1471/1416 1415/1472/1415
f 1415/1472/1415 1414/1473/1414 1426/907/1426 1448/511/1448 669/1470/669
f 1462/523/1462 1461/522/1461 1422/1467/1422 1421/1474/1421 1439/917/1439
f 1444/509/1444 1443/508/1443 1449/514/1449 1425/904/1425
f 1486/546/1486 1455/1264/1455 1431/1155/1431
f 669/1470/669 1484/536/1484 1430/1162/1430
f 1438/908/1438 1435/1328/1435 1497/1327/1497 1500/909/1500
f 1456/1269/1456 1496/1322/1496 1434/1321/1434
f 1501/916/1501 1459/518/1459 1462/523/1462 1439/917/1439
f 1478/532/1478 1442/505/1442 668/1475/668
f 1477/529/1477 1450/515/1450 1449/514/1449 1443/508/1443
f 670/1476/670 671/1477/671 1452/517/1452 1451/516/1451
f 1448/511/1448 1452/517/1452 671/1477/671 669/1470/669
f 1477/529/1477 1481/535/1481 670/1476/670 1451/516/1451 1450/515/1450
f 1456/1269/1456 1514/1329/1514 1496/1322/1496
f 1456/1269/1456 1538/573/1538 1514/1329/1514
f 1486/546/1486 1535/559/1535 1455/1264/1455
f 1505/1033/1505 1465/1157/1465 1460/521/1460
f 1501/916/1501 1504/1030/1504 1459/518/1459
f 1466/1160/1466 673/17/673 1472/1478/1472 1471/1468/1471
f 1466/1160/1466 1527/1167/1527 673/17/673
f 1465/1157/1465 1505/1033/1505 1523/1037/1523 1526/1164/1526
f 1473/1479/1473 1472/1478/1472 673/17/673 674/48/674
f 1469/1480/1469 1474/1481/1474 1479/533/1479 1478/532/1478 668/1475/668
f 1474/1481/1474 1473/1479/1473 674/48/674 1480/534/1480 1479/533/1479
f 674/48/674 670/1476/670 1481/535/1481 1480/534/1480
f 675/1482/675 1579/592/1579 1484/536/1484
f 1578/586/1578 1536/565/1536 1485/542/1485
f 671/1477/671 675/1482/675 1484/536/1484
f 671/1477/671 1484/536/1484 669/1470/669
f 1497/1327/1497 672/1483/672 1500/909/1500
f 1515/1332/1515 672/1483/672 1497/1327/1497
f 1519/922/1519 1504/1030/1504 1501/916/1501
f 672/1483/672 1518/918/1518 1500/909/1500
f 1519/922/1519 1522/1034/1522 1504/1030/1504
f 670/1476/670 1532/556/1532 1531/1402/1531 1508/548/1508 1511/553/1511
f 1508/548/1508 1531/1402/1531 1575/1401/1575 1551/923/1551
f 1552/926/1552 675/1482/675 1509/551/1509
f 1510/552/1510 1509/551/1509 675/1482/675 671/1477/671
f 1511/553/1511 1510/552/1510 671/1477/671 670/1476/670
f 1538/573/1538 1556/578/1556 1514/1329/1514
f 1562/927/1562 1518/918/1518 1515/1332/1515 1555/575/1555
f 672/1483/672 1515/1332/1515 1518/918/1518
f 1522/1034/1522 1519/922/1519 1561/930/1561 1566/1038/1566
f 1526/1164/1526 1523/1037/1523 1567/1041/1567 1570/1168/1570
f 1527/1167/1527 1571/1171/1571 673/17/673
f 674/48/674 1574/1397/1574 1530/554/1530
f 674/48/674 1530/554/1530 1532/556/1532 670/1476/670
f 1557/579/1557 1556/578/1556 1538/573/1538 1598/598/1598 1604/604/1604 1607/609/1607
f 1580/596/1580 1599/601/1599 1537/569/1537
f 1575/1401/1575 1590/1340/1590 1551/923/1551
f 1590/1340/1590 1594/931/1594 1551/923/1551
f 1595/934/1595 677/1484/677 1552/926/1552
f 1552/926/1552 677/1484/677 675/1482/675
f 1613/1485/1613 1612/1486/1612 1563/582/1563 1562/927/1562 1555/575/1555 1558/580/1558
f 1607/609/1607 1606/608/1606 1610/1403/1610 1613/1485/1613 1558/580/1558 1557/579/1557
f 1616/616/1616 1618/618/1618 1566/1038/1566 1561/930/1561 1563/1487/1563 1612/614/1612 1611/613/1611
f 1618/618/1618 1617/1048/1617 1621/1090/1621 1566/1038/1566
f 1622/1093/1622 1570/1168/1570 1567/1041/1567
f 1633/622/1633 678/15/678 1571/1171/1571
f 1622/1093/1622 1634/1172/1634 1570/1168/1570
f 1571/1171/1571 678/15/678 673/17/673
f 676/16/676 1591/1333/1591 1574/1397/1574
f 676/16/676 1574/1397/1574 674/48/674
f 1580/596/1580 1630/1206/1630 1600/602/1600 1599/601/1599
f 1579/592/1579 677/1484/677 679/1488/679 1629/1203/1629
f 677/1484/677 1579/592/1579 675/1482/675
f 678/15/678 1591/1333/1591 676/16/676
f 1625/935/1625 1594/931/1594 1590/1340/1590 1639/1339/1639
f 678/15/678 1638/1334/1638 1591/1333/1591
f 1595/934/1595 1626/938/1626 677/1484/677
f 1630/1206/1630 1655/1271/1655 1601/603/1601 1600/602/1600
f 1598/598/1598 1601/603/1601 1655/1271/1655 1604/604/1604
f 1606/608/1606 1605/607/1605 1642/1404/1642 1610/1403/1610
f 1654/1278/1654 1642/1404/1642 1605/607/1605
f 1616/616/1616 1611/613/1611 1643/1409/1643 1646/1042/1646
f 1617/1048/1617 1647/1047/1647 1621/1090/1621
f 1647/1047/1647 1660/638/1660 1621/1090/1621
f 1635/624/1635 1634/1172/1634 1622/1093/1622 1659/634/1659 1670/1178/1670
f 1626/938/1626 679/1488/679 677/1484/677
f 1650/939/1650 1625/935/1625 1639/1339/1639 1682/1344/1682
f 1651/942/1651 679/1488/679 1626/938/1626
f 1629/1203/1629 679/1488/679 681/1489/681 1697/1207/1697
f 1655/1271/1655 1630/1206/1630 1698/1210/1698 1701/1272/1701
f 1674/640/1674 1678/646/1678 678/15/678 1633/622/1633 1635/624/1635 1670/1178/1670
f 678/15/678 680/1490/680 1638/1334/1638
f 680/1490/680 1681/1341/1681 1638/1334/1638
f 1646/1042/1646 1643/1409/1643 1686/1414/1686 1690/1049/1690
f 1654/1278/1654 1685/1410/1685 1642/1404/1642
f 1647/1047/1647 1689/1052/1689 1660/638/1660
f 1650/939/1650 1682/1344/1682 1728/1348/1728 1693/943/1693
f 681/1489/681 679/1488/679 1651/942/1651 1694/946/1694
f 1702/1277/1702 1685/1410/1685 1654/1278/1654
f 1690/1049/1690 1713/663/1713 1658/628/1658
f 1712/659/1712 1670/1178/1670 1659/634/1659
f 1670/1178/1670 1752/1097/1752 1723/1211/1723
f 1711/653/1711 1753/1094/1753 1671/1175/1671
f 1670/1178/1670 1723/1211/1723 1674/640/1674
f 1724/1214/1724 1727/1345/1727 1675/643/1675
f 680/1490/680 1677/645/1677 1676/644/1676 1681/1341/1681
f 1676/644/1676 1675/643/1675 1727/1345/1727 1681/1341/1681
f 1678/646/1678 1677/645/1677 680/1490/680 678/15/678
f 1686/1414/1686 1708/652/1708 1707/651/1707 1690/1049/1690
f 1731/1360/1731 1705/947/1705 1708/1491/1708 1686/1416/1686
f 1702/1277/1702 1732/1353/1732 1685/1410/1685
f 1707/651/1707 1706/650/1706 1713/663/1713 1690/1049/1690
f 1693/943/1693 1728/1348/1728 1757/1352/1757 1736/668/1736
f 682/49/682 681/1489/681 1694/946/1694 1735/665/1735
f 1698/1210/1698 1743/675/1743 1701/1272/1701
f 1799/1218/1799 1744/676/1744 1743/675/1743 1698/1210/1698
f 681/1489/681 682/49/682 1697/1207/1697
f 682/49/682 1798/1215/1798 1697/1207/1697
f 1742/672/1742 1732/1353/1732 1702/1277/1702
f 1706/650/1706 1749/953/1749 1713/663/1713
f 1731/1360/1731 1748/948/1748 1705/947/1705
f 1749/953/1749 1765/681/1765 1713/663/1713
f 1764/678/1764 1753/1094/1753 1711/653/1711
f 1752/1097/1752 1771/687/1771 1723/1211/1723
f 1756/1349/1756 1724/1214/1724 1770/684/1770 1778/694/1778
f 1724/1214/1724 1756/1349/1756 1727/1345/1727
f 1761/1359/1761 1748/948/1748 1731/1360/1731
f 1742/672/1742 1745/677/1745 1760/1354/1760 1732/1353/1732
f 1777/691/1777 1737/669/1737 1736/668/1736 1757/1352/1757
f 683/18/683 684/20/684 1739/671/1739 1738/670/1738
f 684/20/684 682/49/682 1735/665/1735 1739/671/1739
f 1777/691/1777 1780/696/1780 683/18/683 1738/670/1738 1737/669/1737
f 1760/1354/1760 1745/677/1745 1744/676/1744 1799/1218/1799 1803/707/1803
f 1784/958/1784 1766/682/1766 1765/681/1765 1749/953/1749
f 1761/1359/1761 1783/954/1783 1748/948/1748
f 1787/1057/1787 1795/703/1795 1794/702/1794 1752/1097/1752
f 1752/1097/1752 1794/702/1794 1793/701/1793 1772/688/1772 1771/687/1771
f 1764/678/1764 1767/683/1767 1788/1053/1788 1753/1094/1753
f 1802/704/1802 1783/954/1783 1761/1359/1761
f 1784/958/1784 1788/1053/1788 1767/683/1767 1766/682/1766
f 1793/701/1793 1792/700/1792 690/25/690 1773/689/1773 1772/688/1772
f 1770/684/1770 1774/690/1774 686/23/686 1779/695/1779 1778/694/1778
f 1774/690/1774 1773/689/1773 690/25/690 686/23/686
f 686/23/686 683/18/683 1780/696/1780 1779/695/1779
f 1802/704/1802 1805/709/1805 1808/959/1808 1783/954/1783
f 1809/963/1809 1788/1053/1788 1784/958/1784
f 1827/976/1827 689/1492/689 1787/1057/1787
f 1787/1057/1787 689/1492/689 1791/697/1791 1795/703/1795
f 1809/963/1809 1828/1054/1828 1788/1053/1788
f 689/1492/689 1850/1098/1850 1791/697/1791
f 1849/1105/1849 690/25/690 1792/700/1792
f 1824/1282/1824 1804/708/1804 1803/707/1803 1799/1218/1799
f 682/49/682 685/22/685 1798/1215/1798
f 685/22/685 1823/1279/1823 1798/1215/1798
f 1824/1282/1824 1808/959/1808 1805/709/1805 1804/708/1804
f 1824/1282/1824 1845/1417/1845 1808/959/1808
f 1846/1421/1846 1828/967/1828 1809/1422/1809
f 687/19/687 1814/712/1814 1813/966/1813 1820/721/1820 1819/720/1819
f 1813/966/1813 1831/722/1831 1817/716/1817 1820/721/1820
f 1812/710/1812 691/24/691 693/29/693 1832/725/1832
f 1812/710/1812 1814/712/1814 687/19/687 691/24/691
f 1831/722/1831 1835/728/1835 1839/732/1839 1817/716/1817
f 1819/720/1819 1818/719/1818 688/21/688 687/19/687
f 1818/719/1818 1838/729/1838 688/21/688
f 1854/1286/1854 1845/1417/1845 1824/1282/1824
f 1853/1283/1853 1823/1279/1823 685/22/685 694/27/694
f 1827/976/1827 1858/975/1858 1850/1098/1850
f 1827/976/1827 1850/1098/1850 689/1492/689
f 1846/1421/1846 1857/968/1857 1828/967/1828
f 696/32/696 1840/733/1840 1839/732/1839 1835/728/1835 1834/727/1834
f 693/29/693 698/35/698 1833/726/1833 1832/725/1832
f 698/35/698 696/32/696 1834/727/1834 1833/726/1833
f 1838/729/1838 1842/735/1842 692/26/692 688/21/688
f 696/32/696 697/30/697 1841/734/1841 1840/733/1840
f 1842/735/1842 1841/734/1841 697/30/697 692/26/692
f 1857/968/1857 1846/1421/1846 1866/1426/1866 1882/977/1882
f 1854/1286/1854 1865/1423/1865 1845/1417/1845
f 1858/975/1858 1861/1099/1861 1850/1098/1850
f 1862/1104/1862 690/25/690 1849/1105/1849
f 694/27/694 1877/746/1877 1853/1283/1853
f 1876/743/1876 1865/1423/1865 1854/1286/1854
f 1858/975/1858 1883/981/1883 1861/1099/1861
f 1861/1099/1861 1883/981/1883 1890/991/1890 1895/1106/1895
f 1862/1104/1862 1894/1113/1894 1869/736/1869 1873/742/1873
f 1862/1104/1862 1873/742/1873 1872/741/1872 690/25/690
f 1887/1361/1887 1865/1423/1865 1876/743/1876 1879/748/1879
f 1891/982/1891 1882/977/1882 1866/1426/1866 1886/1368/1886
f 1869/736/1869 1894/1113/1894 1913/1112/1913 1916/1219/1916
f 1917/1222/1917 702/42/702 1870/739/1870
f 1872/741/1872 1871/740/1871 695/28/695 690/25/690
f 1871/740/1871 1870/739/1870 702/42/702 695/28/695
f 1898/749/1898 1901/754/1901 1878/747/1878 1877/746/1877 694/27/694 704/36/704
f 1901/754/1901 1900/753/1900 1887/1361/1887 1879/748/1879 1878/747/1878
f 1891/982/1891 1886/1368/1886 1905/1367/1905 1908/983/1908
f 1900/753/1900 1899/752/1899 1904/1362/1904 1887/1361/1887
f 1895/1106/1895 1890/991/1890 1909/990/1909 1912/1107/1912
f 704/36/704 1928/765/1928 1898/749/1898
f 1927/762/1927 1904/1362/1904 1899/752/1899
f 1934/769/1934 1908/983/1908 1905/1367/1905
f 1927/762/1927 1931/768/1931 1935/772/1935 1904/1362/1904
f 1934/769/1934 1938/775/1938 1941/992/1941 1908/983/1908
f 1945/1114/1945 1912/1107/1912 1909/990/1909 1942/996/1942
f 1946/1117/1946 1916/1219/1916 1913/1112/1913
f 1917/1222/1917 712/3/712 710/43/710
f 1917/1222/1917 710/43/710 702/42/702
f 1922/759/1922 1921/758/1921 708/50/708 706/39/706
f 1957/784/1957 1961/790/1961 708/50/708 1921/758/1921 1949/776/1949
f 710/43/710 711/44/711 1920/755/1920 1924/761/1924
f 711/44/711 1950/779/1950 1920/755/1920
f 705/38/705 703/37/703 710/43/710 1924/761/1924 1923/760/1923
f 1923/760/1923 1922/759/1922 706/39/706 705/38/705
f 704/36/704 1967/796/1967 1966/795/1966 1929/766/1929 1928/765/1928
f 1974/803/1974 1973/802/1973 1941/992/1941 1938/775/1938 1937/774/1937
f 1942/996/1942 1980/809/1980 1979/808/1979 1945/1114/1945
f 712/3/712 1951/780/1951 1950/779/1950 711/44/711
f 712/3/712 641/2/641 1952/781/1952 1951/780/1951
f 709/41/709 1960/789/1960 1959/788/1959 1964/791/1964 1968/797/1968
f 1961/790/1961 1960/789/1960 709/41/709 708/50/708
f 1968/797/1968 1967/796/1967 704/36/704 709/41/709
o King_Teal_power_ring
v 0.464646 0.341822 -0.026984
v 0.464367 0.297462 0.008328
v 0.468315 0.304557 -0.056811
v 0.439877 0.344141 -0.138553
v 0.439214 0.297950 -0.153296
v 0.419581 0.325125 -0.224271
v 0.394746 0.342647 -0.245744
v 0.365937 0.305395 -0.222179
v 0.416383 0.305210 -0.222561
v 0.396843 0.314426 -0.262753
v 0.382585 0.335564 -0.275828
v 0.361326 0.301150 -0.299295
v 0.309707 0.342050 -0.347117
v 0.233574 0.335851 -0.409797
v 0.237087 0.344085 -0.394409
v 0.216484 0.297004 -0.410264
v 0.224271 0.314875 -0.419581
v 0.154120 0.338401 -0.442830
v 0.064664 0.342050 -0.460681
v 0.048643 0.314426 -0.473452
v 0.022983 0.301132 -0.467828
v -0.024914 0.315255 -0.476042
v -0.067615 0.296082 -0.455826
v -0.075071 0.304443 -0.465767
v -0.094698 0.324593 -0.466437
v -0.121899 0.335552 -0.455899
v -0.139655 0.314299 -0.454773
v -0.151255 0.294029 -0.429294
v -0.163890 0.303856 -0.442106
v -0.183876 0.324593 -0.439000
v -0.220536 0.337048 -0.416531
v -0.224249 0.313905 -0.419540
v -0.252562 0.295924 -0.385997
v -0.315839 0.338188 -0.347029
v -0.385904 0.335241 -0.271674
v -0.396460 0.314299 -0.262948
v -0.470389 0.338058 -0.001453
v -0.461431 0.296045 -0.005209
v -0.452476 0.342693 0.102704
v -0.445106 0.334724 0.159261
v -0.414866 0.294000 0.177859
v -0.408287 0.343127 0.219893
v -0.376468 0.301599 0.279207
v -0.351763 0.310030 0.318820
v -0.315839 0.338188 0.347029
v -0.315839 0.301812 0.347029
v -0.242223 0.301357 0.401078
v -0.180629 0.295924 0.424446
v -0.160473 0.325178 0.448492
v -0.147754 0.342327 0.441278
v -0.107434 0.296008 0.428902
v -0.087248 0.294051 0.447871
v -0.093161 0.314824 0.466750
v -0.075072 0.335557 0.465767
v -0.022923 0.325188 0.475974
v -0.044862 0.305575 0.470141
v 0.024583 0.338464 0.468221
v 0.103850 0.343959 0.428025
v 0.182430 0.325176 0.439607
v 0.212271 0.335241 0.421508
v 0.193538 0.304243 0.430276
v 0.224249 0.313905 0.419540
v 0.275861 0.295810 0.370524
v 0.264291 0.326095 0.395540
v 0.299780 0.336999 0.363518
v 0.263575 0.305575 0.391884
v 0.301702 0.314824 0.368118
v 0.322174 0.344035 0.330207
v 0.324285 0.304446 0.342890
v 0.354229 0.324745 0.318996
v 0.375405 0.338643 0.280369
v 0.371475 0.297950 0.280026
v 0.382170 0.309615 0.280859
v 0.423769 0.338188 0.201503
v 0.414794 0.304911 0.224874
v 0.440141 0.314299 0.180550
v 0.446405 0.304165 0.152207
v 0.455553 0.325176 0.137864
v 0.452545 0.342911 0.103509
v 0.466907 0.314299 0.091214
v 0.449155 0.346033 0.046656
v 0.470767 0.304970 0.044280
v 0.466227 0.335188 0.075192
v 0.475849 0.323310 0.024424
v 0.475531 0.325156 0.020834
v 0.475932 0.324465 0.024341
v 0.475982 0.324122 0.024360
v 0.475903 0.323906 0.023565
v 0.475787 0.324582 0.022250
v 0.431060 0.340813 0.059362
v 0.435837 0.342815 0.048966
v 0.434481 0.342162 0.047572
v 0.432550 0.341600 0.055856
v 0.432202 0.341170 0.055731
v 0.433420 0.341857 0.052949
v 0.435302 0.342650 0.048456
v 0.434299 0.342333 0.052050
v 0.434422 0.342329 0.050606
v 0.433454 0.341664 0.051416
v 0.434806 0.342411 0.047946
v 0.434141 0.342116 0.050416
v 0.427576 0.333811 0.021897
v 0.428504 0.335308 0.023508
v 0.427842 0.334333 0.021907
v 0.428182 0.334881 0.022497
v 0.424256 0.319045 -0.020863
v 0.424152 0.320948 -0.020672
v 0.424149 0.319651 -0.020798
v 0.424111 0.320347 -0.020728
v 0.428624 0.304737 -0.016384
v 0.427704 0.306275 -0.021302
v 0.427777 0.305427 -0.022299
v 0.428041 0.305144 -0.022307
v 0.428259 0.305153 -0.018855
v 0.427923 0.305716 -0.020655
v 0.473178 0.326021 -0.045949
v 0.473388 0.324221 -0.047420
v 0.473493 0.324960 -0.047917
v 0.473422 0.325314 -0.047919
v 0.473373 0.325471 -0.046517
v 0.473450 0.324812 -0.047056
v 0.435357 0.345702 -0.104124
v 0.436815 0.345822 -0.105155
v 0.435780 0.345838 -0.104425
v 0.436314 0.345882 -0.104803
v 0.425337 0.336244 -0.065097
v 0.424689 0.334704 -0.061618
v 0.425043 0.335846 -0.063851
v 0.424806 0.335282 -0.062577
v 0.432522 0.297346 -0.066596
v 0.430833 0.298242 -0.066948
v 0.431925 0.297532 -0.066700
v 0.431306 0.297860 -0.066829
v 0.446465 0.294403 -0.075608
v 0.450390 0.294191 -0.070560
v 0.451727 0.294464 -0.065909
v 0.451136 0.294044 -0.065357
v 0.450924 0.293999 -0.065341
v 0.449989 0.294175 -0.066343
v 0.448637 0.294226 -0.071535
v 0.450074 0.294149 -0.069688
v 0.466984 0.314027 -0.089776
v 0.466508 0.315810 -0.093425
v 0.467014 0.315040 -0.091594
v 0.466880 0.314557 -0.091279
v 0.466705 0.315210 -0.092615
v 0.459179 0.333320 -0.112204
v 0.458231 0.334939 -0.111922
v 0.459766 0.334290 -0.108798
v 0.459919 0.334062 -0.108825
v 0.459971 0.333487 -0.109147
v 0.459245 0.333859 -0.111279
v 0.458899 0.334452 -0.111176
v 0.413882 0.330984 -0.104589
v 0.412768 0.329276 -0.105678
v 0.414269 0.329337 -0.100970
v 0.414588 0.330419 -0.100298
v 0.413897 0.330499 -0.103510
v 0.413489 0.329874 -0.103909
v 0.413550 0.315332 -0.096779
v 0.413217 0.313524 -0.098916
v 0.413412 0.314748 -0.097028
v 0.413291 0.314086 -0.097810
v 0.448892 0.316219 -0.159370
v 0.447873 0.314420 -0.161608
v 0.447855 0.315111 -0.162894
v 0.447901 0.315396 -0.162917
v 0.448014 0.316190 -0.162144
v 0.448543 0.315625 -0.160643
v 0.448170 0.314967 -0.161462
v 0.441576 0.336607 -0.162652
v 0.442019 0.335039 -0.164471
v 0.441374 0.335835 -0.165503
v 0.441219 0.336071 -0.165443
v 0.441685 0.336175 -0.163605
v 0.441848 0.335601 -0.164271
v 0.397657 0.342422 -0.176543
v 0.406494 0.341287 -0.156170
v 0.408350 0.342158 -0.154388
v 0.400456 0.342145 -0.169991
v 0.402458 0.342218 -0.166451
v 0.403829 0.342045 -0.163178
v 0.406995 0.341599 -0.155640
v 0.403690 0.341729 -0.162534
v 0.405289 0.341843 -0.159696
v 0.406373 0.342123 -0.158343
v 0.407674 0.341918 -0.154989
v 0.406147 0.341972 -0.158354
v 0.397362 0.320905 -0.149428
v 0.397329 0.319066 -0.149522
v 0.398676 0.319894 -0.145523
v 0.398716 0.320207 -0.145553
v 0.397736 0.320328 -0.148356
v 0.397724 0.319654 -0.148390
v 0.406073 0.298668 -0.157587
v 0.407575 0.297586 -0.157865
v 0.406508 0.298268 -0.157658
v 0.407057 0.297872 -0.157760
v 0.388177 0.328958 -0.175782
v 0.388252 0.330653 -0.177658
v 0.386607 0.329998 -0.179843
v 0.386576 0.329723 -0.179802
v 0.387780 0.329542 -0.177200
v 0.387808 0.330162 -0.177887
v 0.388140 0.309410 -0.177799
v 0.388424 0.311258 -0.175074
v 0.386574 0.310261 -0.179805
v 0.386634 0.309972 -0.179854
v 0.387785 0.309898 -0.177863
v 0.387889 0.310575 -0.176865
v 0.377623 0.294212 -0.256517
v 0.379571 0.294683 -0.256100
v 0.378340 0.294234 -0.256225
v 0.379053 0.294406 -0.256072
v 0.366151 0.345414 -0.256070
v 0.353945 0.345562 -0.286500
v 0.352530 0.346045 -0.286599
v 0.352395 0.345899 -0.285556
v 0.362136 0.345656 -0.266029
v 0.359592 0.345712 -0.270972
v 0.357378 0.345820 -0.276468
v 0.353234 0.345808 -0.286551
v 0.357669 0.345710 -0.277167
v 0.355248 0.345854 -0.281706
v 0.352485 0.345996 -0.286251
v 0.352716 0.345985 -0.286587
v 0.353446 0.345955 -0.284888
v 0.354547 0.345888 -0.281761
v 0.352440 0.345948 -0.285903
v 0.354158 0.345921 -0.283017
v 0.363099 0.320528 -0.220005
v 0.363399 0.318626 -0.219607
v 0.363136 0.319928 -0.219847
v 0.363246 0.319232 -0.219701
v 0.342359 0.344163 -0.280664
v 0.340813 0.343537 -0.279736
v 0.341841 0.344021 -0.280349
v 0.341276 0.343792 -0.280010
v 0.350042 0.334864 -0.246673
v 0.352415 0.333374 -0.243034
v 0.355107 0.333983 -0.239618
v 0.355264 0.334476 -0.239503
v 0.355328 0.334616 -0.239540
v 0.354499 0.334759 -0.241291
v 0.352104 0.334546 -0.243881
v 0.352972 0.334001 -0.242549
v 0.339977 0.298682 -0.272650
v 0.341208 0.297755 -0.273666
v 0.340320 0.298301 -0.272934
v 0.340771 0.297961 -0.273306
v 0.353094 0.324202 -0.319807
v 0.351189 0.326038 -0.321058
v 0.353929 0.325379 -0.318867
v 0.353984 0.325041 -0.318897
v 0.352948 0.324809 -0.319926
v 0.352250 0.325481 -0.320384
v 0.300522 0.338317 -0.310865
v 0.302410 0.336988 -0.307981
v 0.304921 0.337915 -0.306320
v 0.305119 0.338085 -0.306533
v 0.302167 0.338007 -0.309103
v 0.302858 0.337520 -0.308047
v 0.314539 0.315781 -0.285132
v 0.314458 0.313995 -0.285836
v 0.314460 0.315199 -0.285306
v 0.314431 0.314545 -0.285564
v 0.295709 0.294013 -0.346590
v 0.296858 0.294568 -0.346858
v 0.297714 0.294114 -0.344264
v 0.296092 0.294198 -0.346679
v 0.295988 0.294034 -0.346267
v 0.296366 0.294129 -0.346254
v 0.297217 0.294309 -0.345868
v 0.296475 0.294383 -0.346769
v 0.296753 0.294216 -0.346127
v 0.296722 0.294071 -0.345416
v 0.297530 0.294145 -0.344919
v 0.296826 0.294114 -0.345690
v 0.349731 0.309386 -0.320092
v 0.349126 0.311035 -0.321584
v 0.349447 0.310088 -0.320954
v 0.349318 0.309843 -0.320887
v 0.349097 0.310447 -0.321433
v 0.289293 0.328682 -0.312937
v 0.289273 0.330347 -0.313971
v 0.286928 0.329612 -0.315294
v 0.286931 0.329343 -0.315264
v 0.288709 0.329224 -0.313716
v 0.288702 0.329834 -0.314094
v 0.274694 0.304640 -0.328743
v 0.287878 0.305350 -0.316857
v 0.279228 0.304929 -0.324769
v 0.284054 0.305189 -0.320418
v 0.285260 0.325161 -0.381076
v 0.283778 0.323302 -0.382737
v 0.283128 0.324133 -0.383392
v 0.283108 0.324461 -0.383336
v 0.284587 0.324584 -0.381959
v 0.284044 0.323904 -0.382567
v 0.240645 0.344994 -0.369933
v 0.233221 0.344018 -0.374306
v 0.240600 0.343530 -0.369096
v 0.257216 0.344165 -0.356510
v 0.238394 0.344546 -0.371463
v 0.246168 0.344592 -0.365685
v 0.242311 0.344302 -0.368437
v 0.235597 0.343916 -0.372605
v 0.235678 0.344189 -0.373063
v 0.238697 0.344072 -0.370817
v 0.245692 0.343786 -0.365210
v 0.238297 0.343737 -0.370698
v 0.242129 0.343930 -0.368126
v 0.252233 0.344288 -0.360772
v 0.251774 0.344018 -0.360603
v 0.246793 0.344121 -0.364807
v 0.252598 0.320980 -0.341029
v 0.253029 0.319049 -0.340798
v 0.252709 0.320363 -0.340920
v 0.252867 0.319656 -0.340836
v 0.222020 0.296404 -0.382100
v 0.208256 0.295806 -0.388914
v 0.222992 0.295063 -0.383079
v 0.228828 0.295878 -0.378304
v 0.236219 0.297048 -0.369533
v 0.217790 0.296148 -0.384165
v 0.226623 0.296681 -0.378130
v 0.222650 0.296231 -0.381165
v 0.213209 0.295695 -0.387039
v 0.212752 0.295929 -0.386660
v 0.218031 0.295882 -0.384305
v 0.224763 0.295442 -0.381732
v 0.218602 0.295423 -0.384903
v 0.222077 0.295704 -0.382632
v 0.231105 0.296115 -0.375451
v 0.226899 0.295741 -0.379985
v 0.226600 0.295958 -0.379243
v 0.231820 0.296917 -0.373530
v 0.233810 0.296544 -0.372240
v 0.228230 0.296363 -0.377077
v 0.280445 0.305875 -0.380167
v 0.286145 0.304636 -0.374164
v 0.280672 0.304634 -0.379170
v 0.279372 0.304799 -0.380446
v 0.279461 0.305051 -0.380589
v 0.281141 0.305355 -0.379311
v 0.283227 0.304902 -0.377114
v 0.168720 0.345931 -0.423379
v 0.168227 0.345422 -0.424671
v 0.167412 0.345754 -0.423119
v 0.168654 0.345863 -0.423552
v 0.168544 0.345900 -0.423345
v 0.168343 0.345852 -0.423625
v 0.167975 0.345644 -0.424209
v 0.168474 0.345676 -0.424025
v 0.168158 0.345767 -0.423908
v 0.168065 0.345835 -0.423250
v 0.167678 0.345766 -0.423642
v 0.168024 0.345820 -0.423653
v 0.221442 0.335147 -0.367680
v 0.218682 0.333563 -0.367981
v 0.220643 0.334729 -0.367653
v 0.219633 0.334150 -0.367764
v 0.219696 0.306195 -0.367461
v 0.220183 0.304765 -0.368559
v 0.219809 0.305680 -0.367737
v 0.219987 0.305156 -0.368139
v 0.182516 0.320505 -0.383390
v 0.183110 0.318594 -0.383199
v 0.182688 0.319908 -0.383302
v 0.182906 0.319209 -0.383232
v 0.161842 0.324670 -0.447810
v 0.161492 0.326510 -0.447578
v 0.162892 0.325771 -0.447462
v 0.162915 0.325494 -0.447518
v 0.161863 0.325275 -0.447820
v 0.161734 0.325948 -0.447735
v 0.148171 0.342183 -0.410865
v 0.146092 0.341142 -0.409935
v 0.147494 0.341972 -0.410501
v 0.146733 0.341591 -0.410161
v 0.146651 0.329130 -0.399950
v 0.143837 0.330709 -0.401928
v 0.142657 0.329816 -0.401598
v 0.145160 0.329635 -0.400731
v 0.144130 0.330213 -0.401455
v 0.143858 0.306210 -0.403289
v 0.144262 0.304545 -0.404104
v 0.143970 0.305655 -0.403504
v 0.144118 0.305045 -0.403803
v 0.108361 0.294060 -0.442452
v 0.106025 0.294159 -0.442381
v 0.108139 0.294596 -0.443502
v 0.108048 0.294073 -0.442442
v 0.108333 0.294127 -0.442595
v 0.107874 0.294126 -0.442664
v 0.106659 0.294184 -0.442748
v 0.107193 0.294110 -0.442416
v 0.107331 0.294144 -0.442713
v 0.108252 0.294323 -0.442980
v 0.107432 0.294343 -0.443158
v 0.107677 0.294215 -0.442898
v 0.155624 0.305003 -0.445469
v 0.158431 0.306576 -0.445721
v 0.159159 0.305728 -0.445249
v 0.159086 0.305476 -0.445100
v 0.156960 0.305432 -0.445554
v 0.157988 0.306008 -0.445646
v 0.103109 0.326043 -0.412121
v 0.105244 0.324060 -0.411186
v 0.103718 0.325437 -0.411689
v 0.104499 0.324711 -0.411347
v 0.083360 0.295920 -0.434177
v 0.087147 0.296813 -0.431122
v 0.081264 0.296504 -0.433083
v 0.080929 0.296050 -0.433672
v 0.080984 0.296001 -0.433980
v 0.083339 0.296081 -0.433577
v 0.084726 0.296408 -0.432459
v 0.093177 0.325556 -0.466365
v 0.094378 0.323826 -0.466437
v 0.093545 0.324575 -0.466771
v 0.093519 0.324870 -0.466728
v 0.093822 0.325044 -0.466472
v 0.094261 0.324411 -0.466498
v 0.063732 0.342273 -0.431857
v 0.063881 0.341134 -0.430343
v 0.063772 0.341972 -0.431340
v 0.063827 0.341555 -0.430786
v 0.051090 0.320880 -0.421072
v 0.063965 0.319212 -0.419322
v 0.055575 0.320334 -0.420590
v 0.060287 0.319724 -0.419950
v 0.069872 0.305972 -0.422497
v 0.070242 0.304454 -0.423428
v 0.069778 0.305414 -0.422718
v 0.069914 0.304859 -0.423058
v 0.092172 0.306372 -0.462961
v 0.092848 0.304820 -0.461743
v 0.091066 0.305346 -0.462841
v 0.091110 0.305603 -0.463000
v 0.092218 0.305811 -0.462727
v 0.092466 0.305243 -0.462282
v 0.022893 0.329648 -0.473716
v 0.027161 0.330925 -0.472999
v 0.026320 0.330306 -0.473498
v 0.026155 0.329827 -0.473592
v 0.024360 0.330089 -0.473576
v 0.025922 0.330557 -0.473314
v -0.045186 0.345179 -0.456180
v -0.045131 0.345589 -0.454465
v -0.045171 0.345442 -0.455677
v -0.045150 0.345592 -0.455050
v 0.031065 0.328357 -0.424364
v 0.021030 0.330792 -0.426459
v 0.019262 0.329359 -0.425810
v 0.027852 0.329149 -0.424935
v 0.027530 0.328644 -0.424892
v 0.024980 0.329325 -0.425348
v 0.020399 0.330303 -0.426165
v 0.024179 0.330040 -0.425701
v 0.022686 0.329858 -0.425762
v 0.023210 0.329011 -0.425422
v 0.019752 0.329778 -0.425928
v 0.022385 0.329526 -0.425666
v 0.015783 0.311100 -0.425750
v 0.017848 0.309391 -0.426535
v 0.021287 0.310010 -0.425917
v 0.021254 0.310356 -0.425843
v 0.017715 0.310510 -0.425940
v 0.018471 0.309884 -0.426227
v 0.021859 0.294472 -0.455450
v 0.025262 0.294122 -0.453370
v 0.020880 0.294086 -0.454181
v 0.020802 0.294005 -0.454439
v 0.020792 0.294028 -0.454595
v 0.022286 0.294254 -0.454853
v 0.023532 0.294126 -0.454092
v -0.027301 0.335916 -0.470011
v -0.031434 0.334626 -0.470736
v -0.032740 0.335447 -0.470402
v -0.032744 0.335617 -0.470307
v -0.032362 0.336059 -0.469809
v -0.029490 0.335634 -0.470274
v -0.031003 0.335162 -0.470540
v -0.033198 0.342357 -0.436238
v -0.033610 0.341585 -0.434582
v -0.033325 0.342190 -0.435680
v -0.033476 0.341907 -0.435074
v -0.023473 0.320516 -0.423834
v -0.022701 0.318608 -0.423788
v -0.023229 0.319917 -0.423803
v -0.022946 0.319218 -0.423786
v -0.020994 0.298622 -0.434707
v -0.020764 0.297682 -0.436155
v -0.020914 0.298236 -0.435147
v -0.020830 0.297893 -0.435677
v -0.064845 0.334431 -0.423761
v -0.064786 0.335741 -0.424577
v -0.068124 0.335334 -0.423599
v -0.068059 0.334995 -0.423460
v -0.065682 0.334907 -0.423870
v -0.065660 0.335386 -0.424168
v -0.063212 0.311007 -0.421465
v -0.063243 0.309279 -0.422253
v -0.063216 0.310448 -0.421677
v -0.063228 0.309815 -0.421965
v -0.177314 0.345268 -0.421884
v -0.176642 0.345717 -0.420260
v -0.177116 0.345552 -0.421406
v -0.176870 0.345716 -0.420812
v -0.102736 0.324199 -0.411921
v -0.103693 0.326106 -0.412149
v -0.103012 0.324806 -0.411918
v -0.103363 0.325504 -0.412002
v -0.105645 0.298845 -0.422007
v -0.108140 0.297927 -0.422969
v -0.106060 0.298461 -0.422366
v -0.106973 0.298125 -0.422718
v -0.147918 0.342303 -0.411110
v -0.146444 0.341350 -0.409956
v -0.147186 0.342110 -0.410770
v -0.146646 0.341761 -0.410347
v -0.141522 0.311373 -0.401777
v -0.142373 0.309628 -0.402256
v -0.141776 0.310798 -0.401884
v -0.142087 0.310159 -0.402059
v -0.181643 0.326019 -0.384226
v -0.181637 0.324200 -0.383777
v -0.181603 0.325459 -0.384003
v -0.181601 0.324793 -0.383838
v -0.185354 0.298269 -0.394221
v -0.184104 0.297432 -0.396498
v -0.185357 0.297915 -0.394733
v -0.184899 0.297609 -0.395566
v -0.235330 0.342341 -0.368787
v -0.235309 0.341335 -0.366870
v -0.235288 0.342116 -0.368111
v -0.235280 0.341748 -0.367410
v -0.220540 0.306214 -0.367066
v -0.220818 0.304488 -0.367871
v -0.220601 0.305652 -0.367277
v -0.220703 0.305020 -0.367571
v -0.250373 0.303499 -0.398634
v -0.250903 0.305099 -0.399469
v -0.249436 0.304419 -0.400272
v -0.249301 0.304133 -0.400133
v -0.250376 0.303946 -0.399135
v -0.250570 0.304532 -0.399440
v -0.265382 0.324628 -0.394842
v -0.263120 0.326321 -0.396043
v -0.265257 0.325344 -0.395110
v -0.265335 0.325201 -0.394921
v -0.264508 0.325821 -0.395360
v -0.272032 0.345854 -0.363648
v -0.273110 0.345443 -0.365035
v -0.272393 0.345857 -0.364114
v -0.272787 0.345707 -0.364621
v -0.253294 0.326021 -0.341302
v -0.251952 0.324054 -0.341752
v -0.252935 0.325440 -0.341278
v -0.252444 0.324721 -0.341443
v -0.264545 0.298417 -0.345707
v -0.267794 0.297520 -0.345126
v -0.264999 0.298042 -0.345911
v -0.266188 0.297713 -0.345698
v -0.324545 0.294273 -0.318967
v -0.325972 0.294496 -0.320106
v -0.323617 0.294365 -0.322369
v -0.323117 0.294045 -0.322133
v -0.323011 0.294025 -0.321994
v -0.322940 0.294082 -0.321854
v -0.324481 0.294212 -0.320036
v -0.325004 0.294294 -0.320453
v -0.321291 0.323741 -0.351647
v -0.321189 0.325579 -0.351372
v -0.321341 0.324341 -0.351650
v -0.321304 0.325014 -0.351549
v -0.284000 0.338668 -0.325492
v -0.291380 0.337979 -0.318348
v -0.288247 0.338012 -0.321565
v -0.286846 0.338445 -0.322931
v -0.289547 0.338193 -0.320316
v -0.290603 0.315775 -0.309311
v -0.289849 0.313758 -0.310651
v -0.290295 0.315109 -0.309667
v -0.290019 0.314371 -0.310158
v -0.315482 0.304709 -0.350667
v -0.316438 0.306211 -0.351207
v -0.315863 0.305105 -0.350925
v -0.316213 0.305655 -0.351123
v -0.333096 0.345890 -0.310561
v -0.331633 0.345541 -0.314301
v -0.333378 0.345835 -0.311702
v -0.333219 0.345966 -0.311522
v -0.333084 0.345991 -0.311431
v -0.332719 0.345880 -0.311697
v -0.332183 0.345753 -0.313066
v -0.321587 0.342782 -0.296165
v -0.342524 0.344314 -0.280620
v -0.341294 0.343542 -0.279300
v -0.328159 0.343388 -0.291152
v -0.327871 0.342955 -0.290900
v -0.333540 0.343513 -0.286606
v -0.342113 0.344123 -0.280189
v -0.335822 0.343949 -0.285463
v -0.338117 0.343886 -0.283167
v -0.335084 0.343233 -0.284726
v -0.341663 0.343841 -0.279706
v -0.337877 0.343661 -0.282927
v -0.319418 0.332933 -0.284371
v -0.320660 0.334528 -0.284573
v -0.319733 0.333488 -0.284372
v -0.320187 0.334072 -0.284446
v -0.335937 0.298030 -0.279866
v -0.335272 0.299063 -0.278013
v -0.335815 0.298265 -0.279039
v -0.335572 0.298643 -0.278361
v -0.369547 0.325985 -0.299289
v -0.368267 0.324217 -0.301203
v -0.368687 0.324958 -0.300924
v -0.368853 0.325452 -0.300428
v -0.368384 0.324805 -0.301129
v -0.340813 0.314025 -0.254068
v -0.341226 0.315817 -0.252749
v -0.340963 0.314565 -0.253429
v -0.341114 0.315221 -0.252946
v -0.397538 0.294189 -0.222572
v -0.399114 0.294592 -0.223411
v -0.398067 0.294175 -0.222854
v -0.398644 0.294322 -0.223162
v -0.371169 0.305528 -0.291483
v -0.368730 0.303983 -0.292641
v -0.371683 0.304416 -0.290069
v -0.371863 0.304562 -0.290152
v -0.371959 0.304805 -0.290265
v -0.370898 0.304966 -0.291453
v -0.370005 0.304400 -0.291877
v -0.416773 0.341715 -0.207724
v -0.415892 0.342720 -0.205651
v -0.415478 0.342550 -0.208694
v -0.415675 0.342423 -0.208811
v -0.416407 0.342146 -0.207519
v -0.416084 0.342514 -0.206760
v -0.368242 0.335393 -0.220524
v -0.372295 0.334338 -0.210079
v -0.367287 0.333737 -0.220143
v -0.369502 0.335088 -0.217166
v -0.367890 0.334912 -0.220366
v -0.368623 0.334757 -0.218432
v -0.370647 0.334162 -0.213296
v -0.370985 0.334702 -0.213343
v -0.369508 0.334517 -0.216161
v -0.367541 0.334306 -0.220227
v -0.368814 0.333942 -0.216980
v -0.368402 0.334390 -0.218373
v -0.386477 0.297882 -0.203924
v -0.385813 0.298830 -0.202041
v -0.386191 0.298144 -0.202077
v -0.386336 0.298043 -0.202129
v -0.386181 0.298076 -0.203341
v -0.385938 0.298423 -0.202652
v -0.431359 0.324191 -0.201372
v -0.429909 0.326008 -0.203864
v -0.430064 0.325299 -0.204480
v -0.430116 0.325023 -0.204506
v -0.430134 0.324577 -0.204290
v -0.430888 0.324796 -0.202544
v -0.430357 0.325461 -0.203456
v -0.411608 0.345413 -0.169445
v -0.413487 0.345668 -0.169641
v -0.412192 0.345610 -0.169502
v -0.412880 0.345703 -0.169574
v -0.383864 0.314066 -0.182499
v -0.382989 0.315749 -0.183414
v -0.384138 0.315041 -0.180670
v -0.384144 0.314695 -0.180647
v -0.383713 0.314561 -0.182276
v -0.383392 0.315176 -0.182611
v -0.413945 0.304345 -0.224776
v -0.415547 0.305877 -0.223863
v -0.414375 0.305126 -0.225743
v -0.414251 0.304907 -0.225700
v -0.414470 0.304757 -0.224690
v -0.415057 0.305318 -0.224355
v -0.406249 0.337519 -0.145218
v -0.406986 0.338774 -0.146791
v -0.406947 0.338413 -0.144561
v -0.406499 0.337998 -0.145534
v -0.406769 0.338458 -0.146110
v -0.400919 0.324762 -0.140219
v -0.400938 0.326588 -0.141516
v -0.400774 0.325358 -0.140760
v -0.400781 0.326026 -0.141235
v -0.422934 0.296700 -0.122883
v -0.424610 0.295910 -0.123398
v -0.423295 0.296012 -0.124986
v -0.423113 0.296055 -0.124921
v -0.423380 0.296350 -0.123371
v -0.423993 0.296060 -0.123560
v -0.444852 0.305115 -0.157843
v -0.445699 0.306559 -0.158192
v -0.445254 0.305486 -0.158001
v -0.445564 0.306014 -0.158129
v -0.462042 0.324233 -0.116153
v -0.461841 0.326003 -0.115685
v -0.462129 0.324813 -0.116043
v -0.462056 0.325461 -0.115872
v -0.448460 0.342578 -0.116206
v -0.451249 0.341562 -0.113032
v -0.450869 0.342335 -0.111921
v -0.450752 0.342403 -0.111907
v -0.449652 0.342367 -0.114568
v -0.450673 0.341995 -0.113406
v -0.414832 0.307337 -0.103865
v -0.415484 0.305650 -0.103594
v -0.414877 0.305611 -0.107603
v -0.414187 0.305985 -0.107771
v -0.414094 0.306170 -0.107735
v -0.414139 0.306527 -0.107635
v -0.414786 0.306645 -0.104913
v -0.415024 0.306027 -0.104813
v -0.440312 0.294162 -0.113204
v -0.442032 0.294555 -0.113426
v -0.440894 0.294162 -0.113281
v -0.441524 0.294306 -0.113362
v -0.432339 0.342276 -0.060775
v -0.430923 0.341315 -0.056062
v -0.430736 0.341303 -0.063483
v -0.431001 0.342080 -0.064484
v -0.431113 0.342158 -0.064511
v -0.431764 0.342092 -0.061155
v -0.431245 0.341740 -0.059430
v -0.420485 0.325978 -0.062469
v -0.419771 0.324063 -0.063467
v -0.420188 0.325420 -0.062582
v -0.419926 0.324719 -0.062948
v -0.433902 0.298683 -0.041937
v -0.434957 0.297646 -0.045897
v -0.434210 0.298279 -0.043065
v -0.434596 0.297899 -0.044514
v -0.461702 0.304314 -0.091715
v -0.462798 0.305832 -0.091716
v -0.462257 0.304722 -0.091279
v -0.462658 0.305278 -0.091279
v -0.475664 0.324673 -0.021794
v -0.475457 0.326501 -0.020327
v -0.475698 0.325275 -0.021570
v -0.475622 0.325944 -0.021033
v -0.454412 0.345477 -0.002945
v -0.456969 0.345739 -0.000531
v -0.458041 0.345417 0.004132
v -0.457201 0.345857 0.005476
v -0.457082 0.345890 0.005464
v -0.456772 0.345810 0.005351
v -0.455793 0.345663 0.000100
v -0.456729 0.345759 0.000983
v -0.424711 0.313812 -0.016488
v -0.424255 0.315908 -0.013451
v -0.424436 0.314447 -0.015499
v -0.424269 0.315214 -0.014387
v -0.471753 0.305349 -0.022059
v -0.472626 0.306962 -0.023137
v -0.472129 0.305798 -0.022625
v -0.472448 0.306388 -0.023019
v -0.426970 0.332188 0.019777
v -0.427851 0.333937 0.020313
v -0.427188 0.332754 0.019940
v -0.427510 0.333394 0.020136
v -0.427097 0.306877 0.023441
v -0.427983 0.305177 0.022933
v -0.427864 0.305575 0.018966
v -0.427663 0.305942 0.018990
v -0.427459 0.306216 0.022092
v -0.427784 0.305594 0.021906
v -0.471450 0.325215 0.065025
v -0.471316 0.323299 0.069849
v -0.471286 0.324156 0.070897
v -0.471250 0.324375 0.070886
v -0.471081 0.324697 0.070713
v -0.471461 0.324610 0.067472
v -0.471411 0.323909 0.069238
v -0.434553 0.345919 0.133389
v -0.428016 0.345599 0.141251
v -0.435079 0.345937 0.129596
v -0.435859 0.346013 0.128039
v -0.436045 0.346058 0.128052
v -0.436402 0.345953 0.128195
v -0.434162 0.345927 0.132846
v -0.431769 0.345810 0.135723
v -0.435316 0.342356 0.046263
v -0.433589 0.341463 0.046057
v -0.434718 0.342143 0.046192
v -0.434086 0.341816 0.046116
v -0.419729 0.320982 0.062545
v -0.419839 0.319060 0.061879
v -0.419741 0.320364 0.062328
v -0.419781 0.319661 0.062084
v -0.431526 0.297989 0.065184
v -0.430298 0.298794 0.063616
v -0.431165 0.298154 0.064414
v -0.430716 0.298449 0.063840
v -0.467479 0.305876 0.068120
v -0.466891 0.304339 0.063320
v -0.466750 0.304662 0.068831
v -0.466989 0.304869 0.068972
v -0.467070 0.305003 0.068989
v -0.467322 0.305316 0.067442
v -0.467107 0.304754 0.065685
v -0.414123 0.331101 0.104684
v -0.413197 0.329426 0.105114
v -0.413812 0.330579 0.104816
v -0.413473 0.329966 0.104973
v -0.412709 0.311328 0.105708
v -0.413700 0.309601 0.105234
v -0.412997 0.310775 0.105554
v -0.413360 0.310142 0.105380
v -0.445679 0.294242 0.097400
v -0.443634 0.294564 0.086904
v -0.444467 0.294234 0.102253
v -0.444424 0.294138 0.104100
v -0.444500 0.294164 0.104126
v -0.444724 0.294265 0.104161
v -0.445307 0.294387 0.102376
v -0.445080 0.294248 0.098110
v -0.444332 0.294366 0.094269
v -0.447980 0.313089 0.160289
v -0.448312 0.314904 0.160408
v -0.448712 0.314038 0.159513
v -0.448666 0.313836 0.159500
v -0.448203 0.313640 0.160370
v -0.448325 0.314304 0.160413
v -0.409785 0.341434 0.146779
v -0.411646 0.342329 0.146318
v -0.410227 0.341806 0.146897
v -0.410908 0.342134 0.146729
v -0.400891 0.320916 0.139487
v -0.400873 0.319088 0.139495
v -0.400885 0.320336 0.139500
v -0.400878 0.319667 0.139503
v -0.409604 0.298688 0.147010
v -0.410532 0.297702 0.149444
v -0.409949 0.298297 0.147443
v -0.410288 0.297936 0.148334
v -0.441166 0.300846 0.155567
v -0.441506 0.301979 0.157973
v -0.441289 0.301172 0.156849
v -0.441155 0.301103 0.156705
v -0.441280 0.301517 0.157586
v -0.384263 0.330758 0.186148
v -0.383828 0.329023 0.184958
v -0.384097 0.330221 0.185757
v -0.383938 0.329586 0.185321
v -0.383638 0.310919 0.185422
v -0.384345 0.309241 0.185899
v -0.383836 0.310383 0.185560
v -0.384094 0.309768 0.185734
v -0.409113 0.297797 0.219617
v -0.410540 0.296893 0.213847
v -0.409221 0.296938 0.217581
v -0.408458 0.296983 0.219324
v -0.408615 0.297076 0.219426
v -0.409293 0.297388 0.218456
v -0.409815 0.297057 0.216344
v -0.409125 0.316248 0.243917
v -0.409764 0.314435 0.242031
v -0.409151 0.315026 0.243884
v -0.409197 0.315237 0.243968
v -0.409212 0.315403 0.243974
v -0.409457 0.315655 0.243396
v -0.409691 0.314991 0.242706
v -0.396535 0.334157 0.257620
v -0.392433 0.335173 0.262154
v -0.395163 0.335172 0.258918
v -0.396214 0.335231 0.257371
v -0.396356 0.335034 0.257408
v -0.395759 0.334615 0.258474
v -0.394258 0.334987 0.260133
v -0.376641 0.342942 0.222530
v -0.375616 0.341893 0.221438
v -0.376304 0.342660 0.222183
v -0.375929 0.342276 0.221783
v -0.365879 0.320951 0.215410
v -0.366096 0.319039 0.214833
v -0.365928 0.320347 0.215215
v -0.366007 0.319647 0.215004
v -0.373275 0.298592 0.223818
v -0.375351 0.297535 0.223666
v -0.373775 0.298195 0.223899
v -0.374535 0.297808 0.223844
v -0.350179 0.333709 0.246143
v -0.350623 0.335412 0.247061
v -0.348309 0.335038 0.249691
v -0.348141 0.334712 0.249554
v -0.349736 0.334374 0.247256
v -0.349899 0.334997 0.247592
v -0.340833 0.310611 0.255946
v -0.341489 0.308884 0.256357
v -0.341012 0.310052 0.256055
v -0.341252 0.309420 0.256205
v -0.336776 0.294181 0.305645
v -0.336665 0.294409 0.308233
v -0.338700 0.294129 0.305380
v -0.338522 0.293997 0.305170
v -0.338407 0.293970 0.305089
v -0.338296 0.294014 0.305032
v -0.337172 0.294134 0.306098
v -0.337131 0.294218 0.307046
v -0.351311 0.326597 0.321054
v -0.355459 0.325590 0.316455
v -0.352853 0.325086 0.319808
v -0.352199 0.325962 0.320535
v -0.352179 0.326112 0.320520
v -0.352457 0.326269 0.320005
v -0.353976 0.325901 0.318322
v -0.334549 0.345792 0.307862
v -0.335842 0.345415 0.308954
v -0.334992 0.345811 0.308235
v -0.335465 0.345673 0.308635
v -0.322880 0.342331 0.294391
v -0.321731 0.341344 0.293517
v -0.322480 0.342137 0.294079
v -0.322060 0.341776 0.293759
v -0.314644 0.325986 0.285843
v -0.314721 0.324156 0.284934
v -0.314600 0.325422 0.285485
v -0.314628 0.324752 0.285152
v -0.315717 0.298733 0.299855
v -0.288349 0.298971 0.321823
v -0.316879 0.297827 0.301005
v -0.307270 0.298845 0.306841
v -0.316045 0.298363 0.300189
v -0.310874 0.298435 0.304348
v -0.297273 0.298482 0.315050
v -0.297253 0.298932 0.314882
v -0.304846 0.298475 0.309126
v -0.316470 0.298032 0.300609
v -0.307716 0.298063 0.307430
v -0.311025 0.298188 0.304543
v -0.284493 0.311362 0.317271
v -0.285457 0.309579 0.317403
v -0.284764 0.310789 0.317279
v -0.285117 0.310136 0.317327
v -0.281143 0.314764 0.384108
v -0.283867 0.316711 0.382750
v -0.284688 0.315844 0.382216
v -0.284680 0.315675 0.382201
v -0.284594 0.315460 0.382169
v -0.282540 0.315381 0.383476
v -0.283537 0.316093 0.382979
v -0.282668 0.328987 0.381133
v -0.284420 0.330426 0.379116
v -0.283318 0.329928 0.380356
v -0.282868 0.329539 0.380816
v -0.283509 0.330066 0.380077
v -0.247336 0.345768 0.382369
v -0.250333 0.345562 0.382256
v -0.246209 0.345637 0.385095
v -0.245753 0.345950 0.384753
v -0.245672 0.345980 0.384573
v -0.245635 0.345917 0.384414
v -0.247471 0.345819 0.383046
v -0.248569 0.345743 0.383005
v -0.259044 0.342335 0.351921
v -0.259381 0.341318 0.349738
v -0.259334 0.342127 0.350991
v -0.259457 0.341755 0.350192
v -0.253201 0.326018 0.341468
v -0.253583 0.324179 0.340408
v -0.253131 0.325472 0.341164
v -0.253271 0.324799 0.340776
v -0.256956 0.301109 0.346462
v -0.256927 0.302811 0.346058
v -0.257045 0.301685 0.346463
v -0.257034 0.302308 0.346315
v -0.274231 0.294484 0.364205
v -0.274067 0.294256 0.361863
v -0.270823 0.294105 0.365507
v -0.270865 0.294050 0.365626
v -0.270939 0.294067 0.365760
v -0.271147 0.294204 0.365975
v -0.273307 0.294295 0.364263
v -0.273247 0.294211 0.363406
v -0.239119 0.335775 0.405874
v -0.234166 0.334712 0.409769
v -0.233738 0.335511 0.409794
v -0.233680 0.335705 0.409677
v -0.235005 0.335978 0.408501
v -0.236803 0.335581 0.407663
v -0.234990 0.335192 0.409089
v -0.211842 0.315686 0.367680
v -0.212852 0.313831 0.367735
v -0.212118 0.315073 0.367621
v -0.212488 0.314394 0.367641
v -0.224723 0.314899 0.419073
v -0.225463 0.313057 0.418293
v -0.223342 0.313706 0.419878
v -0.223360 0.314062 0.419944
v -0.224649 0.314288 0.419140
v -0.224920 0.313614 0.418854
v -0.186362 0.341213 0.393245
v -0.189688 0.342192 0.393305
v -0.185722 0.342007 0.394142
v -0.185693 0.341906 0.394041
v -0.186911 0.341628 0.393452
v -0.188128 0.341987 0.393474
v -0.182541 0.330711 0.385896
v -0.182708 0.328959 0.384888
v -0.182563 0.330185 0.385510
v -0.182624 0.329543 0.385141
v -0.203098 0.298701 0.385479
v -0.204401 0.297664 0.386490
v -0.228607 0.298936 0.367236
v -0.203480 0.298303 0.385740
v -0.211257 0.298809 0.379834
v -0.208370 0.298376 0.382262
v -0.212004 0.297957 0.380177
v -0.203957 0.297924 0.386110
v -0.208609 0.298106 0.382384
v -0.220594 0.298894 0.373157
v -0.220864 0.298423 0.373130
v -0.213955 0.298415 0.378216
v -0.146964 0.314738 0.398491
v -0.145550 0.316702 0.398708
v -0.146484 0.315359 0.398493
v -0.145967 0.316078 0.398572
v -0.182956 0.304274 0.434101
v -0.182079 0.305855 0.435474
v -0.184042 0.305110 0.434501
v -0.183991 0.304860 0.434348
v -0.182904 0.304719 0.434555
v -0.182583 0.305298 0.435057
v -0.027341 0.345111 0.457292
v -0.032819 0.345490 0.455672
v -0.031717 0.345553 0.456254
v -0.031759 0.345524 0.456440
v -0.031724 0.345338 0.456765
v -0.029333 0.345323 0.456810
v -0.031338 0.345462 0.456217
v -0.077153 0.344031 0.433787
v -0.079122 0.343039 0.432162
v -0.085971 0.343577 0.431991
v -0.086203 0.343895 0.432259
v -0.084375 0.343940 0.433010
v -0.080391 0.343855 0.433139
v -0.081112 0.343492 0.432545
v -0.104426 0.333885 0.415280
v -0.103602 0.335496 0.416667
v -0.104156 0.334431 0.415633
v -0.103854 0.335021 0.416141
v -0.104027 0.304765 0.416504
v -0.103191 0.306216 0.415441
v -0.103747 0.305163 0.416098
v -0.103441 0.305694 0.415709
v -0.125273 0.305336 0.455017
v -0.127602 0.303768 0.453144
v -0.122621 0.304101 0.455144
v -0.122582 0.304381 0.455518
v -0.122673 0.304670 0.455666
v -0.124956 0.304771 0.454882
v -0.125808 0.304197 0.454197
v -0.065200 0.318970 0.419621
v -0.064588 0.320814 0.419683
v -0.061396 0.320374 0.420116
v -0.061312 0.319880 0.420010
v -0.064052 0.319594 0.419737
v -0.063828 0.320269 0.419759
v -0.027883 0.334438 0.427701
v -0.029114 0.335946 0.428502
v -0.024542 0.335570 0.428384
v -0.024529 0.335320 0.428191
v -0.027179 0.335005 0.428005
v -0.027630 0.335557 0.428298
v -0.017417 0.315995 0.424189
v -0.018528 0.314099 0.424419
v -0.021267 0.314739 0.423937
v -0.021266 0.314970 0.423939
v -0.018617 0.315322 0.424163
v -0.019024 0.314628 0.424247
v 0.002743 0.305932 0.428576
v 0.002908 0.304554 0.429861
v 0.002794 0.305444 0.428914
v 0.002855 0.304940 0.429384
v 0.016359 0.294929 0.443733
v 0.016798 0.293920 0.445177
v 0.010091 0.294054 0.446770
v 0.008431 0.293916 0.446076
v 0.008442 0.293933 0.445914
v 0.009105 0.294429 0.445275
v 0.013877 0.294423 0.444777
v 0.014038 0.294054 0.445306
v 0.017629 0.341470 0.434750
v 0.024423 0.342383 0.436504
v 0.023568 0.342185 0.435407
v 0.023541 0.342078 0.435268
v 0.022324 0.341415 0.434907
v 0.020353 0.341846 0.435259
v 0.022839 0.342180 0.435901
v 0.018732 0.331055 0.426729
v 0.021822 0.329490 0.425637
v 0.017548 0.329919 0.426072
v 0.017485 0.330400 0.426168
v 0.019049 0.330563 0.426360
v 0.020179 0.329991 0.425960
v 0.031636 0.297276 0.462599
v 0.026613 0.298227 0.464603
v 0.025396 0.297527 0.464131
v 0.025396 0.297386 0.463908
v 0.025703 0.297276 0.463335
v 0.029037 0.297454 0.463397
v 0.027199 0.297802 0.464131
v 0.030840 0.312611 0.474457
v 0.033310 0.314455 0.474667
v 0.030111 0.313626 0.475025
v 0.030095 0.313314 0.474945
v 0.031257 0.313152 0.474687
v 0.032161 0.313827 0.474763
v 0.069834 0.329637 0.469108
v 0.065000 0.330863 0.469368
v 0.066557 0.330328 0.469512
v 0.066654 0.329972 0.469576
v 0.068347 0.330075 0.469265
v 0.066578 0.330524 0.469360
v 0.054181 0.345361 0.453544
v 0.053270 0.345755 0.451806
v 0.054039 0.345623 0.453022
v 0.053706 0.345768 0.452385
v 0.060958 0.321455 0.420110
v 0.059538 0.319418 0.420354
v 0.060500 0.320808 0.420139
v 0.059980 0.320062 0.420229
v 0.087594 0.304612 0.420490
v 0.088345 0.306278 0.419314
v 0.087825 0.305119 0.420062
v 0.088100 0.305728 0.419631
v 0.110925 0.316216 0.463155
v 0.113832 0.314431 0.462246
v 0.114663 0.315166 0.462375
v 0.114684 0.315425 0.462432
v 0.114193 0.316120 0.462430
v 0.112350 0.315639 0.462883
v 0.113414 0.314985 0.462550
v 0.118691 0.336006 0.455718
v 0.124070 0.334831 0.455320
v 0.125549 0.335677 0.454683
v 0.125532 0.335845 0.454580
v 0.125336 0.336091 0.454308
v 0.123630 0.335991 0.454902
v 0.121578 0.335792 0.455377
v 0.123547 0.335362 0.455231
v 0.155641 0.345411 0.429255
v 0.156714 0.345825 0.427038
v 0.155701 0.345683 0.428684
v 0.156094 0.345834 0.427873
v 0.098655 0.333858 0.416703
v 0.096880 0.335498 0.417642
v 0.102152 0.335633 0.417182
v 0.102982 0.335113 0.416150
v 0.102924 0.334820 0.416041
v 0.099652 0.334509 0.416719
v 0.099002 0.335109 0.417063
v 0.114408 0.297470 0.421689
v 0.111193 0.298301 0.420852
v 0.113190 0.297649 0.421440
v 0.112013 0.297953 0.421134
v 0.114881 0.302668 0.455434
v 0.116590 0.301493 0.453863
v 0.115900 0.301841 0.454642
v 0.115138 0.302197 0.455042
v 0.115764 0.301767 0.454467
v 0.143610 0.326107 0.399972
v 0.142559 0.324188 0.399955
v 0.143241 0.325503 0.399887
v 0.142857 0.324800 0.399881
v 0.169015 0.294486 0.418441
v 0.161759 0.294122 0.425368
v 0.155790 0.294272 0.428735
v 0.154020 0.294179 0.429232
v 0.153882 0.294045 0.428958
v 0.153853 0.294019 0.428813
v 0.153864 0.294103 0.428528
v 0.162852 0.294267 0.423122
v 0.160197 0.294134 0.425658
v 0.190705 0.341994 0.391538
v 0.187807 0.340740 0.392160
v 0.185108 0.341502 0.394078
v 0.185070 0.341778 0.394210
v 0.185109 0.341879 0.394334
v 0.185369 0.341944 0.394692
v 0.188603 0.341775 0.392506
v 0.187542 0.341316 0.392734
v 0.182876 0.306143 0.387266
v 0.183838 0.304565 0.387885
v 0.183151 0.305589 0.387392
v 0.183503 0.305012 0.387618
v 0.212285 0.296423 0.386195
v 0.213026 0.295410 0.387771
v 0.212508 0.296102 0.386672
v 0.212780 0.295731 0.387249
v 0.249192 0.345882 0.381364
v 0.247104 0.345473 0.384209
v 0.249679 0.345800 0.382092
v 0.249569 0.345940 0.381858
v 0.249458 0.345961 0.381727
v 0.249391 0.345923 0.381668
v 0.248756 0.345856 0.382136
v 0.247991 0.345706 0.383177
v 0.211072 0.324366 0.368314
v 0.211216 0.326096 0.368613
v 0.213302 0.325476 0.366876
v 0.213277 0.325211 0.366824
v 0.211598 0.324947 0.368006
v 0.211651 0.325580 0.368116
v 0.258448 0.344180 0.358313
v 0.259403 0.343355 0.354995
v 0.258458 0.343991 0.356554
v 0.258901 0.344010 0.357059
v 0.259250 0.343708 0.355844
v 0.253276 0.320973 0.340730
v 0.255444 0.319266 0.338796
v 0.252548 0.319141 0.341247
v 0.251937 0.320108 0.341345
v 0.253377 0.320388 0.340498
v 0.254171 0.319763 0.339790
v 0.247029 0.304640 0.350655
v 0.249358 0.306112 0.347961
v 0.249868 0.305272 0.347798
v 0.249958 0.305049 0.347924
v 0.248109 0.305032 0.349485
v 0.248962 0.305570 0.348499
v 0.318241 0.294104 0.323657
v 0.319969 0.294015 0.321328
v 0.319859 0.294170 0.320617
v 0.321241 0.294056 0.319924
v 0.321388 0.294000 0.320009
v 0.321581 0.294060 0.320194
v 0.319414 0.294054 0.322304
v 0.320047 0.294021 0.321452
v 0.311949 0.342601 0.306879
v 0.312288 0.341393 0.304263
v 0.311824 0.342306 0.306247
v 0.311948 0.341863 0.305290
v 0.257089 0.333601 0.341583
v 0.260257 0.334828 0.340763
v 0.261139 0.334329 0.339179
v 0.261011 0.334085 0.339020
v 0.259856 0.333330 0.339783
v 0.258696 0.333985 0.340790
v 0.259855 0.334434 0.340490
v 0.289483 0.311422 0.312728
v 0.288458 0.309660 0.314799
v 0.286965 0.310345 0.315333
v 0.286931 0.310657 0.315264
v 0.288695 0.310829 0.313722
v 0.288320 0.310184 0.314480
v 0.301260 0.297480 0.316806
v 0.299485 0.298490 0.316056
v 0.300523 0.297704 0.316603
v 0.299873 0.298074 0.316329
v 0.315805 0.326125 0.284538
v 0.314174 0.324191 0.285522
v 0.315104 0.325511 0.284912
v 0.314507 0.324803 0.285272
v 0.382525 0.345356 0.248766
v 0.382234 0.345748 0.245633
v 0.382400 0.345912 0.246596
v 0.382463 0.345951 0.246666
v 0.382577 0.345933 0.246762
v 0.382717 0.345626 0.247320
v 0.382611 0.345770 0.246173
v 0.365798 0.342146 0.239900
v 0.363547 0.341259 0.240402
v 0.365170 0.341950 0.239809
v 0.364347 0.341625 0.239993
v 0.344655 0.310998 0.250768
v 0.345081 0.309280 0.251580
v 0.344732 0.310427 0.250981
v 0.344888 0.309798 0.251278
v 0.350043 0.298657 0.258810
v 0.348449 0.297620 0.263410
v 0.349963 0.298232 0.259621
v 0.349380 0.297853 0.261304
v 0.396785 0.324188 0.262579
v 0.396481 0.325947 0.262443
v 0.397175 0.325165 0.262135
v 0.397105 0.324783 0.262109
v 0.396994 0.325427 0.262060
v 0.361977 0.326875 0.223204
v 0.361138 0.325052 0.223479
v 0.361810 0.326350 0.222938
v 0.361503 0.325683 0.223038
v 0.412082 0.345825 0.191053
v 0.415151 0.345557 0.189263
v 0.414998 0.345999 0.187571
v 0.414829 0.346033 0.187513
v 0.414608 0.345984 0.187486
v 0.413413 0.345865 0.189869
v 0.414537 0.345767 0.189214
v 0.383890 0.313943 0.182638
v 0.384604 0.315978 0.180064
v 0.383953 0.314562 0.181873
v 0.384214 0.315307 0.180931
v 0.393246 0.298517 0.187458
v 0.394207 0.297611 0.188021
v 0.393548 0.298104 0.187642
v 0.393900 0.297772 0.187848
v 0.413315 0.294076 0.186905
v 0.413694 0.294463 0.191276
v 0.412147 0.294302 0.194151
v 0.411648 0.294021 0.194114
v 0.411491 0.293981 0.194024
v 0.411135 0.294170 0.192948
v 0.412909 0.294093 0.189802
v 0.413047 0.294235 0.191402
v 0.427955 0.327029 0.207338
v 0.427646 0.325179 0.208584
v 0.428642 0.325806 0.206944
v 0.428635 0.326159 0.206865
v 0.428031 0.326468 0.207669
v 0.427918 0.325791 0.208125
v 0.414138 0.343424 0.148413
v 0.415097 0.344163 0.150291
v 0.415318 0.344047 0.147242
v 0.414628 0.343756 0.148591
v 0.414979 0.344027 0.149278
v 0.399864 0.333701 0.152851
v 0.402077 0.335551 0.150304
v 0.400513 0.334362 0.151881
v 0.401323 0.335039 0.150948
v 0.411973 0.306444 0.117153
v 0.413133 0.304965 0.116923
v 0.411201 0.305444 0.121699
v 0.411047 0.305692 0.121641
v 0.411426 0.306390 0.120222
v 0.411938 0.305920 0.118439
v 0.412363 0.305379 0.118354
v 0.410277 0.326572 0.110051
v 0.413607 0.327857 0.098496
v 0.410509 0.324965 0.109289
v 0.411394 0.326911 0.106481
v 0.410260 0.326084 0.109787
v 0.411042 0.326398 0.107264
v 0.412407 0.326940 0.102169
v 0.412613 0.327381 0.102252
v 0.411733 0.326672 0.104815
v 0.410345 0.325496 0.109508
v 0.411274 0.325881 0.106119
v 0.411008 0.326064 0.107151
v 0.439544 0.295830 0.058016
v 0.437841 0.296505 0.058883
v 0.439012 0.295987 0.058274
v 0.438389 0.296234 0.058592
v 0.444421 0.294624 0.106794
v 0.444055 0.294237 0.102387
v 0.444361 0.294148 0.103546
v 0.444524 0.294182 0.103567
v 0.444714 0.294309 0.103641
v 0.444336 0.294398 0.105376
v 0.444202 0.294256 0.103763
v 0.420415 0.320914 0.059739
v 0.420224 0.319057 0.062059
v 0.419777 0.319765 0.063239
v 0.419722 0.320129 0.063249
v 0.420206 0.320331 0.060983
v 0.420136 0.319651 0.061832
v 0.424674 0.305515 0.058757
v 0.425830 0.304037 0.058544
v 0.424940 0.304969 0.058677
v 0.425363 0.304429 0.058599
vn 0.5823 0.8124 -0.0297
vn 0.5364 -0.8440 -0.0004
vn 0.8204 -0.5652 -0.0867
vn 0.3946 0.9102 -0.1259
vn 0.5336 -0.8268 -0.1781
vn 0.8670 0.2096 -0.4521
vn 0.4710 0.8398 -0.2699
vn -0.8050 -0.3364 0.4888
vn 0.7340 -0.5607 -0.3831
vn 0.8152 -0.1880 -0.5479
vn 0.6726 0.5429 -0.5029
vn 0.5435 -0.7115 -0.4455
vn 0.3804 0.8195 -0.4287
vn 0.4035 0.5499 -0.7313
vn 0.2078 0.9244 -0.3198
vn 0.2476 -0.8472 -0.4701
vn 0.4597 -0.1877 -0.8680
vn 0.2083 0.7250 -0.6565
vn 0.0859 0.8248 -0.5588
vn 0.1016 -0.2047 -0.9735
vn 0.0312 -0.6804 -0.7322
vn -0.0511 -0.1815 -0.9821
vn -0.0497 -0.9266 -0.3728
vn -0.1419 -0.5654 -0.8125
vn -0.1834 0.1387 -0.9732
vn -0.2180 0.6014 -0.7687
vn -0.2784 -0.1675 -0.9457
vn -0.0664 -0.9771 -0.2022
vn -0.2987 -0.5884 -0.7514
vn -0.3731 0.1610 -0.9137
vn -0.3799 0.6097 -0.6956
vn -0.4548 -0.1922 -0.8696
vn -0.2225 -0.9172 -0.3305
vn -0.4591 0.7242 -0.5146
vn -0.6707 0.5803 -0.4620
vn -0.8284 -0.1597 -0.5370
vn -0.7624 0.6470 0.0040
vn -0.4165 -0.9091 0.0025
vn -0.5865 0.8008 0.1215
vn -0.7855 0.5464 0.2908
vn -0.0445 -0.9989 0.0123
vn -0.4530 0.8602 0.2340
vn -0.5898 -0.6824 0.4318
vn -0.6828 -0.3938 0.6153
vn -0.4894 0.6819 0.5436
vn -0.4939 -0.6730 0.5506
vn -0.3709 -0.7097 0.5990
vn -0.1613 -0.9129 0.3750
vn -0.3353 0.1711 0.9265
vn -0.1745 0.8274 0.5337
vn 0.1224 -0.9092 -0.3980
vn -0.0510 -0.9621 0.2678
vn -0.1951 -0.1335 0.9717
vn -0.1388 0.5694 0.8102
vn -0.0460 0.1942 0.9799
vn -0.0782 -0.5562 0.8274
vn 0.0352 0.6771 0.7351
vn -0.0871 0.9283 -0.3614
vn 0.3620 0.1574 0.9188
vn 0.3737 0.5809 0.7232
vn 0.3220 -0.5965 0.7352
vn 0.4701 -0.1734 0.8654
vn 0.2653 -0.8959 0.3564
vn 0.5372 0.2196 0.8143
vn 0.5131 0.5916 0.6219
vn 0.4674 -0.5099 0.7221
vn 0.6288 -0.1404 0.7648
vn 0.3327 0.8877 0.3184
vn 0.5725 -0.5793 0.5803
vn 0.7271 0.1786 0.6629
vn 0.5686 0.7025 0.4281
vn 0.4378 -0.8344 0.3350
vn 0.7536 -0.3560 0.5526
vn 0.6318 0.7159 0.2971
vn 0.7258 -0.5572 0.4034
vn 0.9048 -0.2051 0.3732
vn 0.7624 -0.5979 0.2474
vn 0.9346 0.2018 0.2931
vn 0.5282 0.8370 0.1429
vn 0.9591 -0.2050 0.1951
vn 0.0922 0.9957 0.0084
vn 0.8362 -0.5415 0.0870
vn 0.8375 0.5328 0.1210
vn 0.9873 -0.1578 0.0195
vn 0.8797 0.4755 -0.0033
vn 0.9408 0.3368 0.0370
vn 0.9976 0.0565 0.0401
vn 0.9987 0.0089 -0.0502
vn 0.9910 0.1247 -0.0486
vn -0.8507 0.4701 -0.2350
vn -0.2602 0.9653 -0.0202
vn -0.5800 0.8142 -0.0258
vn -0.7299 0.6600 -0.1781
vn -0.7726 0.6124 -0.1675
vn -0.6011 0.7938 -0.0924
vn -0.2880 0.9576 -0.0051
vn -0.5400 0.8359 -0.0980
vn -0.4432 0.8956 -0.0392
vn -0.6908 0.7154 -0.1053
vn -0.4401 0.8978 -0.0168
vn -0.5594 0.8267 -0.0609
vn -0.9379 0.3429 -0.0532
vn -0.7195 0.6941 -0.0239
vn -0.9024 0.4299 -0.0287
vn -0.8179 0.5747 -0.0266
vn -0.9731 -0.2235 0.0559
vn -0.9856 0.1644 0.0386
vn -0.9944 -0.0937 0.0490
vn -0.9971 0.0629 0.0439
vn -0.7407 -0.6718 0.0049
vn -0.9435 -0.3250 0.0652
vn -0.8906 -0.4419 0.1075
vn -0.8224 -0.5659 0.0586
vn -0.8574 -0.5139 0.0266
vn -0.9059 -0.4227 0.0251
vn 0.8899 0.4527 -0.0564
vn 0.9878 -0.1494 -0.0439
vn 0.9962 0.0447 -0.0753
vn 0.9383 0.3343 -0.0886
vn 0.9871 0.1600 -0.0043
vn 0.9990 0.0443 -0.0059
vn -0.4142 0.9054 0.0934
vn 0.1388 0.9897 -0.0355
vn -0.2783 0.9586 0.0605
vn -0.0651 0.9979 0.0036
vn -0.5963 0.7983 0.0844
vn -0.9352 0.3389 0.1025
vn -0.7147 0.6920 0.1017
vn -0.8246 0.5547 0.1109
vn -0.2555 -0.9663 0.0327
vn -0.6765 -0.7296 0.1001
vn -0.4028 -0.9131 0.0629
vn -0.5318 -0.8426 0.0848
vn -0.1519 -0.9873 0.0473
vn 0.3838 -0.9181 -0.0989
vn 0.4047 -0.9119 -0.0680
vn 0.2566 -0.9662 -0.0249
vn -0.0088 -0.9999 -0.0058
vn -0.0945 -0.9955 -0.0009
vn 0.0486 -0.9986 -0.0210
vn 0.1204 -0.9915 -0.0489
vn 0.9064 -0.3902 -0.1618
vn 0.9694 0.0865 -0.2299
vn 0.9594 -0.1456 -0.2414
vn 0.8839 -0.4070 -0.2304
vn 0.9449 -0.1703 -0.2796
vn 0.9267 0.2617 -0.2697
vn 0.6587 0.7335 -0.1676
vn 0.7403 0.6541 -0.1553
vn 0.8916 0.4089 -0.1947
vn 0.9362 0.2588 -0.2380
vn 0.8456 0.4670 -0.2587
vn 0.8244 0.5076 -0.2504
vn -0.8568 0.4585 0.2357
vn -0.9383 0.1505 0.3112
vn -0.9439 0.2374 0.2298
vn -0.9314 0.3096 0.1912
vn -0.8895 0.3649 0.2749
vn -0.9070 0.3134 0.2814
vn -0.9677 0.1495 0.2032
vn -0.8350 -0.4964 0.2373
vn -0.9773 -0.0127 0.2114
vn -0.9499 -0.2191 0.2228
vn 0.9545 0.1087 -0.2777
vn 0.8553 -0.4401 -0.2734
vn 0.8922 -0.2934 -0.3433
vn 0.9325 0.0102 -0.3610
vn 0.9386 0.1322 -0.3187
vn 0.9546 -0.1375 -0.2642
vn 0.9368 -0.2343 -0.2599
vn 0.6266 0.7474 -0.2209
vn 0.8909 0.3283 -0.3140
vn 0.8346 0.4384 -0.3336
vn 0.6731 0.6861 -0.2759
vn 0.8054 0.5415 -0.2411
vn 0.8411 0.4771 -0.2550
vn -0.2013 0.9722 0.1197
vn -0.6977 0.6574 0.2847
vn -0.5431 0.8104 0.2198
vn -0.3686 0.9074 0.2019
vn -0.3508 0.9184 0.1831
vn -0.5322 0.8023 0.2701
vn -0.6728 0.6989 0.2426
vn -0.4840 0.8356 0.2599
vn -0.6117 0.7296 0.3057
vn -0.4751 0.8491 0.2311
vn -0.5627 0.7989 0.2124
vn -0.5603 0.7814 0.2748
vn -0.9219 0.0822 0.3786
vn -0.9294 -0.0496 0.3657
vn -0.9474 0.0938 0.3059
vn -0.9459 0.0508 0.3205
vn -0.9249 0.0225 0.3794
vn -0.9250 -0.0165 0.3795
vn -0.6692 -0.6912 0.2728
vn -0.3707 -0.9174 0.1445
vn -0.5603 -0.7955 0.2306
vn -0.4381 -0.8807 0.1800
vn -0.8900 0.2654 0.3707
vn -0.7772 0.5104 0.3680
vn -0.8153 0.3677 0.4473
vn -0.8390 0.3347 0.4290
vn -0.8449 0.3900 0.3661
vn -0.8131 0.4617 0.3546
vn -0.7822 -0.5008 0.3707
vn -0.9118 -0.1885 0.3649
vn -0.8310 -0.3631 0.4214
vn -0.8044 -0.4078 0.4321
vn -0.8259 -0.4369 0.3564
vn -0.8680 -0.3361 0.3654
vn -0.0539 -0.9983 0.0216
vn 0.4128 -0.8721 -0.2627
vn 0.0812 -0.9924 -0.0929
vn 0.2548 -0.9481 -0.1905
vn -0.3817 0.9068 0.1788
vn 0.3438 0.9009 -0.2651
vn -0.0154 0.9986 0.0509
vn -0.1390 0.9830 0.1195
vn -0.0914 0.9946 0.0497
vn -0.1918 0.9758 0.1055
vn 0.0709 0.9974 -0.0159
vn 0.3183 0.9024 -0.2905
vn 0.1787 0.9811 -0.0745
vn 0.2174 0.9720 -0.0894
vn -0.1937 0.9362 0.2932
vn 0.2433 0.9388 -0.2438
vn 0.1125 0.9931 -0.0326
vn -0.1225 0.9895 0.0762
vn -0.1727 0.9644 0.2000
vn -0.0130 0.9996 0.0240
vn -0.8497 0.1468 0.5064
vn -0.8301 -0.2338 0.5062
vn -0.8543 0.0115 0.5197
vn -0.8457 -0.1314 0.5172
vn -0.1510 0.9802 0.1281
vn -0.3893 0.8628 0.3226
vn -0.2294 0.9553 0.1866
vn -0.3178 0.9135 0.2542
vn -0.5187 0.7323 0.4412
vn -0.7565 0.2621 0.5992
vn -0.7868 0.3242 0.5252
vn -0.7892 0.3605 0.4972
vn -0.7340 0.5135 0.4444
vn -0.7028 0.5430 0.4595
vn -0.7111 0.4082 0.5725
vn -0.7305 0.3359 0.5946
vn -0.5860 -0.6729 0.4515
vn -0.2186 -0.9589 0.1807
vn -0.4836 -0.7826 0.3921
vn -0.3577 -0.8888 0.2864
vn 0.7170 -0.0570 -0.6947
vn 0.6114 0.4853 -0.6250
vn 0.6851 0.3924 -0.6137
vn 0.7584 0.0673 -0.6483
vn 0.6743 0.1174 -0.7290
vn 0.6647 0.2016 -0.7194
vn -0.4748 0.6774 0.5618
vn -0.5435 0.6176 0.5685
vn -0.5125 0.7240 0.4617
vn -0.5120 0.6715 0.5356
vn -0.4996 0.6439 0.5794
vn -0.5195 0.5984 0.6099
vn -0.7469 0.0201 0.6646
vn -0.6698 -0.3719 0.6427
vn -0.7386 -0.0767 0.6698
vn -0.7279 -0.1840 0.6605
vn 0.0313 -0.9995 -0.0010
vn 0.3580 -0.8367 -0.4145
vn -0.0060 -0.9996 0.0261
vn 0.2871 -0.8649 -0.4116
vn 0.0469 -0.9976 0.0516
vn 0.2751 -0.9240 -0.2655
vn 0.3655 -0.8724 -0.3246
vn 0.2999 -0.8495 -0.4341
vn 0.3284 -0.8897 -0.3171
vn 0.0218 -0.9988 0.0433
vn 0.2112 -0.9623 -0.1714
vn 0.2517 -0.9474 -0.1976
vn 0.6250 -0.5338 -0.5696
vn 0.6987 -0.1950 -0.6883
vn 0.6705 -0.3425 -0.6581
vn 0.5806 -0.5106 -0.6342
vn 0.6495 -0.3148 -0.6921
vn -0.6777 0.2404 0.6949
vn -0.5841 0.4960 0.6425
vn -0.5766 0.3082 0.7567
vn -0.6078 0.2726 0.7458
vn -0.6476 0.3480 0.6779
vn -0.6287 0.4170 0.6563
vn -0.3660 -0.7948 0.4841
vn -0.6169 -0.4142 0.6692
vn -0.4227 -0.7333 0.5325
vn -0.4823 -0.6556 0.5811
vn 0.5661 0.4673 -0.6791
vn 0.6250 -0.1012 -0.7740
vn 0.5821 0.0229 -0.8128
vn 0.5564 0.3560 -0.7508
vn 0.6614 0.1697 -0.7306
vn 0.6694 0.0816 -0.7384
vn -0.5928 0.1211 0.7962
vn -0.1519 0.9539 0.2589
vn -0.4663 0.6074 0.6431
vn -0.1887 0.9561 0.2241
vn -0.5024 0.5161 0.6937
vn -0.4922 0.5855 0.6442
vn -0.5167 0.5046 0.6916
vn -0.2421 0.8757 0.4178
vn -0.3124 0.8318 0.4587
vn -0.4352 0.6524 0.6205
vn -0.3657 0.8198 0.4406
vn -0.3289 0.7625 0.5572
vn -0.5083 0.5275 0.6807
vn -0.3512 0.8233 0.4459
vn -0.2878 0.8938 0.3438
vn -0.4653 0.6543 0.5961
vn -0.5939 0.0521 0.8029
vn -0.5957 -0.1835 0.7819
vn -0.5973 -0.0581 0.7999
vn -0.5941 -0.1380 0.7924
vn -0.5532 0.0396 0.8321
vn -0.0829 -0.9749 0.2067
vn -0.3389 -0.6681 0.6624
vn -0.1139 -0.9770 0.1800
vn -0.5374 -0.5956 0.5971
vn -0.2825 -0.7323 0.6197
vn -0.4850 -0.6162 0.6206
vn -0.5773 -0.0619 0.8142
vn -0.1602 -0.9255 0.3432
vn -0.1559 -0.9116 0.3804
vn -0.2850 -0.7819 0.5544
vn -0.2298 -0.8694 0.4374
vn -0.2473 -0.8331 0.4947
vn -0.2519 -0.8507 0.4615
vn -0.2531 -0.9160 0.3113
vn -0.1592 -0.9450 0.2856
vn -0.1862 -0.9315 0.3124
vn -0.4947 -0.6417 0.5861
vn -0.4365 -0.7467 0.5019
vn -0.4299 -0.7126 0.5544
vn 0.5909 -0.3109 -0.7444
vn 0.4925 -0.6854 -0.5363
vn 0.4545 -0.7045 -0.5450
vn 0.4212 -0.6954 -0.5822
vn 0.5218 -0.4239 -0.7403
vn 0.6067 -0.4031 -0.6852
vn 0.5870 -0.4740 -0.6563
vn -0.1188 0.9902 0.0728
vn 0.1715 0.8796 -0.4437
vn -0.0766 0.9913 0.1072
vn 0.1582 0.9195 -0.3599
vn -0.2612 0.9417 0.2120
vn -0.0304 0.9749 -0.2206
vn 0.0308 0.9323 -0.3603
vn 0.2115 0.8824 -0.4202
vn -0.0232 0.9430 -0.3320
vn -0.1763 0.9744 0.1398
vn -0.0655 0.9899 -0.1256
vn -0.1315 0.9782 -0.1606
vn -0.3398 0.7547 0.5612
vn -0.4578 0.3278 0.8264
vn -0.4037 0.6332 0.6603
vn -0.4474 0.4889 0.7489
vn -0.4431 -0.4999 0.7442
vn -0.3125 -0.7917 0.5250
vn -0.3760 -0.6611 0.6493
vn -0.3462 -0.7211 0.6001
vn -0.4071 0.1208 0.9054
vn -0.4363 -0.1401 0.8888
vn -0.4272 0.0448 0.9030
vn -0.4310 -0.0633 0.9001
vn 0.3101 -0.0931 -0.9461
vn 0.2769 0.4583 -0.8446
vn 0.3471 0.3278 -0.8787
vn 0.3626 0.0560 -0.9303
vn 0.2644 0.1262 -0.9561
vn 0.2576 0.2341 -0.9375
vn -0.0913 0.9656 0.2435
vn -0.2408 0.6533 0.7178
vn -0.1452 0.8986 0.4141
vn -0.1922 0.8092 0.5552
vn -0.3375 0.3693 0.8658
vn -0.2792 0.5750 0.7690
vn -0.2460 0.5152 0.8210
vn -0.3120 0.4813 0.8192
vn -0.2883 0.5742 0.7662
vn -0.3192 -0.3552 0.8786
vn -0.2609 -0.6448 0.7184
vn -0.2969 -0.4761 0.8278
vn -0.2693 -0.6022 0.7515
vn -0.0278 -0.9994 -0.0214
vn -0.0246 -0.9988 0.0422
vn 0.1352 -0.8505 -0.5083
vn -0.0943 -0.9945 0.0452
vn 0.1505 -0.8852 -0.4402
vn 0.0215 -0.9477 -0.3183
vn -0.0082 -0.9795 -0.2013
vn -0.0696 -0.9972 0.0281
vn -0.0341 -0.9585 -0.2829
vn 0.1724 -0.8562 -0.4870
vn 0.0370 -0.9060 -0.4216
vn 0.0358 -0.9029 -0.4284
vn 0.1750 -0.7831 -0.5967
vn 0.2886 -0.2796 -0.9157
vn 0.3175 -0.4112 -0.8545
vn 0.2393 -0.6893 -0.6838
vn 0.2021 -0.5355 -0.8200
vn 0.2147 -0.4457 -0.8691
vn -0.1956 0.4597 0.8663
vn -0.2715 -0.1377 0.9525
vn -0.2384 0.2185 0.9463
vn -0.2548 0.0368 0.9663
vn -0.0466 -0.9729 0.2266
vn -0.1695 -0.8213 0.5447
vn -0.0777 -0.8504 0.5204
vn -0.0420 -0.9080 0.4170
vn -0.0345 -0.9718 0.2332
vn -0.0813 -0.9374 0.3387
vn -0.1086 -0.9043 0.4129
vn 0.1916 0.4965 -0.8466
vn 0.2536 -0.1088 -0.9612
vn 0.2506 0.0663 -0.9658
vn 0.2552 0.2869 -0.9233
vn 0.3134 0.3112 -0.8972
vn 0.3218 0.1759 -0.9303
vn -0.0610 0.9024 0.4265
vn -0.1080 0.6807 0.7246
vn -0.0720 0.8721 0.4839
vn -0.0920 0.7852 0.6123
vn -0.0536 0.2768 0.9594
vn -0.1563 -0.1638 0.9740
vn -0.0780 0.2218 0.9720
vn -0.1071 0.1572 0.9817
vn -0.1684 -0.3346 0.9272
vn -0.0953 -0.7639 0.6382
vn -0.1321 -0.5530 0.8227
vn -0.1104 -0.6864 0.7188
vn 0.2334 -0.2918 -0.9276
vn 0.1412 -0.7784 -0.6116
vn 0.1483 -0.6855 -0.7128
vn 0.1968 -0.4219 -0.8850
vn 0.2524 -0.4706 -0.8455
vn 0.2393 -0.5576 -0.7949
vn 0.0071 0.2080 -0.9781
vn 0.0695 0.5964 -0.7997
vn 0.0652 0.3105 -0.9483
vn 0.0507 0.1749 -0.9833
vn 0.0034 0.4187 -0.9081
vn 0.0116 0.4865 -0.8736
vn -0.0512 0.8544 -0.5171
vn 0.0100 0.9970 0.0765
vn -0.0228 0.9347 -0.3546
vn -0.0090 0.9921 -0.1249
vn -0.1680 -0.0115 0.9857
vn -0.0393 0.5254 0.8500
vn -0.0095 0.3156 0.9488
vn -0.1440 0.1962 0.9699
vn -0.1233 0.1444 0.9818
vn -0.0980 0.3175 0.9432
vn -0.0069 0.5017 0.8650
vn -0.1164 0.3881 0.9142
vn -0.0760 0.4370 0.8962
vn -0.0800 0.2843 0.9554
vn -0.0082 0.3828 0.9238
vn -0.0682 0.3671 0.9277
vn 0.0024 -0.3481 0.9375
vn -0.0321 -0.4486 0.8931
vn -0.0846 -0.3510 0.9325
vn -0.0607 -0.3930 0.9176
vn -0.0050 -0.3973 0.9177
vn -0.0060 -0.4393 0.8983
vn 0.0310 -0.8974 -0.4402
vn -0.0061 -0.9983 0.0581
vn 0.0205 -0.9955 0.0927
vn 0.0295 -0.9993 -0.0242
vn 0.0025 -0.9509 -0.3095
vn 0.0546 -0.9580 -0.2816
vn 0.0421 -0.9802 -0.1933
vn 0.0077 0.7324 -0.6809
vn -0.0502 0.3625 -0.9306
vn -0.0789 0.4424 -0.8933
vn -0.0719 0.6428 -0.7627
vn -0.0318 0.7543 -0.6558
vn -0.0014 0.5650 -0.8251
vn -0.0090 0.5057 -0.8627
vn 0.0139 0.9643 0.2644
vn 0.0657 0.7587 0.6481
vn 0.0330 0.9030 0.4283
vn 0.0478 0.8266 0.5608
vn 0.0612 0.1900 0.9799
vn 0.0400 0.0991 0.9943
vn 0.0577 0.2287 0.9718
vn 0.0541 0.2114 0.9759
vn 0.0298 -0.6609 0.7498
vn 0.0252 -0.9201 0.3908
vn 0.0175 -0.7212 0.6926
vn 0.0191 -0.8238 0.5666
vn 0.1051 0.3686 0.9236
vn 0.1246 0.5416 0.8314
vn 0.1841 0.4574 0.8700
vn 0.1721 0.4537 0.8744
vn 0.1112 0.4459 0.8881
vn 0.1127 0.4853 0.8670
vn 0.1355 -0.2800 0.9504
vn 0.1263 -0.5166 0.8468
vn 0.1396 -0.3369 0.9311
vn 0.1342 -0.4411 0.8874
vn -0.1967 0.8468 -0.4942
vn 0.0326 0.9967 0.0741
vn -0.1398 0.9302 -0.3394
vn -0.0490 0.9915 -0.1207
vn 0.2309 0.0259 0.9726
vn 0.2261 0.3836 0.8954
vn 0.2434 0.1397 0.9598
vn 0.2398 0.2464 0.9390
vn 0.1586 -0.7124 0.6837
vn 0.0692 -0.9568 0.2822
vn 0.1329 -0.8126 0.5674
vn 0.1018 -0.9010 0.4218
vn 0.0852 0.9657 0.2452
vn 0.2401 0.6796 0.6932
vn 0.1328 0.9124 0.3872
vn 0.1813 0.8188 0.5447
vn 0.3121 -0.2673 0.9117
vn 0.2963 -0.5221 0.7998
vn 0.3110 -0.3683 0.8761
vn 0.3021 -0.4444 0.8434
vn 0.3847 0.4343 0.8145
vn 0.4223 -0.0099 0.9064
vn 0.4091 0.2918 0.8646
vn 0.4231 0.1423 0.8949
vn 0.3007 -0.7475 0.5923
vn 0.1386 -0.9518 0.2735
vn 0.2615 -0.8136 0.5192
vn 0.2001 -0.8937 0.4015
vn 0.1473 0.9608 0.2348
vn 0.4324 0.6278 0.6473
vn 0.2512 0.8919 0.3760
vn 0.3545 0.7659 0.5364
vn 0.5054 -0.2630 0.8218
vn 0.4353 -0.5367 0.7228
vn 0.4900 -0.3477 0.7994
vn 0.4645 -0.4455 0.7653
vn -0.3539 -0.7624 -0.5418
vn -0.5558 -0.2977 -0.7762
vn -0.4965 -0.4156 -0.7621
vn -0.3703 -0.6798 -0.6330
vn -0.4991 -0.5725 -0.6505
vn -0.5265 -0.4971 -0.6897
vn -0.5963 -0.1636 -0.7859
vn -0.4944 0.3808 -0.7814
vn -0.7830 0.5302 -0.3252
vn -0.7820 0.1549 -0.6037
vn -0.5482 0.4285 -0.7182
vn 0.0516 0.9970 0.0572
vn -0.2902 0.8658 -0.4076
vn -0.0680 0.9929 -0.0971
vn -0.1929 0.9424 -0.2734
vn 0.5358 0.5088 0.6738
vn 0.5899 0.0275 0.8070
vn 0.5582 0.3802 0.7375
vn 0.5820 0.2163 0.7839
vn 0.4058 -0.7165 0.5674
vn 0.1851 -0.9507 0.2487
vn 0.3542 -0.8002 0.4840
vn 0.2735 -0.8893 0.3666
vn 0.0734 -0.9943 0.0772
vn -0.3745 -0.8709 -0.3182
vn -0.3435 -0.8812 -0.3248
vn -0.2055 -0.9583 -0.1986
vn -0.0527 -0.9986 0.0062
vn 0.0278 -0.9954 0.0914
vn -0.1365 -0.9871 -0.0833
vn -0.1876 -0.9747 -0.1218
vn -0.6682 -0.1413 -0.7305
vn -0.5933 0.4796 -0.6465
vn -0.6728 0.0632 -0.7372
vn -0.6431 0.3037 -0.7030
vn 0.5809 0.4013 0.7082
vn 0.5048 0.6893 0.5196
vn 0.6454 0.3704 0.6680
vn 0.6145 0.3474 0.7083
vn 0.6183 0.4489 0.6452
vn 0.6844 -0.0373 0.7282
vn 0.5808 -0.4802 0.6573
vn 0.6656 -0.2224 0.7124
vn 0.6274 -0.3742 0.6829
vn -0.4194 -0.7737 -0.4748
vn -0.6408 -0.2910 -0.7104
vn -0.5158 -0.6351 -0.5750
vn -0.5945 -0.4564 -0.6620
vn 0.1115 0.9912 0.0716
vn -0.3572 0.8654 -0.3513
vn -0.3348 0.8894 -0.3113
vn -0.1756 0.9676 -0.1813
vn -0.0570 0.9931 -0.1021
vn -0.0415 0.9940 -0.1015
vn -0.1067 0.9785 -0.1765
vn 0.5481 0.5288 0.6480
vn 0.1789 0.9748 0.1334
vn 0.4090 0.8543 0.3208
vn 0.4497 0.7251 0.5216
vn 0.5158 0.6250 0.5860
vn 0.3945 0.8105 0.4329
vn 0.2240 0.9551 0.1938
vn 0.3138 0.8824 0.3507
vn 0.2917 0.9041 0.3123
vn 0.4528 0.7457 0.4888
vn 0.3174 0.9111 0.2629
vn 0.3534 0.8587 0.3712
vn 0.7058 0.2651 0.6569
vn 0.5249 0.7087 0.4715
vn 0.6758 0.4108 0.6120
vn 0.6241 0.5515 0.5535
vn 0.2057 -0.9624 0.1774
vn 0.5639 -0.6770 0.4729
vn 0.3161 -0.9116 0.2627
vn 0.4526 -0.8112 0.3704
vn -0.7342 0.3602 -0.5756
vn -0.7309 -0.1581 -0.6639
vn -0.5666 0.2931 -0.7701
vn -0.6797 0.3742 -0.6308
vn -0.6515 0.0978 -0.7523
vn 0.6940 -0.4957 0.5221
vn 0.8075 0.0762 0.5849
vn 0.7666 -0.3111 0.5618
vn 0.8049 -0.1001 0.5849
vn 0.0959 -0.9939 0.0551
vn -0.4379 -0.8650 -0.2448
vn -0.0804 -0.9959 -0.0413
vn -0.2816 -0.9472 -0.1535
vn -0.7100 -0.3261 -0.6241
vn -0.4477 -0.8063 -0.3865
vn -0.4859 -0.7815 -0.3913
vn -0.6096 -0.6321 -0.4784
vn -0.7056 -0.4219 -0.5694
vn -0.6291 -0.5031 -0.5926
vn -0.5898 -0.5842 -0.5576
vn -0.7090 0.6335 -0.3097
vn -0.2393 0.9662 -0.0959
vn -0.3361 0.9280 -0.1605
vn -0.5997 0.7396 -0.3054
vn -0.5832 0.7891 -0.1927
vn -0.5084 0.8451 -0.1655
vn 0.6169 0.6966 0.3663
vn 0.7735 0.5127 0.3726
vn 0.8135 0.3253 0.4821
vn 0.6581 0.6872 0.3077
vn 0.6934 0.5996 0.3996
vn 0.7443 0.5770 0.3362
vn 0.8171 0.4296 0.3843
vn 0.7210 0.6017 0.3435
vn 0.7729 0.5204 0.3630
vn 0.7602 0.4787 0.4393
vn 0.8563 0.3376 0.3909
vn 0.8054 0.4703 0.3608
vn 0.2641 -0.9570 0.1196
vn 0.7412 -0.5849 0.3294
vn 0.6987 -0.6936 0.1754
vn 0.4583 -0.8813 0.1151
vn 0.5557 -0.8129 0.1742
vn 0.6249 -0.7491 0.2201
vn -0.9203 -0.1206 -0.3722
vn -0.8187 0.4538 -0.3518
vn -0.8603 0.2757 -0.4288
vn -0.8955 0.0528 -0.4420
vn -0.9041 -0.1147 -0.4116
vn -0.9239 0.1613 -0.3470
vn -0.9017 0.2679 -0.3393
vn 0.3911 0.9044 0.1703
vn -0.0845 0.9961 -0.0266
vn 0.2584 0.9592 0.1145
vn 0.1090 0.9927 0.0526
vn 0.8226 -0.4335 0.3681
vn 0.8950 0.0223 0.4456
vn 0.9284 -0.0750 0.3640
vn 0.9044 -0.2744 0.3268
vn 0.8736 -0.2732 0.4027
vn 0.8921 -0.1821 0.4136
vn -0.5763 -0.7662 -0.2841
vn -0.8627 -0.2803 -0.4210
vn -0.8095 -0.4086 -0.4215
vn -0.6696 -0.6501 -0.3593
vn -0.7082 -0.6413 -0.2953
vn -0.7721 -0.5457 -0.3257
vn 0.7963 0.5373 0.2778
vn 0.5576 0.8096 0.1832
vn 0.7118 0.6832 0.1631
vn 0.7681 0.5986 0.2272
vn 0.6889 0.6977 0.1965
vn 0.9467 0.0130 0.3217
vn 0.8260 0.4714 0.3089
vn 0.9224 0.2100 0.3243
vn 0.8784 0.3561 0.3188
vn 0.5376 -0.8271 0.1640
vn 0.2173 -0.9734 0.0726
vn 0.2223 -0.9690 0.1078
vn 0.3749 -0.9098 0.1783
vn 0.4254 -0.8927 0.1489
vn 0.3667 -0.9196 0.1411
vn -0.5605 -0.8028 -0.2034
vn -0.9171 -0.2261 -0.3282
vn -0.7156 -0.6508 -0.2539
vn -0.8431 -0.4467 -0.2994
vn -0.9609 -0.1278 -0.2456
vn -0.8405 0.5017 -0.2046
vn -0.9663 0.0903 -0.2412
vn -0.9186 0.3225 -0.2285
vn -0.2407 0.9673 -0.0802
vn -0.7316 0.6499 -0.2057
vn -0.6467 0.7491 -0.1435
vn -0.3661 0.9250 -0.1020
vn -0.5201 0.8295 -0.2034
vn -0.5999 0.7655 -0.2326
vn 0.9602 -0.2176 0.1751
vn 0.7384 -0.6619 0.1287
vn 0.6758 -0.7151 0.1787
vn 0.7528 -0.6120 0.2426
vn 0.8918 -0.3456 0.2920
vn 0.9239 -0.2688 0.2723
vn 0.9002 -0.3999 0.1724
vn 0.8773 -0.4472 0.1744
vn 0.1184 -0.9927 0.0216
vn -0.4376 -0.8919 -0.1139
vn -0.0220 -0.9995 -0.0219
vn -0.2292 -0.9711 -0.0667
vn 0.3956 0.9164 0.0613
vn 0.7488 0.6625 0.0199
vn 0.7747 0.6228 0.1095
vn 0.7073 0.6932 0.1386
vn 0.5170 0.8501 0.0999
vn 0.5308 0.8467 0.0370
vn 0.5919 0.8051 0.0384
vn 0.8579 0.5006 0.1162
vn 0.9873 0.0429 0.1528
vn 0.9151 0.3827 0.1267
vn 0.9629 0.2296 0.1416
vn 0.7339 -0.6775 0.0489
vn 0.3858 -0.9220 0.0327
vn 0.6142 -0.7882 0.0376
vn 0.4829 -0.8751 0.0323
vn -0.6061 -0.7859 -0.1225
vn -0.9488 -0.2574 -0.1833
vn -0.7468 -0.6505 -0.1383
vn -0.8806 -0.4455 -0.1614
vn -0.9908 -0.1238 -0.0554
vn -0.9160 0.3991 -0.0403
vn -0.9977 0.0359 -0.0571
vn -0.9699 0.2385 -0.0492
vn 0.2237 0.9738 0.0399
vn -0.2673 0.9630 -0.0335
vn -0.3649 0.9310 0.0024
vn -0.3175 0.9479 0.0275
vn -0.0375 0.9993 -0.0087
vn 0.0965 0.9952 -0.0171
vn 0.0338 0.9994 0.0086
vn -0.0088 1.0000 -0.0024
vn 0.8566 -0.5132 0.0533
vn 0.9996 0.0195 0.0192
vn 0.9517 -0.3037 0.0440
vn 0.9914 -0.1265 0.0320
vn -0.6779 -0.7347 -0.0243
vn -0.9682 -0.2451 -0.0505
vn -0.7957 -0.6049 -0.0306
vn -0.9059 -0.4213 -0.0439
vn 0.9550 0.2937 -0.0416
vn 0.8307 0.5563 -0.0239
vn 0.9207 0.3881 -0.0403
vn 0.8792 0.4744 -0.0443
vn 0.9206 -0.3815 -0.0835
vn 0.8406 -0.5378 -0.0648
vn 0.8743 -0.4846 -0.0276
vn 0.8865 -0.4620 -0.0255
vn 0.8919 -0.4459 -0.0758
vn 0.8769 -0.4753 -0.0716
vn -0.9015 0.4253 0.0796
vn -0.9894 -0.0782 0.1226
vn -0.9812 0.0504 0.1865
vn -0.9348 0.3149 0.1645
vn -0.8684 0.4804 0.1230
vn -0.9842 0.1638 0.0666
vn -0.9936 0.0913 0.0662
vn -0.2802 0.9525 0.1195
vn 0.2028 0.9735 -0.1060
vn 0.1209 0.9922 -0.0310
vn 0.1562 0.9872 -0.0322
vn 0.0098 0.9999 -0.0027
vn -0.2680 0.9596 0.0860
vn -0.0636 0.9969 0.0469
vn 0.0216 0.9998 -0.0017
vn 0.2645 0.9638 -0.0340
vn 0.6521 0.7550 -0.0682
vn 0.3901 0.9199 -0.0392
vn 0.5448 0.8368 -0.0539
vn 0.9846 0.0627 -0.1629
vn 0.9824 -0.1231 -0.1406
vn 0.9889 0.0063 -0.1486
vn 0.9872 -0.0669 -0.1448
vn 0.3080 -0.9504 -0.0436
vn 0.6954 -0.7139 -0.0823
vn 0.5023 -0.8625 -0.0608
vn 0.6310 -0.7722 -0.0741
vn -0.9374 -0.3289 0.1142
vn -0.6622 -0.7476 0.0510
vn -0.6385 -0.7649 0.0849
vn -0.7595 -0.6379 0.1272
vn -0.8781 -0.4506 0.1613
vn -0.8836 -0.4651 0.0545
vn -0.8429 -0.5356 0.0514
vn 0.8394 0.5066 -0.1967
vn 0.8987 0.3694 -0.2362
vn 0.8584 0.4649 -0.2169
vn 0.8819 0.4151 -0.2236
vn 0.9025 -0.3582 -0.2390
vn 0.8233 -0.5329 -0.1954
vn 0.8916 -0.3913 -0.2279
vn 0.8539 -0.4736 -0.2159
vn -0.3399 -0.9400 0.0294
vn 0.2218 -0.9751 -0.0004
vn 0.0923 -0.9953 -0.0291
vn 0.0077 -1.0000 0.0005
vn -0.1863 -0.9801 0.0682
vn -0.3934 -0.9132 0.1066
vn -0.3379 -0.9384 0.0730
vn -0.0922 -0.9957 -0.0023
vn -0.0118 -0.9999 -0.0004
vn -0.8310 -0.4483 0.3293
vn -0.9240 0.1130 0.3654
vn -0.9492 -0.0710 0.3066
vn -0.8981 -0.3303 0.2904
vn -0.8825 -0.2338 0.4082
vn -0.9022 -0.1150 0.4157
vn 0.6442 0.7296 -0.2296
vn 0.2719 0.9572 -0.0988
vn 0.5380 0.8191 -0.1991
vn 0.4244 0.8918 -0.1570
vn 0.9418 0.0281 -0.3349
vn 0.9425 -0.0020 -0.3343
vn 0.9436 0.0253 -0.3302
vn 0.9438 0.0079 -0.3303
vn 0.6499 -0.7258 -0.2255
vn 0.2510 -0.9625 -0.1027
vn 0.5281 -0.8287 -0.1854
vn 0.3912 -0.9092 -0.1427
vn -0.4980 -0.8541 0.1498
vn -0.7721 -0.5615 0.2977
vn -0.4678 -0.8207 0.3281
vn -0.3775 -0.8952 0.2370
vn -0.6731 -0.6773 0.2971
vn 0.7452 0.5566 -0.3671
vn 0.8506 0.3586 -0.3846
vn 0.7930 0.4776 -0.3783
vn 0.8299 0.3966 -0.3923
vn 0.8409 -0.3675 -0.3973
vn 0.7730 -0.5130 -0.3731
vn 0.8229 -0.4064 -0.3971
vn 0.8034 -0.4520 -0.3877
vn -0.7207 -0.5884 0.3666
vn -0.3856 -0.9096 0.1545
vn -0.4423 -0.8754 0.1952
vn -0.3672 -0.9093 0.1959
vn -0.6018 -0.7337 0.3156
vn -0.6871 -0.6619 0.2997
vn -0.6367 -0.7226 0.2691
vn -0.8662 0.1216 0.4846
vn -0.7787 -0.4778 0.4066
vn -0.7967 -0.3943 0.4580
vn -0.8398 -0.2048 0.5028
vn -0.8588 -0.0742 0.5069
vn -0.9071 -0.0652 0.4159
vn -0.8927 -0.1850 0.4109
vn -0.8221 0.2216 0.5244
vn -0.5644 0.6789 0.4696
vn -0.6072 0.6443 0.4651
vn -0.6115 0.6757 0.4117
vn -0.7843 0.3990 0.4750
vn -0.7570 0.3154 0.5722
vn -0.7271 0.3934 0.5627
vn 0.3871 0.8937 -0.2270
vn 0.5882 0.7267 -0.3549
vn 0.4307 0.8650 -0.2573
vn 0.5276 0.7886 -0.3159
vn 0.8455 0.1706 -0.5059
vn 0.8641 -0.0021 -0.5033
vn 0.8533 0.1190 -0.5077
vn 0.8587 0.0597 -0.5091
vn 0.5860 -0.7240 -0.3639
vn 0.2888 -0.9430 -0.1656
vn 0.4836 -0.8231 -0.2977
vn 0.3713 -0.9004 -0.2266
vn 0.7618 0.3929 -0.5151
vn 0.6619 0.5954 -0.4555
vn 0.6636 0.5592 -0.4968
vn 0.6925 0.4908 -0.5288
vn 0.7269 0.4722 -0.4987
vn 0.7102 0.5036 -0.4919
vn 0.7631 -0.3194 -0.5618
vn 0.6908 -0.5041 -0.5183
vn 0.7355 -0.3921 -0.5525
vn 0.7146 -0.4489 -0.5364
vn 0.0876 -0.9945 -0.0570
vn -0.3166 -0.8956 0.3126
vn -0.3056 -0.9084 0.2855
vn -0.1673 -0.9724 0.1629
vn 0.0115 -0.9990 0.0421
vn 0.1142 -0.9928 -0.0363
vn -0.0213 -0.9976 0.0657
vn -0.0766 -0.9889 0.1273
vn -0.6242 0.4889 0.6094
vn -0.7971 0.0771 0.5989
vn -0.7525 -0.0078 0.6586
vn -0.7152 0.0618 0.6961
vn -0.7153 0.1750 0.6765
vn -0.7298 0.3515 0.5864
vn -0.7576 0.2711 0.5937
vn 0.1274 0.9866 -0.1016
vn -0.3418 0.8914 0.2975
vn 0.0137 0.9999 0.0049
vn -0.1537 0.9778 0.1427
vn 0.2232 0.9548 -0.1965
vn 0.5696 0.6365 -0.5200
vn 0.3618 0.8741 -0.3242
vn 0.4750 0.7666 -0.4320
vn 0.6462 0.4767 -0.5960
vn 0.7479 0.0319 -0.6631
vn 0.7056 0.3013 -0.6414
vn 0.7304 0.1678 -0.6620
vn 0.5098 -0.7157 -0.4773
vn 0.6093 0.0336 -0.7923
vn 0.2066 -0.9575 -0.2015
vn 0.5388 -0.5284 -0.6561
vn 0.4282 -0.8035 -0.4137
vn 0.4159 -0.7547 -0.5075
vn 0.5590 -0.4025 -0.7249
vn 0.6007 -0.2559 -0.7574
vn 0.4695 -0.6600 -0.5865
vn 0.3299 -0.8875 -0.3218
vn 0.3674 -0.8012 -0.4724
vn 0.3267 -0.8517 -0.4098
vn 0.6368 -0.2433 -0.7317
vn 0.5795 -0.4945 -0.6479
vn 0.6249 -0.3341 -0.7056
vn 0.6045 -0.4200 -0.6769
vn -0.5004 -0.4478 0.7410
vn -0.5779 0.0586 0.8140
vn -0.6246 -0.0408 0.7799
vn -0.6019 -0.2164 0.7687
vn -0.5474 -0.4045 0.7326
vn -0.5252 -0.1835 0.8309
vn -0.5296 -0.1018 0.8421
vn -0.5711 0.2001 0.7962
vn -0.5346 0.5311 0.6574
vn 0.0904 0.8332 0.5456
vn -0.5354 0.3332 0.7761
vn -0.3922 0.6620 0.6387
vn 0.0419 0.9966 -0.0711
vn -0.3002 0.8714 0.3881
vn -0.2644 0.8809 0.3925
vn -0.1519 0.9560 0.2511
vn -0.0503 0.9986 0.0165
vn 0.0101 0.9958 -0.0909
vn -0.0854 0.9925 0.0871
vn -0.1374 0.9795 0.1476
vn 0.1486 0.9676 -0.2042
vn 0.4636 0.6381 -0.6147
vn 0.2603 0.9003 -0.3489
vn 0.3818 0.7748 -0.5038
vn 0.4972 0.5298 -0.6871
vn 0.5982 0.1199 -0.7923
vn 0.5335 0.4180 -0.7353
vn 0.5692 0.2783 -0.7737
vn 0.5951 0.1761 -0.7841
vn 0.5036 -0.5517 -0.6649
vn 0.6023 -0.0658 -0.7955
vn 0.5655 -0.3472 -0.7481
vn -0.2681 -0.9046 0.3315
vn 0.0679 -0.9939 -0.0867
vn 0.0307 -0.9945 -0.1006
vn -0.0334 -0.9993 -0.0153
vn -0.1313 -0.9763 0.1722
vn -0.2431 -0.9147 0.3229
vn -0.1308 -0.9839 0.1214
vn -0.0936 -0.9924 0.0800
vn -0.4133 0.6973 0.5856
vn -0.4848 0.2769 0.8296
vn -0.4294 0.4413 0.7879
vn -0.3410 0.6939 0.6342
vn -0.3711 0.7119 0.5962
vn -0.4858 0.4875 0.7255
vn -0.4990 0.4106 0.7632
vn 0.5018 -0.0854 -0.8608
vn 0.4638 -0.4872 -0.7399
vn 0.4917 -0.2242 -0.8414
vn 0.4767 -0.3435 -0.8092
vn -0.4899 0.0964 0.8664
vn -0.4575 -0.4202 0.7837
vn -0.4395 -0.3299 0.8355
vn -0.4575 -0.0210 0.8889
vn -0.5271 -0.1004 0.8439
vn -0.5235 -0.1720 0.8345
vn 0.2951 0.6480 -0.7021
vn 0.1302 0.9468 -0.2942
vn 0.1673 0.8377 -0.5198
vn 0.2247 0.6749 -0.7029
vn 0.2630 0.7317 -0.6289
vn 0.2187 0.8019 -0.5560
vn 0.3309 0.5872 -0.7387
vn 0.4256 0.2485 -0.8701
vn 0.3645 0.5041 -0.7829
vn 0.3969 0.3819 -0.8346
vn 0.3475 -0.6132 -0.7094
vn 0.1830 -0.9182 -0.3512
vn 0.5998 0.0338 -0.7995
vn 0.3210 -0.7191 -0.6163
vn 0.4939 -0.5037 -0.7088
vn 0.4008 -0.7146 -0.5733
vn 0.3711 -0.7808 -0.5027
vn 0.2736 -0.8216 -0.5001
vn 0.3461 -0.8058 -0.4805
vn 0.5694 -0.2412 -0.7859
vn 0.5512 -0.3900 -0.7376
vn 0.4598 -0.6151 -0.6405
vn 0.3278 -0.3319 -0.8845
vn 0.3254 0.0759 -0.9425
vn 0.3346 -0.2305 -0.9137
vn 0.3380 -0.0734 -0.9383
vn -0.2547 -0.7095 0.6571
vn -0.3371 -0.2939 0.8944
vn -0.3485 -0.4014 0.8470
vn -0.3054 -0.6258 0.7177
vn -0.2512 -0.5901 0.7672
vn -0.2656 -0.5213 0.8110
vn -0.0099 0.8519 0.5236
vn 0.0526 0.9828 -0.1772
vn 0.0063 0.9843 0.1766
vn -0.0194 0.9542 0.2984
vn -0.0296 0.8643 0.5021
vn 0.0256 0.9700 0.2416
vn 0.0214 0.9890 0.1463
vn 0.0107 0.9753 -0.2205
vn 0.0561 0.7860 -0.6156
vn 0.1218 0.8195 -0.5600
vn 0.1397 0.8745 -0.4644
vn 0.0863 0.9150 -0.3940
vn 0.0487 0.8549 -0.5166
vn 0.0492 0.8370 -0.5449
vn 0.2443 0.3454 -0.9061
vn 0.1818 0.7196 -0.6702
vn 0.2179 0.4664 -0.8574
vn 0.1917 0.6086 -0.7700
vn 0.1493 -0.8181 -0.5553
vn 0.2045 -0.4834 -0.8512
vn 0.1586 -0.7514 -0.6405
vn 0.1789 -0.6364 -0.7503
vn -0.2943 -0.3226 0.8996
vn -0.1971 -0.7723 0.6039
vn -0.1717 -0.7688 0.6160
vn -0.1879 -0.6364 0.7481
vn -0.2476 -0.4133 0.8763
vn -0.2826 -0.5218 0.8049
vn -0.2709 -0.5787 0.7692
vn 0.1760 -0.1122 -0.9780
vn 0.1918 0.1456 -0.9706
vn 0.1139 0.1439 -0.9830
vn 0.0897 0.0904 -0.9919
vn 0.1864 -0.0174 -0.9823
vn 0.1841 0.0339 -0.9823
vn 0.0902 0.3085 -0.9469
vn 0.0647 0.6762 -0.7339
vn 0.0268 0.5902 -0.8068
vn 0.0344 0.4165 -0.9085
vn 0.0726 0.5133 -0.8552
vn 0.0673 0.5591 -0.8263
vn 0.0001 0.1411 -0.9900
vn 0.0558 -0.2284 -0.9720
vn 0.1136 -0.1206 -0.9862
vn 0.0822 0.0551 -0.9951
vn 0.0335 -0.1101 -0.9934
vn 0.0372 -0.1619 -0.9861
vn 0.0043 -0.4780 -0.8784
vn 0.0078 -0.7873 -0.6165
vn 0.0053 -0.5850 -0.8110
vn 0.0025 -0.6882 -0.7255
vn -0.0924 -0.8057 -0.5851
vn -0.0204 -0.9926 -0.1200
vn -0.0086 -0.9996 -0.0266
vn -0.0099 -0.9988 -0.0487
vn 0.0109 -0.9321 -0.3620
vn -0.0049 -0.8812 -0.4728
vn -0.0668 -0.8928 -0.4454
vn -0.0626 -0.9011 -0.4290
vn 0.0297 0.6718 -0.7401
vn -0.0081 0.9691 -0.2467
vn -0.0494 0.8612 -0.5058
vn -0.0805 0.7526 -0.6536
vn -0.0564 0.7183 -0.6935
vn -0.0044 0.8270 -0.5622
vn -0.0059 0.8759 -0.4825
vn -0.0380 0.5751 -0.8172
vn -0.0949 0.2639 -0.9599
vn -0.0192 0.3261 -0.9451
vn 0.0239 0.4544 -0.8905
vn -0.0700 0.4869 -0.8706
vn -0.0701 0.4146 -0.9073
vn 0.0598 -0.9353 0.3488
vn 0.0645 -0.6733 0.7366
vn 0.0136 -0.7703 0.6375
vn 0.0171 -0.9152 0.4026
vn 0.0339 -0.9592 0.2806
vn 0.0892 -0.8287 0.5526
vn 0.0936 -0.7809 0.6176
vn 0.0907 -0.4816 0.8717
vn 0.1076 0.0351 0.9936
vn 0.0597 -0.0697 0.9958
vn 0.0465 -0.3755 0.9257
vn 0.1441 -0.3383 0.9299
vn 0.1462 -0.2629 0.9537
vn 0.1775 0.1865 0.9663
vn 0.0846 0.5448 0.8343
vn 0.1126 0.2937 0.9493
vn 0.1300 0.1683 0.9771
vn 0.1713 0.4158 0.8932
vn 0.1560 0.4859 0.8600
vn 0.0761 0.8687 0.4895
vn -0.0146 0.9973 -0.0715
vn 0.0448 0.9470 0.3182
vn 0.0103 0.9940 0.1092
vn -0.1590 0.1575 -0.9746
vn -0.1047 -0.1961 -0.9750
vn -0.1487 0.0753 -0.9860
vn -0.1414 -0.0597 -0.9882
vn -0.1498 -0.6713 -0.7258
vn -0.2150 -0.3683 -0.9045
vn -0.1757 -0.6042 -0.7772
vn -0.1898 -0.5019 -0.8438
vn 0.1848 0.0621 0.9808
vn 0.2012 -0.3939 0.8969
vn 0.2694 -0.2468 0.9309
vn 0.2705 -0.0168 0.9626
vn 0.2344 0.1291 0.9635
vn 0.1730 -0.1539 0.9728
vn 0.1725 -0.2315 0.9574
vn 0.1188 0.7209 0.6828
vn 0.2318 0.3165 0.9198
vn 0.2562 0.3917 0.8837
vn 0.2263 0.5998 0.7675
vn 0.1623 0.7695 0.6177
vn 0.1450 0.7109 0.6882
vn 0.1690 0.4956 0.8520
vn 0.1832 0.4314 0.8834
vn 0.1725 0.8590 0.4821
vn -0.0186 0.9976 -0.0668
vn 0.1157 0.9409 0.3183
vn 0.0499 0.9922 0.1140
vn -0.1820 0.3651 -0.9130
vn -0.1046 0.6769 -0.7286
vn -0.1609 0.7313 -0.6628
vn -0.2176 0.6268 -0.7482
vn -0.2220 0.4906 -0.8427
vn -0.1461 0.4659 -0.8727
vn -0.1457 0.5047 -0.8509
vn -0.0803 -0.9495 -0.3032
vn -0.1697 -0.7707 -0.6143
vn -0.1105 -0.9052 -0.4105
vn -0.1406 -0.8434 -0.5185
vn 0.1826 -0.5463 0.8174
vn 0.1334 -0.8690 0.4764
vn 0.1019 -0.7418 0.6628
vn 0.1132 -0.6742 0.7298
vn 0.0157 -0.8681 0.4961
vn -0.3063 0.3854 -0.8704
vn -0.3135 -0.0594 -0.9477
vn -0.3254 0.2268 -0.9180
vn -0.3313 0.0679 -0.9411
vn -0.1111 -0.9767 -0.1836
vn 0.1178 -0.9670 0.2257
vn 0.1116 -0.9520 0.2851
vn 0.1134 -0.9271 0.3571
vn 0.0301 -0.9875 0.1549
vn -0.0041 -0.9992 -0.0410
vn -0.0328 -0.9911 -0.1291
vn -0.0292 -0.9983 -0.0510
vn -0.0030 -0.9999 -0.0110
vn -0.2264 0.8950 -0.3843
vn -0.3969 0.5755 -0.7150
vn -0.3135 0.5933 -0.7414
vn -0.2820 0.6522 -0.7036
vn -0.2142 0.8461 -0.4881
vn -0.1429 0.9453 -0.2934
vn -0.3635 0.6772 -0.6397
vn -0.3864 0.6384 -0.6657
vn -0.3905 -0.3147 -0.8652
vn -0.2811 -0.7047 -0.6515
vn -0.3684 -0.4637 -0.8058
vn -0.3319 -0.5954 -0.7316
vn -0.2814 -0.8225 -0.4943
vn -0.2183 -0.9082 -0.3572
vn -0.2552 -0.8560 -0.4497
vn -0.2133 -0.9020 -0.3754
vn -0.0472 0.9975 -0.0534
vn 0.2600 0.8490 0.4599
vn 0.2496 0.8769 0.4108
vn 0.1402 0.9598 0.2430
vn -0.0214 0.9980 0.0592
vn -0.0620 0.9979 0.0197
vn 0.0471 0.9880 0.1469
vn 0.0970 0.9639 0.2478
vn -0.4835 -0.0860 -0.8711
vn -0.4573 0.4093 -0.7895
vn -0.5372 0.2892 -0.7923
vn -0.5481 0.0440 -0.8353
vn -0.5004 0.1673 -0.8495
vn -0.4947 0.2351 -0.8367
vn -0.0838 0.9865 -0.1409
vn -0.3400 0.8094 -0.4789
vn -0.0808 0.9430 -0.3229
vn -0.0746 0.9732 -0.2174
vn -0.1731 0.9094 -0.3781
vn -0.5931 0.1777 -0.7853
vn -0.6431 -0.1551 -0.7499
vn -0.5813 -0.1513 -0.7995
vn -0.5470 0.0145 -0.8370
vn -0.6354 0.0786 -0.7682
vn -0.6349 0.0092 -0.7725
vn -0.4190 -0.6763 -0.6059
vn -0.5725 -0.2683 -0.7748
vn -0.5875 -0.3889 -0.7096
vn -0.5224 -0.5488 -0.6526
vn -0.5126 -0.4947 -0.7019
vn -0.5324 -0.4180 -0.7360
vn 0.1864 -0.9635 0.1920
vn -0.0824 -0.9888 -0.1248
vn -0.0987 -0.9887 -0.1126
vn -0.1145 -0.9893 -0.0908
vn -0.0071 -1.0000 -0.0030
vn 0.2194 -0.9541 0.2040
vn -0.0219 -0.9991 -0.0353
vn -0.0695 -0.9917 -0.1085
vn -0.2628 0.9278 -0.2649
vn -0.5426 0.6615 -0.5177
vn -0.3278 0.8887 -0.3207
vn -0.4360 0.7979 -0.4163
vn -0.5052 0.3678 -0.7807
vn -0.4154 0.7197 -0.5563
vn -0.4825 0.6529 -0.5839
vn -0.5736 0.4641 -0.6750
vn -0.5790 0.3669 -0.7281
vn -0.4730 0.5607 -0.6797
vn -0.4452 0.6167 -0.6492
vn -0.6748 -0.2685 -0.6874
vn -0.5535 -0.5516 -0.6240
vn -0.5538 -0.4414 -0.7060
vn -0.6018 -0.3360 -0.7246
vn -0.6236 -0.4094 -0.6660
vn -0.5995 -0.4749 -0.6443
vn -0.1863 -0.9595 -0.2113
vn -0.4918 -0.7012 -0.5162
vn -0.2927 -0.8994 -0.3246
vn -0.3844 -0.8233 -0.4176
vn -0.6591 0.5026 -0.5595
vn -0.7272 -0.0211 -0.6861
vn -0.7095 0.2823 -0.6457
vn -0.7312 0.1068 -0.6737
vn 0.3972 0.8818 0.2544
vn -0.0749 0.9937 -0.0830
vn 0.1474 0.9800 -0.1339
vn 0.2530 0.9656 -0.0606
vn 0.4114 0.9089 0.0676
vn 0.4747 0.8753 0.0918
vn 0.3354 0.9416 0.0295
vn -0.2227 0.9641 -0.1445
vn -0.6179 0.6555 -0.4342
vn -0.3510 0.9088 -0.2255
vn -0.4778 0.8213 -0.3116
vn -0.7938 -0.2001 -0.5743
vn -0.6631 -0.5659 -0.4899
vn -0.7695 -0.3050 -0.5611
vn -0.7165 -0.4557 -0.5281
vn -0.6269 -0.6414 -0.4423
vn -0.2264 -0.9580 -0.1763
vn -0.5421 -0.7454 -0.3879
vn -0.4063 -0.8652 -0.2937
vn 0.8356 -0.1050 0.5391
vn 0.7346 0.4789 0.4807
vn 0.9631 0.1648 -0.2127
vn 0.9159 -0.0442 0.3991
vn 0.8436 0.4334 0.3171
vn -0.7316 0.5348 -0.4227
vn -0.8418 0.0804 -0.5337
vn -0.7765 0.4379 -0.4532
vn -0.8259 0.2513 -0.5047
vn -0.0862 0.9957 -0.0336
vn 0.3763 0.9069 0.1896
vn 0.2861 0.9494 0.1298
vn 0.0391 0.9978 0.0542
vn -0.0761 0.9971 0.0068
vn 0.1263 0.9867 0.1021
vn 0.2154 0.9647 0.1514
vn -0.7669 -0.5069 -0.3936
vn -0.9108 0.0839 -0.4042
vn -0.8509 -0.3138 -0.4213
vn -0.8960 -0.1345 -0.4231
vn -0.6954 -0.6406 -0.3257
vn -0.3003 -0.9424 -0.1474
vn -0.5975 -0.7509 -0.2814
vn -0.4762 -0.8499 -0.2257
vn -0.0704 -0.9973 -0.0190
vn 0.4096 -0.8965 0.1687
vn 0.3856 -0.9044 0.1827
vn 0.2386 -0.9627 0.1278
vn 0.0131 -0.9999 -0.0049
vn -0.0819 -0.9953 -0.0521
vn 0.1472 -0.9879 0.0490
vn 0.2095 -0.9752 0.0716
vn 0.7849 0.4734 0.3998
vn 0.8691 -0.1007 0.4842
vn 0.8895 0.0182 0.4566
vn 0.8660 0.3050 0.3962
vn 0.8287 0.2624 0.4943
vn 0.8498 0.1536 0.5042
vn -0.5379 0.8231 -0.1820
vn -0.2377 0.9679 -0.0811
vn -0.3990 0.9126 -0.0888
vn -0.4948 0.8577 -0.1398
vn -0.4161 0.9021 -0.1141
vn -0.8895 0.2711 -0.3677
vn -0.5870 0.7832 -0.2051
vn -0.8358 0.4409 -0.3272
vn -0.7372 0.6192 -0.2703
vn -0.9397 -0.2844 -0.1898
vn -0.7467 -0.6318 -0.2078
vn -0.8270 -0.4932 -0.2699
vn -0.8672 -0.3926 -0.3064
vn -0.9069 -0.3087 -0.2867
vn -0.8509 -0.4809 -0.2116
vn -0.8287 -0.5203 -0.2063
vn -0.9208 0.2644 -0.2868
vn -0.7292 0.6781 -0.0919
vn -0.9496 -0.1562 -0.2718
vn -0.8979 0.3743 -0.2314
vn -0.9474 0.0936 -0.3060
vn -0.9496 0.1687 -0.2642
vn -0.8606 0.4879 -0.1458
vn -0.8420 0.5112 -0.1722
vn -0.9430 0.2352 -0.2355
vn -0.9438 -0.0887 -0.3183
vn -0.9505 0.2394 -0.1979
vn -0.9634 0.0298 -0.2666
vn -0.2451 -0.9693 -0.0178
vn -0.5841 -0.8050 -0.1037
vn -0.3886 -0.9195 -0.0595
vn -0.5234 -0.8482 -0.0817
vn 0.4881 -0.8623 0.1350
vn -0.1217 -0.9925 -0.0097
vn 0.1364 -0.9882 0.0703
vn 0.2668 -0.9599 0.0867
vn 0.4647 -0.8768 0.1235
vn 0.1751 -0.9789 0.1056
vn 0.0937 -0.9927 0.0761
vn -0.9894 0.0741 -0.1248
vn -0.9631 -0.2276 -0.1435
vn -0.9590 -0.1984 -0.2025
vn -0.9752 -0.0986 -0.1981
vn -0.9880 -0.0728 -0.1362
vn -0.9800 -0.1458 -0.1356
vn -0.9311 -0.3458 -0.1159
vn -0.5866 -0.8068 -0.0700
vn -0.8521 -0.5125 -0.1060
vn -0.7216 -0.6866 -0.0886
vt 0.496846 0.352844
vt 0.519379 0.407471
vt 0.485011 0.409749
vt 0.599416 0.602427
vt 0.588649 0.662771
vt 0.578125 0.531257
vt 0.578125 0.406238
vt 0.593750 0.466245
vt 0.633632 0.657279
vt 0.775459 0.396695
vt 0.757444 0.469980
vt 0.742188 0.375000
vt 0.796875 0.465230
vt 0.781250 0.527815
vt 0.812500 0.527815
vt 0.791549 0.598694
vt 0.828125 0.462823
vt 0.806597 0.390277
vt 0.132482 0.375000
vt 0.117188 0.437500
vt 0.101562 0.375000
vt 0.224541 0.603305
vt 0.198813 0.647785
vt 0.195267 0.531272
vt 0.242890 0.531532
vt 0.218750 0.468669
vt 0.328125 0.462822
vt 0.312500 0.531331
vt 0.317311 0.401469
vt 0.343750 0.537178
vt 0.324232 0.598514
vt 0.343750 0.408595
vt 0.359375 0.468670
vt 0.383605 0.529710
vt 0.359799 0.603423
vt 0.397905 0.625000
vt 0.373047 0.687500
vt 0.397917 0.346300
vt 0.370485 0.403702
vt 0.351860 0.312500
vt 0.421875 0.403644
vt 0.399133 0.437500
vt 0.474681 0.586224
vt 0.464421 0.655046
vt 0.453125 0.531331
vt 0.468750 0.465230
vt 0.447713 0.396989
vt 0.508415 0.651855
vt 0.610093 0.375000
vt 0.667551 0.601329
vt 0.663858 0.687500
vt 0.734375 0.466245
vt 0.773437 0.312500
vt 0.803467 0.278276
vt 0.827412 0.598770
vt 0.054688 0.591281
vt 0.079173 0.663905
vt 0.035697 0.656244
vt 0.234375 0.408595
vt 0.258349 0.625000
vt 0.437500 0.465230
vt 0.483538 0.750000
vt 0.491780 0.522443
vt 0.492073 0.525945
vt 0.492503 0.530860
vt 0.492959 0.534579
vt 0.491812 0.529374
vt 0.491798 0.527410
vt 0.477907 0.838082
vt 0.479290 0.831434
vt 0.480405 0.829291
vt 0.479304 0.835044
vt 0.480813 0.823824
vt 0.481339 0.826250
vt 0.482022 0.818317
vt 0.482158 0.820815
vt 0.482323 0.824408
vt 0.481382 0.827417
vt 0.482468 0.827845
vt 0.480980 0.831584
vt 0.506380 0.099585
vt 0.507286 0.096233
vt 0.507941 0.091503
vt 0.508172 0.087648
vt 0.508556 0.093164
vt 0.508553 0.095576
vt 0.515259 0.537447
vt 0.515466 0.533791
vt 0.515665 0.529011
vt 0.515799 0.525592
vt 0.515952 0.530019
vt 0.515950 0.531992
vt 0.527644 0.291187
vt 0.526088 0.300285
vt 0.525342 0.307150
vt 0.525601 0.308477
vt 0.523928 0.310555
vt 0.523782 0.306696
vt 0.523787 0.306065
vt 0.524170 0.299612
vt 0.530329 0.463923
vt 0.530832 0.466792
vt 0.530923 0.469981
vt 0.531279 0.469915
vt 0.530923 0.469981
vt 0.531537 0.472543
vt 0.537771 0.569942
vt 0.537488 0.573239
vt 0.537510 0.578331
vt 0.537829 0.583188
vt 0.536627 0.575719
vt 0.536641 0.574143
vt 0.536756 0.570905
vt 0.539361 0.931799
vt 0.538988 0.935204
vt 0.539186 0.939909
vt 0.539900 0.943616
vt 0.537730 0.941230
vt 0.537770 0.936242
vt 0.553436 0.475316
vt 0.553866 0.472094
vt 0.554189 0.467784
vt 0.554314 0.464412
vt 0.554660 0.469070
vt 0.554659 0.470855
vt 0.554432 0.476072
vt 0.556203 0.611190
vt 0.556500 0.607311
vt 0.556683 0.602493
vt 0.556703 0.598787
vt 0.557145 0.603923
vt 0.557153 0.605660
vt 0.566273 0.832971
vt 0.563723 0.837402
vt 0.560965 0.840023
vt 0.562232 0.837674
vt 0.560809 0.844299
vt 0.559591 0.846274
vt 0.558261 0.848991
vt 0.557977 0.845315
vt 0.557671 0.841014
vt 0.559015 0.843328
vt 0.557395 0.837741
vt 0.558976 0.839726
vt 0.557241 0.000000
vt 0.556819 0.000000
vt 0.556833 0.002399
vt 0.557281 0.005877
vt 0.555702 0.000829
vt 0.556072 0.000000
vt 0.567667 0.943629
vt 0.568215 0.939968
vt 0.568448 0.935227
vt 0.568302 0.931802
vt 0.569294 0.937122
vt 0.569289 0.938767
vt 0.568364 0.067791
vt 0.568437 0.064535
vt 0.568083 0.059343
vt 0.567387 0.055022
vt 0.569290 0.061228
vt 0.569294 0.063067
vt 0.596694 0.764608
vt 0.600526 0.756982
vt 0.604627 0.755286
vt 0.602512 0.759273
vt 0.604820 0.749407
vt 0.606879 0.757241
vt 0.608315 0.746383
vt 0.608469 0.748555
vt 0.608633 0.753741
vt 0.608064 0.752848
vt 0.608679 0.750440
vt 0.608623 0.751943
vt 0.608499 0.753408
vt 0.607265 0.753792
vt 0.608409 0.754880
vt 0.606810 0.755218
vt 0.597639 0.907545
vt 0.596358 0.909894
vt 0.595788 0.913416
vt 0.596080 0.916215
vt 0.594417 0.914255
vt 0.594347 0.911313
vt 0.594350 0.910248
vt 0.595050 0.908677
vt 0.617134 0.525045
vt 0.617199 0.528720
vt 0.617469 0.533573
vt 0.617871 0.537497
vt 0.616710 0.532452
vt 0.616716 0.530253
vt 0.627660 0.871265
vt 0.626792 0.873850
vt 0.626351 0.878091
vt 0.626457 0.882195
vt 0.625352 0.875424
vt 0.625369 0.873664
vt 0.637242 0.308604
vt 0.637139 0.307321
vt 0.636993 0.303201
vt 0.637114 0.303012
vt 0.637054 0.309330
vt 0.636858 0.309301
vt 0.636983 0.311414
vt 0.636688 0.310020
vt 0.636353 0.307329
vt 0.636721 0.307558
vt 0.636132 0.304945
vt 0.636683 0.306081
vt 0.617957 0.432963
vt 0.618253 0.435803
vt 0.618250 0.437873
vt 0.618447 0.439025
vt 0.618250 0.437873
vt 0.618487 0.441765
vt 0.631271 0.941206
vt 0.631615 0.938881
vt 0.631705 0.935017
vt 0.631518 0.931609
vt 0.632488 0.937187
vt 0.632484 0.938883
vt 0.647691 0.532010
vt 0.648068 0.528026
vt 0.648344 0.523072
vt 0.648442 0.519489
vt 0.648765 0.524567
vt 0.648762 0.526647
vt 0.658077 0.763806
vt 0.659093 0.784755
vt 0.657375 0.797818
vt 0.655667 0.785190
vt 0.660306 0.808091
vt 0.658988 0.813145
vt 0.661308 0.807897
vt 0.660279 0.811481
vt 0.659081 0.815776
vt 0.657357 0.815120
vt 0.658028 0.818417
vt 0.655692 0.815098
vt 0.652969 0.810627
vt 0.655317 0.811406
vt 0.650550 0.807701
vt 0.652916 0.808256
vt 0.666243 0.181574
vt 0.667967 0.184809
vt 0.665924 0.178538
vt 0.664021 0.178646
vt 0.669972 0.190195
vt 0.667913 0.187382
vt 0.671740 0.194327
vt 0.669829 0.193889
vt 0.667711 0.214099
vt 0.666310 0.188291
vt 0.665990 0.241682
vt 0.665277 0.212668
vt 0.664318 0.191931
vt 0.664221 0.187647
vt 0.663379 0.191986
vt 0.662061 0.188420
vt 0.660572 0.181883
vt 0.663279 0.182629
vt 0.659292 0.176769
vt 0.661468 0.177735
vt 0.648532 0.413151
vt 0.648163 0.409906
vt 0.647143 0.406703
vt 0.645746 0.404914
vt 0.648243 0.404765
vt 0.648878 0.406258
vt 0.648870 0.408133
vt 0.689604 0.692872
vt 0.689668 0.696486
vt 0.689772 0.696565
vt 0.689649 0.693951
vt 0.689803 0.692212
vt 0.689870 0.692629
vt 0.689945 0.690601
vt 0.689941 0.692026
vt 0.690034 0.699332
vt 0.689881 0.694421
vt 0.690057 0.702746
vt 0.689816 0.696761
vt 0.694994 0.526958
vt 0.695002 0.530583
vt 0.695035 0.535448
vt 0.695083 0.539194
vt 0.694634 0.533801
vt 0.694636 0.532057
vt 0.694059 0.942337
vt 0.694686 0.939268
vt 0.695680 0.938284
vt 0.695147 0.935718
vt 0.695680 0.938284
vt 0.695318 0.932641
vt 0.711265 0.307594
vt 0.711372 0.302617
vt 0.711460 0.303572
vt 0.711297 0.307784
vt 0.711686 0.304594
vt 0.711655 0.306360
vt 0.712106 0.301601
vt 0.711899 0.305748
vt 0.711653 0.310188
vt 0.711553 0.308644
vt 0.711488 0.311487
vt 0.711401 0.309094
vt 0.696380 0.404396
vt 0.695960 0.407498
vt 0.695647 0.411991
vt 0.695521 0.415627
vt 0.695223 0.410437
vt 0.695227 0.408554
vt 0.719788 0.194327
vt 0.719759 0.190280
vt 0.719165 0.184299
vt 0.718161 0.179523
vt 0.720462 0.183206
vt 0.720640 0.187177
vt 0.720633 0.189300
vt 0.719118 0.534003
vt 0.718941 0.530906
vt 0.718807 0.526312
vt 0.718750 0.522725
vt 0.719075 0.527526
vt 0.719072 0.529306
vt 0.718750 0.412336
vt 0.718701 0.408688
vt 0.718564 0.404238
vt 0.718381 0.401185
vt 0.719084 0.405789
vt 0.719089 0.407535
vt 0.742269 0.557995
vt 0.741804 0.560799
vt 0.741274 0.564053
vt 0.740823 0.566346
vt 0.741170 0.562023
vt 0.741243 0.559131
vt 0.738347 0.947321
vt 0.739567 0.942372
vt 0.740653 0.941098
vt 0.739684 0.945342
vt 0.740969 0.936381
vt 0.741537 0.938638
vt 0.742155 0.931356
vt 0.742374 0.934607
vt 0.742624 0.938077
vt 0.741636 0.939930
vt 0.742810 0.940705
vt 0.741323 0.943158
vt 0.744112 0.055970
vt 0.743388 0.059874
vt 0.743108 0.064642
vt 0.743348 0.067874
vt 0.742048 0.063363
vt 0.742062 0.060954
vt 0.743138 0.308198
vt 0.743005 0.305522
vt 0.742545 0.301193
vt 0.741878 0.296802
vt 0.743517 0.300387
vt 0.743546 0.303368
vt 0.743539 0.303610
vt 0.759176 0.603640
vt 0.759947 0.602000
vt 0.760463 0.598752
vt 0.760577 0.595202
vt 0.761054 0.600466
vt 0.761070 0.601574
vt 0.760940 0.605362
vt 0.774136 0.905259
vt 0.774443 0.902203
vt 0.774423 0.898281
vt 0.774085 0.895509
vt 0.775354 0.899310
vt 0.775343 0.901771
vt 0.839294 0.390581
vt 0.839207 0.394598
vt 0.839195 0.399561
vt 0.839261 0.403284
vt 0.838733 0.399051
vt 0.838716 0.397076
vt 0.843543 0.527726
vt 0.843497 0.531222
vt 0.843442 0.532354
vt 0.843164 0.534753
vt 0.842634 0.537369
vt 0.876251 0.288046
vt 0.875955 0.292520
vt 0.875968 0.297538
vt 0.876282 0.300544
vt 0.875177 0.298860
vt 0.875093 0.295713
vt 0.875085 0.295455
vt 0.875112 0.293669
vt 0.864164 0.871157
vt 0.865586 0.873804
vt 0.866302 0.877173
vt 0.866986 0.877193
vt 0.866302 0.877173
vt 0.867987 0.880415
vt 0.881040 0.690526
vt 0.880666 0.686318
vt 0.880189 0.682309
vt 0.879739 0.680235
vt 0.880806 0.682321
vt 0.880825 0.683365
vt 0.880838 0.684207
vt 0.881350 0.826634
vt 0.884333 0.819632
vt 0.886912 0.818618
vt 0.884349 0.825085
vt 0.887807 0.812605
vt 0.888872 0.832769
vt 0.890839 0.804446
vt 0.890805 0.807487
vt 0.890817 0.815234
vt 0.888995 0.817555
vt 0.890861 0.819134
vt 0.887831 0.822861
vt 0.891562 0.536384
vt 0.891114 0.533336
vt 0.890939 0.530003
vt 0.890827 0.530053
vt 0.890939 0.530003
vt 0.890777 0.527393
vt 0.894202 0.413303
vt 0.894158 0.409783
vt 0.893844 0.405066
vt 0.893345 0.401366
vt 0.894699 0.405955
vt 0.894722 0.407423
vt 0.894680 0.408939
vt 0.926169 0.643134
vt 0.926177 0.646436
vt 0.926380 0.651728
vt 0.926726 0.656341
vt 0.925662 0.648869
vt 0.925668 0.647851
vt 0.914199 0.900709
vt 0.915496 0.903469
vt 0.914932 0.905664
vt 0.914194 0.904814
vt 0.917027 0.905859
vt 0.915854 0.907271
vt 0.918359 0.907637
vt 0.917024 0.909005
vt 0.915493 0.910534
vt 0.914905 0.908238
vt 0.914166 0.911476
vt 0.914166 0.908730
vt 0.922657 0.159448
vt 0.922802 0.155600
vt 0.923001 0.150830
vt 0.923193 0.147524
vt 0.923224 0.152341
vt 0.923222 0.153464
vt 0.930432 0.525135
vt 0.930021 0.528859
vt 0.929669 0.533517
vt 0.929468 0.536887
vt 0.929312 0.532031
vt 0.929308 0.530330
vt 0.929412 0.527486
vt 0.930344 0.999124
vt 0.930316 0.998969
vt 0.930082 0.999911
vt 0.929714 0.995574
vt 0.930852 0.998853
vt 0.930831 0.998923
vt 0.921690 0.397956
vt 0.921846 0.401395
vt 0.922052 0.406053
vt 0.922245 0.409723
vt 0.921518 0.405050
vt 0.921531 0.403692
vt 0.945399 0.879894
vt 0.945299 0.876943
vt 0.945669 0.874579
vt 0.945113 0.873776
vt 0.945669 0.874579
vt 0.944890 0.871241
vt 0.955006 0.180233
vt 0.954885 0.184597
vt 0.954894 0.190224
vt 0.955024 0.194822
vt 0.954324 0.188532
vt 0.954316 0.187111
vt 0.959612 0.667800
vt 0.960276 0.663564
vt 0.960772 0.658293
vt 0.960965 0.654680
vt 0.961227 0.660469
vt 0.961200 0.661023
vt 0.960681 0.073120
vt 0.960339 0.075917
vt 0.960425 0.079575
vt 0.960897 0.082214
vt 0.959421 0.083274
vt 0.959284 0.079077
vt 0.959285 0.077774
vt 0.959492 0.076499
vt 0.976852 0.832492
vt 0.976744 0.835783
vt 0.977296 0.841383
vt 0.978334 0.846446
vt 0.976224 0.844855
vt 0.975851 0.838964
vt 0.975859 0.838007
vt 0.990359 0.705810
vt 0.990964 0.696710
vt 0.991094 0.689915
vt 0.990763 0.688305
vt 0.992211 0.685674
vt 0.992096 0.689523
vt 0.992260 0.692072
vt 0.008797 0.087270
vt 0.008282 0.091836
vt 0.008212 0.096582
vt 0.008597 0.099422
vt 0.007363 0.096509
vt 0.007274 0.093596
vt 0.022434 0.532225
vt 0.022902 0.528039
vt 0.023261 0.523037
vt 0.023428 0.519188
vt 0.023773 0.524733
vt 0.023767 0.526055
vt 0.023725 0.528430
vt 0.047425 0.745866
vt 0.047299 0.747705
vt 0.048575 0.753075
vt 0.050915 0.759750
vt 0.046085 0.752832
vt 0.045481 0.750982
vt 0.045513 0.749527
vt 0.045504 0.747039
vt 0.023257 0.407772
vt 0.023094 0.404126
vt 0.022723 0.399518
vt 0.022243 0.395865
vt 0.023541 0.399340
vt 0.023580 0.401304
vt 0.023582 0.402254
vt 0.999663 0.253334
vt 0.999342 0.252027
vt 0.998826 0.246800
vt 0.998228 0.239540
vt 0.999829 0.250251
vt 1.000000 0.250000
vt 0.999949 0.250501
vt 0.055260 0.459811
vt 0.055286 0.463394
vt 0.055291 0.468151
vt 0.055271 0.471659
vt 0.054965 0.466404
vt 0.054965 0.465107
vt 0.053926 0.372090
vt 0.054309 0.374016
vt 0.054356 0.375281
vt 0.054591 0.376370
vt 0.054356 0.375281
vt 0.054699 0.378519
vt 0.078643 0.338729
vt 0.078249 0.335421
vt 0.077489 0.332602
vt 0.076579 0.331621
vt 0.077972 0.330824
vt 0.078637 0.332549
vt 0.078637 0.333415
vt 0.086469 0.475929
vt 0.086281 0.472623
vt 0.086040 0.467730
vt 0.085810 0.463929
vt 0.086477 0.468524
vt 0.086500 0.470034
vt 0.086499 0.471031
vt 0.091899 0.579947
vt 0.092259 0.582671
vt 0.093000 0.585412
vt 0.093920 0.586794
vt 0.092484 0.586389
vt 0.091854 0.586951
vt 0.091831 0.585113
vt 0.097282 0.905833
vt 0.097714 0.901251
vt 0.097780 0.896099
vt 0.097469 0.892785
vt 0.098759 0.896313
vt 0.098750 0.898986
vt 0.116528 0.295437
vt 0.116534 0.300042
vt 0.116781 0.304625
vt 0.117202 0.307032
vt 0.115991 0.304502
vt 0.115964 0.303266
vt 0.115954 0.302654
vt 0.115962 0.301403
vt 0.117900 0.538184
vt 0.117377 0.536009
vt 0.116626 0.533302
vt 0.115853 0.531393
vt 0.117234 0.528302
vt 0.117565 0.533609
vt 0.117568 0.534535
vt 0.120771 0.150730
vt 0.124836 0.149612
vt 0.123230 0.153317
vt 0.120771 0.154079
vt 0.129568 0.149708
vt 0.126059 0.153062
vt 0.133716 0.148850
vt 0.129592 0.152475
vt 0.124849 0.158208
vt 0.123237 0.145742
vt 0.120756 0.163324
vt 0.120773 0.159410
vt 0.149457 0.467910
vt 0.148947 0.471958
vt 0.148575 0.476904
vt 0.148437 0.480661
vt 0.148109 0.475267
vt 0.148107 0.474248
vt 0.148122 0.472669
vt 0.148437 0.556437
vt 0.148322 0.559919
vt 0.148107 0.562200
vt 0.148008 0.563378
vt 0.147578 0.565883
vt 0.158990 0.709721
vt 0.159111 0.704894
vt 0.158811 0.700180
vt 0.158169 0.697739
vt 0.159879 0.698419
vt 0.159968 0.701412
vt 0.159975 0.701854
vt 0.159956 0.704234
vt 0.147974 0.312560
vt 0.148238 0.310271
vt 0.148041 0.305770
vt 0.147436 0.301000
vt 0.149222 0.306700
vt 0.149235 0.308797
vt 0.149229 0.308896
vt 0.149199 0.310253
vt 0.165210 0.599499
vt 0.166201 0.598238
vt 0.166982 0.595368
vt 0.167336 0.592270
vt 0.167465 0.597218
vt 0.167473 0.598529
vt 0.166885 0.601460
vt 0.171658 0.469008
vt 0.171691 0.465282
vt 0.171564 0.460574
vt 0.171311 0.456893
vt 0.172220 0.461516
vt 0.172201 0.463776
vt 0.179734 0.852571
vt 0.179591 0.848980
vt 0.179221 0.843681
vt 0.178717 0.839377
vt 0.180095 0.846414
vt 0.180094 0.847354
vt 0.172824 0.147540
vt 0.172736 0.150558
vt 0.170572 0.146252
vt 0.169179 0.146004
vt 0.172618 0.155069
vt 0.170488 0.154545
vt 0.172608 0.162028
vt 0.169013 0.156595
vt 0.164850 0.150124
vt 0.168000 0.150190
vt 0.161284 0.146935
vt 0.164943 0.147194
vt 0.187392 0.397178
vt 0.187507 0.401108
vt 0.187681 0.405939
vt 0.187862 0.409587
vt 0.187155 0.404950
vt 0.187152 0.403228
vt 0.240349 0.691368
vt 0.239659 0.694081
vt 0.238945 0.697452
vt 0.238403 0.700131
vt 0.238811 0.695790
vt 0.238819 0.695361
vt 0.238845 0.693790
vt 0.221914 0.806010
vt 0.220778 0.810179
vt 0.220516 0.815758
vt 0.221191 0.820282
vt 0.218708 0.815765
vt 0.218658 0.812812
vt 0.219350 0.810562
vt 0.207201 0.403708
vt 0.207300 0.399984
vt 0.206947 0.395240
vt 0.206237 0.391453
vt 0.208078 0.394853
vt 0.208112 0.397614
vt 0.208102 0.399540
vt 0.225494 0.006577
vt 0.225912 0.002822
vt 0.225991 0.000288
vt 0.225716 0.000426
vt 0.226563 0.000000
vt 0.226928 0.000703
vt 0.239252 0.895310
vt 0.239513 0.891163
vt 0.239366 0.886346
vt 0.238854 0.883532
vt 0.240500 0.886858
vt 0.240501 0.889190
vt 0.243480 0.029369
vt 0.243015 0.029838
vt 0.242853 0.032236
vt 0.243037 0.035240
vt 0.242018 0.031216
vt 0.242015 0.029773
vt 0.256346 0.217563
vt 0.255427 0.224169
vt 0.255458 0.230060
vt 0.256419 0.232787
vt 0.254008 0.234996
vt 0.253429 0.230780
vt 0.253423 0.229756
vt 0.253650 0.223775
vt 0.256737 0.833289
vt 0.257791 0.829429
vt 0.258706 0.824083
vt 0.259233 0.819663
vt 0.258998 0.826819
vt 0.258997 0.827779
vt 0.258534 0.833960
vt 0.257005 0.930336
vt 0.257110 0.934453
vt 0.257532 0.939229
vt 0.258159 0.942533
vt 0.256728 0.938979
vt 0.256517 0.936398
vt 0.261377 0.350548
vt 0.260428 0.352487
vt 0.259752 0.355617
vt 0.259537 0.358616
vt 0.259137 0.354198
vt 0.259135 0.352940
vt 0.259256 0.348557
vt 0.260503 0.450368
vt 0.260632 0.453538
vt 0.260925 0.458093
vt 0.261304 0.462050
vt 0.260242 0.456858
vt 0.260219 0.454892
vt 0.273529 0.557923
vt 0.273024 0.560698
vt 0.272422 0.563933
vt 0.271891 0.566197
vt 0.272417 0.562163
vt 0.272445 0.559895
vt 0.287645 0.475869
vt 0.288140 0.472330
vt 0.288514 0.467834
vt 0.288667 0.464142
vt 0.288944 0.469434
vt 0.288940 0.471043
vt 0.288776 0.475501
vt 0.290528 0.602730
vt 0.291513 0.601360
vt 0.292184 0.598289
vt 0.292356 0.594831
vt 0.292875 0.600191
vt 0.292885 0.601300
vt 0.292864 0.604131
vt 0.292220 0.602715
vt 0.286705 0.900748
vt 0.287059 0.896022
vt 0.286814 0.891014
vt 0.286039 0.887840
vt 0.287934 0.886724
vt 0.288306 0.891499
vt 0.288304 0.893734
vt 0.289343 0.381047
vt 0.289448 0.377421
vt 0.289728 0.375318
vt 0.289684 0.373663
vt 0.289728 0.375318
vt 0.289987 0.370749
vt 0.311688 0.259393
vt 0.309093 0.273219
vt 0.307891 0.283271
vt 0.308385 0.284599
vt 0.306031 0.285762
vt 0.305411 0.284719
vt 0.305403 0.283359
vt 0.305395 0.282479
vt 0.305430 0.280308
vt 0.322256 0.841413
vt 0.321428 0.843365
vt 0.321047 0.847166
vt 0.321219 0.851217
vt 0.320019 0.846052
vt 0.319984 0.843937
vt 0.319991 0.843042
vt 0.320041 0.840752
vt 0.342272 0.707595
vt 0.341992 0.704873
vt 0.341577 0.701208
vt 0.341133 0.698406
vt 0.342258 0.701378
vt 0.342279 0.702995
vt 0.342280 0.703016
vt 0.342282 0.704526
vt 0.327761 0.004541
vt 0.327859 0.001928
vt 0.327786 0.000000
vt 0.327591 0.000000
vt 0.328125 0.000000
vt 0.328601 0.000000
vt 0.349485 0.803313
vt 0.349861 0.808877
vt 0.349820 0.812870
vt 0.350195 0.814892
vt 0.349820 0.812870
vt 0.350398 0.819747
vt 0.351740 0.000000
vt 0.351809 0.000000
vt 0.352205 0.001895
vt 0.352817 0.004805
vt 0.351391 0.005845
vt 0.351087 0.000000
vt 0.347516 0.106132
vt 0.348072 0.103133
vt 0.348515 0.098664
vt 0.348775 0.094764
vt 0.348956 0.100444
vt 0.348947 0.102126
vt 0.373652 0.253576
vt 0.374267 0.251800
vt 0.374644 0.252101
vt 0.374624 0.249514
vt 0.374779 0.245835
vt 0.375307 0.248688
vt 0.375327 0.250311
vt 0.375323 0.251461
vt 0.352580 0.918871
vt 0.353256 0.916662
vt 0.353682 0.912959
vt 0.353741 0.909332
vt 0.354342 0.914706
vt 0.354352 0.916614
vt 0.353835 0.921088
vt 0.368777 0.058350
vt 0.368357 0.060859
vt 0.368094 0.064851
vt 0.368050 0.068436
vt 0.367507 0.063242
vt 0.367516 0.061117
vt 0.407284 0.669981
vt 0.407683 0.672317
vt 0.407966 0.677438
vt 0.408100 0.682945
vt 0.407781 0.675718
vt 0.407775 0.674124
vt 0.407783 0.674102
vt 0.405800 0.525400
vt 0.405943 0.528913
vt 0.405940 0.531306
vt 0.405885 0.532597
vt 0.405641 0.535468
vt 0.431364 0.717230
vt 0.431966 0.712703
vt 0.432353 0.707745
vt 0.432422 0.704923
vt 0.432957 0.709499
vt 0.432965 0.710354
vt 0.432934 0.712595
vt 0.433168 0.294111
vt 0.432147 0.297357
vt 0.431613 0.301189
vt 0.431715 0.303994
vt 0.430653 0.302435
vt 0.430579 0.299851
vt 0.430566 0.299056
vt 0.430812 0.292923
vt 0.427807 0.546725
vt 0.427697 0.543101
vt 0.427554 0.538177
vt 0.427417 0.534318
vt 0.427991 0.538387
vt 0.428023 0.540596
vt 0.445214 0.818420
vt 0.445226 0.814901
vt 0.445779 0.812605
vt 0.445050 0.811204
vt 0.444734 0.808322
vt 0.455885 0.084078
vt 0.455416 0.087699
vt 0.455468 0.092317
vt 0.456029 0.095643
vt 0.454165 0.090757
vt 0.454162 0.088744
vt 0.454472 0.085949
vt 0.458030 0.950829
vt 0.459404 0.947936
vt 0.459098 0.951631
vt 0.458104 0.955026
vt 0.461046 0.944661
vt 0.460046 0.949544
vt 0.462500 0.941095
vt 0.461070 0.947412
vt 0.459476 0.943422
vt 0.454702 0.223293
vt 0.452865 0.005005
vt 0.452682 0.002418
vt 0.453348 0.000293
vt 0.453741 0.001143
vt 0.452505 0.000838
vt 0.453241 -0.001042
vt 0.462682 0.306863
vt 0.463146 0.304122
vt 0.463685 0.300285
vt 0.464149 0.296981
vt 0.463778 0.302400
vt 0.463763 0.302886
vt 0.463747 0.303970
vt 0.477528 0.000000
vt 0.477058 0.000000
vt 0.476748 0.002705
vt 0.476688 0.006838
vt 0.476205 0.001453
vt 0.476069 0.000000
vt 0.507803 0.994267
vt 0.531589 0.996126
vt 0.531250 1.000000
vt 0.507794 1.000000
vt 0.507793 0.000000
vt 0.536374 0.042594
vt 0.536705 0.046729
vt 0.507805 0.002322
vt 0.537115 0.050173
vt 0.507837 0.006101
vt 0.531280 0.470855
vt 0.531541 0.474071
vt 0.557244 0.994303
vt 0.586695 0.994725
vt 0.586698 1.000000
vt 0.556819 1.000000
vt 0.586698 0.000000
vt 0.586578 0.002196
vt 0.586519 0.005882
vt 0.617713 0.995670
vt 0.617784 1.000000
vt 0.617109 0.033181
vt 0.617207 0.035401
vt 0.617273 0.039034
vt 0.648520 0.994699
vt 0.648456 1.000000
vt 0.648456 0.000000
vt 0.648414 0.002144
vt 0.648359 0.005898
vt 0.679279 0.994900
vt 0.679165 0.999950
vt 0.679153 0.000000
vt 0.679160 0.001989
vt 0.679125 0.005515
vt 0.710984 0.963313
vt 0.710680 0.968227
vt 0.703125 0.000000
vt 0.703078 0.002179
vt 0.703028 0.005133
vt 0.730788 0.994302
vt 0.758805 0.994548
vt 0.758674 0.999949
vt 0.729097 0.998986
vt 0.729097 0.000000
vt 0.758673 0.000000
vt 0.758610 0.001826
vt 0.727319 0.000712
vt 0.758517 0.005217
vt 0.725517 0.006271
vt 0.867499 0.523469
vt 0.867493 0.527183
vt 0.867504 0.532140
vt 0.843184 0.535410
vt 0.867530 0.535809
vt 0.842687 0.537984
vt 0.890800 0.525569
vt 0.890835 0.528987
vt 0.891114 0.533336
vt 0.899005 0.995892
vt 0.899000 1.000000
vt 0.898323 0.033210
vt 0.929669 0.031559
vt 0.929832 0.033740
vt 0.898126 0.035865
vt 0.929772 0.036876
vt 0.897900 0.039800
vt 0.961334 0.525288
vt 0.961402 0.528918
vt 0.961457 0.533918
vt 0.961482 0.537558
vt 0.992418 0.526602
vt 0.992487 0.530244
vt 0.992516 0.535226
vt 0.992549 0.538994
vt 0.000000 0.530908
vt 0.000046 0.534697
vt 0.000271 0.539420
vt 0.000610 0.543213
vt 0.000223 0.995452
vt 0.023452 0.995121
vt 0.023449 1.000000
vt 0.000160 1.000000
vt 0.000160 0.039457
vt 0.023449 0.000000
vt 0.023338 0.001949
vt -0.000277 0.042243
vt 0.023223 0.005566
vt -0.000725 0.046237
vt 0.053289 0.994893
vt 0.053299 1.000000
vt 0.053299 0.000000
vt 0.053297 0.001828
vt 0.053294 0.005265
vt 0.084678 0.994210
vt 0.084586 0.999966
vt 0.084585 0.000000
vt 0.084533 0.001747
vt 0.084466 0.004942
vt 0.117119 0.959934
vt 0.116955 0.966838
vt 0.116650 0.000000
vt 0.116612 0.001572
vt 0.116549 0.003930
vt 0.196220 0.995306
vt 0.225687 0.994564
vt 0.226031 1.000000
vt 0.196167 1.000000
vt 0.193895 0.016464
vt 0.193746 0.018831
vt 0.193593 0.022920
vt 0.250511 0.995367
vt 0.272796 0.993934
vt 0.272699 0.999929
vt 0.250475 1.000000
vt 0.272696 0.000000
vt 0.272569 0.001908
vt 0.272403 0.005308
vt 0.304885 0.962459
vt 0.304716 0.969070
vt 0.303340 0.000000
vt 0.303306 0.001733
vt 0.303247 0.004443
vt 0.351728 0.994238
vt 0.383310 0.962742
vt 0.382910 0.969026
vt 0.351821 0.999745
vt 0.381523 0.000000
vt 0.381468 0.001551
vt 0.381398 0.003985
vt 0.405931 0.533466
vt 0.405769 0.536727
vt 0.428975 0.994491
vt 0.428581 0.999580
vt 0.429614 0.030762
vt 0.429426 0.034363
vt 0.429188 0.038652
vt 0.477058 1.000000
vt 0.477533 0.994217
vt 0.536319 0.037873
vt 0.632838 0.100347
vt 0.664163 0.086983
vt 0.664178 0.090453
vt 0.634793 0.101261
vt 0.664197 0.095054
vt 0.637166 0.103285
vt 0.664216 0.098394
vt 0.639362 0.106108
vt 0.694950 0.087601
vt 0.695088 0.090603
vt 0.695143 0.094469
vt 0.695144 0.098405
vt 0.723604 0.099188
vt 0.723669 0.103106
vt 0.723658 0.107757
vt 0.723575 0.110786
vt 0.773697 0.057938
vt 0.773684 0.060687
vt 0.773676 0.064511
vt 0.773673 0.068113
vt 0.803909 0.058431
vt 0.803980 0.060937
vt 0.804058 0.064726
vt 0.804123 0.068631
vt 0.835716 0.089749
vt 0.835699 0.092369
vt 0.835680 0.096337
vt 0.835664 0.100682
vt 0.870473 0.038857
vt 0.870332 0.042536
vt 0.870145 0.046375
vt 0.869966 0.050472
vt 0.995049 0.035160
vt 0.994753 0.037949
vt 0.994378 0.042395
vt 0.994009 0.046301
vt 0.039905 0.056682
vt 0.039824 0.060334
vt 0.039732 0.064462
vt 0.039651 0.068093
vt 0.071656 0.057137
vt 0.071671 0.060514
vt 0.071686 0.064525
vt 0.071697 0.068148
vt 0.102493 0.058123
vt 0.102499 0.060762
vt 0.102495 0.064516
vt 0.102484 0.068234
vt 0.133614 0.058721
vt 0.133569 0.061096
vt 0.133497 0.064579
vt 0.133419 0.068192
vt 0.147995 0.563669
vt 0.147551 0.565973
vt 0.166991 0.036493
vt 0.166944 0.039409
vt 0.166846 0.042645
vt 0.166738 0.046085
vt 0.171801 0.996056
vt 0.172015 1.000000
vt 0.282947 0.083450
vt 0.320172 0.091343
vt 0.320356 0.094050
vt 0.282851 0.086313
vt 0.320516 0.098075
vt 0.282747 0.090677
vt 0.320587 0.101709
vt 0.282668 0.095213
vt 0.399657 0.058863
vt 0.399755 0.061105
vt 0.399775 0.064903
vt 0.399702 0.068757
vt 0.524927 0.170036
vt 0.558710 0.153476
vt 0.558680 0.156999
vt 0.524868 0.173768
vt 0.558634 0.162011
vt 0.524807 0.179312
vt 0.558605 0.167384
vt 0.524752 0.183325
vt 0.758032 0.147565
vt 0.758004 0.150857
vt 0.757987 0.155593
vt 0.757977 0.160152
vt 0.789044 0.151556
vt 0.789156 0.155133
vt 0.789424 0.160054
vt 0.789785 0.163831
vt 0.819315 0.172924
vt 0.819228 0.176807
vt 0.818968 0.181660
vt 0.818586 0.184883
vt 0.023641 0.152155
vt 0.054612 0.150266
vt 0.054713 0.153766
vt 0.023745 0.155441
vt 0.054973 0.158862
vt 0.024062 0.160325
vt 0.055321 0.162793
vt 0.024307 0.164035
vt 0.085970 0.151906
vt 0.085899 0.155581
vt 0.085729 0.160618
vt 0.085500 0.165642
vt 0.148370 0.119358
vt 0.148385 0.122616
vt 0.148402 0.127976
vt 0.148417 0.131993
vt 0.211506 0.087416
vt 0.250970 0.086928
vt 0.250983 0.090100
vt 0.211449 0.091118
vt 0.251019 0.094623
vt 0.211373 0.095867
vt 0.251053 0.098640
vt 0.211299 0.099302
vt 0.370672 0.152615
vt 0.398080 0.153121
vt 0.397800 0.156809
vt 0.370710 0.156312
vt 0.397204 0.161634
vt 0.370823 0.161111
vt 0.396440 0.165321
vt 0.370960 0.164637
vt 0.428891 0.165023
vt 0.428874 0.168655
vt 0.428854 0.173344
vt 0.428865 0.175829
vt 0.478496 0.105030
vt 0.478554 0.109155
vt 0.478604 0.113777
vt 0.478633 0.116582
vt 0.478746 0.181445
vt 0.478867 0.184608
vt 0.479040 0.191360
vt 0.479195 0.196149
vt 0.607189 0.159129
vt 0.607176 0.162813
vt 0.607150 0.168209
vt 0.607148 0.172049
vt 0.854521 0.167272
vt 0.854605 0.170728
vt 0.854963 0.176192
vt 0.855503 0.180284
vt 0.852790 0.692905
vt 0.852794 0.695953
vt 0.852784 0.700673
vt 0.852762 0.704436
vt 0.889457 0.159804
vt 0.889420 0.163715
vt 0.889278 0.169017
vt 0.889075 0.173328
vt 0.117771 0.688917
vt 0.117743 0.691443
vt 0.117726 0.696902
vt 0.117768 0.700373
vt 0.268710 0.696042
vt 0.268689 0.699313
vt 0.268593 0.703398
vt 0.268461 0.706996
vt 0.305758 0.714398
vt 0.305858 0.717892
vt 0.306085 0.723253
vt 0.306390 0.726979
vt 0.291550 0.164705
vt 0.329984 0.181709
vt 0.329971 0.185314
vt 0.291821 0.169045
vt 0.329949 0.189559
vt 0.292198 0.174099
vt 0.329949 0.194325
vt 0.292590 0.177590
vt 0.594634 0.300841
vt 0.594395 0.302781
vt 0.594260 0.308392
vt 0.594187 0.310622
vt 0.537204 0.748572
vt 0.537117 0.751179
vt 0.537022 0.756585
vt 0.536943 0.758942
vt 0.765314 0.684686
vt 0.765311 0.686890
vt 0.765308 0.692748
vt 0.765325 0.696899
vt 0.812888 0.690677
vt 0.812875 0.693719
vt 0.812853 0.698374
vt 0.812858 0.702530
vt 0.918289 0.286593
vt 0.918288 0.290653
vt 0.918296 0.295950
vt 0.918324 0.299157
vt 0.960897 0.297776
vt 0.960771 0.303270
vt 0.960653 0.309118
vt 0.960743 0.311524
vt 0.938421 0.774760
vt 0.938359 0.777719
vt 0.938412 0.784645
vt 0.938348 0.788436
vt 0.609281 0.807708
vt 0.609308 0.810660
vt 0.609342 0.815166
vt 0.609368 0.818748
vt 0.695146 0.836099
vt 0.695335 0.840554
vt 0.695536 0.846200
vt 0.695717 0.850091
vt 0.726654 0.835510
vt 0.726628 0.842552
vt 0.726590 0.847743
vt 0.726540 0.851366
vt 0.761923 0.829685
vt 0.762004 0.833344
vt 0.762107 0.838690
vt 0.762167 0.842042
vt 0.805053 0.833653
vt 0.804872 0.837871
vt 0.804752 0.843574
vt 0.804728 0.847108
vt 0.840087 0.827248
vt 0.840188 0.831557
vt 0.840325 0.837425
vt 0.840434 0.840832
vt 1.000148 0.807039
vt 1.000105 0.810446
vt 1.000271 0.816258
vt 1.000549 0.821919
vt 0.054728 0.381009
vt 0.054607 0.377488
vt 0.054309 0.374016
vt 0.053773 0.835944
vt 0.084603 0.817739
vt 0.084565 0.822842
vt 0.053972 0.838832
vt 0.084510 0.827500
vt 0.054103 0.843404
vt 0.084464 0.831381
vt 0.054135 0.847026
vt 0.118010 0.821082
vt 0.118054 0.824706
vt 0.118072 0.830019
vt 0.118069 0.833936
vt 0.148689 0.836054
vt 0.148393 0.840324
vt 0.148176 0.845710
vt 0.148097 0.849336
vt 0.290062 0.371225
vt 0.289714 0.373561
vt 0.289448 0.377421
vt 0.376244 0.828260
vt 0.376413 0.836056
vt 0.376695 0.842115
vt 0.350205 0.815140
vt 0.377054 0.846308
vt 0.350434 0.819476
vt 0.491348 0.900540
vt 0.523838 0.879739
vt 0.523419 0.883863
vt 0.491721 0.904660
vt 0.522992 0.889722
vt 0.491939 0.909545
vt 0.522622 0.893711
vt 0.491938 0.913001
vt 0.663531 0.904657
vt 0.663776 0.908319
vt 0.664113 0.913212
vt 0.664462 0.916984
vt 0.866833 0.399491
vt 0.866881 0.402824
vt 0.866922 0.407836
vt 0.866941 0.411524
vt 0.884779 0.916182
vt 0.884706 0.920126
vt 0.884681 0.924103
vt 0.884685 0.926402
vt 0.944937 0.869878
vt 0.945128 0.873056
vt 0.945299 0.876943
vt 0.945369 0.404605
vt 0.945353 0.407260
vt 0.945364 0.411747
vt 0.945373 0.415259
vt 0.968320 0.397776
vt 0.968483 0.400699
vt 0.968513 0.405086
vt 0.968409 0.408715
vt 0.992108 0.404422
vt 0.992075 0.408072
vt 0.992059 0.413109
vt 0.992022 0.416765
vt 0.000487 0.404422
vt 0.000223 0.408308
vt 0.000042 0.413206
vt 0.000000 0.416990
vt 0.210930 0.895002
vt 0.210777 0.898875
vt 0.210639 0.903344
vt 0.210556 0.906609
vt 0.407793 0.843415
vt 0.407729 0.848369
vt 0.407532 0.853583
vt 0.407232 0.856725
vt 0.442881 0.892153
vt 0.442542 0.895955
vt 0.442094 0.901234
vt 0.441638 0.905020
vt 0.695319 0.931449
vt 0.695148 0.934996
vt 0.694686 0.939268
vt 0.710414 0.972708
vt 0.710130 0.976673
vt 0.789158 0.962312
vt 0.820211 0.962589
vt 0.820211 0.968672
vt 0.788996 0.968671
vt 0.789112 0.000000
vt 0.820328 0.000000
vt 0.820376 0.001605
vt 0.789046 0.001566
vt 0.820392 0.004151
vt 0.788944 0.004031
vt 0.851448 0.964360
vt 0.851344 0.968948
vt 0.850751 0.000000
vt 0.850568 0.002057
vt 0.850369 0.005027
vt 0.851292 0.972165
vt 0.851284 0.974705
vt 0.946506 0.942766
vt 0.976531 0.962753
vt 0.976503 0.967456
vt 0.946611 0.946460
vt 0.953138 0.000000
vt 0.975149 0.000000
vt 0.974958 0.001773
vt 0.953198 0.001496
vt 0.974772 0.004306
vt 0.953204 0.003713
vt 0.007234 0.920279
vt 0.039401 0.931610
vt 0.039484 0.935472
vt 0.007161 0.924430
vt 0.039574 0.939440
vt 0.007093 0.929137
vt 0.039652 0.942705
vt 0.007151 0.931809
vt 0.071775 0.931328
vt 0.071687 0.935347
vt 0.071575 0.939758
vt 0.071472 0.943391
vt 0.148039 0.962412
vt 0.147991 0.966926
vt 0.147589 0.000000
vt 0.147472 0.001676
vt 0.147332 0.004140
vt 0.179691 0.931637
vt 0.179614 0.935342
vt 0.179632 0.939231
vt 0.148011 0.970026
vt 0.179713 0.941752
vt 0.148079 0.972369
vt 0.332593 0.953987
vt 0.332806 0.959567
vt 0.411820 0.948839
vt 0.411852 0.952658
vt 0.406106 0.000000
vt 0.406132 0.001704
vt 0.406140 0.004012
vt 0.411726 0.955969
vt 0.411477 0.959108
vt 0.458329 0.961212
vt 0.618253 0.435803
vt 0.618442 0.439989
vt 0.618470 0.443702
vt 0.725912 1.004918
vt 0.727308 1.001628
vt 0.866995 0.876823
vt 0.868002 0.878563
vt 0.875098 0.995784
vt 0.875154 1.000000
vt 0.947028 0.952250
vt 0.946802 0.949456
vt 0.984700 0.148489
vt 0.984301 0.151546
vt 0.983842 0.157439
vt 0.983101 0.164150
vt 0.999901 0.919333
vt 1.000044 0.924665
vt 1.000208 0.928417
vt 0.976652 0.970771
vt 1.000522 0.930532
vt 0.976903 0.973270
vt -0.000254 0.180076
vt -0.000143 0.184478
vt -0.000163 0.189925
vt -0.000388 0.194022
vt 0.017149 0.826698
vt 0.017071 0.830931
vt 0.017103 0.835336
vt 0.017103 0.839256
vt 0.429671 0.027839
vt 0.444761 0.807210
vt 0.445060 0.810574
vt 0.476189 0.999023
vt 0.548558 0.687500
vt 0.554212 0.354480
vt 0.555711 0.998740
vt 0.555603 1.000000
vt 0.586820 0.090219
vt 0.673106 0.335601
vt 0.671875 0.468743
vt 0.696697 0.625000
vt 0.727038 0.645520
vt 0.842200 0.312500
vt 0.867517 0.625000
vt 0.902287 0.594202
vt 0.906250 0.465230
vt 0.930449 0.032107
vt 0.930595 0.030845
vt 0.994038 0.625000
vt 0.993680 0.312500
vt 0.999755 0.995620
vt 0.999852 0.122671
vt 0.999756 0.125450
vt 0.035758 0.300306
vt 0.032047 0.290830
vt 0.008869 0.625000
vt 0.006341 0.692514
vt 0.006426 0.689996
vt 0.006412 0.689189
vt 0.006281 0.685637
vt 0.007609 0.312500
vt 0.036394 0.303062
vt 0.064452 0.250000
vt 0.034528 0.304190
vt 0.035751 0.305967
vt 0.036379 0.304998
vt 0.036391 0.303960
vt 0.132482 0.625000
vt 0.163530 0.375000
vt 0.185972 0.312500
vt 0.219210 0.295375
vt 0.210935 0.187500
vt 0.226892 0.997285
vt 0.227108 1.000000
vt 0.249455 1.000000
vt 0.287881 0.812500
vt 0.333563 0.958667
vt 0.351189 0.999174
vt 0.333570 0.960261
vt 0.429357 0.625000
s 1
f 1984/1493/1984 1985/1494/1985 2064/1495/2064
f 1993/1496/1993 1989/1497/1989 1988/1498/1988
f 1991/1499/1991 1992/1500/1992 1988/1498/1988
f 1995/1501/1995 1989/1497/1989 1993/1496/1993
f 2006/1502/2006 2004/1503/2004 2003/1504/2003
f 2009/1505/2009 2007/1506/2007 2006/1502/2006
f 2012/1507/2012 2008/1508/2008 2009/1505/2009
f 2014/1509/2014 2012/1507/2012 2011/1510/2011
f 2028/1511/2028 2026/1512/2026 2025/1513/2025
f 2036/1514/2036 2032/1515/2032 2031/1516/2031
f 2037/1517/2037 2036/1514/2036 2035/1518/2035
f 2044/1519/2044 2041/1520/2041 2043/1521/2043
f 2046/1522/2046 2042/1523/2042 2044/1519/2044
f 2048/1524/2048 2044/1519/2044 2043/1521/2043
f 2048/1524/2048 2049/1525/2049 2046/1522/2046
f 2052/1526/2052 2047/1527/2047 2049/1525/2049
f 2053/1528/2053 2050/1529/2050 2047/1527/2047
f 2054/1530/2054 2051/1531/2051 2045/1532/2045
f 2057/1533/2057 2055/1534/2055 2054/1530/2054
f 2065/1535/2065 2061/1536/2061 2060/1537/2060
f 2062/1538/2062 2060/1537/2060 2059/1539/2059
f 2065/1535/2065 1983/1540/1983 2061/1536/2061
f 1992/1500/1992 1993/1496/1993 1988/1498/1988
f 1991/1499/1991 1994/1541/1994 1992/1500/1992
f 1996/1542/1996 1997/1543/1997 1995/1501/1995
f 2003/1504/2003 2004/1503/2004 2002/1544/2002
f 2011/1510/2011 2006/1502/2006 2005/1545/2005 2010/1546/2010
f 2006/1502/2006 2007/1506/2007 2004/1503/2004
f 2007/1506/2007 2009/1505/2009 2008/1508/2008
f 2011/1510/2011 2009/1505/2009 2006/1502/2006
f 2008/1508/2008 2012/1507/2012 2013/1547/2013
f 2011/1510/2011 2012/1507/2012 2009/1505/2009
f 2012/1507/2012 2014/1509/2014 2013/1547/2013
f 2022/1548/2022 2024/1549/2024 2021/1550/2021
f 2035/1518/2035 2036/1514/2036 2031/1516/2031
f 2038/1551/2038 2037/1517/2037 2035/1518/2035
f 2037/1517/2037 2039/1552/2039 2036/1514/2036
f 2041/1520/2041 2044/1519/2044 2042/1523/2042
f 2046/1522/2046 2047/1527/2047 2042/1523/2042
f 2045/1532/2045 2048/1524/2048 2043/1521/2043
f 2048/1524/2048 2046/1522/2046 2044/1519/2044
f 2049/1525/2049 2047/1527/2047 2046/1522/2046
f 2045/1532/2045 2051/1531/2051 2048/1524/2048
f 2051/1531/2051 2049/1525/2049 2048/1524/2048
f 2049/1525/2049 2051/1531/2051 2052/1526/2052
f 2052/1526/2052 2053/1528/2053 2047/1527/2047
f 2054/1530/2054 2055/1534/2055 2051/1531/2051
f 2051/1531/2051 2055/1534/2055 2052/1526/2052
f 2059/1539/2059 2058/1553/2058 2057/1533/2057
f 2059/1539/2059 2060/1537/2060 2058/1553/2058
f 2060/1537/2060 2062/1538/2062 2065/1535/2065
f 2064/1495/2064 2062/1538/2062 2059/1539/2059
f 2061/1536/2061 1983/1540/1983 2063/1554/2063
f 2066/1555/2066 2070/1556/2070 2071/1557/2071 2067/1558/2067 2068/1559/2068 2069/1560/2069
f 2072/1561/2072 2075/1562/2075 2077/1563/2077 2076/1564/2076
f 2075/1562/2075 2079/1565/2079 2080/1566/2080 2077/1563/2077
f 2073/1567/2073 2078/1568/2078 2080/1566/2080 2079/1565/2079
f 2078/1568/2078 2082/1569/2082 2083/1570/2083 2080/1566/2080
f 2074/1571/2074 2081/1572/2081 2083/1570/2083 2082/1569/2082
f 2081/1572/2081 2076/1564/2076 2077/1563/2077 2083/1570/2083
f 2077/1563/2077 2080/1566/2080 2083/1570/2083
f 2092/1573/2092 2096/1574/2096 2097/1575/2097 2093/1576/2093 2094/1577/2094 2095/1578/2095
f 2098/1579/2098 2102/1580/2102 2103/1581/2103 2099/1582/2099 2100/1583/2100 2101/1584/2101
f 2116/1585/2116 2122/1586/2122 2123/1587/2123 2117/1588/2117 2118/1589/2118 2119/1590/2119 2120/1591/2120 2121/1592/2121
f 2124/1593/2124 2127/1594/2127 2126/1595/2126
f 2127/1594/2127 2128/1596/2128 2126/1597/2126
f 2128/1596/2128 2125/1598/2125 2126/1597/2126
f 2129/1599/2129 2134/1600/2134 2135/1601/2135 2130/1602/2130 2131/1603/2131 2132/1604/2132 2133/1605/2133
f 2136/1606/2136 2140/1607/2140 2141/1608/2141 2137/1609/2137 2138/1610/2138 2139/1611/2139
f 2146/1612/2146 2151/1613/2151 2152/1614/2152 2147/1615/2147 2148/1616/2148 2149/1617/2149 2150/1618/2150
f 2153/1619/2153 2157/1620/2157 2158/1621/2158 2154/1622/2154 2155/1623/2155 2156/1624/2156
f 2159/1625/2159 2162/1626/2162 2164/1627/2164 2163/1628/2163
f 2162/1626/2162 2166/1629/2166 2167/1630/2167 2164/1627/2164
f 2160/1631/2160 2165/1632/2165 2167/1630/2167 2166/1629/2166
f 2165/1632/2165 2169/1633/2169 2170/1634/2170 2167/1630/2167
f 2161/1635/2161 2168/1636/2168 2170/1634/2170 2169/1633/2169
f 2168/1636/2168 2163/1628/2163 2164/1627/2164 2170/1634/2170
f 2164/1627/2164 2167/1630/2167 2170/1634/2170
f 2171/1637/2171 2175/1638/2175 2176/1639/2176 2172/1640/2172 2173/1641/2173 2174/1642/2174
f 2181/1643/2181 2185/1644/2185 2186/1645/2186 2182/1646/2182 2183/1647/2183 2184/1648/2184
f 2187/1649/2187 2191/1650/2191 2192/1651/2192 2188/1652/2188 2189/1653/2189 2190/1654/2190
f 2197/1655/2197 2201/1656/2201 2203/1657/2203 2202/1658/2202
f 2201/1656/2201 2205/1659/2205 2206/1660/2206 2203/1657/2203
f 2198/1661/2198 2204/1662/2204 2206/1660/2206 2205/1659/2205
f 2204/1662/2204 2208/1663/2208 2209/1664/2209 2206/1660/2206
f 2199/1665/2199 2207/1666/2207 2209/1664/2209 2208/1663/2208
f 2207/1666/2207 2211/1667/2211 2212/1668/2212 2209/1664/2209
f 2200/1669/2200 2210/1670/2210 2212/1668/2212 2211/1667/2211
f 2210/1670/2210 2202/1658/2202 2203/1657/2203 2212/1668/2212
f 2203/1657/2203 2206/1660/2206 2209/1664/2209 2212/1668/2212
f 2221/1671/2221 2227/1672/2227 2228/1673/2228 2222/1674/2222 2223/1675/2223 2224/1676/2224 2225/1677/2225 2226/1678/2226
f 2233/1679/2233 2237/1680/2237 2238/1681/2238 2234/1682/2234 2235/1683/2235 2236/1684/2236
f 2239/1685/2239 2243/1686/2243 2244/1687/2244 2240/1688/2240 2241/1689/2241 2242/1690/2242
f 2249/1691/2249 2252/1692/2252 2254/1693/2254 2253/1694/2253
f 2252/1692/2252 2256/1695/2256 2257/1696/2257 2254/1693/2254
f 2250/1697/2250 2255/1698/2255 2257/1696/2257 2256/1695/2256
f 2255/1698/2255 2259/1699/2259 2260/1700/2260 2257/1696/2257
f 2251/1701/2251 2258/1702/2258 2260/1700/2260 2259/1699/2259
f 2258/1702/2258 2253/1694/2253 2254/1693/2254 2260/1700/2260
f 2254/1693/2254 2257/1696/2257 2260/1700/2260
f 2261/1703/2261 2264/1704/2264 2263/1705/2263
f 2264/1704/2264 2265/1706/2265 2263/1707/2263
f 2265/1706/2265 2262/1708/2262 2263/1707/2263
f 2266/1709/2266 2270/1710/2270 2271/1711/2271 2267/1712/2267 2268/1713/2268 2269/1714/2269
f 2276/1715/2276 2280/1716/2280 2281/1717/2281 2277/1718/2277 2278/1719/2278 2279/1720/2279
f 2282/1721/2282 2286/1722/2286 2288/1723/2288 2287/1724/2287
f 2286/1722/2286 2290/1725/2290 2291/1726/2291 2288/1723/2288
f 2283/1727/2283 2289/1728/2289 2291/1726/2291 2290/1725/2290
f 2289/1728/2289 2293/1729/2293 2294/1730/2294 2291/1726/2291
f 2284/1731/2284 2292/1732/2292 2294/1730/2294 2293/1729/2293
f 2292/1732/2292 2296/1733/2296 2297/1734/2297 2294/1730/2294
f 2285/1735/2285 2295/1736/2295 2297/1734/2297 2296/1733/2296
f 2295/1736/2295 2287/1724/2287 2288/1723/2288 2297/1734/2297
f 2288/1723/2288 2291/1726/2291 2294/1730/2294 2297/1734/2297
f 2302/1737/2302 2307/1738/2307 2309/1739/2309 2308/1740/2308
f 2307/1738/2307 2311/1741/2311 2312/1742/2312 2309/1739/2309
f 2303/1743/2303 2310/1744/2310 2312/1742/2312 2311/1741/2311
f 2310/1744/2310 2314/1745/2314 2315/1746/2315 2312/1742/2312
f 2304/1747/2304 2313/1748/2313 2315/1746/2315 2314/1745/2314
f 2313/1748/2313 2317/1749/2317 2318/1750/2318 2315/1746/2315
f 2305/1751/2305 2316/1752/2316 2318/1750/2318 2317/1749/2317
f 2316/1752/2316 2320/1753/2320 2321/1754/2321 2318/1750/2318
f 2306/1755/2306 2319/1756/2319 2321/1754/2321 2320/1753/2320
f 2319/1756/2319 2308/1740/2308 2309/1739/2309 2321/1754/2321
f 2309/1739/2309 2312/1742/2312 2315/1746/2315 2318/1750/2318 2321/1754/2321
f 2322/1757/2322 2327/1758/2327 2328/1759/2328 2323/1760/2323 2324/1761/2324 2325/1762/2325 2326/1763/2326
f 2329/1764/2329 2332/1765/2332 2334/1766/2334 2333/1767/2333
f 2332/1765/2332 2336/1768/2336 2337/1769/2337 2334/1766/2334
f 2330/1770/2330 2335/1771/2335 2337/1769/2337 2336/1768/2336
f 2335/1771/2335 2339/1772/2339 2340/1773/2340 2337/1769/2337
f 2331/1774/2331 2338/1775/2338 2340/1773/2340 2339/1772/2339
f 2338/1775/2338 2333/1767/2333 2334/1766/2334 2340/1773/2340
f 2334/1766/2334 2337/1769/2337 2340/1773/2340
f 2353/1776/2353 2357/1777/2357 2358/1778/2358 2354/1779/2354 2355/1780/2355 2356/1781/2356
f 2363/1782/2363 2366/1783/2366 2365/1784/2365
f 2366/1783/2366 2367/1785/2367 2365/1786/2365
f 2367/1785/2367 2364/1787/2364 2365/1786/2365
f 2372/1788/2372 2375/1789/2375 2377/1790/2377 2376/1791/2376
f 2375/1789/2375 2379/1792/2379 2380/1793/2380 2377/1790/2377
f 2373/1794/2373 2378/1795/2378 2380/1793/2380 2379/1792/2379
f 2378/1795/2378 2382/1796/2382 2383/1797/2383 2380/1793/2380
f 2374/1798/2374 2381/1799/2381 2383/1797/2383 2382/1796/2382
f 2381/1799/2381 2376/1791/2376 2377/1790/2377 2383/1797/2383
f 2377/1790/2377 2380/1793/2380 2383/1797/2383
f 2384/1800/2384 2388/1801/2388 2389/1802/2389 2385/1803/2385 2386/1804/2386 2387/1805/2387
f 2394/1806/2394 2399/1807/2399 2400/1808/2400 2395/1809/2395 2396/1810/2396 2397/1811/2397 2398/1812/2398
f 2401/1813/2401 2405/1814/2405 2406/1815/2406 2402/1816/2402 2403/1817/2403 2404/1818/2404
f 2419/1819/2419 2423/1820/2423 2424/1821/2424 2420/1822/2420 2421/1823/2421 2422/1824/2422
f 2425/1825/2425 2429/1826/2429 2430/1827/2430 2426/1828/2426 2427/1829/2427 2428/1830/2428
f 2435/1831/2435 2438/1832/2438 2440/1833/2440 2439/1834/2439
f 2438/1832/2438 2442/1835/2442 2443/1836/2443 2440/1833/2440
f 2436/1837/2436 2441/1838/2441 2443/1836/2443 2442/1835/2442
f 2441/1838/2441 2445/1839/2445 2446/1840/2446 2443/1836/2443
f 2437/1841/2437 2444/1842/2444 2446/1840/2446 2445/1839/2445
f 2444/1842/2444 2439/1834/2439 2440/1833/2440 2446/1840/2446
f 2440/1833/2440 2443/1836/2443 2446/1840/2446
f 2447/1843/2447 2451/1844/2451 2452/1845/2452 2448/1846/2448 2449/1847/2449 2450/1848/2450
f 2453/1849/2453 2458/1850/2458 2459/1851/2459 2454/1852/2454 2455/1853/2455 2456/1854/2456 2457/1855/2457
f 2460/1856/2460 2465/1857/2465 2466/1858/2466 2461/1859/2461 2462/1860/2462 2463/1861/2463 2464/1862/2464
f 2479/1863/2479 2483/1864/2483 2484/1865/2484 2480/1866/2480 2481/1867/2481 2482/1868/2482
f 2525/1869/2525 2529/1870/2529 2530/1871/2530 2526/1872/2526 2527/1873/2527 2528/1874/2528
f 2531/1875/2531 2534/1876/2534 2533/1877/2533
f 2534/1876/2534 2535/1878/2535 2533/1877/2533
f 2535/1878/2535 2532/1879/2532 2533/1877/2533
f 2548/1880/2548 2554/1881/2554 2555/1882/2555 2549/1883/2549 2550/1884/2550 2551/1885/2551 2552/1886/2552 2553/1887/2553
f 2560/1888/2560 2563/1889/2563 2562/1890/2562
f 2563/1889/2563 2564/1891/2564 2562/1892/2562
f 2564/1891/2564 2561/1893/2561 2562/1892/2562
f 2573/1894/2573 2578/1895/2578 2579/1896/2579 2574/1897/2574 2575/1898/2575 2576/1899/2576 2577/1900/2577
f 2580/1901/2580 2583/1902/2583 2585/1903/2585 2584/1904/2584
f 2583/1902/2583 2587/1905/2587 2588/1906/2588 2585/1903/2585
f 2581/1907/2581 2586/1908/2586 2588/1906/2588 2587/1905/2587
f 2586/1908/2586 2590/1909/2590 2591/1910/2591 2588/1906/2588
f 2582/1911/2582 2589/1912/2589 2591/1910/2591 2590/1909/2590
f 2589/1912/2589 2584/1904/2584 2585/1903/2585 2591/1910/2591
f 2585/1903/2585 2588/1906/2588 2591/1910/2591
f 2600/1913/2600 2603/1914/2603 2602/1915/2602
f 2603/1914/2603 2604/1916/2604 2602/1917/2602
f 2604/1916/2604 2601/1918/2601 2602/1917/2602
f 2613/1919/2613 2618/1920/2618 2619/1921/2619 2614/1922/2614 2615/1923/2615 2616/1924/2616 2617/1925/2617
f 2620/1926/2620 2624/1927/2624 2625/1928/2625 2621/1929/2621 2622/1930/2622 2623/1931/2623
f 2626/1932/2626 2629/1933/2629 2631/1934/2631 2630/1935/2630
f 2629/1933/2629 2633/1936/2633 2634/1937/2634 2631/1934/2631
f 2627/1938/2627 2632/1939/2632 2634/1937/2634 2633/1936/2633
f 2632/1939/2632 2636/1940/2636 2637/1941/2637 2634/1937/2634
f 2628/1942/2628 2635/1943/2635 2637/1941/2637 2636/1940/2636
f 2635/1943/2635 2630/1935/2630 2631/1934/2631 2637/1941/2637
f 2631/1934/2631 2634/1937/2634 2637/1941/2637
f 2638/1944/2638 2642/1945/2642 2643/1946/2643 2639/1947/2639 2640/1948/2640 2641/1949/2641
f 2644/1950/2644 2649/1951/2649 2650/1952/2650 2645/1953/2645 2646/1954/2646 2647/1955/2647 2648/1956/2648
f 2655/1957/2655 2659/1958/2659 2660/1959/2660 2656/1960/2656 2657/1961/2657 2658/1962/2658
f 2661/1963/2661 2665/1964/2665 2666/1965/2666 2662/1966/2662 2663/1967/2663 2664/1968/2664
f 2667/1969/2667 2670/1970/2670 2669/1971/2669
f 2670/1970/2670 2671/1972/2671 2669/1973/2669
f 2671/1972/2671 2668/1974/2668 2669/1973/2669
f 2676/1975/2676 2680/1976/2680 2681/1977/2681 2677/1978/2677 2678/1979/2678 2679/1980/2679
f 2690/1981/2690 2694/1982/2694 2695/1983/2695 2691/1984/2691 2692/1985/2692 2693/1986/2693
f 2696/1987/2696 2702/1988/2702 2703/1989/2703 2697/1990/2697 2698/1991/2698 2699/1992/2699 2700/1993/2700 2701/1994/2701
f 2708/1995/2708 2713/1996/2713 2714/1997/2714 2709/1998/2709 2710/1999/2710 2711/2000/2711 2712/2001/2712
f 2731/2002/2731 2737/2003/2737 2738/2004/2738 2732/2005/2732 2733/2006/2733 2734/2007/2734 2735/2007/2735 2736/2008/2736
f 2751/2009/2751 2755/2010/2755 2756/2011/2756 2752/2012/2752 2753/2013/2753 2754/2014/2754
f 2757/2015/2757 2762/2016/2762 2763/2017/2763 2758/2018/2758 2759/2019/2759 2760/2020/2760 2761/2021/2761
f 2764/2022/2764 2770/2023/2770 2771/2024/2771 2765/2025/2765 2766/2026/2766 2767/2027/2767 2768/2028/2768 2769/2029/2769
f 2784/2030/2784 2789/2031/2789 2790/2032/2790 2785/2033/2785 2786/2034/2786 2787/2035/2787 2788/2036/2788
f 2799/2037/2799 2806/2038/2806 2807/2039/2807 2800/2040/2800 2801/2041/2801 2802/2042/2802 2803/2042/2803 2804/2042/2804 2805/2043/2805
f 2808/2044/2808 2812/2045/2812 2813/2046/2813 2809/2047/2809 2810/2048/2810 2811/2049/2811
f 2826/2050/2826 2829/2051/2829 2828/2052/2828
f 2829/2051/2829 2830/2053/2830 2828/2054/2828
f 2830/2053/2830 2827/2055/2827 2828/2054/2828
f 2839/2056/2839 2844/2057/2844 2845/2058/2845 2840/2059/2840 2841/2060/2841 2842/2061/2842 2843/2062/2843
f 2846/2063/2846 2851/2064/2851 2852/2065/2852 2847/2066/2847 2848/2067/2848 2849/2068/2849 2850/2069/2850
f 2853/2070/2853 2858/2071/2858 2859/2072/2859 2854/2073/2854 2855/2074/2855 2856/2075/2856 2857/2076/2857
f 2872/2077/2872 2876/2078/2876 2877/2079/2877 2873/2080/2873 2874/2081/2874 2875/2082/2875
f 2882/2083/2882 2888/2084/2888 2889/2085/2889 2883/2086/2883 2884/2087/2884 2885/2088/2885 2886/2089/2886 2887/2090/2887
f 2890/2091/2890 2895/2092/2895 2896/2093/2896 2891/2094/2891 2892/2095/2892 2893/2096/2893 2894/2097/2894
f 2909/2098/2909 2912/2099/2912 2914/2100/2914 2913/2101/2913
f 2912/2099/2912 2916/2102/2916 2917/2103/2917 2914/2100/2914
f 2910/2104/2910 2915/2105/2915 2917/2103/2917 2916/2102/2916
f 2915/2105/2915 2919/2106/2919 2920/2107/2920 2917/2103/2917
f 2911/2108/2911 2918/2109/2918 2920/2107/2920 2919/2106/2919
f 2918/2109/2918 2913/2101/2913 2914/2100/2914 2920/2107/2920
f 2914/2100/2914 2917/2103/2917 2920/2107/2920
f 2925/2110/2925 2930/2111/2930 2931/2112/2931 2926/2113/2926 2927/2114/2927 2928/2115/2928 2929/2116/2929
f 2932/2117/2932 2935/2118/2935 2934/2119/2934
f 2935/2118/2935 2936/2120/2936 2934/2119/2934
f 2936/2120/2936 2933/2121/2933 2934/2119/2934
f 2937/2122/2937 2943/2123/2943 2944/2124/2944 2938/2125/2938 2939/2126/2939 2940/2127/2940 2941/2128/2941 2942/2129/2942
f 2957/2130/2957 2963/2131/2963 2964/2132/2964 2958/2133/2958 2959/2134/2959 2960/2135/2960 2961/2136/2961 2962/2137/2962
f 2965/2138/2965 2970/2139/2970 2971/2140/2971 2966/2141/2966 2967/2142/2967 2968/2143/2968 2969/2144/2969
f 2976/2145/2976 2980/2146/2980 2981/2147/2981 2977/2148/2977 2978/2149/2978 2979/2150/2979
f 2982/2151/2982 2986/2152/2986 2987/2153/2987 2983/2154/2983 2984/2155/2984 2985/2156/2985
f 2992/2157/2992 2995/2158/2995 2997/2159/2997 2996/2160/2996
f 2995/2158/2995 2999/2161/2999 3000/2162/3000 2997/2159/2997
f 2993/2163/2993 2998/2164/2998 3000/2162/3000 2999/2161/2999
f 2998/2164/2998 3002/2165/3002 3003/2166/3003 3000/2162/3000
f 2994/2167/2994 3001/2168/3001 3003/2166/3003 3002/2165/3002
f 3001/2168/3001 2996/2160/2996 2997/2159/2997 3003/2166/3003
f 2997/2159/2997 3000/2162/3000 3003/2166/3003
f 3008/2169/3008 3012/2170/3012 3013/2171/3013 3009/2172/3009 3010/2173/3010 3011/2174/3011
f 3014/2175/3014 3019/2176/3019 3020/2177/3020 3015/2178/3015 3016/2179/3016 3017/2180/3017 3018/2181/3018
f 3021/2182/3021 3026/2183/3026 3027/2184/3027 3022/2185/3022 3023/2186/3023 3024/2187/3024 3025/2188/3025
f 3036/2189/3036 3041/2190/3041 3042/2191/3042 3037/2192/3037 3038/2193/3038 3039/2194/3039 3040/2195/3040
f 3043/2196/3043 3047/2197/3047 3048/2198/3048 3044/2199/3044 3045/2200/3045 3046/2201/3046
f 3049/2202/3049 3053/2203/3053 3054/2204/3054 3050/2205/3050 3051/2206/3051 3052/2207/3052
f 3055/2208/3055 3059/2209/3059 3060/2210/3060 3056/2211/3056 3057/2212/3057 3058/2213/3058
f 3065/2214/3065 3071/2215/3071 3072/2216/3072 3066/2217/3066 3067/2218/3067 3068/2219/3068 3069/2220/3069 3070/2221/3070
f 3073/2222/3073 3078/2223/3078 3079/2224/3079 3074/2225/3074 3075/2226/3075 3076/2227/3076 3077/2228/3077
f 3080/2229/3080 3084/2230/3084 3085/2231/3085 3081/2232/3081 3082/2233/3082 3083/2234/3083
f 3086/2235/3086 3091/2236/3091 3092/2237/3092 3087/2238/3087 3088/2239/3088 3089/2240/3089 3090/2241/3090
f 3093/2242/3093 3097/2243/3097 3098/2244/3098 3094/2245/3094 3095/2246/3095 3096/2247/3096
f 3099/2248/3099 3103/2249/3103 3104/2250/3104 3100/2251/3100 3101/2252/3101 3102/2253/3102
f 3117/2254/3117 3122/2255/3122 3123/2256/3123 3118/2257/3118 3119/2258/3119 3120/2259/3120 3121/2260/3121
f 3124/2261/3124 3130/2262/3130 3131/2263/3131 3125/2264/3125 3126/2265/3126 3127/2266/3127 3128/2267/3128 3129/2268/3129
f 3136/2269/3136 3141/2270/3141 3142/2271/3142 3137/2272/3137 3138/2273/3138 3139/2274/3139 3140/2275/3140
f 3147/2276/3147 3150/2277/3150 3149/2278/3149
f 3150/2277/3150 3151/2279/3151 3149/2280/3149
f 3151/2279/3151 3148/2281/3148 3149/2280/3149
f 3156/2282/3156 3163/2283/3163 3164/2284/3164 3157/2285/3157 3158/2286/3158 3159/2287/3159 3160/2288/3160 3161/2289/3161 3162/2290/3162
f 3165/2291/3165 3171/2292/3171 3172/2293/3172 3166/2294/3166 3167/2295/3167 3168/2296/3168 3169/2297/3169 3170/2298/3170
f 3181/2299/3181 3187/2300/3187 3188/2301/3188 3182/2302/3182 3183/2303/3183 3184/2304/3184 3185/2305/3185 3186/2306/3186
f 3189/2307/3189 3193/2308/3193 3194/2309/3194 3190/2310/3190 3191/2311/3191 3192/2312/3192
f 3195/2313/3195 3198/2314/3198 3197/2315/3197
f 3198/2314/3198 3199/2316/3199 3197/2317/3197
f 3199/2316/3199 3196/2318/3196 3197/2317/3197
f 3200/2319/3200 3204/2320/3204 3205/2321/3205 3201/2322/3201 3202/2323/3202 3203/2324/3203
f 3206/2325/3206 3210/2326/3210 3211/2327/3211 3207/2328/3207 3208/2329/3208 3209/2330/3209
f 3212/2331/3212 3218/2332/3218 3219/2333/3219 3213/2334/3213 3214/2335/3214 3215/2336/3215 3216/2337/3216 3217/2338/3217
f 3224/2339/3224 3229/2340/3229 3230/2341/3230 3225/2342/3225 3226/2343/3226 3227/2344/3227 3228/2345/3228
f 3231/2346/3231 3235/2347/3235 3236/2348/3236 3232/2349/3232 3233/2350/3233 3234/2351/3234
f 3245/2352/3245 3250/2353/3250 3251/2354/3251 3246/2355/3246 3247/2356/3247 3248/2357/3248 3249/2358/3249
f 3264/2359/3264 3267/2360/3267 3266/2361/3266
f 3267/2360/3267 3268/2362/3268 3266/2361/3266
f 3268/2362/3268 3265/2363/3265 3266/2361/3266
f 3273/2364/3273 3278/2365/3278 3279/2366/3279 3274/2367/3274 3275/2368/3275 3276/2369/3276 3277/2370/3277
f 3288/2371/3288 3294/2372/3294 3295/2373/3295 3289/2374/3289 3290/2375/3290 3291/2376/3291 3292/2377/3292 3293/2378/3293
f 3296/2379/3296 3300/2380/3300 3301/2381/3301 3297/2382/3297 3298/2383/3298 3299/2384/3299
f 3302/2385/3302 3305/2386/3305 3304/2387/3304
f 3305/2386/3305 3306/2388/3306 3304/2387/3304
f 3306/2388/3306 3303/2389/3303 3304/2387/3304
f 3311/2390/3311 3316/2391/3316 3317/2392/3317 3312/2393/3312 3313/2394/3313 3314/2395/3314 3315/2396/3315
f 3318/2397/3318 3321/2398/3321 3323/2399/3323 3322/2400/3322
f 3321/2398/3321 3325/2401/3325 3326/2402/3326 3323/2399/3323
f 3319/2403/3319 3324/2404/3324 3326/2402/3326 3325/2401/3325
f 3324/2404/3324 3328/2405/3328 3329/2406/3329 3326/2402/3326
f 3320/2407/3320 3327/2408/3327 3329/2409/3329 3328/2410/3328
f 3327/2408/3327 3322/2411/3322 3323/2412/3323 3329/2409/3329
f 3323/2399/3323 3326/2402/3326 3329/2406/3329
f 3334/2413/3334 3339/2414/3339 3340/2415/3340 3335/2416/3335 3336/2417/3336 3337/2418/3337 3338/2419/3338
f 3341/2420/3341 3345/2421/3345 3346/2422/3346 3342/2423/3342 3343/2424/3343 3344/2425/3344
f 2066/1555/2066 2099/1582/2099 2103/1581/2103 2070/1556/2070
f 2070/1556/2070 2103/1581/2103 2102/1580/2102 2071/1557/2071
f 2071/1557/2071 2102/1580/2102 2098/1579/2098 2067/1558/2067
f 2089/2426/2089 2142/2427/2142 2144/2428/2144 2091/2429/2091
f 2091/2430/2091 2144/2431/2144 2145/2432/2145 2090/2433/2090
f 2090/2433/2090 2145/2432/2145 2143/2434/2143 2088/2435/2088
f 2124/1593/2124 2147/1615/2147 2152/1614/2152 2127/1594/2127
f 2127/1594/2127 2152/1614/2152 2151/1613/2151 2128/2436/2128
f 2128/2436/2128 2151/1613/2151 2146/1612/2146 2125/2437/2125
f 2171/2438/2171 2213/2439/2213 2215/2440/2215 2175/2441/2175
f 2175/1638/2175 2215/2442/2215 2216/2443/2216 2176/1639/2176
f 2176/1639/2176 2216/2443/2216 2214/2444/2214 2172/1640/2172
f 2213/2439/2213 2245/2445/2245 2247/2446/2247 2215/2440/2215
f 2215/2442/2215 2247/2447/2247 2248/2448/2248 2216/2443/2216
f 2216/2443/2216 2248/2448/2248 2246/2449/2246 2214/2444/2214
f 2233/1679/2233 2277/1718/2277 2281/1717/2281 2237/1680/2237
f 2237/1680/2237 2281/1717/2281 2280/1716/2280 2238/1681/2238
f 2238/1681/2238 2280/1716/2280 2276/1715/2276 2234/1682/2234
f 2245/2445/2245 2298/2450/2298 2300/2451/2300 2247/2446/2247
f 2247/2447/2247 2300/2452/2300 2301/2453/2301 2248/2448/2248
f 2248/2448/2248 2301/2453/2301 2299/2454/2299 2246/2449/2246
f 2298/2450/2298 2349/2455/2349 2351/2456/2351 2300/2451/2300
f 2300/2452/2300 2351/2457/2351 2352/2458/2352 2301/2453/2301
f 2301/2453/2301 2352/2458/2352 2350/2459/2350 2299/2454/2299
f 2349/2455/2349 2390/2460/2390 2392/2461/2392 2351/2456/2351
f 2351/2457/2351 2392/2462/2392 2393/2463/2393 2352/2458/2352
f 2352/2458/2352 2393/2463/2393 2391/2464/2391 2350/2459/2350
f 2353/1776/2353 2402/1816/2402 2406/1815/2406 2357/1777/2357
f 2357/1777/2357 2406/1815/2406 2405/1814/2405 2358/1778/2358
f 2358/1778/2358 2405/1814/2405 2401/1813/2401 2354/1779/2354
f 2411/2465/2411 2471/2466/2471 2473/2467/2473 2413/2468/2413
f 2413/2469/2413 2473/2470/2473 2474/2471/2474 2414/2472/2414
f 2414/2472/2414 2474/2471/2474 2472/2473/2472 2412/2474/2412
f 2531/1875/2531 2556/2475/2556 2558/2476/2558 2534/1876/2534
f 2534/1876/2534 2558/2476/2558 2559/2477/2559 2535/2478/2535
f 2535/2478/2535 2559/2477/2559 2557/2479/2557 2532/2480/2532
f 2556/2475/2556 2601/2481/2601 2604/2482/2604 2558/2476/2558
f 2558/2476/2558 2604/2482/2604 2603/2483/2603 2559/2477/2559
f 2559/2477/2559 2603/2483/2603 2600/1913/2600 2557/2479/2557
f 2606/2484/2606 2656/1960/2656 2660/1959/2660 2608/2485/2608
f 2608/2486/2608 2660/2487/2660 2659/2488/2659 2607/2489/2607
f 2607/2489/2607 2659/2488/2659 2655/2490/2655 2605/2491/2605
f 2644/1950/2644 2686/2492/2686 2688/2493/2688 2649/1951/2649
f 2649/1951/2649 2688/2493/2688 2689/2494/2689 2650/1952/2650
f 2650/1952/2650 2689/2494/2689 2687/2495/2687 2645/1953/2645
f 2686/2492/2686 2727/2496/2727 2729/2497/2729 2688/2493/2688
f 2688/2493/2688 2729/2497/2729 2730/2498/2730 2689/2494/2689
f 2689/2494/2689 2730/2498/2730 2728/2499/2728 2687/2495/2687
f 2727/2500/2727 2758/2018/2758 2763/2017/2763 2729/2501/2729
f 2729/2501/2729 2763/2017/2763 2762/2016/2762 2730/2502/2730
f 2730/2502/2730 2762/2016/2762 2757/2015/2757 2728/2503/2728
f 2740/2504/2740 2776/2505/2776 2778/2506/2778 2742/2507/2742
f 2742/2508/2742 2778/2509/2778 2779/2510/2779 2741/2511/2741
f 2741/2511/2741 2779/2510/2779 2777/2512/2777 2739/2513/2739
f 2776/2505/2776 2818/2514/2818 2820/2515/2820 2778/2506/2778
f 2778/2509/2778 2820/2516/2820 2821/2517/2821 2779/2510/2779
f 2779/2510/2779 2821/2517/2821 2819/2518/2819 2777/2512/2777
f 2808/2044/2808 2847/2066/2847 2852/2065/2852 2812/2045/2812
f 2812/2045/2812 2852/2065/2852 2851/2064/2851 2813/2046/2813
f 2813/2046/2813 2851/2064/2851 2846/2063/2846 2809/2047/2809
f 2818/2514/2818 2864/2519/2864 2866/2520/2866 2820/2515/2820
f 2820/2516/2820 2866/2521/2866 2867/2522/2867 2821/2517/2821
f 2821/2517/2821 2867/2522/2867 2865/2523/2865 2819/2518/2819
f 2864/2519/2864 2905/2524/2905 2907/2525/2907 2866/2520/2866
f 2866/2521/2866 2907/2526/2907 2908/2527/2908 2867/2522/2867
f 2867/2522/2867 2908/2527/2908 2906/2528/2906 2865/2523/2865
f 2925/2110/2925 2977/2148/2977 2981/2147/2981 2930/2111/2930
f 2930/2111/2930 2981/2147/2981 2980/2146/2980 2931/2112/2931
f 2931/2112/2931 2980/2146/2980 2976/2145/2976 2926/2113/2926
f 3005/2529/3005 3044/2530/3044 3048/2531/3048 3007/2532/3007
f 3007/2533/3007 3048/2198/3048 3047/2197/3047 3006/2534/3006
f 3006/2534/3006 3047/2197/3047 3043/2196/3043 3004/2535/3004
f 3055/2536/3055 3109/2537/3109 3111/2538/3111 3059/2539/3059
f 3059/2209/3059 3111/2540/3111 3112/2541/3112 3060/2210/3060
f 3060/2210/3060 3112/2541/3112 3110/2542/3110 3056/2211/3056
f 3093/2242/3093 3118/2257/3118 3123/2256/3123 3097/2243/3097
f 3097/2243/3097 3123/2256/3123 3122/2255/3122 3098/2244/3098
f 3098/2244/3098 3122/2255/3122 3117/2254/3117 3094/2245/3094
f 3109/2537/3109 3152/2543/3152 3154/2544/3154 3111/2538/3111
f 3111/2540/3111 3154/2545/3154 3155/2546/3155 3112/2541/3112
f 3112/2541/3112 3155/2546/3155 3153/2547/3153 3110/2542/3110
f 3200/2548/3200 3241/2549/3241 3243/2550/3243 3204/2551/3204
f 3204/2320/3204 3243/2552/3243 3244/2553/3244 3205/2321/3205
f 3205/2321/3205 3244/2553/3244 3242/2554/3242 3201/2322/3201
f 3264/2359/3264 3297/2382/3297 3301/2381/3301 3267/2360/3267
f 3267/2360/3267 3301/2381/3301 3300/2380/3300 3268/2555/3268
f 3268/2555/3268 3300/2380/3300 3296/2379/3296 3265/2556/3265
f 3281/2557/3281 3318/2397/3318 3322/2400/3322 3283/2558/3283
f 3283/2559/3283 3322/2411/3322 3327/2408/3327 3282/2560/3282
f 3282/2560/3282 3327/2408/3327 3320/2407/3320 3280/2561/3280
f 2088/2435/2088 3342/2423/3342 3346/2422/3346 2090/2433/2090
f 2090/2433/2090 3346/2422/3346 3345/2421/3345 2091/2430/2091
f 2091/2429/2091 3345/2562/3345 3341/2563/3341 2089/2426/2089
f 2129/1599/2129 2154/1622/2154 2158/1621/2158 2134/1600/2134
f 2134/1600/2134 2158/1621/2158 2157/1620/2157 2135/1601/2135
f 2135/1601/2135 2157/1620/2157 2153/1619/2153 2130/1602/2130
f 2142/2564/2142 2188/1652/2188 2192/1651/2192 2144/2431/2144
f 2144/2431/2144 2192/1651/2192 2191/1650/2191 2145/2432/2145
f 2145/2432/2145 2191/1650/2191 2187/1649/2187 2143/2434/2143
f 2273/2565/2273 2345/2566/2345 2347/2567/2347 2275/2568/2275
f 2275/2568/2275 2347/2567/2347 2348/2569/2348 2274/2570/2274
f 2274/2570/2274 2348/2569/2348 2346/2571/2346 2272/2572/2272
f 2345/2566/2345 2368/2573/2368 2370/2574/2370 2347/2567/2347
f 2347/2567/2347 2370/2574/2370 2371/2575/2371 2348/2569/2348
f 2348/2569/2348 2371/2575/2371 2369/2576/2369 2346/2571/2346
f 2368/2573/2368 2415/2577/2415 2417/2578/2417 2370/2574/2370
f 2370/2574/2370 2417/2578/2417 2418/2579/2418 2371/2575/2371
f 2371/2575/2371 2418/2579/2418 2416/2580/2416 2369/2576/2369
f 2425/1825/2425 2461/1859/2461 2466/1858/2466 2429/1826/2429
f 2429/1826/2429 2466/1858/2466 2465/1857/2465 2430/1827/2430
f 2430/1827/2430 2465/1857/2465 2460/1856/2460 2426/1828/2426
f 2447/1843/2447 2485/2581/2485 2487/2582/2487 2451/1844/2451
f 2451/1844/2451 2487/2582/2487 2488/2583/2488 2452/1845/2452
f 2452/1845/2452 2488/2583/2488 2486/2584/2486 2448/1846/2448
f 2485/2581/2485 2505/2585/2505 2507/2586/2507 2487/2582/2487
f 2487/2582/2487 2507/2586/2507 2508/2587/2508 2488/2583/2488
f 2488/2583/2488 2508/2587/2508 2506/2588/2506 2486/2584/2486
f 2505/2585/2505 2521/2589/2521 2523/2590/2523 2507/2586/2507
f 2507/2586/2507 2523/2590/2523 2524/2591/2524 2508/2587/2508
f 2508/2587/2508 2524/2591/2524 2522/2592/2522 2506/2588/2506
f 2521/2589/2521 2565/2593/2565 2567/2594/2567 2523/2590/2523
f 2523/2590/2523 2567/2594/2567 2568/2595/2568 2524/2591/2524
f 2524/2591/2524 2568/2595/2568 2566/2596/2566 2522/2592/2522
f 2696/1987/2696 2740/2597/2740 2742/2598/2742 2702/1988/2702
f 2702/1988/2702 2742/2598/2742 2741/2599/2741 2703/1989/2703
f 2703/1989/2703 2741/2599/2741 2739/2600/2739 2697/1990/2697
f 2751/2009/2751 2795/2601/2795 2797/2602/2797 2755/2010/2755
f 2755/2010/2755 2797/2602/2797 2798/2603/2798 2756/2011/2756
f 2756/2011/2756 2798/2603/2798 2796/2604/2796 2752/2012/2752
f 2795/2601/2795 2835/2605/2835 2837/2606/2837 2797/2602/2797
f 2797/2602/2797 2837/2606/2837 2838/2607/2838 2798/2603/2798
f 2798/2603/2798 2838/2607/2838 2836/2608/2836 2796/2604/2796
f 2835/2605/2835 2878/2609/2878 2880/2610/2880 2837/2606/2837
f 2837/2606/2837 2880/2610/2880 2881/2611/2881 2838/2607/2838
f 2838/2607/2838 2881/2611/2881 2879/2612/2879 2836/2608/2836
f 2878/2609/2878 2921/2613/2921 2923/2614/2923 2880/2610/2880
f 2880/2610/2880 2923/2614/2923 2924/2615/2924 2881/2611/2881
f 2881/2611/2881 2924/2615/2924 2922/2616/2922 2879/2612/2879
f 2932/2117/2932 2966/2141/2966 2971/2140/2971 2935/2118/2935
f 2935/2118/2935 2971/2140/2971 2970/2139/2970 2936/2617/2936
f 2936/2617/2936 2970/2139/2970 2965/2138/2965 2933/2618/2933
f 2921/2613/2921 2972/2619/2972 2974/2620/2974 2923/2614/2923
f 2923/2614/2923 2974/2620/2974 2975/2621/2975 2924/2615/2924
f 2924/2615/2924 2975/2621/2975 2973/2622/2973 2922/2616/2922
f 2972/2623/2972 3005/2529/3005 3007/2532/3007 2974/2624/2974
f 2974/2620/2974 3007/2533/3007 3006/2534/3006 2975/2621/2975
f 2975/2621/2975 3006/2534/3006 3004/2535/3004 2973/2622/2973
f 3099/2248/3099 3125/2264/3125 3131/2263/3131 3103/2249/3103
f 3103/2249/3103 3131/2263/3131 3130/2262/3130 3104/2250/3104
f 3104/2250/3104 3130/2262/3130 3124/2261/3124 3100/2251/3100
f 3114/2625/3114 3173/2626/3173 3175/2627/3175 3116/2628/3116
f 3116/2628/3116 3175/2627/3175 3176/2629/3176 3115/2630/3115
f 3115/2630/3115 3176/2629/3176 3174/2631/3174 3113/2632/3113
f 3173/2626/3173 3207/2328/3207 3211/2327/3211 3175/2627/3175
f 3175/2627/3175 3211/2327/3211 3210/2326/3210 3176/2629/3176
f 3176/2629/3176 3210/2326/3210 3206/2325/3206 3174/2631/3174
f 3231/2346/3231 3256/2633/3256 3258/2634/3258 3235/2347/3235
f 3235/2347/3235 3258/2634/3258 3259/2635/3259 3236/2348/3236
f 3236/2348/3236 3259/2635/3259 3257/2636/3257 3232/2349/3232
f 2113/2637/2113 2177/2638/2177 2179/2639/2179 2115/2640/2115
f 2115/2640/2115 2179/2639/2179 2180/2641/2180 2114/2642/2114
f 2114/2642/2114 2180/2641/2180 2178/2643/2178 2112/2644/2112
f 2272/2572/2272 2302/1737/2302 2308/1740/2308 2274/2570/2274
f 2274/2570/2274 2308/1740/2308 2319/1756/2319 2275/2568/2275
f 2275/2568/2275 2319/1756/2319 2306/1755/2306 2273/2565/2273
f 2415/2577/2415 2475/2645/2475 2477/2646/2477 2417/2578/2417
f 2417/2578/2417 2477/2646/2477 2478/2647/2478 2418/2579/2418
f 2418/2579/2418 2478/2647/2478 2476/2648/2476 2416/2580/2416
f 2475/2645/2475 2497/2649/2497 2499/2650/2499 2477/2646/2477
f 2477/2646/2477 2499/2650/2499 2500/2651/2500 2478/2647/2478
f 2478/2647/2478 2500/2651/2500 2498/2652/2498 2476/2648/2476
f 2497/2649/2497 2513/2653/2513 2515/2654/2515 2499/2650/2499
f 2499/2650/2499 2515/2654/2515 2516/2655/2516 2500/2651/2500
f 2500/2651/2500 2516/2655/2516 2514/2656/2514 2498/2652/2498
f 2781/2657/2781 2822/2658/2822 2824/2659/2824 2783/2660/2783
f 2783/2660/2783 2824/2659/2824 2825/2661/2825 2782/2662/2782
f 2782/2662/2782 2825/2661/2825 2823/2663/2823 2780/2664/2780
f 2822/2658/2822 2868/2665/2868 2870/2666/2870 2824/2659/2824
f 2824/2659/2824 2870/2666/2870 2871/2667/2871 2825/2661/2825
f 2825/2661/2825 2871/2667/2871 2869/2668/2869 2823/2663/2823
f 2868/2665/2868 2909/2098/2909 2913/2101/2913 2870/2666/2870
f 2870/2666/2870 2913/2101/2913 2918/2109/2918 2871/2667/2871
f 2871/2667/2871 2918/2109/2918 2911/2108/2911 2869/2668/2869
f 2909/2098/2909 2954/2669/2954 2956/2670/2956 2912/2099/2912
f 2912/2099/2912 2956/2670/2956 2955/2671/2955 2916/2102/2916
f 2916/2102/2916 2955/2671/2955 2953/2672/2953 2910/2104/2910
f 2954/2669/2954 2992/2157/2992 2996/2160/2996 2956/2670/2956
f 2956/2670/2956 2996/2160/2996 3001/2168/3001 2955/2671/2955
f 2955/2671/2955 3001/2168/3001 2994/2167/2994 2953/2672/2953
f 3033/2673/3033 3061/2674/3061 3063/2675/3063 3035/2676/3035
f 3035/2676/3035 3063/2675/3063 3064/2677/3064 3034/2678/3034
f 3034/2678/3034 3064/2677/3064 3062/2679/3062 3032/2680/3032
f 3061/2674/3061 3114/2625/3114 3116/2628/3116 3063/2675/3063
f 3063/2675/3063 3116/2628/3116 3115/2630/3115 3064/2677/3064
f 3064/2677/3064 3115/2630/3115 3113/2632/3113 3062/2679/3062
f 3238/2681/3238 3260/2682/3260 3262/2683/3262 3240/2684/3240
f 3240/2684/3240 3262/2683/3262 3263/2685/3263 3239/2686/3239
f 3239/2686/3239 3263/2685/3263 3261/2687/3261 3237/2688/3237
f 3260/2682/3260 3284/2689/3284 3286/2690/3286 3262/2683/3262
f 3262/2683/3262 3286/2690/3286 3287/2691/3287 3263/2685/3263
f 3263/2685/3263 3287/2691/3287 3285/2692/3285 3261/2687/3261
f 3311/2390/3311 3347/2693/3347 3349/2694/3349 3316/2391/3316
f 3316/2391/3316 3349/2694/3349 3350/2695/3350 3317/2392/3317
f 3317/2392/3317 3350/2695/3350 3348/2696/3348 3312/2393/3312
f 3331/2697/3331 2113/2637/2113 2115/2640/2115 3333/2698/3333
f 3333/2698/3333 2115/2640/2115 2114/2642/2114 3332/2699/3332
f 3332/2699/3332 2114/2642/2114 2112/2644/2112 3330/2700/3330
f 2177/2638/2177 2229/2701/2229 2231/2702/2231 2179/2639/2179
f 2179/2639/2179 2231/2702/2231 2232/2703/2232 2180/2641/2180
f 2180/2641/2180 2232/2703/2232 2230/2704/2230 2178/2643/2178
f 2229/2701/2229 2306/1755/2306 2320/1753/2320 2231/2702/2231
f 2231/2702/2231 2320/1753/2320 2316/1752/2316 2232/2703/2232
f 2232/2703/2232 2316/1752/2316 2305/1751/2305 2230/2704/2230
f 2304/1747/2304 2249/1691/2249 2253/1694/2253 2313/1748/2313
f 2313/1748/2313 2253/1694/2253 2258/1702/2258 2317/1749/2317
f 2317/1749/2317 2258/1702/2258 2251/1701/2251 2305/1751/2305
f 2302/1737/2302 2395/1809/2395 2400/1808/2400 2307/1738/2307
f 2307/1738/2307 2400/1808/2400 2399/1807/2399 2311/1741/2311
f 2311/1741/2311 2399/1807/2399 2394/1806/2394 2303/1743/2303
f 2513/2653/2513 2544/2705/2544 2546/2706/2546 2515/2654/2515
f 2515/2654/2515 2546/2706/2546 2547/2707/2547 2516/2655/2516
f 2516/2655/2516 2547/2707/2547 2545/2708/2545 2514/2656/2514
f 2537/2709/2537 2574/1897/2574 2579/1896/2579 2539/2710/2539
f 2539/2710/2539 2579/1896/2579 2578/1895/2578 2538/2711/2538
f 2538/2711/2538 2578/1895/2578 2573/1894/2573 2536/2712/2536
f 2597/2713/2597 2639/1947/2639 2643/1946/2643 2599/2714/2599
f 2599/2714/2599 2643/1946/2643 2642/1945/2642 2598/2715/2598
f 2598/2715/2598 2642/1945/2642 2638/1944/2638 2596/2716/2596
f 2620/1926/2620 2691/1984/2691 2695/1983/2695 2624/1927/2624
f 2624/1927/2624 2695/1983/2695 2694/1982/2694 2625/1928/2625
f 2625/1928/2625 2694/1982/2694 2690/1981/2690 2621/1929/2621
f 2898/2717/2898 2938/2125/2938 2944/2124/2944 2900/2718/2900
f 2900/2718/2900 2944/2124/2944 2943/2123/2943 2899/2719/2899
f 2899/2719/2899 2943/2123/2943 2937/2122/2937 2897/2720/2897
f 2910/2104/2910 2994/2167/2994 3002/2165/3002 2915/2105/2915
f 2915/2105/2915 3002/2165/3002 2998/2164/2998 2919/2106/2919
f 2919/2106/2919 2998/2164/2998 2993/2163/2993 2911/2108/2911
f 3014/2175/3014 3105/2721/3105 3107/2722/3107 3019/2176/3019
f 3019/2176/3019 3107/2722/3107 3108/2723/3108 3020/2177/3020
f 3020/2177/3020 3108/2723/3108 3106/2724/3106 3015/2178/3015
f 3105/2721/3105 3132/2725/3132 3134/2726/3134 3107/2722/3107
f 3107/2722/3107 3134/2726/3134 3135/2727/3135 3108/2723/3108
f 3108/2723/3108 3135/2727/3135 3133/2728/3133 3106/2724/3106
f 3144/2729/3144 3177/2730/3177 3179/2731/3179 3146/2732/3146
f 3146/2732/3146 3179/2731/3179 3180/2733/3180 3145/2734/3145
f 3145/2734/3145 3180/2733/3180 3178/2735/3178 3143/2736/3143
f 3177/2730/3177 3238/2681/3238 3240/2684/3240 3179/2731/3179
f 3179/2731/3179 3240/2684/3240 3239/2686/3239 3180/2733/3180
f 3180/2733/3180 3239/2686/3239 3237/2688/3237 3178/2735/3178
f 3245/2352/3245 3274/2367/3274 3279/2366/3279 3250/2353/3250
f 3250/2353/3250 3279/2366/3279 3278/2365/3278 3251/2354/3251
f 3251/2354/3251 3278/2365/3278 3273/2364/3273 3246/2355/3246
f 3284/2689/3284 3331/2697/3331 3333/2698/3333 3286/2690/3286
f 3286/2690/3286 3333/2698/3333 3332/2699/3332 3287/2691/3287
f 3287/2691/3287 3332/2699/3332 3330/2700/3330 3285/2692/3285
f 2116/1585/2116 2193/2737/2193 2195/2738/2195 2122/1586/2122
f 2122/1586/2122 2195/2738/2195 2196/2739/2196 2123/1587/2123
f 2123/1587/2123 2196/2739/2196 2194/2740/2194 2117/1588/2117
f 2105/2741/2105 2198/1661/2198 2205/1659/2205 2107/2742/2107
f 2107/2742/2107 2205/1659/2205 2201/1656/2201 2106/2743/2106
f 2106/2743/2106 2201/1656/2201 2197/1655/2197 2104/2744/2104
f 2193/2737/2193 2251/1701/2251 2259/1699/2259 2195/2738/2195
f 2195/2738/2195 2259/1699/2259 2255/1698/2255 2196/2739/2196
f 2196/2739/2196 2255/1698/2255 2250/1697/2250 2194/2740/2194
f 2199/1665/2199 2282/1721/2282 2287/1724/2287 2207/1666/2207
f 2207/1666/2207 2287/1724/2287 2295/1736/2295 2211/1667/2211
f 2211/1667/2211 2295/1736/2295 2285/1735/2285 2200/1669/2200
f 2198/1661/2198 2330/1770/2330 2336/1768/2336 2204/1662/2204
f 2204/1662/2204 2336/1768/2336 2332/1765/2332 2208/1663/2208
f 2208/1663/2208 2332/1765/2332 2329/1764/2329 2199/1665/2199
f 2249/1691/2249 2372/1788/2372 2376/1791/2376 2252/1692/2252
f 2252/1692/2252 2376/1791/2376 2381/1799/2381 2256/1695/2256
f 2256/1695/2256 2381/1799/2381 2374/1798/2374 2250/1697/2250
f 2330/1770/2330 2431/2745/2431 2433/2746/2433 2335/1771/2335
f 2335/1771/2335 2433/2746/2433 2434/2747/2434 2339/1772/2339
f 2339/1772/2339 2434/2747/2434 2432/2748/2432 2331/1774/2331
f 2373/1794/2373 2454/1852/2454 2459/1851/2459 2378/1795/2378
f 2378/1795/2378 2459/1851/2459 2458/1850/2458 2382/1796/2382
f 2382/1796/2382 2458/1850/2458 2453/1849/2453 2374/1798/2374
f 2431/2745/2431 2489/2749/2489 2491/2750/2491 2433/2746/2433
f 2433/2746/2433 2491/2750/2491 2492/2751/2492 2434/2747/2434
f 2434/2747/2434 2492/2751/2492 2490/2752/2490 2432/2748/2432
f 2548/1880/2548 2609/2753/2609 2611/2754/2611 2554/1881/2554
f 2554/1881/2554 2611/2754/2611 2612/2755/2612 2555/1882/2555
f 2555/1882/2555 2612/2755/2612 2610/2756/2610 2549/1883/2549
f 2609/2753/2609 2704/2757/2704 2706/2758/2706 2611/2754/2611
f 2611/2754/2611 2706/2758/2706 2707/2759/2707 2612/2755/2612
f 2612/2755/2612 2707/2759/2707 2705/2760/2705 2610/2756/2610
f 2652/2761/2652 2732/2005/2732 2738/2004/2738 2654/2762/2654
f 2654/2762/2654 2738/2004/2738 2737/2003/2737 2653/2763/2653
f 2653/2763/2653 2737/2003/2737 2731/2002/2731 2651/2764/2651
f 2704/2757/2704 2800/2040/2800 2807/2039/2807 2706/2758/2706
f 2706/2758/2706 2807/2039/2807 2806/2038/2806 2707/2759/2707
f 2707/2759/2707 2806/2038/2806 2799/2037/2799 2705/2760/2705
f 2764/2022/2764 2898/2717/2898 2900/2718/2900 2770/2023/2770
f 2770/2023/2770 2900/2718/2900 2899/2719/2899 2771/2024/2771
f 2771/2024/2771 2899/2719/2899 2897/2720/2897 2765/2025/2765
f 2882/2083/2882 2958/2133/2958 2964/2132/2964 2888/2084/2888
f 2888/2084/2888 2964/2132/2964 2963/2131/2963 2889/2085/2889
f 2889/2085/2889 2963/2131/2963 2957/2130/2957 2883/2086/2883
f 3156/2282/3156 3213/2334/3213 3219/2333/3219 3163/2283/3163
f 3163/2283/3163 3219/2333/3219 3218/2332/3218 3164/2284/3164
f 3164/2284/3164 3218/2332/3218 3212/2331/3212 3157/2285/3157
f 2159/1625/2159 2217/2765/2217 2219/2766/2219 2162/1626/2162
f 2162/1626/2162 2219/2766/2219 2220/2767/2220 2166/1629/2166
f 2166/1629/2166 2220/2767/2220 2218/2768/2218 2160/1631/2160
f 2217/2765/2217 2285/1735/2285 2296/1733/2296 2219/2766/2219
f 2219/2766/2219 2296/1733/2296 2292/1732/2292 2220/2767/2220
f 2220/2767/2220 2292/1732/2292 2284/1731/2284 2218/2768/2218
f 2283/1727/2283 2359/2769/2359 2361/2770/2361 2289/1728/2289
f 2289/1728/2289 2361/2770/2361 2362/2771/2362 2293/1729/2293
f 2293/1729/2293 2362/2771/2362 2360/2772/2360 2284/1731/2284
f 2359/2769/2359 2407/2773/2407 2409/2774/2409 2361/2770/2361
f 2361/2770/2361 2409/2774/2409 2410/2775/2410 2362/2771/2362
f 2362/2771/2362 2410/2775/2410 2408/2776/2408 2360/2772/2360
f 2407/2773/2407 2467/2777/2467 2469/2778/2469 2409/2774/2409
f 2409/2774/2409 2469/2778/2469 2470/2779/2470 2410/2775/2410
f 2410/2775/2410 2470/2779/2470 2468/2780/2468 2408/2776/2408
f 2467/2777/2467 2501/2781/2501 2503/2782/2503 2469/2778/2469
f 2469/2778/2469 2503/2782/2503 2504/2783/2504 2470/2779/2470
f 2470/2779/2470 2504/2783/2504 2502/2784/2502 2468/2780/2468
f 2501/2781/2501 2517/2785/2517 2519/2786/2519 2503/2782/2503
f 2503/2782/2503 2519/2786/2519 2520/2787/2520 2504/2783/2504
f 2504/2783/2504 2520/2787/2520 2518/2788/2518 2502/2784/2502
f 2517/2785/2517 2581/1907/2581 2587/1905/2587 2519/2786/2519
f 2519/2786/2519 2587/1905/2587 2583/1902/2583 2520/2787/2520
f 2520/2787/2520 2583/1902/2583 2580/1901/2580 2518/2788/2518
f 2708/1995/2708 2772/2789/2772 2774/2790/2774 2713/1996/2713
f 2713/1996/2713 2774/2790/2774 2775/2791/2775 2714/1997/2714
f 2714/1997/2714 2775/2791/2775 2773/2792/2773 2709/1998/2709
f 2839/2056/2839 2827/2793/2827 2830/2794/2830 2844/2057/2844
f 2844/2057/2844 2830/2794/2830 2829/2795/2829 2845/2058/2845
f 2845/2058/2845 2829/2795/2829 2826/2050/2826 2840/2059/2840
f 2815/2796/2815 2860/2797/2860 2862/2798/2862 2817/2799/2817
f 2817/2799/2817 2862/2798/2862 2863/2800/2863 2816/2801/2816
f 2816/2801/2816 2863/2800/2863 2861/2802/2861 2814/2803/2814
f 2860/2797/2860 2901/2804/2901 2903/2805/2903 2862/2798/2862
f 2862/2798/2862 2903/2805/2903 2904/2806/2904 2863/2800/2863
f 2863/2800/2863 2904/2806/2904 2902/2807/2902 2861/2802/2861
f 2901/2804/2901 2945/2808/2945 2947/2809/2947 2903/2805/2903
f 2903/2805/2903 2947/2809/2947 2948/2810/2948 2904/2806/2904
f 2904/2806/2904 2948/2810/2948 2946/2811/2946 2902/2807/2902
f 2945/2808/2945 2983/2154/2983 2987/2153/2987 2947/2809/2947
f 2947/2809/2947 2987/2153/2987 2986/2152/2986 2948/2810/2948
f 2948/2810/2948 2986/2152/2986 2982/2151/2982 2946/2811/2946
f 3021/2182/3021 3074/2225/3074 3079/2224/3079 3026/2183/3026
f 3026/2183/3026 3079/2224/3079 3078/2223/3078 3027/2184/3027
f 3027/2184/3027 3078/2223/3078 3073/2222/3073 3022/2185/3022
f 3086/2235/3086 3148/2812/3148 3151/2813/3151 3091/2236/3091
f 3091/2236/3091 3151/2813/3151 3150/2814/3150 3092/2237/3092
f 3092/2237/3092 3150/2814/3150 3147/2276/3147 3087/2238/3087
f 3195/2313/3195 3220/2815/3220 3222/2816/3222 3198/2314/3198
f 3198/2314/3198 3222/2816/3222 3223/2817/3223 3199/2818/3199
f 3199/2818/3199 3223/2817/3223 3221/2819/3221 3196/2820/3196
f 2085/2821/2085 2108/2822/2108 2110/2823/2110 2087/2824/2087
f 2087/2824/2087 2110/2823/2110 2111/2825/2111 2086/2826/2086
f 2086/2826/2086 2111/2825/2111 2109/2827/2109 2084/2828/2084
f 2239/1685/2239 2341/2829/2341 2343/2830/2343 2243/1686/2243
f 2243/1686/2243 2343/2830/2343 2344/2831/2344 2244/1687/2244
f 2244/1687/2244 2344/2831/2344 2342/2832/2342 2240/1688/2240
f 2384/1800/2384 2420/1822/2420 2424/1821/2424 2388/1801/2388
f 2388/1801/2388 2424/1821/2424 2423/1820/2423 2389/1802/2389
f 2389/1802/2389 2423/1820/2423 2419/1819/2419 2385/1803/2385
f 2525/1869/2525 2569/2833/2569 2571/2834/2571 2529/1870/2529
f 2529/1870/2529 2571/2834/2571 2572/2835/2572 2530/1871/2530
f 2530/1871/2530 2572/2835/2572 2570/2836/2570 2526/1872/2526
f 2569/2833/2569 2614/1922/2614 2619/1921/2619 2571/2834/2571
f 2571/2834/2571 2619/1921/2619 2618/1920/2618 2572/2835/2572
f 2572/2835/2572 2618/1920/2618 2613/1919/2613 2570/2836/2570
f 2593/2837/2593 2626/1932/2626 2630/1935/2630 2595/2838/2595
f 2595/2838/2595 2630/1935/2630 2635/1943/2635 2594/2839/2594
f 2594/2839/2594 2635/1943/2635 2628/1942/2628 2592/2840/2592
f 2626/1932/2626 2668/2841/2668 2671/2842/2671 2629/1933/2629
f 2629/1933/2629 2671/2842/2671 2670/2843/2670 2633/1936/2633
f 2633/1936/2633 2670/2843/2670 2667/1969/2667 2627/1938/2627
f 2661/1963/2661 2682/2844/2682 2684/2845/2684 2665/1964/2665
f 2665/1964/2665 2684/2845/2684 2685/2846/2685 2666/1965/2666
f 2666/1965/2666 2685/2846/2685 2683/2847/2683 2662/1966/2662
f 2682/2844/2682 2723/2848/2723 2725/2849/2725 2684/2845/2684
f 2684/2845/2684 2725/2849/2725 2726/2850/2726 2685/2846/2685
f 2685/2846/2685 2726/2850/2726 2724/2851/2724 2683/2847/2683
f 2723/2848/2723 2743/2852/2743 2745/2853/2745 2725/2849/2725
f 2725/2849/2725 2745/2853/2745 2746/2854/2746 2726/2850/2726
f 2726/2850/2726 2746/2854/2746 2744/2855/2744 2724/2851/2724
f 2743/2856/2743 2785/2033/2785 2790/2032/2790 2745/2857/2745
f 2745/2857/2745 2790/2032/2790 2789/2031/2789 2746/2858/2746
f 2746/2858/2746 2789/2031/2789 2784/2030/2784 2744/2859/2744
f 3008/2169/3008 3037/2192/3037 3042/2191/3042 3012/2170/3012
f 3012/2170/3012 3042/2191/3042 3041/2190/3041 3013/2171/3013
f 3013/2171/3013 3041/2190/3041 3036/2189/3036 3009/2172/3009
f 3029/2860/3029 3050/2205/3050 3054/2204/3054 3031/2861/3031
f 3031/2861/3031 3054/2204/3054 3053/2203/3053 3030/2862/3030
f 3030/2862/3030 3053/2203/3053 3049/2202/3049 3028/2863/3028
f 3165/2291/3165 3225/2342/3225 3230/2341/3230 3171/2292/3171
f 3171/2292/3171 3230/2341/3230 3229/2340/3229 3172/2293/3172
f 3172/2293/3172 3229/2340/3229 3224/2339/3224 3166/2294/3166
f 3220/2815/3220 3252/2864/3252 3254/2865/3254 3222/2816/3222
f 3222/2816/3222 3254/2865/3254 3255/2866/3255 3223/2817/3223
f 3223/2817/3223 3255/2866/3255 3253/2867/3253 3221/2819/3221
f 3308/2868/3308 2073/1567/2073 2079/1565/2079 3310/2869/3310
f 3310/2869/3310 2079/1565/2079 2075/1562/2075 3309/2870/3309
f 3309/2870/3309 2075/1562/2075 2072/1561/2072 3307/2871/3307
f 2136/1606/2136 2182/1646/2182 2186/1645/2186 2140/1607/2140
f 2140/1607/2140 2186/1645/2186 2185/1644/2185 2141/1608/2141
f 2141/1608/2141 2185/1644/2185 2181/1643/2181 2137/1609/2137
f 2221/1671/2221 2267/1712/2267 2271/1711/2271 2227/1672/2227
f 2227/1672/2227 2271/1711/2271 2270/1710/2270 2228/1673/2228
f 2228/1673/2228 2270/1710/2270 2266/1709/2266 2222/1674/2222
f 2341/2829/2341 2364/2872/2364 2367/2873/2367 2343/2830/2343
f 2343/2830/2343 2367/2873/2367 2366/2874/2366 2344/2831/2344
f 2344/2831/2344 2366/2874/2366 2363/1782/2363 2342/2832/2342
f 2390/2460/2390 2436/1837/2436 2442/1835/2442 2392/2461/2392
f 2392/2461/2392 2442/1835/2442 2438/1832/2438 2393/2875/2393
f 2393/2875/2393 2438/1832/2438 2435/1831/2435 2391/2876/2391
f 2436/1837/2436 2480/1866/2480 2484/1865/2484 2441/1838/2441
f 2441/1838/2441 2484/1865/2484 2483/1864/2483 2445/1839/2445
f 2445/1839/2445 2483/1864/2483 2479/1863/2479 2437/1841/2437
f 2494/2877/2494 2509/2878/2509 2511/2879/2511 2496/2880/2496
f 2496/2881/2496 2511/2882/2511 2512/2883/2512 2495/2884/2495
f 2495/2884/2495 2512/2883/2512 2510/2885/2510 2493/2886/2493
f 2509/2878/2509 2540/2887/2540 2542/2888/2542 2511/2879/2511
f 2511/2882/2511 2542/2889/2542 2543/2890/2543 2512/2883/2512
f 2512/2883/2512 2543/2890/2543 2541/2891/2541 2510/2885/2510
f 2540/2887/2540 2593/2837/2593 2595/2838/2595 2542/2888/2542
f 2542/2888/2542 2595/2838/2595 2594/2839/2594 2543/2892/2543
f 2543/2892/2543 2594/2839/2594 2592/2840/2592 2541/2893/2541
f 2673/2894/2673 2715/2895/2715 2717/2896/2717 2675/2897/2675
f 2675/2898/2675 2717/2899/2717 2718/2900/2718 2674/2901/2674
f 2674/2901/2674 2718/2900/2718 2716/2902/2716 2672/2903/2672
f 2748/2904/2748 2791/2905/2791 2793/2906/2793 2750/2907/2750
f 2750/2907/2750 2793/2906/2793 2794/2908/2794 2749/2909/2749
f 2749/2909/2749 2794/2908/2794 2792/2910/2792 2747/2911/2747
f 2791/2905/2791 2831/2912/2831 2833/2913/2833 2793/2906/2793
f 2793/2906/2793 2833/2913/2833 2834/2914/2834 2794/2908/2794
f 2794/2908/2794 2834/2914/2834 2832/2915/2832 2792/2910/2792
f 2905/2524/2905 2949/2916/2949 2951/2917/2951 2907/2525/2907
f 2907/2526/2907 2951/2918/2951 2952/2919/2952 2908/2527/2908
f 2908/2527/2908 2952/2919/2952 2950/2920/2950 2906/2528/2906
f 2949/2916/2949 2988/2921/2988 2990/2922/2990 2951/2917/2951
f 2951/2917/2951 2990/2922/2990 2991/2923/2991 2952/2924/2952
f 2952/2924/2952 2991/2923/2991 2989/2925/2989 2950/2926/2950
f 2988/2921/2988 3029/2860/3029 3031/2861/3031 2990/2922/2990
f 2990/2922/2990 3031/2861/3031 3030/2862/3030 2991/2923/2991
f 2991/2923/2991 3030/2862/3030 3028/2863/3028 2989/2925/2989
f 3080/2229/3080 3137/2272/3137 3142/2271/3142 3084/2230/3084
f 3084/2230/3084 3142/2271/3142 3141/2270/3141 3085/2231/3085
f 3085/2231/3085 3141/2270/3141 3136/2269/3136 3081/2232/3081
f 3152/2543/3152 3190/2927/3190 3194/2928/3194 3154/2544/3154
f 3154/2545/3154 3194/2309/3194 3193/2308/3193 3155/2546/3155
f 3155/2546/3155 3193/2308/3193 3189/2307/3189 3153/2547/3153
f 3241/2549/3241 3269/2929/3269 3271/2930/3271 3243/2550/3243
f 3243/2552/3243 3271/2931/3271 3272/2932/3272 3244/2553/3244
f 3244/2553/3244 3272/2932/3272 3270/2933/3270 3242/2554/3242
f 3269/2929/3269 3308/2868/3308 3310/2869/3310 3271/2930/3271
f 3271/2930/3271 3310/2869/3310 3309/2870/3309 3272/2934/3272
f 3272/2934/3272 3309/2870/3309 3307/2871/3307 3270/2935/3270
f 3319/2403/3319 2085/2821/2085 2087/2824/2087 3324/2404/3324
f 3324/2404/3324 2087/2824/2087 2086/2826/2086 3328/2405/3328
f 3328/2405/3328 2086/2826/2086 2084/2828/2084 3320/2936/3320
f 2073/1567/2073 2105/2741/2105 2107/2742/2107 2078/1568/2078
f 2078/1568/2078 2107/2742/2107 2106/2743/2106 2082/1569/2082
f 2082/1569/2082 2106/2743/2106 2104/2744/2104 2074/1571/2074
f 2108/2822/2108 2161/1635/2161 2169/1633/2169 2110/2823/2110
f 2110/2823/2110 2169/1633/2169 2165/1632/2165 2111/2825/2111
f 2111/2825/2111 2165/1632/2165 2160/1631/2160 2109/2827/2109
f 2161/1635/2161 2197/1655/2197 2202/1658/2202 2168/1636/2168
f 2168/1636/2168 2202/1658/2202 2210/1670/2210 2163/1628/2163
f 2163/1628/2163 2210/1670/2210 2200/1669/2200 2159/1625/2159
f 2261/1703/2261 2323/1760/2323 2328/1759/2328 2264/2937/2264
f 2264/2937/2264 2328/1759/2328 2327/1758/2327 2265/2938/2265
f 2265/2938/2265 2327/1758/2327 2322/1757/2322 2262/2939/2262
f 2282/1721/2282 2329/1764/2329 2333/1767/2333 2286/1722/2286
f 2286/1722/2286 2333/1767/2333 2338/1775/2338 2290/1725/2290
f 2290/1725/2290 2338/1775/2338 2331/1774/2331 2283/1727/2283
f 2372/1788/2372 2304/1747/2304 2314/1745/2314 2375/1789/2375
f 2375/1789/2375 2314/1745/2314 2310/1744/2310 2379/1792/2379
f 2379/1792/2379 2310/1744/2310 2303/1743/2303 2373/1794/2373
f 2412/2940/2412 2435/1831/2435 2439/1834/2439 2414/2941/2414
f 2414/2941/2414 2439/1834/2439 2444/1842/2444 2413/2468/2413
f 2413/2468/2413 2444/1842/2444 2437/1841/2437 2411/2465/2411
f 2471/2466/2471 2494/2877/2494 2496/2880/2496 2473/2467/2473
f 2473/2470/2473 2496/2881/2496 2495/2884/2495 2474/2471/2474
f 2474/2471/2474 2495/2884/2495 2493/2886/2493 2472/2473/2472
f 2489/2749/2489 2537/2709/2537 2539/2710/2539 2491/2750/2491
f 2491/2750/2491 2539/2710/2539 2538/2711/2538 2492/2751/2492
f 2492/2751/2492 2538/2711/2538 2536/2712/2536 2490/2752/2490
f 2560/1888/2560 2580/1901/2580 2584/1904/2584 2563/1889/2563
f 2563/1889/2563 2584/1904/2584 2589/1912/2589 2564/2942/2564
f 2564/2942/2564 2589/1912/2589 2582/1911/2582 2561/2943/2561
f 2544/2705/2544 2597/2713/2597 2599/2714/2599 2546/2706/2546
f 2546/2706/2546 2599/2714/2599 2598/2715/2598 2547/2707/2547
f 2547/2707/2547 2598/2715/2598 2596/2716/2596 2545/2708/2545
f 2565/2944/2565 2606/2484/2606 2608/2485/2608 2567/2945/2567
f 2567/2594/2567 2608/2486/2608 2607/2489/2607 2568/2595/2568
f 2568/2595/2568 2607/2489/2607 2605/2491/2605 2566/2596/2566
f 2581/1907/2581 2652/2761/2652 2654/2762/2654 2586/1908/2586
f 2586/1908/2586 2654/2762/2654 2653/2763/2653 2590/1909/2590
f 2590/1909/2590 2653/2763/2653 2651/2764/2651 2582/1911/2582
f 2672/2946/2672 2628/1942/2628 2636/1940/2636 2674/2947/2674
f 2674/2947/2674 2636/1940/2636 2632/1939/2632 2675/2897/2675
f 2675/2897/2675 2632/1939/2632 2627/1938/2627 2673/2894/2673
f 2676/1975/2676 2719/2948/2719 2721/2949/2721 2680/1976/2680
f 2680/1976/2680 2721/2949/2721 2722/2950/2722 2681/1977/2681
f 2681/1977/2681 2722/2950/2722 2720/2951/2720 2677/1978/2677
f 2715/2895/2715 2748/2952/2748 2750/2953/2750 2717/2896/2717
f 2717/2896/2717 2750/2953/2750 2749/2954/2749 2718/2955/2718
f 2718/2955/2718 2749/2954/2749 2747/2956/2747 2716/2957/2716
f 2719/2958/2719 2781/2657/2781 2783/2660/2783 2721/2959/2721
f 2721/2959/2721 2783/2660/2783 2782/2662/2782 2722/2960/2722
f 2722/2960/2722 2782/2662/2782 2780/2664/2780 2720/2961/2720
f 2772/2962/2772 2815/2796/2815 2817/2799/2817 2774/2963/2774
f 2774/2963/2774 2817/2799/2817 2816/2801/2816 2775/2964/2775
f 2775/2964/2775 2816/2801/2816 2814/2803/2814 2773/2965/2773
f 2831/2912/2831 2873/2080/2873 2877/2079/2877 2833/2913/2833
f 2833/2913/2833 2877/2079/2877 2876/2078/2876 2834/2914/2834
f 2834/2914/2834 2876/2078/2876 2872/2077/2872 2832/2915/2832
f 2853/2070/2853 2891/2094/2891 2896/2093/2896 2858/2071/2858
f 2858/2071/2858 2896/2093/2896 2895/2092/2895 2859/2072/2859
f 2859/2072/2859 2895/2092/2895 2890/2091/2890 2854/2073/2854
f 2992/2157/2992 3033/2673/3033 3035/2676/3035 2995/2158/2995
f 2995/2158/2995 3035/2676/3035 3034/2678/3034 2999/2161/2999
f 2999/2161/2999 3034/2678/3034 3032/2680/3032 2993/2163/2993
f 3065/2214/3065 3144/2729/3144 3146/2732/3146 3071/2215/3071
f 3071/2215/3071 3146/2732/3146 3145/2734/3145 3072/2216/3072
f 3072/2216/3072 3145/2734/3145 3143/2736/3143 3066/2217/3066
f 3132/2725/3132 3182/2302/3182 3188/2301/3188 3134/2726/3134
f 3134/2726/3134 3188/2301/3188 3187/2300/3187 3135/2727/3135
f 3135/2727/3135 3187/2300/3187 3181/2299/3181 3133/2728/3133
f 3256/2633/3256 3281/2966/3281 3283/2559/3283 3258/2634/3258
f 3258/2634/3258 3283/2559/3283 3282/2560/3282 3259/2635/3259
f 3259/2635/3259 3282/2560/3282 3280/2561/3280 3257/2636/3257
f 3252/2864/3252 3303/2967/3303 3306/2968/3306 3254/2865/3254
f 3254/2865/3254 3306/2968/3306 3305/2386/3305 3255/2866/3255
f 3255/2866/3255 3305/2386/3305 3302/2385/3302 3253/2867/3253
f 3334/2413/3334 3289/2374/3289 3295/2373/3295 3339/2414/3339
f 3339/2414/3339 3295/2373/3295 3294/2372/3294 3340/2415/3340
f 3340/2415/3340 3294/2372/3294 3288/2371/3288 3335/2416/3335
f 3318/2397/3318 2072/1561/2072 2076/1564/2076 3321/2398/3321
f 3321/2398/3321 2076/1564/2076 2081/1572/2081 3325/2401/3325
f 3325/2401/3325 2081/1572/2081 2074/1571/2074 3319/2403/3319
f 3347/2693/3347 2093/1576/2093 2097/1575/2097 3349/2694/3349
f 3349/2694/3349 2097/1575/2097 2096/1574/2096 3350/2695/3350
f 3350/2695/3350 2096/1574/2096 2092/1573/2092 3348/2696/3348
f 2066/1555/2066 2064/1495/2064 1985/1494/1985 2099/1582/2099
f 2062/1538/2062 2064/1495/2064 2066/1555/2066 2069/1560/2069
f 2068/1559/2068 2067/1558/2067 1983/1540/1983 2065/1535/2065
f 2069/1560/2069 2068/1559/2068 2065/1535/2065 2062/1538/2062
f 2098/1579/2098 1983/1540/1983 2067/1558/2067
f 3304/2387/3304 3303/2967/3303 3277/2370/3277 3276/2369/3276 2063/1554/2063 2073/1567/2073
f 3302/2385/3302 3304/2387/3304 2073/1567/2073 3308/2868/3308
f 2085/2821/2085 2074/1571/2074 2104/2744/2104 2108/2822/2108
f 2072/1561/2072 3318/2397/3318 3307/2871/3307
f 2105/2741/2105 2073/1567/2073 2063/1554/2063
f 2074/1571/2074 2085/2821/2085 3319/2403/3319
f 2109/2827/2109 2089/2426/2089 2084/2828/2084
f 2084/2828/2084 2089/2426/2089 3341/2563/3341
f 2084/2828/2084 3341/2563/3341 3344/2969/3344 3320/2936/3320
f 3347/2693/3347 3342/2423/3342 2088/2435/2088 2093/1576/2093
f 2143/2434/2143 2094/1577/2094 2093/1576/2093 2088/2435/2088
f 2089/2426/2089 2109/2827/2109 2139/1611/2139 2138/1610/2138 2142/2427/2142
f 2092/1573/2092 3331/2697/3331 3348/2696/3348
f 2092/1573/2092 2095/1578/2095 2113/2637/2113 3331/2697/3331
f 2143/2434/2143 2113/2637/2113 2095/1578/2095 2094/1577/2094
f 2124/1593/2124 2126/1595/2126 2100/1583/2100 2099/1582/2099 1985/1494/1985
f 2126/1595/2126 2125/2437/2125 2133/1605/2133 2132/1604/2132 2101/1584/2101 2100/1583/2100
f 2132/1604/2132 2131/1603/2131 1983/1540/1983 2098/1579/2098 2101/1584/2101
f 1983/1540/1983 2105/2741/2105 2063/1554/2063
f 2161/1635/2161 2108/2822/2108 2104/2744/2104
f 2197/1655/2197 2161/1635/2161 2104/2744/2104
f 2198/1661/2198 2105/2741/2105 1986/2970/1986 1989/1497/1989
f 1986/2970/1986 2105/2741/2105 1983/1540/1983
f 2109/2827/2109 2160/1631/2160 2136/1606/2136 2139/1611/2139
f 2143/2434/2143 2177/2638/2177 2113/2637/2113
f 2178/2643/2178 2116/1585/2116 2121/1592/2121 2112/2644/2112
f 2121/1592/2121 2120/1591/2120 3336/2417/3336 3335/2416/3335 3330/2700/3330 2112/2644/2112
f 2118/1589/2118 2117/1588/2117 1987/2971/1987 1985/1494/1985
f 2194/2740/2194 1987/2971/1987 2117/1588/2117
f 2119/1590/2119 2118/1589/2118 1985/1494/1985 1984/1493/1984
f 2120/1591/2120 2119/1590/2119 1984/1493/1984 3337/2418/3337 3336/2417/3336
f 2178/2643/2178 2193/2737/2193 2116/1585/2116
f 2146/1612/2146 2129/1599/2129 2133/1605/2133 2125/2437/2125
f 2124/1593/2124 1985/1494/1985 1987/2971/1987 2147/1615/2147
f 2153/1619/2153 1986/2970/1986 2130/1602/2130
f 2131/1603/2131 2130/1602/2130 1986/2970/1986 1983/1540/1983
f 2146/1612/2146 2150/1618/2150 2154/1622/2154 2129/1599/2129
f 2160/1631/2160 2182/1646/2182 2136/1606/2136
f 2138/1610/2138 2137/1609/2137 2174/2972/2174 2173/2973/2173 2142/2427/2142
f 2181/1643/2181 2171/2438/2171 2174/2972/2174 2137/1609/2137
f 2173/1641/2173 2172/1640/2172 2188/1652/2188 2142/2564/2142
f 2187/1649/2187 2177/2638/2177 2143/2434/2143
f 2150/1618/2150 2149/1617/2149 1988/1498/1988 2155/1623/2155 2154/1622/2154
f 1991/1499/1991 2148/1616/2148 2147/1615/2147 1987/2971/1987
f 1991/1499/1991 1988/1498/1988 2149/1617/2149 2148/1616/2148
f 2156/1624/2156 2155/1623/2155 1988/1498/1988 1989/1497/1989
f 1989/1497/1989 1986/2970/1986 2153/1619/2153 2156/1624/2156
f 2160/1631/2160 2225/1677/2225 2224/1676/2224 2183/1647/2183 2182/1646/2182
f 2218/2768/2218 2226/1678/2226 2225/1677/2225 2160/1631/2160
f 2200/1669/2200 2217/2765/2217 2159/1625/2159
f 2172/1640/2172 2214/2444/2214 2189/1653/2189 2188/1652/2188
f 2181/1643/2181 2184/1648/2184 2213/2439/2213 2171/2438/2171
f 1990/2974/1990 2229/2701/2229 2177/2638/2177
f 2230/2704/2230 2193/2737/2193 2178/2643/2178
f 2187/1649/2187 2190/1654/2190 1990/2974/1990 2177/2638/2177
f 2224/1676/2224 2223/1675/2223 2213/2439/2213 2184/1648/2184 2183/1647/2183
f 2214/2444/2214 1990/2974/1990 2190/1654/2190 2189/1653/2189
f 2230/2704/2230 2251/1701/2251 2193/2737/2193
f 2194/2740/2194 2250/1697/2250 1994/1541/1994
f 1987/2971/1987 2194/2740/2194 1991/1499/1991
f 2194/2740/2194 1994/1541/1994 1991/1499/1991
f 2200/1669/2200 2285/1735/2285 2217/2765/2217
f 2329/1764/2329 2282/1721/2282 2199/1665/2199
f 2198/1661/2198 1995/1501/1995 1997/1543/1997 2330/1770/2330
f 1995/1501/1995 2198/1661/2198 1989/1497/1989
f 2246/2449/2246 1990/2974/1990 2214/2444/2214
f 2223/1675/2223 2222/1674/2222 2245/2445/2245 2213/2439/2213
f 2218/2768/2218 2242/1690/2242 2241/1689/2241 2221/1671/2221 2226/1678/2226
f 2218/2768/2218 2284/1731/2284 2239/1685/2239 2242/1690/2242
f 2266/1709/2266 2245/2445/2245 2222/1674/2222
f 2241/1689/2241 2240/1688/2240 2267/1712/2267 2221/1671/2221
f 2246/2449/2246 2229/2701/2229 1990/2974/1990
f 2273/2565/2273 2306/1755/2306 2229/2701/2229
f 2230/2704/2230 2305/1751/2305 2251/1701/2251
f 2246/2449/2246 2273/2565/2273 2229/2701/2229
f 1992/1500/1992 2263/1705/2263 2262/2939/2262 2233/1679/2233 2236/1684/2236
f 2277/1718/2277 2233/1679/2233 2262/2939/2262 2322/1757/2322
f 2234/1682/2234 2276/1715/2276 1995/1501/1995
f 2235/1683/2235 2234/1682/2234 1995/1501/1995 1993/1496/1993
f 2236/1684/2236 2235/1683/2235 1993/1496/1993 1992/1500/1992
f 2284/1731/2284 2341/2829/2341 2239/1685/2239
f 2342/2832/2342 2268/1713/2268 2267/1712/2267 2240/1688/2240
f 2246/2449/2246 2299/2454/2299 2273/2565/2273
f 2266/1709/2266 2269/1714/2269 2298/2450/2298 2245/2445/2245
f 2304/1747/2304 2372/1788/2372 2249/1691/2249
f 2374/1798/2374 1998/2975/1998 2250/1697/2250
f 2250/1697/2250 2324/1761/2324 2323/1760/2323 1994/1541/1994
f 2250/1697/2250 1998/2975/1998 2325/1762/2325 2324/1761/2324
f 2323/1760/2323 2261/1703/2261 1994/1541/1994
f 1994/1541/1994 2261/1703/2261 2263/1705/2263 1992/1500/1992
f 2342/2832/2342 2298/2450/2298 2269/1714/2269 2268/1713/2268
f 2299/2454/2299 2345/2566/2345 2273/2565/2273
f 2346/2571/2346 2302/1737/2302 2272/2572/2272
f 2276/1715/2276 2279/1720/2279 1996/1542/1996 1995/1501/1995
f 1999/2976/1999 2278/1719/2278 2277/1718/2277 2322/1757/2322 2326/1763/2326
f 2279/1720/2279 2278/1719/2278 1999/2976/1999 1996/1542/1996
f 2284/1731/2284 2360/2772/2360 2341/2829/2341
f 2331/1774/2331 2359/2769/2359 2283/1727/2283
f 2350/2459/2350 2345/2566/2345 2299/2454/2299
f 2342/2832/2342 2349/2455/2349 2298/2450/2298
f 2394/1806/2394 2373/1794/2373 2303/1743/2303
f 2369/2576/2369 2302/1737/2302 2346/2571/2346
f 2369/2576/2369 2395/1809/2395 2302/1737/2302
f 1998/2975/1998 1999/2976/1999 2326/1763/2326 2325/1762/2325
f 2330/1770/2330 1997/1543/1997 1996/1542/1996 2000/2977/2000
f 2001/2978/2001 2431/2745/2431 2330/1770/2330
f 2331/1774/2331 2407/2773/2407 2359/2769/2359
f 2432/2748/2432 2407/2773/2407 2331/1774/2331
f 2000/2977/2000 2001/2978/2001 2330/1770/2330
f 2360/2772/2360 2364/2872/2364 2341/2829/2341
f 2342/2832/2342 2363/1782/2363 2349/2455/2349
f 2350/2459/2350 2368/2573/2368 2345/2566/2345
f 2391/2464/2391 2368/2573/2368 2350/2459/2350
f 2363/1782/2363 2365/1784/2365 2390/2460/2390 2349/2455/2349
f 2386/1804/2386 2385/1803/2385 2353/1776/2353 2356/1781/2356 1999/2976/1999
f 2402/1816/2402 2353/1776/2353 2385/1803/2385 2419/1819/2419
f 2000/2977/2000 2354/1779/2354 2401/1813/2401 2001/2978/2001
f 2355/1780/2355 2354/1779/2354 2000/2977/2000 1996/1542/1996
f 2356/1781/2356 2355/1780/2355 1996/1542/1996 1999/2976/1999
f 2390/2460/2390 2365/1784/2365 2364/2872/2364 2360/2772/2360 2408/2776/2408
f 2416/2580/2416 2396/1810/2396 2395/1809/2395 2369/2576/2369
f 2415/2577/2415 2368/2573/2368 2391/2464/2391 2412/2474/2412
f 2394/1806/2394 2398/1812/2398 2454/1852/2454 2373/1794/2373
f 2003/1504/2003 2421/1823/2421 2420/1822/2420 2374/1798/2374 2453/1849/2453
f 1998/2975/1998 2374/1798/2374 2384/1800/2384 2387/1805/2387
f 2374/1798/2374 2420/1822/2420 2384/1800/2384
f 1998/2975/1998 2387/1805/2387 2386/1804/2386 1999/2976/1999
f 2408/2776/2408 2436/1837/2436 2390/2460/2390
f 2435/1831/2435 2412/2940/2412 2391/2876/2391
f 2476/2648/2476 2397/1811/2397 2396/1810/2396 2416/2580/2416
f 2476/2648/2476 2455/1853/2455 2454/1852/2454 2398/1812/2398 2397/1811/2397
f 2002/1544/2002 2403/1817/2403 2402/1816/2402 2419/1819/2419 2422/1824/2422
f 2002/1544/2002 2428/1830/2428 2427/1829/2427 2404/1818/2404 2403/1817/2403
f 2427/1829/2427 2426/1828/2426 2001/2978/2001 2401/1813/2401 2404/1818/2404
f 2468/2780/2468 2436/1837/2436 2408/2776/2408
f 2432/2748/2432 2467/2777/2467 2407/2773/2407
f 2412/2474/2412 2450/1848/2450 2449/1847/2449 2415/2577/2415
f 2412/2474/2412 2472/2473/2472 2447/1843/2447 2450/1848/2450
f 2437/1841/2437 2471/2466/2471 2411/2465/2411
f 2449/1847/2449 2448/1846/2448 2475/2645/2475 2415/2577/2415
f 2422/1824/2422 2421/1823/2421 2003/1504/2003 2002/1544/2002
f 2426/1828/2426 2460/1856/2460 2001/2978/2001
f 2004/1503/2004 2461/1859/2461 2425/1825/2425
f 2004/1503/2004 2425/1825/2425 2428/1830/2428 2002/1544/2002
f 2001/2978/2001 2460/1856/2460 2464/1862/2464 2431/2745/2431
f 2490/2752/2490 2467/2777/2467 2432/2748/2432
f 2008/1508/2008 2489/2749/2489 2431/2745/2431
f 2008/1508/2008 2431/2745/2431 2464/1862/2464 2463/1861/2463
f 2479/1863/2479 2471/2466/2471 2437/1841/2437
f 2468/2780/2468 2480/1866/2480 2436/1837/2436
f 2472/2473/2472 2485/2581/2485 2447/1843/2447
f 2486/2584/2486 2475/2645/2475 2448/1846/2448
f 2010/1546/2010 2456/1854/2456 2455/1853/2455 2476/2648/2476 2498/2652/2498
f 2003/1504/2003 2453/1849/2453 2457/1855/2457 2005/1545/2005 2006/1502/2006
f 2010/1546/2010 2005/1545/2005 2457/1855/2457 2456/1854/2456
f 2004/1503/2004 2007/1506/2007 2462/1860/2462 2461/1859/2461
f 2463/1861/2463 2462/1860/2462 2007/1506/2007 2008/1508/2008
f 2490/2752/2490 2501/2781/2501 2467/2777/2467
f 2502/2784/2502 2481/1867/2481 2480/1866/2480 2468/2780/2468
f 2494/2877/2494 2471/2466/2471 2479/1863/2479 2482/1868/2482
f 2493/2886/2493 2485/2581/2485 2472/2473/2472
f 2486/2584/2486 2497/2649/2497 2475/2645/2475
f 2482/1868/2482 2481/1867/2481 2502/2784/2502 2494/2877/2494
f 2506/2588/2506 2497/2649/2497 2486/2584/2486
f 2493/2886/2493 2505/2585/2505 2485/2581/2485
f 2490/2752/2490 2517/2785/2517 2501/2781/2501
f 2013/1547/2013 2537/2709/2537 2489/2749/2489
f 2536/2712/2536 2517/2785/2517 2490/2752/2490
f 2013/1547/2013 2489/2749/2489 2008/1508/2008
f 2502/2784/2502 2509/2878/2509 2494/2877/2494
f 2510/2885/2510 2505/2585/2505 2493/2886/2493
f 2514/2656/2514 2010/1546/2010 2498/2652/2498
f 2506/2588/2506 2513/2653/2513 2497/2649/2497
f 2502/2784/2502 2518/2788/2518 2509/2878/2509
f 2522/2592/2522 2513/2653/2513 2506/2588/2506
f 2510/2885/2510 2521/2589/2521 2505/2585/2505
f 2518/2788/2518 2540/2887/2540 2509/2878/2509
f 2541/2891/2541 2521/2589/2521 2510/2885/2510
f 2522/2592/2522 2544/2705/2544 2513/2653/2513
f 2553/1887/2553 2552/1886/2552 2010/1546/2010 2514/2656/2514 2545/2708/2545
f 2560/1888/2560 2562/1890/2562 2540/2887/2540 2518/2788/2518
f 2580/1901/2580 2560/1888/2560 2518/2788/2518
f 2536/2712/2536 2581/1907/2581 2517/2785/2517
f 2541/2891/2541 2565/2593/2565 2521/2589/2521
f 2522/2592/2522 2566/2596/2566 2544/2705/2544
f 2531/1875/2531 2526/1872/2526 2570/2836/2570 2556/2475/2556
f 2527/1873/2527 2526/1872/2526 2531/1875/2531 2533/1877/2533 2014/1509/2014
f 2015/2979/2015 2569/2833/2569 2525/1869/2525
f 2011/1510/2011 2010/1546/2010 2015/2979/2015 2525/1869/2525 2528/1874/2528
f 2011/1510/2011 2528/1874/2528 2527/1873/2527 2014/1509/2014
f 2016/2980/2016 2013/1547/2013 2532/2480/2532 2557/2479/2557
f 2533/1877/2533 2532/2480/2532 2013/1547/2013 2014/1509/2014
f 2013/1547/2013 2016/2980/2016 2537/2709/2537
f 2016/2980/2016 2574/1897/2574 2537/2709/2537
f 2573/1894/2573 2581/1907/2581 2536/2712/2536
f 2541/2893/2541 2592/2840/2592 2565/2944/2565
f 2562/1890/2562 2561/2943/2561 2593/2837/2593 2540/2887/2540
f 2566/2596/2566 2597/2713/2597 2544/2705/2544
f 2545/2708/2545 2596/2716/2596 2548/1880/2548 2553/1887/2553
f 2596/2716/2596 2609/2753/2609 2548/1880/2548
f 2610/2756/2610 2615/1923/2615 2614/1922/2614 2549/1883/2549
f 2550/1884/2550 2549/1883/2549 2614/1922/2614 2569/2833/2569
f 2552/1886/2552 2551/1885/2551 2015/2979/2015 2010/1546/2010
f 2551/1885/2551 2550/1884/2550 2569/2833/2569 2015/2979/2015
f 2556/2475/2556 2570/2836/2570 2613/1919/2613 2601/2481/2601
f 2016/2980/2016 2557/2479/2557 2600/1913/2600 2017/2981/2017
f 2582/1911/2582 2593/2837/2593 2561/2943/2561
f 2592/2840/2592 2606/2484/2606 2565/2944/2565
f 2605/2491/2605 2597/2713/2597 2566/2596/2566
f 2016/2980/2016 2017/2981/2017 2575/1898/2575 2574/1897/2574
f 2017/2981/2017 2623/1931/2623 2622/1930/2622 2576/1899/2576 2575/1898/2575
f 2622/1930/2622 2621/1929/2621 2652/2761/2652 2577/1900/2577 2576/1899/2576
f 2652/2761/2652 2581/1907/2581 2573/1894/2573 2577/1900/2577
f 2582/1911/2582 2626/1932/2626 2593/2837/2593
f 2582/1911/2582 2651/2764/2651 2626/1932/2626
f 2628/1942/2628 2606/2484/2606 2592/2840/2592
f 2597/2713/2597 2605/2491/2605 2655/2490/2655 2639/1947/2639
f 2638/1944/2638 2609/2753/2609 2596/2716/2596
f 2018/2982/2018 2602/1915/2602 2601/2481/2601 2613/1919/2613 2617/1925/2617
f 2600/1913/2600 2602/1915/2602 2018/2982/2018 2017/2981/2017
f 2628/1942/2628 2656/1960/2656 2606/2484/2606
f 2705/2760/2705 2682/2844/2682 2610/2756/2610
f 2610/2756/2610 2682/2844/2682 2661/1963/2661
f 2679/1980/2679 2678/1979/2678 2609/2753/2609 2638/1944/2638 2641/1949/2641
f 2610/2756/2610 2661/1963/2661 2664/1968/2664 2616/1924/2616 2615/1923/2615
f 2678/1979/2678 2677/1978/2677 2704/2757/2704 2609/2753/2609
f 2664/1968/2664 2663/1967/2663 2018/2982/2018 2617/1925/2617 2616/1924/2616
f 2620/1926/2620 2645/1953/2645 2687/2495/2687 2691/1984/2691
f 2690/1981/2690 2652/2761/2652 2621/1929/2621
f 2017/2981/2017 2646/1954/2646 2645/1953/2645 2620/1926/2620 2623/1931/2623
f 2651/2764/2651 2668/2841/2668 2626/1932/2626
f 2627/1938/2627 2667/1969/2667 2673/2894/2673
f 2672/2946/2672 2657/1961/2657 2656/1960/2656 2628/1942/2628
f 2655/2490/2655 2658/2983/2658 2700/1993/2700 2699/1992/2699 2640/1948/2640 2639/1947/2639
f 2699/1992/2699 2698/1991/2698 2676/1975/2676 2679/1980/2679 2641/1949/2641 2640/1948/2640
f 2663/1967/2663 2662/1966/2662 2648/1956/2648 2647/1955/2647 2018/2982/2018
f 2683/2847/2683 2644/1950/2644 2648/1956/2648 2662/1966/2662
f 2647/1955/2647 2646/1954/2646 2017/2981/2017 2018/2982/2018
f 2683/2847/2683 2686/2492/2686 2644/1950/2644
f 2651/2764/2651 2731/2002/2731 2708/1995/2708 2712/2001/2712
f 2690/1981/2690 2693/1986/2693 2732/2005/2732 2652/2761/2652
f 2651/2764/2651 2712/2001/2712 2711/2000/2711 2669/1971/2669 2668/2841/2668
f 2672/2903/2672 2701/1994/2701 2700/1993/2700 2658/2983/2658 2657/2984/2657
f 2673/2894/2673 2667/1969/2667 2669/1971/2669 2711/2000/2711 2710/1999/2710 2715/2895/2715
f 2716/2902/2716 2696/1987/2696 2701/1994/2701 2672/2903/2672
f 2719/2948/2719 2676/1975/2676 2698/1991/2698 2697/1990/2697
f 2720/2951/2720 2704/2757/2704 2677/1978/2677
f 2683/2847/2683 2724/2851/2724 2686/2492/2686
f 2705/2760/2705 2723/2848/2723 2682/2844/2682
f 2686/2492/2686 2724/2851/2724 2744/2855/2744 2727/2496/2727
f 2019/2985/2019 2692/1985/2692 2691/1984/2691 2687/2495/2687 2728/2499/2728
f 2019/2985/2019 2733/2006/2733 2732/2005/2732 2693/1986/2693 2692/1985/2692
f 2739/2600/2739 2719/2948/2719 2697/1990/2697
f 2716/2902/2716 2740/2597/2740 2696/1987/2696
f 2720/2951/2720 2800/2040/2800 2704/2757/2704
f 2723/2848/2723 2705/2760/2705 2020/2986/2020 2743/2852/2743
f 2705/2760/2705 2799/2037/2799 2020/2986/2020
f 2731/2002/2731 2736/2008/2736 2772/2789/2772 2708/1995/2708
f 2773/2792/2773 2748/2952/2748 2709/1998/2709
f 2748/2952/2748 2715/2895/2715 2710/1999/2710 2709/1998/2709
f 2716/2957/2716 2747/2956/2747 2740/2987/2740
f 2781/2657/2781 2719/2958/2719 2753/2013/2753 2752/2012/2752
f 2739/2600/2739 2754/2988/2754 2753/2989/2753 2719/2948/2719
f 2720/2961/2720 2780/2664/2780 2801/2990/2801 2800/2991/2800
f 2758/2018/2758 2727/2500/2727 2744/2859/2744 2784/2030/2784
f 2728/2503/2728 2757/2015/2757 2019/2992/2019
f 2768/2028/2768 2767/2027/2767 2772/2962/2772 2736/2993/2736 2735/2994/2735
f 2021/1550/2021 2769/2029/2769 2768/2028/2768 2735/2994/2735 2734/2995/2734
f 2021/1550/2021 2734/2995/2734 2733/2996/2733 2019/2992/2019
f 2739/2513/2739 2777/2512/2777 2751/2009/2751 2754/2014/2754
f 2747/2911/2747 2776/2505/2776 2740/2504/2740
f 2020/2997/2020 2785/2033/2785 2743/2856/2743
f 2773/2965/2773 2791/2905/2791 2748/2904/2748
f 2792/2910/2792 2776/2505/2776 2747/2911/2747
f 2777/2512/2777 2795/2601/2795 2751/2009/2751
f 2796/2604/2796 2781/2657/2781 2752/2012/2752
f 2757/2015/2757 2761/2021/2761 2021/1550/2021 2019/2992/2019
f 2022/1548/2022 2021/1550/2021 2761/2021/2761 2760/2020/2760
f 2811/2049/2811 2810/2048/2810 2759/2019/2759 2758/2018/2758 2784/2030/2784 2788/2036/2788
f 2760/2020/2760 2759/2019/2759 2810/2048/2810 2809/2047/2809 2022/1548/2022
f 2766/2026/2766 2765/2025/2765 2860/2797/2860 2815/2796/2815
f 2897/2720/2897 2860/2797/2860 2765/2025/2765
f 2024/1549/2024 2764/2022/2764 2769/2029/2769 2021/1550/2021
f 2767/2027/2767 2766/2026/2766 2815/2796/2815 2772/2962/2772
f 2024/1549/2024 2898/2717/2898 2764/2022/2764
f 2814/2803/2814 2791/2905/2791 2773/2965/2773
f 2819/2518/2819 2795/2601/2795 2777/2512/2777
f 2792/2910/2792 2818/2514/2818 2776/2505/2776
f 2802/2998/2802 2801/2990/2801 2780/2664/2780 2823/2663/2823 2023/2999/2023
f 2796/2604/2796 2822/2658/2822 2781/2657/2781
f 2788/2036/2788 2787/2035/2787 2828/2052/2828 2827/2793/2827 2808/2044/2808 2811/2049/2811
f 2799/3000/2799 2805/3001/2805 2786/2034/2786 2785/2033/2785 2020/2997/2020
f 2805/3001/2805 2804/3002/2804 2826/2050/2826 2828/2052/2828 2787/2035/2787 2786/2034/2786
f 2792/2910/2792 2832/2915/2832 2818/2514/2818
f 2814/2803/2814 2831/2912/2831 2791/2905/2791
f 2796/2604/2796 2836/2608/2836 2822/2658/2822
f 2819/2518/2819 2835/2605/2835 2795/2601/2795
f 2023/2999/2023 2841/2060/2841 2840/2059/2840 2803/3003/2803 2802/2998/2802
f 2804/3002/2804 2803/3003/2803 2840/2059/2840 2826/2050/2826
f 2022/1548/2022 2809/2047/2809 2846/2063/2846 2853/2070/2853 2857/2076/2857
f 2808/2044/2808 2827/2793/2827 2839/2056/2839 2847/2066/2847
f 2861/2802/2861 2831/2912/2831 2814/2803/2814
f 2865/2523/2865 2835/2605/2835 2819/2518/2819
f 2832/2915/2832 2864/2519/2864 2818/2514/2818
f 2836/2608/2836 2868/2665/2868 2822/2658/2822
f 2869/2668/2869 2023/2999/2023 2823/2663/2823
f 2873/2080/2873 2831/2912/2831 2861/2802/2861
f 2832/2915/2832 2872/2077/2872 2864/2519/2864
f 2836/2608/2836 2879/2612/2879 2868/2665/2868
f 2865/2523/2865 2878/2609/2878 2835/2605/2835
f 2023/2999/2023 2886/2089/2886 2885/2088/2885 2842/2061/2842 2841/2060/2841
f 2885/2088/2885 2884/2087/2884 2025/1513/2025 2843/2062/2843 2842/2061/2842
f 2839/2056/2839 2843/2062/2843 2025/1513/2025 2848/2067/2848 2847/2066/2847
f 2891/2094/2891 2853/2070/2853 2846/2063/2846 2850/2069/2850
f 2025/1513/2025 2026/1512/2026 2849/2068/2849 2848/2067/2848
f 2026/1512/2026 2892/2095/2892 2891/2094/2891 2850/2069/2850 2849/2068/2849
f 2022/1548/2022 2857/2076/2857 2856/2075/2856 2024/1549/2024
f 2856/2075/2856 2855/2074/2855 2898/2717/2898 2024/1549/2024
f 2027/3004/2027 2898/2717/2898 2855/2074/2855 2854/2073/2854
f 2890/2091/2890 2027/3004/2027 2854/2073/2854
f 2902/2807/2902 2874/2081/2874 2873/2080/2873 2861/2802/2861
f 2897/2720/2897 2901/2804/2901 2860/2797/2860
f 2906/2528/2906 2878/2609/2878 2865/2523/2865
f 2872/2077/2872 2875/2082/2875 2905/2524/2905 2864/2519/2864
f 2879/2612/2879 2909/2098/2909 2868/2665/2868
f 2869/2668/2869 2911/2108/2911 2882/2083/2882 2887/2090/2887
f 2869/2668/2869 2887/2090/2887 2886/2089/2886 2023/2999/2023
f 2902/2807/2902 2905/2524/2905 2875/2082/2875 2874/2081/2874
f 2922/2616/2922 2909/2098/2909 2879/2612/2879
f 2906/2528/2906 2921/2613/2921 2878/2609/2878
f 2911/2108/2911 2958/2133/2958 2882/2083/2882
f 2883/2086/2883 2957/2130/2957 2028/1511/2028
f 2884/2087/2884 2883/2086/2883 2028/1511/2028 2025/1513/2025
f 2026/1512/2026 2928/2115/2928 2927/2114/2927 2893/2096/2893 2892/2095/2892
f 2927/2114/2927 2926/2113/2926 2932/2117/2932 2934/2119/2934 2894/2097/2894 2893/2096/2893
f 2890/2091/2890 2894/2097/2894 2934/2119/2934 2933/2618/2933 2027/3004/2027
f 2945/2808/2945 2901/2804/2901 2897/2720/2897 2937/2122/2937
f 2027/3004/2027 2938/2125/2938 2898/2717/2898
f 2949/2916/2949 2905/2524/2905 2902/2807/2902 2946/2811/2946
f 2950/2920/2950 2921/2613/2921 2906/2528/2906
f 2953/2672/2953 2994/2167/2994 2910/2104/2910
f 2993/2163/2993 2959/2134/2959 2958/2133/2958 2911/2108/2911
f 2922/2616/2922 2954/2669/2954 2909/2098/2909
f 2922/2616/2922 2973/2622/2973 2954/2669/2954
f 2950/2920/2950 2972/2619/2972 2921/2613/2921
f 2966/2141/2966 2932/2117/2932 2926/2113/2926 2976/2145/2976
f 2028/1511/2028 2029/3005/2029 2925/2110/2925 2929/2116/2929
f 2029/3005/2029 2977/2148/2977 2925/2110/2925
f 2028/1511/2028 2929/2116/2929 2928/2115/2928 2026/1512/2026
f 2933/2618/2933 2965/2138/2965 2027/3004/2027
f 2937/2122/2937 2942/2129/2942 2983/2154/2983 2945/2808/2945
f 2984/2155/2984 2983/2154/2983 2942/2129/2942 2941/2128/2941 3016/2179/3016 3015/2178/3015 3025/2188/3025 3024/2187/3024
f 2032/1515/2032 2940/2127/2940 2939/2126/2939 2969/2144/2969 2968/2143/2968
f 2032/1515/2032 3017/2180/3017 3016/2179/3016 2941/2128/2941 2940/2127/2940
f 2965/2138/2965 2969/2144/2969 2939/2126/2939 2938/2125/2938 2027/3004/2027
f 2949/2916/2949 2946/2811/2946 2982/2151/2982 2988/2921/2988
f 2950/2926/2950 2989/2925/2989 2972/2623/2972
f 2973/2622/2973 2992/2157/2992 2954/2669/2954
f 2030/3006/2030 2029/3005/2029 2962/2137/2962 2961/2136/2961
f 2034/3007/2034 2030/3006/2030 2961/2136/2961 2960/2135/2960
f 2034/3007/2034 2960/2135/2960 2959/2134/2959 2993/2163/2993 2033/3008/2033
f 2957/2130/2957 2962/2137/2962 2029/3005/2029 2028/1511/2028
f 2968/2143/2968 2967/2142/2967 2031/1516/2031 2032/1515/2032
f 2031/1516/2031 2967/2142/2967 2966/2141/2966 2976/2145/2976 2979/2150/2979
f 3004/2535/3004 2992/2157/2992 2973/2622/2973
f 2989/2925/2989 3005/2529/3005 2972/2623/2972
f 3011/2174/3011 3010/2173/3010 2978/2149/2978 2977/2148/2977 2029/3005/2029
f 3010/2173/3010 3009/2172/3009 2031/1516/2031 2979/2150/2979 2978/2149/2978
f 2985/2156/2985 2984/2155/2984 3024/2187/3024 3023/2186/3023 3029/2860/3029
f 2982/2151/2982 2985/2156/2985 3029/2860/3029 2988/2921/2988
f 3028/2863/3028 3005/2529/3005 2989/2925/2989
f 3033/2673/3033 2992/2157/2992 3004/2535/3004
f 3032/2680/3032 2033/3008/2033 2993/2163/2993
f 3043/2196/3043 3033/2673/3033 3004/2535/3004
f 3028/2863/3028 3044/2530/3044 3005/2529/3005
f 2030/3006/2030 3008/2169/3008 3011/2174/3011 2029/3005/2029
f 3036/2189/3036 2031/1516/2031 3009/2172/3009
f 2030/3006/2030 3037/2192/3037 3008/2169/3008
f 2036/1514/2036 3018/2181/3018 3017/2180/3017 2032/1515/2032
f 3015/2178/3015 3106/2724/3106 3021/2182/3021 3025/2188/3025
f 2039/1552/2039 3105/2721/3105 3014/2175/3014
f 2039/1552/2039 3014/2175/3014 3018/2181/3018 2036/1514/2036
f 3106/2724/3106 3074/2225/3074 3021/2182/3021
f 3023/2186/3023 3022/2185/3022 3050/2205/3050 3029/2860/3029
f 3073/2222/3073 3051/2206/3051 3050/2205/3050 3022/2185/3022
f 3049/2202/3049 3045/3009/3045 3044/2530/3044 3028/2863/3028
f 3057/2212/3057 3056/2211/3056 3061/2674/3061 3033/2673/3033
f 3062/2679/3062 2033/3008/2033 3032/2680/3032
f 3043/2196/3043 3046/2201/3046 3058/2213/3058 3057/2212/3057 3033/2673/3033
f 3036/2189/3036 3040/2195/3040 2035/1518/2035 2031/1516/2031
f 2038/1551/2038 2035/1518/2035 3040/2195/3040 3039/2194/3039
f 2034/3007/2034 2038/1551/2038 3039/2194/3039 3038/2193/3038
f 2034/3007/2034 3038/2193/3038 3037/2192/3037 2030/3006/2030
f 3046/3010/3046 3045/3009/3045 3049/2202/3049 3052/2207/3052 3083/2234/3083 3082/2233/3082 3055/2536/3055 3058/3011/3058
f 3073/2222/3073 3077/2228/3077 3080/2229/3080 3083/2234/3083 3052/2207/3052 3051/2206/3051
f 3082/2233/3082 3081/2232/3081 3109/2537/3109 3055/2536/3055
f 3110/2542/3110 3061/2674/3061 3056/2211/3056
f 3062/2679/3062 3113/2632/3113 3065/2214/3065 3070/2221/3070
f 3062/2679/3062 3070/2221/3070 3069/2220/3069 2033/3008/2033
f 3110/2542/3110 3114/2625/3114 3061/2674/3061
f 3113/2632/3113 3144/2729/3144 3065/2214/3065
f 2033/3008/2033 3069/2220/3069 3068/2219/3068 2034/3007/2034
f 3067/2218/3067 3066/2217/3066 3161/2289/3161 3160/2288/3160 3086/2235/3086 3090/2241/3090
f 3068/2219/3068 3067/2218/3067 3090/2241/3090 3089/2240/3089 2034/3007/2034
f 3143/2736/3143 3162/2290/3162 3161/2289/3161 3066/2217/3066
f 2040/3012/2040 3075/2226/3075 3074/2225/3074 3106/2724/3106 3133/2728/3133
f 2040/3012/2040 3138/2273/3138 3137/2272/3137 3076/2227/3076 3075/2226/3075
f 3077/2228/3077 3076/2227/3076 3137/2272/3137 3080/2229/3080
f 3136/2269/3136 3109/2537/3109 3081/2232/3081
f 3089/2240/3089 3088/2239/3088 2038/1551/2038 2034/3007/2034
f 3093/2242/3093 3087/2238/3087 3147/2276/3147 3118/2257/3118
f 3160/2288/3160 3159/2287/3159 3148/2812/3148 3086/2235/3086
f 3088/2239/3088 3087/2238/3087 3093/2242/3093 3096/2247/3096 2038/1551/2038
f 3095/2246/3095 3094/2245/3094 3102/2253/3102 3101/2252/3101 2037/1517/2037
f 3117/2254/3117 3099/2248/3099 3102/2253/3102 3094/2245/3094
f 2038/1551/2038 3096/2247/3096 3095/2246/3095 2037/1517/2037
f 3100/2251/3100 3124/2261/3124 2039/1552/2039
f 3101/2252/3101 3100/2251/3100 2039/1552/2039 2037/1517/2037
f 3117/2254/3117 3121/2260/3121 3125/2264/3125 3099/2248/3099
f 3129/2268/3129 3128/2267/3128 3132/2725/3132 3105/2721/3105
f 3124/2261/3124 3129/2268/3129 3105/2721/3105 2039/1552/2039
f 3153/2547/3153 3114/2625/3114 3110/2542/3110
f 3136/2269/3136 3140/2275/3140 3152/2543/3152 3109/2537/3109
f 3153/2547/3153 3173/2626/3173 3114/2625/3114
f 3174/2631/3174 3144/2729/3144 3113/2632/3113
f 2041/1520/2041 3126/2265/3126 3125/2264/3125 3121/2260/3121 3120/2259/3120
f 3147/2276/3147 3149/2278/3149 2043/1521/2043 3119/2258/3119 3118/2257/3118
f 2043/1521/2043 2041/1520/2041 3120/2259/3120 3119/2258/3119
f 3128/2267/3128 3127/2266/3127 2042/1523/2042 3132/2725/3132
f 2041/1520/2041 2042/1523/2042 3127/2266/3127 3126/2265/3126
f 2042/1523/2042 3182/2302/3182 3132/2725/3132
f 3133/2728/3133 3170/2298/3170 3169/2297/3169 2040/3012/2040
f 3195/2313/3195 3197/2315/3197 3165/2291/3165 3170/2298/3170 3133/2728/3133 3181/2299/3181
f 3140/2275/3140 3139/2274/3139 3168/2296/3168 3167/2295/3167 3152/2543/3152
f 3169/2297/3169 3168/2296/3168 3139/2274/3139 3138/2273/3138 2040/3012/2040
f 3174/2631/3174 3177/2730/3177 3144/2729/3144
f 3143/2736/3143 3178/2735/3178 3156/2282/3156 3162/2290/3162
f 3159/2287/3159 3158/2286/3158 2043/1521/2043 3149/2278/3149 3148/2812/3148
f 3167/2295/3167 3166/2294/3166 3190/2927/3190 3152/2543/3152
f 3189/2307/3189 3173/2626/3173 3153/2547/3153
f 3178/2735/3178 3213/2334/3213 3156/2282/3156
f 3157/2285/3157 3212/2331/3212 2045/1532/2045
f 3158/2286/3158 3157/2285/3157 2045/1532/2045 2043/1521/2043
f 3197/2315/3197 3196/2820/3196 3225/2342/3225 3165/2291/3165
f 3166/2294/3166 3224/2339/3224 3191/3013/3191 3190/2927/3190
f 3174/2631/3174 3206/2325/3206 3177/2730/3177
f 3207/2328/3207 3173/2626/3173 3189/2307/3189 3192/2312/3192 3203/2324/3203 3202/2323/3202
f 3206/2325/3206 3209/2330/3209 3238/2681/3238 3177/2730/3177
f 3237/2688/3237 3214/2335/3214 3213/2334/3213 3178/2735/3178
f 2047/1527/2047 2050/1529/2050 3184/2304/3184 3183/2303/3183
f 3181/2299/3181 3186/2306/3186 3220/2815/3220 3195/2313/3195
f 2047/1527/2047 3183/2303/3183 3182/2302/3182 2042/1523/2042
f 2050/1529/2050 3249/2358/3249 3248/2357/3248 3185/2305/3185 3184/2304/3184
f 3248/2357/3248 3247/2356/3247 3220/2815/3220 3186/2306/3186 3185/2305/3185
f 3224/2339/3224 3228/2345/3228 3200/2548/3200 3203/3014/3203 3192/3015/3192 3191/3013/3191
f 3196/2820/3196 3221/2819/3221 3226/2343/3226 3225/2342/3225
f 3202/2323/3202 3201/2322/3201 3234/2351/3234 3233/2350/3233 3208/2329/3208 3207/2328/3207
f 3242/2554/3242 3231/2346/3231 3234/2351/3234 3201/2322/3201
f 3228/2345/3228 3227/2344/3227 3241/2549/3241 3200/2548/3200
f 3233/2350/3233 3232/2349/3232 3238/2681/3238 3209/2330/3209 3208/2329/3208
f 3212/2331/3212 3217/2338/3217 2054/1530/2054 2045/1532/2045
f 3292/2377/3292 3291/2376/3291 2054/1530/2054 3217/2338/3217 3216/2337/3216
f 3261/2687/3261 3215/2336/3215 3214/2335/3214 3237/2688/3237
f 3293/2378/3293 3292/2377/3292 3216/2337/3216 3215/2336/3215 3261/2687/3261 3285/2692/3285
f 3221/2819/3221 3241/2549/3241 3227/2344/3227 3226/2343/3226
f 3253/2867/3253 3241/2549/3241 3221/2819/3221
f 3247/2356/3247 3246/2355/3246 3252/2864/3252 3220/2815/3220
f 3260/2682/3260 3238/2681/3238 3232/2349/3232 3257/2636/3257
f 3242/2554/3242 3256/2633/3256 3231/2346/3231
f 3253/2867/3253 3269/2929/3269 3241/2549/3241
f 3270/2933/3270 3256/2633/3256 3242/2554/3242
f 3245/2352/3245 2053/1528/2053 2056/3016/2056 3274/2367/3274
f 2053/1528/2053 3245/2352/3245 3249/2358/3249 2050/1529/2050
f 3273/2364/3273 3252/2864/3252 3246/2355/3246
f 3253/2867/3253 3308/2868/3308 3269/2929/3269
f 3273/2364/3273 3277/2370/3277 3303/2967/3303 3252/2864/3252
f 3302/2385/3302 3308/2868/3308 3253/2867/3253
f 3281/2966/3281 3256/2633/3256 3270/2933/3270
f 3284/2689/3284 3260/2682/3260 3257/2636/3257 3280/2561/3280
f 2055/1534/2055 3264/2359/3264 3266/2361/3266 2052/1526/2052
f 3264/2359/3264 2055/1534/2055 2057/1533/2057 3297/2382/3297
f 2056/3016/2056 2053/1528/2053 3265/2556/3265 3296/2379/3296
f 2052/1526/2052 3266/2361/3266 3265/2556/3265 2053/1528/2053
f 3307/2871/3307 3281/2557/3281 3270/2935/3270
f 2061/1536/2061 2063/1554/2063 3276/2369/3276 3275/2368/3275
f 2061/1536/2061 3275/2368/3275 3274/2367/3274 2056/3016/2056
f 3320/2407/3320 3315/2396/3315 3314/2395/3314 3280/2561/3280
f 3280/2561/3280 3314/2395/3314 3313/2394/3313 3284/2689/3284
f 3307/2871/3307 3318/2397/3318 3281/2557/3281
f 3313/2394/3313 3312/2393/3312 3331/2697/3331 3284/2689/3284
f 3285/2692/3285 3330/2700/3330 3288/2371/3288 3293/2378/3293
f 3330/2700/3330 3335/2416/3335 3288/2371/3288
f 2054/1530/2054 3291/2376/3291 3290/2375/3290 2057/1533/2057
f 3290/2375/3290 3289/2374/3289 2059/1539/2059 2057/1533/2057
f 3334/2413/3334 2059/1539/2059 3289/2374/3289
f 2058/1553/2058 3298/2383/3298 3297/2382/3297 2057/1533/2057
f 2060/1537/2060 3299/2384/3299 3298/2383/3298 2058/1553/2058
f 2056/3016/2056 3296/2379/3296 3299/2384/3299 2060/1537/2060 2061/1536/2061
f 3348/2696/3348 3331/2697/3331 3312/2393/3312
f 3343/2424/3343 3342/2423/3342 3347/2693/3347 3311/2390/3311
f 3344/2425/3344 3343/2424/3343 3311/2390/3311 3315/2396/3315 3320/2407/3320
f 3334/2413/3334 3338/2419/3338 2064/1495/2064 2059/1539/2059
f 1984/1493/1984 2064/1495/2064 3338/2419/3338 3337/2418/3337
o King_Ivory_plinth
v 0.012004 0.410000 -0.351646
v 0.013887 0.429956 -0.371289
v 0.012649 0.412674 -0.361706
v 0.013338 0.419978 -0.368896
v -0.012004 0.530000 -0.351646
v -0.013887 0.510044 -0.371289
v -0.012649 0.527326 -0.361706
v -0.013338 0.520022 -0.368896
v 0.146116 0.410000 -0.320033
v 0.153268 0.429939 -0.338416
v 0.150113 0.412671 -0.329301
v 0.152731 0.419969 -0.336030
v 0.088168 0.530000 -0.338976
v 0.093189 0.510075 -0.357590
v 0.090653 0.527331 -0.348620
v 0.092491 0.520038 -0.355433
v 0.169099 0.530000 -0.307514
v 0.174880 0.510011 -0.327382
v 0.173487 0.527322 -0.316626
v 0.175603 0.520006 -0.323898
v 0.245171 0.410000 -0.251032
v 0.260260 0.429999 -0.264568
v 0.252321 0.412679 -0.258194
v 0.257844 0.420000 -0.263149
v 0.251032 0.530000 -0.245171
v 0.264568 0.510001 -0.260260
v 0.258194 0.527321 -0.252321
v 0.263149 0.520000 -0.257844
v 0.307514 0.410000 -0.169099
v 0.327382 0.429989 -0.174880
v 0.316626 0.412678 -0.173487
v 0.323898 0.419994 -0.175603
v 0.338976 0.410000 -0.088168
v 0.357590 0.429925 -0.093189
v 0.348620 0.412669 -0.090653
v 0.355433 0.419962 -0.092491
v 0.320033 0.530000 -0.146116
v 0.338416 0.510061 -0.153268
v 0.329301 0.527329 -0.150113
v 0.336030 0.520031 -0.152731
v 0.351646 0.410000 0.012004
v 0.371289 0.429956 0.013887
v 0.361706 0.412674 0.012649
v 0.368896 0.419978 0.013338
v 0.351646 0.530000 -0.012004
v 0.371289 0.510044 -0.013887
v 0.361706 0.527326 -0.012649
v 0.368896 0.520022 -0.013338
v 0.320033 0.410000 0.146116
v 0.338416 0.429939 0.153268
v 0.329301 0.412671 0.150113
v 0.336030 0.419969 0.152731
v 0.338976 0.530000 0.088168
v 0.357590 0.510075 0.093189
v 0.348620 0.527331 0.090653
v 0.355433 0.520038 0.092491
v 0.307514 0.530000 0.169099
v 0.327382 0.510011 0.174880
v 0.316626 0.527322 0.173487
v 0.323898 0.520006 0.175603
v 0.251032 0.410000 0.245171
v 0.264568 0.429999 0.260260
v 0.258194 0.412679 0.252321
v 0.263149 0.420000 0.257844
v 0.245171 0.530000 0.251032
v 0.260260 0.510001 0.264568
v 0.252321 0.527321 0.258194
v 0.257844 0.520000 0.263149
v 0.169099 0.410000 0.307514
v 0.174880 0.429989 0.327382
v 0.173487 0.412678 0.316626
v 0.175603 0.419994 0.323898
v 0.088168 0.410000 0.338976
v 0.093189 0.429925 0.357590
v 0.090653 0.412669 0.348620
v 0.092491 0.419962 0.355433
v 0.146116 0.530000 0.320033
v 0.153268 0.510061 0.338416
v 0.150113 0.527329 0.329301
v 0.152731 0.520031 0.336030
v -0.012004 0.410000 0.351646
v -0.013887 0.429956 0.371289
v -0.012649 0.412674 0.361706
v -0.013338 0.419978 0.368896
v 0.012004 0.530000 0.351646
v 0.013887 0.510044 0.371289
v 0.012649 0.527326 0.361706
v 0.013338 0.520022 0.368896
v -0.146116 0.410000 0.320033
v -0.153268 0.429939 0.338416
v -0.150113 0.412671 0.329301
v -0.152731 0.419969 0.336030
v -0.088168 0.530000 0.338976
v -0.093189 0.510077 0.357590
v -0.090653 0.527331 0.348620
v -0.092491 0.520038 0.355433
v -0.169099 0.530000 0.307514
v -0.174881 0.510013 0.327382
v -0.173487 0.527322 0.316626
v -0.175603 0.520006 0.323898
v -0.244903 0.410000 0.251219
v -0.260260 0.429998 0.264568
v -0.252187 0.412679 0.258288
v -0.257808 0.419999 0.263174
v -0.251032 0.530000 0.245171
v -0.264568 0.510002 0.260260
v -0.258194 0.527321 0.252321
v -0.263149 0.520001 0.257844
v -0.324030 0.410000 0.140065
v -0.342846 0.429974 0.146361
v -0.333465 0.412676 0.143819
v -0.340352 0.419987 0.146124
v -0.320033 0.530000 0.146116
v -0.339340 0.510001 0.153351
v -0.329425 0.527321 0.150124
v -0.336492 0.520000 0.152772
v -0.351522 0.410000 -0.012534
v -0.371377 0.429946 -0.013190
v -0.361656 0.412672 -0.012821
v -0.368924 0.419973 -0.013061
v -0.351646 0.530000 0.012004
v -0.371241 0.510055 0.012618
v -0.361700 0.527328 0.012479
v -0.368872 0.520028 0.012704
v -0.320033 0.410000 -0.146116
v -0.338416 0.429939 -0.153268
v -0.329301 0.412671 -0.150113
v -0.336030 0.419969 -0.152731
v -0.338976 0.530000 -0.088168
v -0.357590 0.510075 -0.093189
v -0.348620 0.527331 -0.090653
v -0.355433 0.520038 -0.092491
v -0.307514 0.530000 -0.169099
v -0.327382 0.510011 -0.174880
v -0.316626 0.527322 -0.173487
v -0.323898 0.520006 -0.175603
v -0.251032 0.410000 -0.245171
v -0.264568 0.429999 -0.260260
v -0.258194 0.412679 -0.252321
v -0.263149 0.420000 -0.257844
v -0.245171 0.530000 -0.251032
v -0.260260 0.510001 -0.264568
v -0.252321 0.527321 -0.258194
v -0.257844 0.520000 -0.263149
v -0.169099 0.410000 -0.307514
v -0.174880 0.429989 -0.327382
v -0.173487 0.412678 -0.316626
v -0.175603 0.419994 -0.323898
v -0.088168 0.410000 -0.338976
v -0.093189 0.429925 -0.357590
v -0.090653 0.412669 -0.348620
v -0.092491 0.419962 -0.355433
v -0.146116 0.530000 -0.320033
v -0.153268 0.510061 -0.338416
v -0.150113 0.527329 -0.329301
v -0.152731 0.520031 -0.336030
vn 0.0074 -0.9896 -0.1435
vn 0.0544 -0.1246 -0.9907
vn 0.0261 -0.8519 -0.5230
vn 0.0446 -0.4731 -0.8799
vn -0.0074 0.9896 -0.1435
vn -0.0544 0.1246 -0.9907
vn -0.0261 0.8519 -0.5230
vn -0.0446 0.4731 -0.8799
vn 0.0589 -0.9896 -0.1314
vn 0.4050 -0.1261 -0.9056
vn 0.2142 -0.8526 -0.4767
vn 0.3586 -0.4775 -0.8021
vn 0.0342 0.9902 -0.1358
vn 0.2381 0.1166 -0.9642
vn 0.1255 0.8557 -0.5019
vn 0.2111 0.4805 -0.8512
vn 0.0693 0.9900 -0.1225
vn 0.4733 0.1294 -0.8713
vn 0.2548 0.8568 -0.4482
vn 0.4255 0.4885 -0.7617
vn 0.0982 -0.9898 -0.1028
vn 0.6948 -0.1221 -0.7088
vn 0.3584 -0.8544 -0.3763
vn 0.6060 -0.4807 -0.6338
vn 0.1028 0.9898 -0.0982
vn 0.7088 0.1221 -0.6948
vn 0.3763 0.8544 -0.3584
vn 0.6338 0.4807 -0.6060
vn 0.1225 -0.9900 -0.0693
vn 0.8713 -0.1294 -0.4733
vn 0.4482 -0.8568 -0.2548
vn 0.7617 -0.4885 -0.4255
vn 0.1358 -0.9902 -0.0342
vn 0.9642 -0.1166 -0.2381
vn 0.5019 -0.8557 -0.1255
vn 0.8512 -0.4805 -0.2111
vn 0.1314 0.9896 -0.0589
vn 0.9056 0.1261 -0.4050
vn 0.4767 0.8526 -0.2142
vn 0.8021 0.4775 -0.3586
vn 0.1435 -0.9896 0.0074
vn 0.9907 -0.1246 0.0544
vn 0.5230 -0.8519 0.0261
vn 0.8799 -0.4731 0.0446
vn 0.1435 0.9896 -0.0074
vn 0.9907 0.1246 -0.0544
vn 0.5230 0.8519 -0.0261
vn 0.8799 0.4731 -0.0446
vn 0.1314 -0.9896 0.0589
vn 0.9056 -0.1261 0.4050
vn 0.4767 -0.8526 0.2142
vn 0.8021 -0.4775 0.3586
vn 0.1358 0.9902 0.0342
vn 0.9642 0.1166 0.2381
vn 0.5019 0.8557 0.1255
vn 0.8512 0.4805 0.2111
vn 0.1225 0.9900 0.0693
vn 0.8713 0.1294 0.4733
vn 0.4482 0.8568 0.2548
vn 0.7617 0.4885 0.4255
vn 0.1028 -0.9898 0.0982
vn 0.7088 -0.1221 0.6948
vn 0.3763 -0.8544 0.3584
vn 0.6338 -0.4807 0.6060
vn 0.0982 0.9898 0.1028
vn 0.6948 0.1221 0.7088
vn 0.3584 0.8544 0.3763
vn 0.6060 0.4807 0.6338
vn 0.0693 -0.9900 0.1225
vn 0.4733 -0.1294 0.8713
vn 0.2548 -0.8568 0.4482
vn 0.4255 -0.4885 0.7617
vn 0.0342 -0.9902 0.1358
vn 0.2381 -0.1166 0.9642
vn 0.1255 -0.8557 0.5019
vn 0.2111 -0.4805 0.8512
vn 0.0589 0.9896 0.1314
vn 0.4050 0.1261 0.9056
vn 0.2142 0.8526 0.4767
vn 0.3586 0.4775 0.8021
vn -0.0074 -0.9896 0.1435
vn -0.0544 -0.1246 0.9907
vn -0.0261 -0.8519 0.5230
vn -0.0446 -0.4731 0.8799
vn 0.0074 0.9896 0.1435
vn 0.0544 0.1246 0.9907
vn 0.0261 0.8519 0.5230
vn 0.0446 0.4731 0.8799
vn -0.0589 -0.9896 0.1314
vn -0.4050 -0.1261 0.9056
vn -0.2141 -0.8526 0.4767
vn -0.3586 -0.4775 0.8021
vn -0.0342 0.9902 0.1357
vn -0.2381 0.1166 0.9642
vn -0.1255 0.8558 0.5019
vn -0.2111 0.4806 0.8512
vn -0.0693 0.9900 0.1225
vn -0.4733 0.1294 0.8713
vn -0.2548 0.8569 0.4482
vn -0.4255 0.4886 0.7617
vn -0.1005 -0.9897 0.1019
vn -0.7022 -0.1277 0.7005
vn -0.3657 -0.8532 0.3719
vn -0.6171 -0.4781 0.6249
vn -0.1025 0.9899 0.0981
vn -0.7105 0.1186 0.6937
vn -0.3740 0.8559 0.3572
vn -0.6298 0.4872 0.6050
vn -0.1341 -0.9893 0.0568
vn -0.9173 -0.1253 0.3779
vn -0.4817 -0.8522 0.2045
vn -0.8087 -0.4800 0.3401
vn -0.1310 0.9896 0.0588
vn -0.9057 0.1291 0.4039
vn -0.4730 0.8550 0.2126
vn -0.7971 0.4877 0.3561
vn -0.1448 -0.9895 -0.0038
vn -0.9909 -0.1313 -0.0294
vn -0.5229 -0.8523 -0.0138
vn -0.8780 -0.4782 -0.0234
vn -0.1432 0.9897 0.0075
vn -0.9915 0.1188 0.0539
vn -0.5207 0.8533 0.0268
vn -0.8768 0.4790 0.0434
vn -0.1315 -0.9896 -0.0589
vn -0.9057 -0.1257 -0.4048
vn -0.4769 -0.8525 -0.2142
vn -0.8024 -0.4770 -0.3586
vn -0.1357 0.9902 -0.0342
vn -0.9641 0.1170 -0.2384
vn -0.5015 0.8560 -0.1255
vn -0.8506 0.4815 -0.2113
vn -0.1225 0.9900 -0.0693
vn -0.8713 0.1294 -0.4733
vn -0.4482 0.8568 -0.2548
vn -0.7617 0.4885 -0.4255
vn -0.1028 -0.9898 -0.0982
vn -0.7088 -0.1221 -0.6948
vn -0.3763 -0.8544 -0.3584
vn -0.6338 -0.4807 -0.6060
vn -0.0982 0.9898 -0.1028
vn -0.6948 0.1221 -0.7088
vn -0.3584 0.8544 -0.3763
vn -0.6060 0.4807 -0.6338
vn -0.0693 -0.9900 -0.1225
vn -0.4733 -0.1294 -0.8713
vn -0.2548 -0.8568 -0.4482
vn -0.4255 -0.4885 -0.7617
vn -0.0342 -0.9902 -0.1358
vn -0.2381 -0.1166 -0.9642
vn -0.1255 -0.8557 -0.5019
vn -0.2111 -0.4805 -0.8512
vn -0.0589 0.9896 -0.1314
vn -0.4050 0.1261 -0.9056
vn -0.2142 0.8526 -0.4767
vn -0.3586 0.4775 -0.8021
vt 0.959682 0.917090
vt 0.992066 0.916998
vt 0.990767 1.000000
vt 0.959487 1.000000
vt 0.310334 0.481968
vt 0.241325 0.488338
vt 0.241932 0.481967
vt 0.308651 0.475456
vt 0.242366 0.475609
vt 0.307024 0.469081
vt 0.989065 0.582997
vt 0.932412 0.582971
vt 0.932112 0.500000
vt 0.989189 0.500000
vt 0.758675 0.488338
vt 0.848648 0.467137
vt 0.846255 0.461141
vt 0.758073 0.481969
vt 0.843733 0.455243
vt 0.757645 0.475612
vt 0.921899 0.916713
vt 0.920410 1.000000
vt 0.364647 0.459833
vt 0.361850 0.454101
vt 0.359026 0.448258
vt 0.817694 0.917028
vt 0.873698 0.916669
vt 0.873282 1.000000
vt 0.817869 1.000000
vt 0.467137 0.348648
vt 0.420986 0.417320
vt 0.416413 0.412656
vt 0.461139 0.346250
vt 0.411751 0.408023
vt 0.455239 0.343724
vt 0.755953 0.917001
vt 0.755798 1.000000
vt 0.488338 0.258675
vt 0.481967 0.258067
vt 0.475609 0.257634
vt 0.790565 0.582910
vt 0.744047 0.582999
vt 0.744202 0.500000
vt 0.790495 0.500000
vt 0.981968 0.310334
vt 0.988338 0.241325
vt 0.981971 0.241934
vt 0.975461 0.308653
vt 0.975618 0.242369
vt 0.969090 0.307027
vt 0.709435 0.917090
vt 0.709505 1.000000
vt 0.481968 0.189666
vt 0.475456 0.191349
vt 0.469081 0.192976
vt 0.682306 0.582971
vt 0.682131 0.500000
vt 0.967137 0.151352
vt 0.961144 0.153751
vt 0.955249 0.156280
vt 0.671899 0.916713
vt 0.670410 1.000000
vt 0.459833 0.135353
vt 0.454101 0.138150
vt 0.448258 0.140974
vt 0.567694 0.917029
vt 0.623698 0.916669
vt 0.623282 1.000000
vt 0.567869 1.000000
vt 0.348648 0.032863
vt 0.417320 0.079014
vt 0.412656 0.083587
vt 0.346250 0.038861
vt 0.408023 0.088249
vt 0.343724 0.044761
vt 0.505953 0.917001
vt 0.505798 1.000000
vt 0.258675 0.011662
vt 0.258067 0.018033
vt 0.257634 0.024391
vt 0.540565 0.582910
vt 0.494047 0.582999
vt 0.494202 0.500000
vt 0.540495 0.500000
vt 0.810334 0.018032
vt 0.741325 0.011662
vt 0.741941 0.018036
vt 0.808658 0.024546
vt 0.742383 0.024397
vt 0.807038 0.030924
vt 0.459435 0.917096
vt 0.459505 1.000000
vt 0.189666 0.018032
vt 0.191349 0.024544
vt 0.192976 0.030919
vt 0.432306 0.582971
vt 0.432131 0.500000
vt 0.651352 0.032863
vt 0.653763 0.038865
vt 0.656304 0.044770
vt 0.421899 0.916719
vt 0.420410 1.000000
vt 0.135353 0.040167
vt 0.138150 0.045899
vt 0.140974 0.051742
vt 0.317556 0.916669
vt 0.373698 0.916675
vt 0.373281 1.000000
vt 0.317834 1.000000
vt 0.032842 0.151398
vt 0.079012 0.082681
vt 0.083587 0.087344
vt 0.038782 0.153743
vt 0.088249 0.091977
vt 0.044761 0.156276
vt 0.255416 0.916980
vt 0.255533 1.000000
vt 0.011626 0.241714
vt 0.018035 0.242042
vt 0.024391 0.242366
vt 0.314273 0.583154
vt 0.244363 0.582926
vt 0.244403 0.500000
vt 0.314587 0.500000
vt 0.531756 0.156208
vt 0.511661 0.258381
vt 0.518222 0.258225
vt 0.537730 0.158343
vt 0.524762 0.258062
vt 0.543616 0.160670
vt 0.209434 0.917090
vt 0.209505 1.000000
vt 0.018032 0.310335
vt 0.024544 0.308651
vt 0.030919 0.307024
vt 0.182306 0.582971
vt 0.182131 0.500000
vt 0.532863 0.348648
vt 0.538874 0.346255
vt 0.544789 0.343733
vt 0.171899 0.916713
vt 0.170410 1.000000
vt 0.040167 0.364647
vt 0.045899 0.361850
vt 0.051742 0.359026
vt 0.067588 0.917029
vt 0.123698 0.916669
vt 0.123282 1.000000
vt 0.067888 1.000000
vt 0.151352 0.467137
vt 0.082680 0.420986
vt 0.087344 0.416413
vt 0.153750 0.461140
vt 0.091977 0.411751
vt 0.156276 0.455239
vt 0.010935 0.917003
vt 0.010811 1.000000
vt 0.040318 0.582910
vt 0.007934 0.583002
vt 0.009233 0.500000
vt 0.040513 0.500000
vt 0.689666 0.481968
vt 0.691355 0.475459
vt 0.692989 0.469085
vt 0.908032 0.411754
vt 0.912661 0.416414
vt 0.917320 0.420986
vt 0.876718 0.500000
vt 0.876302 0.583331
vt 0.948267 0.359030
vt 0.954106 0.361852
vt 0.959833 0.364647
vt 0.829590 0.500000
vt 0.828101 0.583287
vt 0.911762 0.091981
vt 0.916418 0.087346
vt 0.920986 0.082680
vt 0.626718 0.500000
vt 0.626302 0.583331
vt 0.859039 0.051746
vt 0.861856 0.045901
vt 0.864647 0.040167
vt 0.579590 0.500000
vt 0.578101 0.583287
vt 0.592351 0.088209
vt 0.587538 0.083571
vt 0.582664 0.079079
vt 0.376677 0.500000
vt 0.376302 0.583326
vt 0.588267 0.408029
vt 0.583596 0.412659
vt 0.579014 0.417320
vt 0.126718 0.500000
vt 0.126302 0.583331
vt 0.640988 0.448263
vt 0.638157 0.454104
vt 0.635353 0.459833
vt 0.079590 0.500000
vt 0.078101 0.583287
s 1
f 3364/3017/3364 3356/3018/3356 3358/3019/3358 3366/3020/3366
f 3366/3021/3366 3358/3022/3358 3357/3023/3357 3365/3024/3365
f 3365/3024/3365 3357/3023/3357 3355/3025/3355 3363/3026/3363
f 3352/3027/3352 3360/3028/3360 3362/3029/3362 3354/3030/3354
f 3354/3031/3354 3362/3032/3362 3361/3033/3361 3353/3034/3353
f 3353/3034/3353 3361/3033/3361 3359/3035/3359 3351/3036/3351
f 3368/3037/3368 3364/3017/3364 3366/3020/3366 3370/3038/3370
f 3370/3039/3370 3366/3021/3366 3365/3024/3365 3369/3040/3369
f 3369/3040/3369 3365/3024/3365 3363/3026/3363 3367/3041/3367
f 3388/3042/3388 3376/3043/3376 3378/3044/3378 3390/3045/3390
f 3390/3046/3390 3378/3047/3378 3377/3048/3377 3389/3049/3389
f 3389/3049/3389 3377/3048/3377 3375/3050/3375 3387/3051/3387
f 3396/3052/3396 3388/3042/3388 3390/3045/3390 3398/3053/3398
f 3398/3054/3398 3390/3046/3390 3389/3049/3389 3397/3055/3397
f 3397/3055/3397 3389/3049/3389 3387/3051/3387 3395/3056/3395
f 3384/3057/3384 3392/3058/3392 3394/3059/3394 3386/3060/3386
f 3386/3061/3386 3394/3062/3394 3393/3063/3393 3385/3064/3385
f 3385/3064/3385 3393/3063/3393 3391/3065/3391 3383/3066/3383
f 3404/3067/3404 3396/3052/3396 3398/3053/3398 3406/3068/3406
f 3406/3069/3406 3398/3054/3398 3397/3055/3397 3405/3070/3405
f 3405/3070/3405 3397/3055/3397 3395/3056/3395 3403/3071/3403
f 3392/3058/3392 3400/3072/3400 3402/3073/3402 3394/3059/3394
f 3394/3062/3394 3402/3074/3402 3401/3075/3401 3393/3063/3393
f 3393/3063/3393 3401/3075/3401 3399/3076/3399 3391/3065/3391
f 3408/3077/3408 3404/3067/3404 3406/3068/3406 3410/3078/3410
f 3410/3079/3410 3406/3069/3406 3405/3070/3405 3409/3080/3409
f 3409/3080/3409 3405/3070/3405 3403/3071/3403 3407/3081/3407
f 3428/3082/3428 3416/3083/3416 3418/3084/3418 3430/3085/3430
f 3430/3086/3430 3418/3087/3418 3417/3088/3417 3429/3089/3429
f 3429/3089/3429 3417/3088/3417 3415/3090/3415 3427/3091/3427
f 3436/3092/3436 3428/3082/3428 3430/3085/3430 3438/3093/3438
f 3438/3094/3438 3430/3086/3430 3429/3089/3429 3437/3095/3437
f 3437/3095/3437 3429/3089/3429 3427/3091/3427 3435/3096/3435
f 3424/3097/3424 3432/3098/3432 3434/3099/3434 3426/3100/3426
f 3426/3101/3426 3434/3102/3434 3433/3103/3433 3425/3104/3425
f 3425/3104/3425 3433/3103/3433 3431/3105/3431 3423/3106/3423
f 3444/3107/3444 3436/3092/3436 3438/3093/3438 3446/3108/3446
f 3446/3109/3446 3438/3094/3438 3437/3095/3437 3445/3110/3445
f 3445/3110/3445 3437/3095/3437 3435/3096/3435 3443/3111/3443
f 3432/3098/3432 3440/3112/3440 3442/3113/3442 3434/3099/3434
f 3434/3102/3434 3442/3114/3442 3441/3115/3441 3433/3103/3433
f 3433/3103/3433 3441/3115/3441 3439/3116/3439 3431/3105/3431
f 3448/3117/3448 3444/3107/3444 3446/3108/3446 3450/3118/3450
f 3450/3119/3450 3446/3109/3446 3445/3110/3445 3449/3120/3449
f 3449/3120/3449 3445/3110/3445 3443/3111/3443 3447/3121/3447
f 3464/3122/3464 3456/3123/3456 3458/3124/3458 3466/3125/3466
f 3466/3126/3466 3458/3127/3458 3457/3128/3457 3465/3129/3465
f 3465/3129/3465 3457/3128/3457 3455/3130/3455 3463/3131/3463
f 3472/3132/3472 3464/3122/3464 3466/3125/3466 3474/3133/3474
f 3474/3134/3474 3466/3126/3466 3465/3129/3465 3473/3135/3473
f 3473/3135/3473 3465/3129/3465 3463/3131/3463 3471/3136/3471
f 3460/3137/3460 3468/3138/3468 3470/3139/3470 3462/3140/3462
f 3462/3141/3462 3470/3142/3470 3469/3143/3469 3461/3144/3461
f 3461/3144/3461 3469/3143/3469 3467/3145/3467 3459/3146/3459
f 3480/3147/3480 3472/3132/3472 3474/3133/3474 3482/3148/3482
f 3482/3149/3482 3474/3134/3474 3473/3135/3473 3481/3150/3481
f 3481/3150/3481 3473/3135/3473 3471/3136/3471 3479/3151/3479
f 3468/3138/3468 3476/3152/3476 3478/3153/3478 3470/3139/3470
f 3470/3142/3470 3478/3154/3478 3477/3155/3477 3469/3143/3469
f 3469/3143/3469 3477/3155/3477 3475/3156/3475 3467/3145/3467
f 3484/3157/3484 3480/3147/3480 3482/3148/3482 3486/3158/3486
f 3486/3159/3486 3482/3149/3482 3481/3150/3481 3485/3160/3485
f 3485/3160/3485 3481/3150/3481 3479/3151/3479 3483/3161/3483
f 3504/3162/3504 3492/3163/3492 3494/3164/3494 3506/3165/3506
f 3506/3166/3506 3494/3167/3494 3493/3168/3493 3505/3169/3505
f 3505/3169/3505 3493/3168/3493 3491/3170/3491 3503/3171/3503
f 3356/3172/3356 3504/3162/3504 3506/3165/3506 3358/3173/3358
f 3358/3022/3358 3506/3166/3506 3505/3169/3505 3357/3023/3357
f 3357/3023/3357 3505/3169/3505 3503/3171/3503 3355/3025/3355
f 3500/3174/3500 3352/3175/3352 3354/3176/3354 3502/3177/3502
f 3502/3178/3502 3354/3031/3354 3353/3034/3353 3501/3179/3501
f 3501/3179/3501 3353/3034/3353 3351/3036/3351 3499/3180/3499
f 3483/3161/3483 3491/3170/3491 3493/3168/3493 3485/3160/3485
f 3485/3160/3485 3493/3168/3493 3494/3167/3494 3486/3159/3486
f 3486/3158/3486 3494/3164/3494 3492/3163/3492 3484/3157/3484
f 3447/3121/3447 3455/3130/3455 3457/3128/3457 3449/3120/3449
f 3449/3120/3449 3457/3128/3457 3458/3127/3458 3450/3119/3450
f 3450/3118/3450 3458/3124/3458 3456/3123/3456 3448/3117/3448
f 3407/3081/3407 3415/3090/3415 3417/3088/3417 3409/3080/3409
f 3409/3080/3409 3417/3088/3417 3418/3087/3418 3410/3079/3410
f 3410/3078/3410 3418/3084/3418 3416/3083/3416 3408/3077/3408
f 3367/3041/3367 3375/3050/3375 3377/3048/3377 3369/3040/3369
f 3369/3040/3369 3377/3048/3377 3378/3047/3378 3370/3039/3370
f 3370/3038/3370 3378/3044/3378 3376/3043/3376 3368/3037/3368
f 3371/3181/3371 3359/3035/3359 3361/3033/3361 3373/3182/3373
f 3373/3182/3373 3361/3033/3361 3362/3032/3362 3374/3183/3374
f 3374/3184/3374 3362/3029/3362 3360/3028/3360 3372/3185/3372
f 3379/3186/3379 3371/3181/3371 3373/3182/3373 3381/3187/3381
f 3381/3187/3381 3373/3182/3373 3374/3183/3374 3382/3188/3382
f 3382/3189/3382 3374/3184/3374 3372/3185/3372 3380/3190/3380
f 3383/3066/3383 3379/3186/3379 3381/3187/3381 3385/3064/3385
f 3385/3064/3385 3381/3187/3381 3382/3188/3382 3386/3061/3386
f 3386/3060/3386 3382/3189/3382 3380/3190/3380 3384/3057/3384
f 3411/3191/3411 3399/3076/3399 3401/3075/3401 3413/3192/3413
f 3413/3192/3413 3401/3075/3401 3402/3074/3402 3414/3193/3414
f 3414/3194/3414 3402/3073/3402 3400/3072/3400 3412/3195/3412
f 3419/3196/3419 3411/3191/3411 3413/3192/3413 3421/3197/3421
f 3421/3197/3421 3413/3192/3413 3414/3193/3414 3422/3198/3422
f 3422/3199/3422 3414/3194/3414 3412/3195/3412 3420/3200/3420
f 3423/3106/3423 3419/3196/3419 3421/3197/3421 3425/3104/3425
f 3425/3104/3425 3421/3197/3421 3422/3198/3422 3426/3101/3426
f 3426/3100/3426 3422/3199/3422 3420/3200/3420 3424/3097/3424
f 3451/3201/3451 3439/3116/3439 3441/3115/3441 3453/3202/3453
f 3453/3202/3453 3441/3115/3441 3442/3114/3442 3454/3203/3454
f 3454/3204/3454 3442/3113/3442 3440/3112/3440 3452/3205/3452
f 3459/3146/3459 3451/3201/3451 3453/3202/3453 3461/3144/3461
f 3461/3144/3461 3453/3202/3453 3454/3203/3454 3462/3141/3462
f 3462/3140/3462 3454/3204/3454 3452/3205/3452 3460/3137/3460
f 3487/3206/3487 3475/3156/3475 3477/3155/3477 3489/3207/3489
f 3489/3207/3489 3477/3155/3477 3478/3154/3478 3490/3208/3490
f 3490/3209/3490 3478/3153/3478 3476/3152/3476 3488/3210/3488
f 3495/3211/3495 3487/3206/3487 3489/3207/3489 3497/3212/3497
f 3497/3212/3497 3489/3207/3489 3490/3208/3490 3498/3213/3498
f 3498/3214/3498 3490/3209/3490 3488/3210/3488 3496/3215/3496
f 3499/3180/3499 3495/3211/3495 3497/3212/3497 3501/3179/3501
f 3501/3179/3501 3497/3212/3497 3498/3213/3498 3502/3178/3502
f 3502/3177/3502 3498/3214/3498 3496/3215/3496 3500/3174/3500
f 3356/3018/3356 3364/3017/3364 3352/3027/3352
f 3364/3017/3364 3360/3028/3360 3352/3027/3352
f 3431/3105/3431 3439/3116/3439 3451/3201/3451 3459/3146/3459 3467/3145/3467 3475/3156/3475 3487/3206/3487 3495/3211/3495 3499/3180/3499 3351/3036/3351 3359/3035/3359 3371/3181/3371 3379/3186/3379 3383/3066/3383 3391/3065/3391 3399/3076/3399 3411/3191/3411 3419/3196/3419 3423/3106/3423
f 3356/3172/3356 3352/3175/3352 3500/3174/3500
f 3403/3071/3403 3395/3056/3395 3387/3051/3387 3375/3050/3375 3367/3041/3367 3363/3026/3363 3355/3025/3355 3503/3171/3503 3491/3170/3491 3483/3161/3483 3479/3151/3479 3471/3136/3471 3463/3131/3463 3455/3130/3455 3447/3121/3447 3443/3111/3443 3435/3096/3435 3427/3091/3427 3415/3090/3415 3407/3081/3407
f 3504/3162/3504 3356/3172/3356 3500/3174/3500
f 3364/3017/3364 3368/3037/3368 3360/3028/3360
f 3372/3185/3372 3360/3028/3360 3368/3037/3368 3376/3043/3376
f 3380/3190/3380 3372/3185/3372 3376/3043/3376 3388/3042/3388
f 3388/3042/3388 3384/3057/3384 3380/3190/3380
f 3388/3042/3388 3396/3052/3396 3384/3057/3384
f 3396/3052/3396 3392/3058/3392 3384/3057/3384
f 3396/3052/3396 3404/3067/3404 3392/3058/3392
f 3404/3067/3404 3400/3072/3400 3392/3058/3392
f 3404/3067/3404 3408/3077/3408 3400/3072/3400
f 3412/3195/3412 3400/3072/3400 3408/3077/3408 3416/3083/3416
f 3420/3200/3420 3412/3195/3412 3416/3083/3416 3428/3082/3428
f 3428/3082/3428 3424/3097/3424 3420/3200/3420
f 3428/3082/3428 3436/3092/3436 3424/3097/3424
f 3436/3092/3436 3432/3098/3432 3424/3097/3424
f 3436/3092/3436 3444/3107/3444 3432/3098/3432
f 3444/3107/3444 3440/3112/3440 3432/3098/3432
f 3444/3107/3444 3448/3117/3448 3440/3112/3440
f 3452/3205/3452 3440/3112/3440 3448/3117/3448 3456/3123/3456
f 3460/3137/3460 3452/3205/3452 3456/3123/3456 3464/3122/3464
f 3464/3122/3464 3472/3132/3472 3460/3137/3460
f 3472/3132/3472 3468/3138/3468 3460/3137/3460
f 3472/3132/3472 3480/3147/3480 3468/3138/3468
f 3480/3147/3480 3476/3152/3476 3468/3138/3468
f 3480/3147/3480 3484/3157/3484 3476/3152/3476
f 3488/3210/3488 3476/3152/3476 3484/3157/3484 3492/3163/3492
f 3496/3215/3496 3488/3210/3488 3492/3163/3492 3504/3162/3504
f 3504/3162/3504 3500/3174/3500 3496/3215/3496
o King_body
v 0.327654 0.759335 -0.044772
v 0.315905 0.760060 -0.095934
v 0.296254 0.760177 -0.146265
v 0.268302 0.760060 -0.192388
v 0.233517 0.760177 -0.233730
v 0.174479 0.760413 -0.280929
v 0.106059 0.760177 -0.312908
v 0.030921 0.761613 -0.328787
v -0.044772 0.759335 -0.327654
v -0.095934 0.760060 -0.315905
v -0.146265 0.760177 -0.296254
v -0.192388 0.760060 -0.268302
v -0.233730 0.760177 -0.233517
v -0.280929 0.760413 -0.174479
v -0.312908 0.760177 -0.106059
v -0.328787 0.761613 -0.030921
v -0.327654 0.759335 0.044772
v -0.315905 0.760060 0.095934
v -0.296254 0.760177 0.146265
v -0.268302 0.760060 0.192388
v -0.233517 0.760177 0.233730
v -0.174479 0.760413 0.280929
v -0.106059 0.760177 0.312908
v -0.030921 0.761613 0.328787
v 0.044772 0.759335 0.327654
v 0.095934 0.760060 0.315905
v 0.146265 0.760177 0.296254
v 0.192388 0.760060 0.268302
v 0.233730 0.760177 0.233517
v 0.280929 0.760413 0.174479
v 0.312908 0.760177 0.106059
v 0.328787 0.761613 0.030921
v 0.230488 0.960057 -0.014863
v 0.218212 0.959613 -0.074073
v 0.195679 0.960572 -0.121681
v 0.163003 0.960020 -0.162721
v 0.121968 0.960033 -0.195710
v 0.060014 0.960057 -0.223033
v -0.014863 0.960057 -0.230488
v -0.074073 0.959613 -0.218212
v -0.121681 0.960572 -0.195679
v -0.162721 0.960020 -0.163003
v -0.195710 0.960033 -0.121968
v -0.223033 0.960057 -0.060014
v -0.230488 0.960057 0.014863
v -0.218212 0.959613 0.074073
v -0.195679 0.960572 0.121681
v -0.163003 0.960020 0.162721
v -0.121968 0.960033 0.195710
v -0.060014 0.960057 0.223033
v 0.014863 0.960057 0.230488
v 0.074073 0.959613 0.218212
v 0.121681 0.960572 0.195679
v 0.162721 0.960020 0.163003
v 0.195710 0.960033 0.121968
v 0.223033 0.960057 0.060014
v 0.289785 1.647870 0.001444
v 0.282956 1.650349 -0.065317
v 0.267371 1.649076 -0.111951
v 0.235641 1.650547 -0.170835
v 0.198233 1.649929 -0.211819
v 0.161128 1.649789 -0.241454
v 0.119626 1.649929 -0.264298
v 0.074965 1.649789 -0.280433
v 0.001444 1.647870 -0.289785
v -0.065317 1.650349 -0.282956
v -0.111951 1.649076 -0.267371
v -0.170835 1.650547 -0.235641
v -0.211819 1.649929 -0.198233
v -0.241454 1.649789 -0.161128
v -0.264298 1.649929 -0.119626
v -0.280433 1.649789 -0.074965
v -0.289785 1.647870 -0.001444
v -0.282956 1.650349 0.065317
v -0.267371 1.649076 0.111951
v -0.235641 1.650547 0.170835
v -0.198233 1.649929 0.211819
v -0.161128 1.649789 0.241454
v -0.119626 1.649929 0.264298
v -0.074965 1.649789 0.280433
v -0.001444 1.647870 0.289785
v 0.065317 1.650349 0.282956
v 0.111951 1.649076 0.267371
v 0.170835 1.650547 0.235641
v 0.211819 1.649929 0.198233
v 0.241454 1.649789 0.161128
v 0.264298 1.649929 0.119626
v 0.280433 1.649789 0.074965
v 0.328759 0.499997 -0.021548
v 0.345977 0.510834 -0.023148
v 0.335510 0.501449 -0.022054
v 0.341813 0.505415 -0.022639
v 0.304007 0.499998 -0.126068
v 0.320371 0.510870 -0.131868
v 0.310322 0.501454 -0.128500
v 0.316311 0.505434 -0.130623
v 0.260540 0.499999 -0.200087
v 0.274568 0.510730 -0.210427
v 0.265956 0.501437 -0.204125
v 0.271090 0.505365 -0.207909
v 0.216469 0.499999 -0.246836
v 0.227252 0.510726 -0.260623
v 0.220823 0.501436 -0.252000
v 0.224770 0.505363 -0.257047
v 0.164369 0.499998 -0.284428
v 0.173207 0.510824 -0.299346
v 0.167720 0.501449 -0.290279
v 0.170955 0.505411 -0.295739
v 0.085308 0.499998 -0.317862
v 0.089374 0.510825 -0.334694
v 0.086955 0.501448 -0.324419
v 0.088444 0.505411 -0.330580
v -0.021548 0.499997 -0.328759
v -0.023148 0.510834 -0.345977
v -0.022054 0.501449 -0.335510
v -0.022639 0.505415 -0.341812
v -0.126068 0.499998 -0.304008
v -0.131868 0.510871 -0.320372
v -0.128500 0.501455 -0.310322
v -0.130623 0.505435 -0.316312
v -0.200087 0.499999 -0.260540
v -0.210427 0.510730 -0.274568
v -0.204125 0.501437 -0.265956
v -0.207909 0.505364 -0.271090
v -0.246836 0.499998 -0.216469
v -0.260623 0.510726 -0.227252
v -0.252000 0.501436 -0.220823
v -0.257047 0.505363 -0.224770
v -0.284428 0.499999 -0.164368
v -0.299346 0.510823 -0.173207
v -0.290279 0.501449 -0.167720
v -0.295739 0.505411 -0.170955
v -0.317862 0.499997 -0.085308
v -0.334694 0.510825 -0.089374
v -0.324419 0.501448 -0.086955
v -0.330580 0.505411 -0.088444
v -0.328759 0.499997 0.021548
v -0.345976 0.510833 0.023148
v -0.335510 0.501448 0.022054
v -0.341812 0.505415 0.022639
v -0.304007 0.499998 0.126068
v -0.320371 0.510870 0.131868
v -0.310322 0.501454 0.128500
v -0.316311 0.505434 0.130623
v -0.260540 0.499999 0.200087
v -0.274568 0.510730 0.210427
v -0.265956 0.501437 0.204125
v -0.271090 0.505365 0.207909
v -0.216469 0.499999 0.246836
v -0.227252 0.510726 0.260623
v -0.220823 0.501436 0.252000
v -0.224770 0.505363 0.257047
v -0.164369 0.499998 0.284428
v -0.173206 0.510824 0.299346
v -0.167720 0.501449 0.290279
v -0.170955 0.505412 0.295739
v -0.085308 0.499998 0.317861
v -0.089374 0.510825 0.334694
v -0.086955 0.501448 0.324419
v -0.088444 0.505411 0.330580
v 0.021548 0.499997 0.328758
v 0.023148 0.510833 0.345976
v 0.022054 0.501448 0.335510
v 0.022639 0.505414 0.341812
v 0.126068 0.499997 0.304008
v 0.131868 0.510871 0.320372
v 0.128500 0.501454 0.310322
v 0.130623 0.505434 0.316311
v 0.200087 0.499999 0.260540
v 0.210427 0.510730 0.274568
v 0.204125 0.501437 0.265956
v 0.207909 0.505364 0.271090
v 0.246836 0.499998 0.216469
v 0.260623 0.510726 0.227252
v 0.252000 0.501436 0.220823
v 0.257047 0.505363 0.224770
v 0.284428 0.499999 0.164368
v 0.299346 0.510823 0.173207
v 0.290279 0.501449 0.167720
v 0.295739 0.505411 0.170955
v 0.317862 0.499998 0.085308
v 0.334694 0.510825 0.089374
v 0.324419 0.501448 0.086955
v 0.330580 0.505411 0.088444
v 0.386146 0.611055 -0.001543
v 0.385102 0.589050 -0.003985
v 0.387588 0.604010 -0.001948
v 0.387206 0.595955 -0.002842
v 0.377622 0.589422 -0.074586
v 0.378852 0.611214 -0.075303
v 0.379784 0.596212 -0.075218
v 0.380235 0.604188 -0.075480
v 0.351854 0.589258 -0.157944
v 0.352429 0.611194 -0.159240
v 0.353542 0.596127 -0.159322
v 0.353752 0.604156 -0.159796
v 0.306560 0.589351 -0.233095
v 0.307324 0.611362 -0.233881
v 0.308268 0.596247 -0.234339
v 0.308548 0.604304 -0.234626
v 0.247026 0.589316 -0.295966
v 0.247997 0.611153 -0.296659
v 0.248557 0.596152 -0.297516
v 0.248912 0.604145 -0.297770
v 0.184239 0.589234 -0.337870
v 0.185119 0.611249 -0.338692
v 0.184972 0.596124 -0.339875
v 0.185295 0.604182 -0.340176
v 0.122799 0.589164 -0.365139
v 0.125464 0.611129 -0.365425
v 0.124669 0.596020 -0.366736
v 0.125644 0.604059 -0.366841
v 0.065436 0.589369 -0.379225
v 0.060484 0.611311 -0.381250
v 0.063769 0.596229 -0.381673
v 0.061957 0.604260 -0.382414
v -0.003985 0.589050 -0.385102
v -0.001543 0.611055 -0.386146
v -0.002842 0.595955 -0.387206
v -0.001948 0.604010 -0.387588
v -0.074586 0.589422 -0.377622
v -0.075303 0.611214 -0.378852
v -0.075218 0.596212 -0.379784
v -0.075480 0.604188 -0.380235
v -0.157944 0.589258 -0.351854
v -0.159240 0.611194 -0.352429
v -0.159322 0.596127 -0.353542
v -0.159796 0.604156 -0.353752
v -0.233095 0.589351 -0.306560
v -0.233881 0.611362 -0.307324
v -0.234339 0.596247 -0.308268
v -0.234626 0.604304 -0.308548
v -0.295966 0.589316 -0.247026
v -0.296659 0.611153 -0.247997
v -0.297516 0.596152 -0.248557
v -0.297770 0.604145 -0.248912
v -0.337870 0.589234 -0.184239
v -0.338692 0.611249 -0.185119
v -0.339875 0.596124 -0.184972
v -0.340176 0.604182 -0.185295
v -0.365139 0.589164 -0.122799
v -0.365425 0.611129 -0.125464
v -0.366736 0.596020 -0.124669
v -0.366841 0.604059 -0.125644
v -0.379225 0.589369 -0.065436
v -0.381250 0.611311 -0.060484
v -0.381673 0.596229 -0.063769
v -0.382414 0.604260 -0.061957
v -0.385102 0.589050 0.003985
v -0.386146 0.611055 0.001543
v -0.387206 0.595955 0.002842
v -0.387588 0.604010 0.001948
v -0.377622 0.589422 0.074586
v -0.378852 0.611214 0.075303
v -0.379784 0.596212 0.075218
v -0.380235 0.604188 0.075480
v -0.351854 0.589258 0.157944
v -0.352429 0.611194 0.159240
v -0.353542 0.596127 0.159322
v -0.353752 0.604156 0.159796
v -0.306560 0.589351 0.233095
v -0.307324 0.611362 0.233881
v -0.308268 0.596247 0.234339
v -0.308548 0.604304 0.234626
v -0.247026 0.589316 0.295966
v -0.247997 0.611153 0.296659
v -0.248557 0.596152 0.297516
v -0.248912 0.604145 0.297770
v -0.184239 0.589234 0.337870
v -0.185119 0.611249 0.338692
v -0.184972 0.596124 0.339875
v -0.185295 0.604182 0.340176
v -0.122799 0.589164 0.365139
v -0.125464 0.611129 0.365425
v -0.124669 0.596020 0.366736
v -0.125644 0.604059 0.366841
v -0.065436 0.589369 0.379225
v -0.060484 0.611311 0.381250
v -0.063769 0.596229 0.381673
v -0.061957 0.604260 0.382414
v 0.003985 0.589050 0.385102
v 0.001543 0.611055 0.386146
v 0.002842 0.595955 0.387206
v 0.001948 0.604010 0.387588
v 0.074586 0.589422 0.377622
v 0.075303 0.611214 0.378852
v 0.075218 0.596212 0.379784
v 0.075480 0.604188 0.380235
v 0.157944 0.589258 0.351854
v 0.159240 0.611194 0.352429
v 0.159322 0.596127 0.353542
v 0.159796 0.604156 0.353752
v 0.233095 0.589351 0.306560
v 0.233881 0.611362 0.307324
v 0.234339 0.596247 0.308268
v 0.234626 0.604304 0.308548
v 0.295966 0.589316 0.247026
v 0.296659 0.611153 0.247997
v 0.297516 0.596152 0.248557
v 0.297770 0.604145 0.248912
v 0.337870 0.589234 0.184239
v 0.338692 0.611249 0.185119
v 0.339875 0.596124 0.184972
v 0.340176 0.604182 0.185295
v 0.365139 0.589164 0.122799
v 0.365425 0.611129 0.125464
v 0.366736 0.596020 0.124669
v 0.366841 0.604059 0.125644
v 0.379225 0.589369 0.065436
v 0.381250 0.611311 0.060484
v 0.381673 0.596229 0.063769
v 0.382414 0.604260 0.061957
v 0.176081 1.450496 -0.017489
v 0.171721 1.428077 -0.017236
v 0.173348 1.443644 -0.017276
v 0.171752 1.435438 -0.017183
v 0.156481 1.428077 -0.071167
v 0.160447 1.450450 -0.073219
v 0.156533 1.435435 -0.071212
v 0.157985 1.443625 -0.071963
v 0.125803 1.428069 -0.118030
v 0.129083 1.450486 -0.121048
v 0.125834 1.435433 -0.118095
v 0.127035 1.443638 -0.119200
v 0.085878 1.428084 -0.148722
v 0.087942 1.450451 -0.152654
v 0.085818 1.435440 -0.148811
v 0.086574 1.443626 -0.150250
v 0.044367 1.428081 -0.166406
v 0.045318 1.450448 -0.170750
v 0.044349 1.435436 -0.166460
v 0.044697 1.443622 -0.168051
v -0.017236 1.428077 -0.171721
v -0.017489 1.450496 -0.176081
v -0.017183 1.435438 -0.171752
v -0.017276 1.443644 -0.173348
v -0.071086 1.428078 -0.156519
v -0.073008 1.450459 -0.160570
v -0.071143 1.435437 -0.156568
v -0.071847 1.443629 -0.158051
v -0.103878 1.428012 -0.136653
v -0.106401 1.450343 -0.140407
v -0.103912 1.435364 -0.136716
v -0.104835 1.443537 -0.138090
v -0.128821 1.428173 -0.113663
v -0.132246 1.450519 -0.116452
v -0.128864 1.435524 -0.113669
v -0.130118 1.443703 -0.114690
v -0.148722 1.428084 -0.085878
v -0.152711 1.450445 -0.087831
v -0.148818 1.435439 -0.085803
v -0.150279 1.443624 -0.086518
v -0.166406 1.428081 -0.044367
v -0.170750 1.450448 -0.045318
v -0.166460 1.435436 -0.044349
v -0.168051 1.443622 -0.044697
v -0.171721 1.428077 0.017236
v -0.176081 1.450496 0.017489
v -0.171752 1.435438 0.017183
v -0.173348 1.443644 0.017276
v -0.156519 1.428078 0.071086
v -0.160570 1.450459 0.073008
v -0.156568 1.435437 0.071143
v -0.158051 1.443629 0.071847
v -0.136653 1.428012 0.103878
v -0.140407 1.450343 0.106401
v -0.136716 1.435364 0.103912
v -0.138090 1.443537 0.104835
v -0.113663 1.428173 0.128821
v -0.116452 1.450519 0.132246
v -0.113669 1.435524 0.128864
v -0.114690 1.443703 0.130118
v -0.085878 1.428084 0.148722
v -0.087831 1.450445 0.152711
v -0.085803 1.435439 0.148818
v -0.086518 1.443624 0.150279
v -0.044367 1.428081 0.166406
v -0.045318 1.450448 0.170750
v -0.044349 1.435436 0.166460
v -0.044697 1.443622 0.168051
v 0.017236 1.428077 0.171721
v 0.017489 1.450496 0.176081
v 0.017183 1.435438 0.171752
v 0.017276 1.443644 0.173348
v 0.071086 1.428078 0.156519
v 0.073008 1.450459 0.160570
v 0.071143 1.435437 0.156568
v 0.071847 1.443629 0.158051
v 0.103878 1.428012 0.136653
v 0.106401 1.450343 0.140407
v 0.103912 1.435364 0.136716
v 0.104835 1.443537 0.138090
v 0.128821 1.428173 0.113663
v 0.132246 1.450519 0.116452
v 0.128864 1.435524 0.113669
v 0.130118 1.443703 0.114690
v 0.148722 1.428084 0.085878
v 0.152711 1.450445 0.087831
v 0.148818 1.435439 0.085803
v 0.150279 1.443624 0.086518
v 0.166406 1.428081 0.044367
v 0.170750 1.450448 0.045318
v 0.166460 1.435436 0.044349
v 0.168051 1.443622 0.044697
v 0.355961 1.761276 -0.013589
v 0.353113 1.740102 -0.012382
v 0.357024 1.754312 -0.013529
v 0.355982 1.746562 -0.013087
v 0.346049 1.740138 -0.072441
v 0.349604 1.761385 -0.070775
v 0.349061 1.746594 -0.072504
v 0.350363 1.754371 -0.071894
v 0.329923 1.740107 -0.126309
v 0.333171 1.761371 -0.126394
v 0.332830 1.746554 -0.126888
v 0.334019 1.754337 -0.126919
v 0.306287 1.740288 -0.176584
v 0.308240 1.761382 -0.179558
v 0.308796 1.746665 -0.178190
v 0.309511 1.754386 -0.179278
v 0.274371 1.740154 -0.222586
v 0.275761 1.761303 -0.225480
v 0.276114 1.746589 -0.225054
v 0.276623 1.754330 -0.226113
v 0.234093 1.740270 -0.264860
v 0.236507 1.761444 -0.266751
v 0.236246 1.746706 -0.266906
v 0.237129 1.754457 -0.267598
v 0.178145 1.740089 -0.305409
v 0.180360 1.761325 -0.307816
v 0.179692 1.746519 -0.307956
v 0.180503 1.754292 -0.308837
v 0.123573 1.740269 -0.330971
v 0.122027 1.761438 -0.334875
v 0.124333 1.746690 -0.333845
v 0.123768 1.754438 -0.335274
v 0.054189 1.740278 -0.349723
v 0.055233 1.761272 -0.352577
v 0.054805 1.746648 -0.352641
v 0.055187 1.754333 -0.353685
v -0.012382 1.740102 -0.353113
v -0.013589 1.761276 -0.355961
v -0.013087 1.746562 -0.355982
v -0.013529 1.754312 -0.357024
v -0.072441 1.740138 -0.346049
v -0.070775 1.761385 -0.349604
v -0.072504 1.746594 -0.349061
v -0.071894 1.754371 -0.350363
v -0.126309 1.740107 -0.329923
v -0.126394 1.761371 -0.333171
v -0.126888 1.746554 -0.332830
v -0.126919 1.754337 -0.334019
v -0.176584 1.740288 -0.306287
v -0.179558 1.761382 -0.308240
v -0.178190 1.746665 -0.308796
v -0.179278 1.754386 -0.309511
v -0.222586 1.740154 -0.274371
v -0.225480 1.761303 -0.275761
v -0.225054 1.746589 -0.276114
v -0.226113 1.754330 -0.276623
v -0.264860 1.740270 -0.234093
v -0.266750 1.761444 -0.236507
v -0.266906 1.746706 -0.236246
v -0.267598 1.754457 -0.237129
v -0.305409 1.740089 -0.178145
v -0.307816 1.761325 -0.180360
v -0.307956 1.746519 -0.179692
v -0.308837 1.754292 -0.180503
v -0.330971 1.740269 -0.123573
v -0.334875 1.761438 -0.122027
v -0.333845 1.746690 -0.124333
v -0.335274 1.754438 -0.123768
v -0.349723 1.740278 -0.054189
v -0.352577 1.761272 -0.055233
v -0.352641 1.746648 -0.054805
v -0.353685 1.754333 -0.055187
v -0.353113 1.740102 0.012382
v -0.355961 1.761276 0.013589
v -0.355982 1.746562 0.013087
v -0.357024 1.754312 0.013529
v -0.346049 1.740138 0.072441
v -0.349604 1.761385 0.070775
v -0.349061 1.746594 0.072504
v -0.350363 1.754371 0.071894
v -0.329923 1.740107 0.126309
v -0.333171 1.761371 0.126394
v -0.332830 1.746554 0.126888
v -0.334019 1.754337 0.126919
v -0.306287 1.740288 0.176584
v -0.308240 1.761382 0.179558
v -0.308796 1.746665 0.178190
v -0.309511 1.754386 0.179278
v -0.274371 1.740154 0.222586
v -0.275761 1.761303 0.225480
v -0.276114 1.746589 0.225054
v -0.276623 1.754330 0.226113
v -0.234093 1.740270 0.264860
v -0.236507 1.761444 0.266751
v -0.236246 1.746706 0.266906
v -0.237129 1.754457 0.267598
v -0.178145 1.740089 0.305409
v -0.180360 1.761325 0.307816
v -0.179692 1.746519 0.307956
v -0.180503 1.754292 0.308837
v -0.123573 1.740269 0.330971
v -0.122027 1.761438 0.334875
v -0.124333 1.746690 0.333845
v -0.123768 1.754438 0.335274
v -0.054189 1.740278 0.349723
v -0.055233 1.761272 0.352577
v -0.054805 1.746648 0.352641
v -0.055187 1.754333 0.353685
v 0.012382 1.740102 0.353113
v 0.013589 1.761276 0.355961
v 0.013087 1.746562 0.355982
v 0.013529 1.754312 0.357024
v 0.072441 1.740138 0.346049
v 0.070775 1.761385 0.349604
v 0.072504 1.746594 0.349061
v 0.071894 1.754371 0.350363
v 0.126309 1.740107 0.329923
v 0.126394 1.761371 0.333171
v 0.126888 1.746554 0.332830
v 0.126919 1.754337 0.334019
v 0.176584 1.740288 0.306287
v 0.179558 1.761382 0.308240
v 0.178190 1.746665 0.308796
v 0.179278 1.754386 0.309511
v 0.222586 1.740154 0.274371
v 0.225480 1.761303 0.275761
v 0.225054 1.746589 0.276114
v 0.226113 1.754330 0.276623
v 0.264860 1.740270 0.234093
v 0.266750 1.761444 0.236507
v 0.266906 1.746706 0.236246
v 0.267598 1.754457 0.237129
v 0.305409 1.740089 0.178145
v 0.307816 1.761325 0.180360
v 0.307956 1.746519 0.179692
v 0.308837 1.754292 0.180503
v 0.330971 1.740269 0.123573
v 0.334875 1.761438 0.122027
v 0.333845 1.746690 0.124333
v 0.335274 1.754438 0.123768
v 0.349723 1.740278 0.054189
v 0.352577 1.761272 0.055233
v 0.352641 1.746648 0.054805
v 0.353685 1.754333 0.055187
v 0.317861 1.840001 0.018208
v 0.333493 1.828575 0.019553
v 0.324366 1.838470 0.018645
v 0.330088 1.834288 0.019138
v 0.314384 1.840000 -0.051956
v 0.329951 1.828575 -0.054094
v 0.320832 1.838470 -0.052944
v 0.326530 1.834288 -0.053727
v 0.297789 1.840002 -0.112061
v 0.312555 1.828607 -0.117782
v 0.303893 1.838475 -0.114387
v 0.309298 1.834304 -0.116481
v 0.269161 1.840000 -0.170805
v 0.282190 1.828539 -0.179591
v 0.274631 1.838465 -0.174366
v 0.279400 1.834270 -0.177581
v 0.223281 1.840001 -0.226961
v 0.234398 1.828577 -0.238107
v 0.227868 1.838470 -0.231606
v 0.231937 1.834289 -0.235685
v 0.165867 1.840001 -0.272215
v 0.174427 1.828582 -0.285427
v 0.169297 1.838471 -0.277778
v 0.172430 1.834291 -0.282614
v 0.089633 1.840001 -0.305907
v 0.093791 1.828524 -0.320994
v 0.091460 1.838463 -0.312169
v 0.092982 1.834262 -0.317691
v 0.018208 1.840001 -0.317861
v 0.019553 1.828575 -0.333493
v 0.018645 1.838470 -0.324366
v 0.019138 1.834288 -0.330087
v -0.051956 1.840000 -0.314384
v -0.054094 1.828575 -0.329951
v -0.052944 1.838470 -0.320832
v -0.053727 1.834288 -0.326530
v -0.112061 1.840001 -0.297789
v -0.117782 1.828607 -0.312555
v -0.114387 1.838474 -0.303893
v -0.116481 1.834304 -0.309298
v -0.170805 1.840000 -0.269161
v -0.179591 1.828539 -0.282189
v -0.174366 1.838465 -0.274631
v -0.177581 1.834270 -0.279400
v -0.226961 1.840001 -0.223282
v -0.238107 1.828577 -0.234398
v -0.231606 1.838470 -0.227868
v -0.235685 1.834288 -0.231937
v -0.272215 1.840001 -0.165867
v -0.285427 1.828582 -0.174427
v -0.277778 1.838471 -0.169297
v -0.282614 1.834291 -0.172430
v -0.305907 1.840001 -0.089633
v -0.320994 1.828524 -0.093791
v -0.312169 1.838463 -0.091460
v -0.317691 1.834262 -0.092982
v -0.317861 1.840001 -0.018208
v -0.333493 1.828575 -0.019553
v -0.324366 1.838470 -0.018645
v -0.330087 1.834288 -0.019138
v -0.314384 1.840000 0.051956
v -0.329951 1.828575 0.054094
v -0.320832 1.838470 0.052944
v -0.326530 1.834288 0.053727
v -0.297789 1.840002 0.112061
v -0.312555 1.828607 0.117782
v -0.303893 1.838475 0.114387
v -0.309298 1.834304 0.116481
v -0.269161 1.840000 0.170805
v -0.282190 1.828539 0.179591
v -0.274631 1.838465 0.174366
v -0.279400 1.834270 0.177581
v -0.223281 1.840001 0.226961
v -0.234398 1.828577 0.238107
v -0.227868 1.838470 0.231606
v -0.231937 1.834289 0.235685
v -0.165867 1.840001 0.272215
v -0.174427 1.828581 0.285427
v -0.169297 1.838471 0.277778
v -0.172430 1.834291 0.282614
v -0.089633 1.840001 0.305907
v -0.093791 1.828524 0.320994
v -0.091460 1.838463 0.312169
v -0.092982 1.834262 0.317691
v -0.018208 1.840001 0.317861
v -0.019553 1.828575 0.333493
v -0.018645 1.838470 0.324366
v -0.019138 1.834288 0.330087
v 0.051956 1.840000 0.314384
v 0.054094 1.828575 0.329951
v 0.052944 1.838470 0.320832
v 0.053727 1.834288 0.326530
v 0.112061 1.840001 0.297789
v 0.117782 1.828607 0.312555
v 0.114387 1.838475 0.303893
v 0.116481 1.834304 0.309298
v 0.170805 1.840000 0.269161
v 0.179591 1.828539 0.282190
v 0.174366 1.838465 0.274631
v 0.177581 1.834270 0.279400
v 0.226961 1.840001 0.223282
v 0.238107 1.828577 0.234398
v 0.231606 1.838470 0.227868
v 0.235685 1.834289 0.231937
v 0.272215 1.840001 0.165867
v 0.285427 1.828582 0.174427
v 0.277778 1.838471 0.169297
v 0.282614 1.834291 0.172430
v 0.305907 1.840001 0.089633
v 0.320994 1.828524 0.093791
v 0.312169 1.838463 0.091460
v 0.317691 1.834262 0.092982
vn 0.9091 0.4005 -0.1144
vn 0.8768 0.4014 -0.2648
vn 0.8219 0.3983 -0.4073
vn 0.7472 0.3982 -0.5322
vn 0.6427 0.4025 -0.6519
vn 0.4789 0.4029 -0.7800
vn 0.2942 0.3995 -0.8683
vn 0.0892 0.4003 -0.9120
vn -0.1144 0.4005 -0.9091
vn -0.2648 0.4014 -0.8768
vn -0.4073 0.3983 -0.8219
vn -0.5322 0.3982 -0.7472
vn -0.6519 0.4025 -0.6427
vn -0.7800 0.4029 -0.4789
vn -0.8683 0.3995 -0.2942
vn -0.9120 0.4003 -0.0892
vn -0.9091 0.4005 0.1144
vn -0.8768 0.4014 0.2648
vn -0.8219 0.3983 0.4073
vn -0.7472 0.3982 0.5322
vn -0.6427 0.4025 0.6519
vn -0.4789 0.4029 0.7800
vn -0.2942 0.3995 0.8683
vn -0.0892 0.4003 0.9120
vn 0.1144 0.4005 0.9091
vn 0.2648 0.4014 0.8768
vn 0.4073 0.3983 0.8219
vn 0.5322 0.3982 0.7472
vn 0.6519 0.4025 0.6427
vn 0.7800 0.4029 0.4789
vn 0.8683 0.3995 0.2942
vn 0.9120 0.4003 0.0892
vn 0.9527 0.2988 -0.0548
vn 0.9059 0.2966 -0.3022
vn 0.8105 0.2935 -0.5069
vn 0.6743 0.2939 -0.6775
vn 0.4974 0.2952 -0.8157
vn 0.2441 0.2997 -0.9223
vn -0.0548 0.2988 -0.9527
vn -0.3022 0.2966 -0.9059
vn -0.5070 0.2936 -0.8104
vn -0.6772 0.2937 -0.6746
vn -0.8160 0.2948 -0.4973
vn -0.9223 0.2997 -0.2441
vn -0.9527 0.2988 0.0548
vn -0.9059 0.2966 0.3022
vn -0.8104 0.2936 0.5070
vn -0.6746 0.2937 0.6772
vn -0.4973 0.2948 0.8160
vn -0.2441 0.2997 0.9223
vn 0.0548 0.2988 0.9527
vn 0.3022 0.2966 0.9059
vn 0.5070 0.2936 0.8104
vn 0.6772 0.2937 0.6746
vn 0.8160 0.2948 0.4973
vn 0.9223 0.2997 0.2441
vn 0.8422 -0.5391 0.0064
vn 0.8233 -0.5389 -0.1785
vn 0.7764 -0.5393 -0.3263
vn 0.6829 -0.5392 -0.4929
vn 0.5774 -0.5370 -0.6150
vn 0.4688 -0.5386 -0.7001
vn 0.3471 -0.5383 -0.7680
vn 0.2068 -0.5402 -0.8157
vn 0.0064 -0.5391 -0.8422
vn -0.1784 -0.5388 -0.8233
vn -0.3262 -0.5393 -0.7764
vn -0.4942 -0.5402 -0.6812
vn -0.6146 -0.5375 -0.5773
vn -0.7007 -0.5379 -0.4687
vn -0.7680 -0.5383 -0.3471
vn -0.8157 -0.5402 -0.2068
vn -0.8422 -0.5391 -0.0064
vn -0.8233 -0.5388 0.1784
vn -0.7764 -0.5393 0.3262
vn -0.6812 -0.5402 0.4942
vn -0.5773 -0.5375 0.6146
vn -0.4687 -0.5379 0.7007
vn -0.3471 -0.5383 0.7680
vn -0.2068 -0.5402 0.8157
vn -0.0064 -0.5391 0.8422
vn 0.1784 -0.5388 0.8233
vn 0.3262 -0.5393 0.7764
vn 0.4942 -0.5402 0.6812
vn 0.6146 -0.5375 0.5773
vn 0.7007 -0.5379 0.4687
vn 0.7680 -0.5383 0.3471
vn 0.8157 -0.5402 0.2068
vn 0.1161 -0.9932 -0.0075
vn 0.8412 -0.5378 -0.0557
vn 0.3899 -0.9205 -0.0250
vn 0.6778 -0.7340 -0.0435
vn 0.1069 -0.9933 -0.0430
vn 0.7835 -0.5358 -0.3149
vn 0.3605 -0.9214 -0.1451
vn 0.6280 -0.7363 -0.2519
vn 0.0901 -0.9936 -0.0675
vn 0.6760 -0.5342 -0.5077
vn 0.3075 -0.9233 -0.2301
vn 0.5386 -0.7402 -0.4025
vn 0.0734 -0.9938 -0.0836
vn 0.5555 -0.5374 -0.6345
vn 0.2517 -0.9244 -0.2864
vn 0.4409 -0.7436 -0.5026
vn 0.0552 -0.9936 -0.0985
vn 0.4141 -0.5366 -0.7352
vn 0.1880 -0.9229 -0.3360
vn 0.3284 -0.7394 -0.5878
vn 0.0287 -0.9933 -0.1118
vn 0.2098 -0.5351 -0.8183
vn 0.0968 -0.9208 -0.3777
vn 0.1683 -0.7336 -0.6584
vn -0.0075 -0.9932 -0.1161
vn -0.0557 -0.5378 -0.8412
vn -0.0250 -0.9205 -0.3899
vn -0.0435 -0.7340 -0.6778
vn -0.0430 -0.9933 -0.1069
vn -0.3149 -0.5358 -0.7835
vn -0.1451 -0.9214 -0.3605
vn -0.2519 -0.7363 -0.6280
vn -0.0675 -0.9936 -0.0901
vn -0.5077 -0.5342 -0.6760
vn -0.2301 -0.9233 -0.3075
vn -0.4025 -0.7402 -0.5386
vn -0.0836 -0.9938 -0.0734
vn -0.6345 -0.5374 -0.5555
vn -0.2864 -0.9244 -0.2517
vn -0.5026 -0.7436 -0.4409
vn -0.0985 -0.9936 -0.0552
vn -0.7352 -0.5366 -0.4141
vn -0.3360 -0.9229 -0.1880
vn -0.5878 -0.7394 -0.3284
vn -0.1118 -0.9933 -0.0287
vn -0.8183 -0.5351 -0.2098
vn -0.3777 -0.9208 -0.0968
vn -0.6584 -0.7336 -0.1683
vn -0.1161 -0.9932 0.0075
vn -0.8412 -0.5378 0.0557
vn -0.3899 -0.9205 0.0250
vn -0.6778 -0.7340 0.0435
vn -0.1069 -0.9933 0.0430
vn -0.7835 -0.5358 0.3149
vn -0.3605 -0.9214 0.1451
vn -0.6280 -0.7363 0.2519
vn -0.0901 -0.9936 0.0675
vn -0.6760 -0.5342 0.5077
vn -0.3075 -0.9233 0.2301
vn -0.5386 -0.7402 0.4025
vn -0.0734 -0.9938 0.0836
vn -0.5555 -0.5374 0.6345
vn -0.2517 -0.9244 0.2864
vn -0.4409 -0.7436 0.5026
vn -0.0552 -0.9936 0.0985
vn -0.4141 -0.5366 0.7352
vn -0.1880 -0.9229 0.3360
vn -0.3284 -0.7394 0.5878
vn -0.0287 -0.9933 0.1118
vn -0.2098 -0.5351 0.8183
vn -0.0968 -0.9208 0.3777
vn -0.1683 -0.7336 0.6584
vn 0.0075 -0.9932 0.1161
vn 0.0557 -0.5378 0.8412
vn 0.0250 -0.9205 0.3899
vn 0.0435 -0.7340 0.6778
vn 0.0430 -0.9933 0.1069
vn 0.3149 -0.5358 0.7835
vn 0.1451 -0.9214 0.3605
vn 0.2519 -0.7363 0.6280
vn 0.0675 -0.9936 0.0901
vn 0.5077 -0.5342 0.6760
vn 0.2301 -0.9233 0.3075
vn 0.4025 -0.7402 0.5386
vn 0.0836 -0.9938 0.0734
vn 0.6345 -0.5374 0.5555
vn 0.2864 -0.9244 0.2517
vn 0.5026 -0.7436 0.4409
vn 0.0985 -0.9936 0.0552
vn 0.7352 -0.5366 0.4141
vn 0.3360 -0.9229 0.1880
vn 0.5878 -0.7394 0.3284
vn 0.1118 -0.9933 0.0287
vn 0.8183 -0.5351 0.2098
vn 0.3777 -0.9208 0.0968
vn 0.6584 -0.7336 0.1683
vn 0.9630 0.2693 -0.0082
vn 0.9264 -0.3764 -0.0067
vn 0.9976 0.0684 -0.0078
vn 0.9836 -0.1802 -0.0083
vn 0.9091 -0.3717 -0.1883
vn 0.9431 0.2710 -0.1929
vn 0.9647 -0.1735 -0.1982
vn 0.9769 0.0741 -0.2002
vn 0.8474 -0.3718 -0.3791
vn 0.8767 0.2717 -0.3969
vn 0.8973 -0.1755 -0.4050
vn 0.9086 0.0729 -0.4113
vn 0.7398 -0.3728 -0.5601
vn 0.7659 0.2719 -0.5826
vn 0.7840 -0.1746 -0.5957
vn 0.7941 0.0738 -0.6033
vn 0.5987 -0.3706 -0.7101
vn 0.6211 0.2699 -0.7358
vn 0.6352 -0.1745 -0.7524
vn 0.6436 0.0718 -0.7620
vn 0.4444 -0.3742 -0.8140
vn 0.4667 0.2710 -0.8419
vn 0.4737 -0.1766 -0.8628
vn 0.4805 0.0701 -0.8742
vn 0.2986 -0.3691 -0.8801
vn 0.3119 0.2763 -0.9090
vn 0.3203 -0.1700 -0.9319
vn 0.3251 0.0750 -0.9427
vn 0.1521 -0.3731 -0.9152
vn 0.1478 0.2714 -0.9510
vn 0.1581 -0.1740 -0.9720
vn 0.1577 0.0712 -0.9849
vn -0.0067 -0.3764 -0.9264
vn -0.0082 0.2693 -0.9630
vn -0.0083 -0.1802 -0.9836
vn -0.0078 0.0684 -0.9976
vn -0.1883 -0.3717 -0.9091
vn -0.1929 0.2710 -0.9431
vn -0.1982 -0.1735 -0.9647
vn -0.2002 0.0741 -0.9769
vn -0.3791 -0.3718 -0.8474
vn -0.3969 0.2717 -0.8767
vn -0.4050 -0.1755 -0.8973
vn -0.4113 0.0729 -0.9086
vn -0.5601 -0.3728 -0.7398
vn -0.5826 0.2719 -0.7659
vn -0.5957 -0.1746 -0.7840
vn -0.6033 0.0738 -0.7941
vn -0.7101 -0.3706 -0.5987
vn -0.7358 0.2699 -0.6211
vn -0.7524 -0.1745 -0.6352
vn -0.7620 0.0718 -0.6436
vn -0.8140 -0.3742 -0.4444
vn -0.8419 0.2710 -0.4667
vn -0.8628 -0.1766 -0.4737
vn -0.8742 0.0701 -0.4805
vn -0.8801 -0.3691 -0.2986
vn -0.9090 0.2763 -0.3119
vn -0.9319 -0.1700 -0.3203
vn -0.9427 0.0750 -0.3251
vn -0.9152 -0.3731 -0.1521
vn -0.9510 0.2714 -0.1478
vn -0.9720 -0.1740 -0.1581
vn -0.9849 0.0712 -0.1577
vn -0.9264 -0.3764 0.0067
vn -0.9630 0.2693 0.0082
vn -0.9836 -0.1802 0.0083
vn -0.9976 0.0684 0.0078
vn -0.9091 -0.3717 0.1883
vn -0.9431 0.2710 0.1929
vn -0.9647 -0.1735 0.1982
vn -0.9769 0.0741 0.2002
vn -0.8474 -0.3718 0.3791
vn -0.8767 0.2717 0.3969
vn -0.8973 -0.1755 0.4050
vn -0.9086 0.0729 0.4113
vn -0.7398 -0.3728 0.5601
vn -0.7659 0.2719 0.5826
vn -0.7840 -0.1746 0.5957
vn -0.7941 0.0738 0.6033
vn -0.5987 -0.3706 0.7101
vn -0.6211 0.2699 0.7358
vn -0.6352 -0.1745 0.7524
vn -0.6436 0.0718 0.7620
vn -0.4444 -0.3742 0.8140
vn -0.4667 0.2710 0.8419
vn -0.4737 -0.1766 0.8628
vn -0.4805 0.0701 0.8742
vn -0.2986 -0.3691 0.8801
vn -0.3119 0.2763 0.9090
vn -0.3203 -0.1700 0.9319
vn -0.3251 0.0750 0.9427
vn -0.1521 -0.3731 0.9152
vn -0.1478 0.2714 0.9510
vn -0.1581 -0.1740 0.9720
vn -0.1577 0.0712 0.9849
vn 0.0067 -0.3764 0.9264
vn 0.0082 0.2693 0.9630
vn 0.0083 -0.1802 0.9836
vn 0.0078 0.0684 0.9976
vn 0.1883 -0.3717 0.9091
vn 0.1929 0.2710 0.9431
vn 0.1982 -0.1735 0.9647
vn 0.2002 0.0741 0.9769
vn 0.3791 -0.3718 0.8474
vn 0.3969 0.2717 0.8767
vn 0.4050 -0.1755 0.8973
vn 0.4113 0.0729 0.9086
vn 0.5601 -0.3728 0.7398
vn 0.5826 0.2719 0.7659
vn 0.5957 -0.1746 0.7840
vn 0.6033 0.0738 0.7941
vn 0.7101 -0.3706 0.5987
vn 0.7358 0.2699 0.6211
vn 0.7524 -0.1745 0.6352
vn 0.7620 0.0718 0.6436
vn 0.8140 -0.3742 0.4444
vn 0.8419 0.2710 0.4667
vn 0.8628 -0.1766 0.4737
vn 0.8742 0.0701 0.4805
vn 0.8801 -0.3691 0.2986
vn 0.9090 0.2763 0.3119
vn 0.9319 -0.1700 0.3203
vn 0.9427 0.0750 0.3251
vn 0.9152 -0.3731 0.1521
vn 0.9510 0.2714 0.1478
vn 0.9720 -0.1740 0.1581
vn 0.9849 0.0712 0.1577
vn 0.8915 -0.4445 -0.0878
vn 0.9938 0.0614 -0.0925
vn 0.9534 -0.2878 -0.0902
vn 0.9904 -0.1011 -0.0938
vn 0.9084 0.0615 -0.4135
vn 0.8151 -0.4426 -0.3739
vn 0.9056 -0.1018 -0.4118
vn 0.8720 -0.2872 -0.3963
vn 0.7318 0.0607 -0.6788
vn 0.6563 -0.4446 -0.6096
vn 0.7290 -0.1033 -0.6766
vn 0.7014 -0.2896 -0.6512
vn 0.5053 0.0594 -0.8609
vn 0.4523 -0.4415 -0.7749
vn 0.5015 -0.1018 -0.8591
vn 0.4827 -0.2873 -0.8273
vn 0.2451 0.0596 -0.9677
vn 0.2159 -0.4438 -0.8697
vn 0.2404 -0.1019 -0.9653
vn 0.2309 -0.2888 -0.9292
vn -0.0923 0.0614 -0.9938
vn -0.0875 -0.4448 -0.8914
vn -0.0936 -0.1013 -0.9904
vn -0.0899 -0.2885 -0.9533
vn -0.3977 0.0606 -0.9155
vn -0.3586 -0.4418 -0.8223
vn -0.3957 -0.1028 -0.9126
vn -0.3799 -0.2891 -0.8787
vn -0.6001 0.0596 -0.7977
vn -0.5387 -0.4404 -0.7182
vn -0.5984 -0.1033 -0.7945
vn -0.5762 -0.2898 -0.7642
vn -0.7479 0.0602 -0.6611
vn -0.6725 -0.4402 -0.5949
vn -0.7458 -0.1016 -0.6584
vn -0.7184 -0.2883 -0.6331
vn -0.8693 0.0598 -0.4906
vn -0.7825 -0.4412 -0.4393
vn -0.8674 -0.1012 -0.4873
vn -0.8351 -0.2877 -0.4689
vn -0.9677 0.0595 -0.2451
vn -0.8697 -0.4439 -0.2158
vn -0.9653 -0.1020 -0.2404
vn -0.9291 -0.2889 -0.2308
vn -0.9938 0.0614 0.0923
vn -0.8914 -0.4448 0.0875
vn -0.9904 -0.1013 0.0936
vn -0.9533 -0.2885 0.0899
vn -0.9155 0.0606 0.3977
vn -0.8223 -0.4418 0.3586
vn -0.9126 -0.1028 0.3957
vn -0.8787 -0.2891 0.3798
vn -0.7977 0.0596 0.6001
vn -0.7182 -0.4404 0.5387
vn -0.7945 -0.1033 0.5984
vn -0.7642 -0.2898 0.5762
vn -0.6611 0.0602 0.7479
vn -0.5949 -0.4402 0.6725
vn -0.6584 -0.1016 0.7458
vn -0.6331 -0.2883 0.7184
vn -0.4906 0.0598 0.8693
vn -0.4393 -0.4412 0.7825
vn -0.4873 -0.1012 0.8674
vn -0.4689 -0.2877 0.8351
vn -0.2451 0.0595 0.9677
vn -0.2158 -0.4439 0.8697
vn -0.2404 -0.1020 0.9653
vn -0.2308 -0.2889 0.9291
vn 0.0923 0.0614 0.9938
vn 0.0875 -0.4448 0.8914
vn 0.0936 -0.1013 0.9904
vn 0.0899 -0.2885 0.9533
vn 0.3977 0.0606 0.9155
vn 0.3586 -0.4418 0.8223
vn 0.3957 -0.1028 0.9126
vn 0.3799 -0.2891 0.8787
vn 0.6001 0.0596 0.7977
vn 0.5387 -0.4404 0.7182
vn 0.5984 -0.1033 0.7945
vn 0.5762 -0.2898 0.7642
vn 0.7479 0.0602 0.6611
vn 0.6725 -0.4402 0.5949
vn 0.7458 -0.1016 0.6584
vn 0.7184 -0.2883 0.6331
vn 0.8693 0.0598 0.4906
vn 0.7825 -0.4412 0.4393
vn 0.8674 -0.1012 0.4873
vn 0.8351 -0.2877 0.4689
vn 0.9677 0.0595 0.2451
vn 0.8697 -0.4439 0.2158
vn 0.9653 -0.1020 0.2404
vn 0.9291 -0.2889 0.2308
vn 0.9731 0.2284 -0.0319
vn 0.8702 -0.4919 -0.0285
vn 0.9994 0.0024 -0.0333
vn 0.9598 -0.2789 -0.0323
vn 0.8499 -0.4958 -0.1784
vn 0.9551 0.2267 -0.1909
vn 0.9397 -0.2813 -0.1943
vn 0.9797 -0.0025 -0.2004
vn 0.8119 -0.4932 -0.3122
vn 0.9094 0.2327 -0.3447
vn 0.8974 -0.2791 -0.3419
vn 0.9349 0.0006 -0.3549
vn 0.7543 -0.4924 -0.4342
vn 0.8412 0.2273 -0.4906
vn 0.8323 -0.2791 -0.4790
vn 0.8660 -0.0005 -0.5001
vn 0.6758 -0.4938 -0.5472
vn 0.7524 0.2283 -0.6179
vn 0.7424 -0.2812 -0.6081
vn 0.7726 0.0003 -0.6348
vn 0.5739 -0.4951 -0.6523
vn 0.6418 0.2286 -0.7320
vn 0.6321 -0.2818 -0.7218
vn 0.6595 0.0003 -0.7517
vn 0.4412 -0.4932 -0.7497
vn 0.4912 0.2314 -0.8397
vn 0.4866 -0.2813 -0.8271
vn 0.5073 -0.0000 -0.8618
vn 0.3000 -0.4936 -0.8163
vn 0.3302 0.2286 -0.9158
vn 0.3314 -0.2835 -0.8999
vn 0.3440 -0.0018 -0.9390
vn 0.1361 -0.4925 -0.8596
vn 0.1507 0.2279 -0.9620
vn 0.1494 -0.2806 -0.9481
vn 0.1547 0.0012 -0.9880
vn -0.0285 -0.4919 -0.8702
vn -0.0319 0.2284 -0.9731
vn -0.0323 -0.2789 -0.9598
vn -0.0333 0.0024 -0.9994
vn -0.1784 -0.4958 -0.8499
vn -0.1909 0.2267 -0.9551
vn -0.1943 -0.2813 -0.9397
vn -0.2004 -0.0025 -0.9797
vn -0.3122 -0.4932 -0.8119
vn -0.3447 0.2327 -0.9094
vn -0.3419 -0.2791 -0.8974
vn -0.3549 0.0006 -0.9349
vn -0.4342 -0.4924 -0.7543
vn -0.4906 0.2273 -0.8412
vn -0.4790 -0.2791 -0.8323
vn -0.5001 -0.0005 -0.8660
vn -0.5472 -0.4938 -0.6758
vn -0.6179 0.2283 -0.7524
vn -0.6081 -0.2812 -0.7424
vn -0.6348 0.0003 -0.7726
vn -0.6523 -0.4951 -0.5739
vn -0.7320 0.2286 -0.6418
vn -0.7218 -0.2818 -0.6321
vn -0.7517 0.0003 -0.6595
vn -0.7497 -0.4932 -0.4412
vn -0.8397 0.2314 -0.4912
vn -0.8271 -0.2813 -0.4866
vn -0.8618 -0.0000 -0.5073
vn -0.8163 -0.4936 -0.3000
vn -0.9158 0.2286 -0.3302
vn -0.8999 -0.2835 -0.3314
vn -0.9390 -0.0018 -0.3440
vn -0.8596 -0.4925 -0.1361
vn -0.9620 0.2279 -0.1507
vn -0.9481 -0.2806 -0.1494
vn -0.9880 0.0012 -0.1547
vn -0.8702 -0.4919 0.0285
vn -0.9731 0.2284 0.0319
vn -0.9598 -0.2789 0.0323
vn -0.9994 0.0024 0.0333
vn -0.8499 -0.4958 0.1784
vn -0.9551 0.2267 0.1909
vn -0.9397 -0.2813 0.1943
vn -0.9797 -0.0025 0.2004
vn -0.8119 -0.4932 0.3122
vn -0.9094 0.2327 0.3447
vn -0.8974 -0.2791 0.3419
vn -0.9349 0.0006 0.3549
vn -0.7543 -0.4924 0.4342
vn -0.8412 0.2273 0.4906
vn -0.8323 -0.2791 0.4790
vn -0.8660 -0.0005 0.5001
vn -0.6758 -0.4938 0.5472
vn -0.7524 0.2283 0.6179
vn -0.7424 -0.2812 0.6081
vn -0.7726 0.0003 0.6348
vn -0.5739 -0.4951 0.6523
vn -0.6418 0.2286 0.7320
vn -0.6321 -0.2818 0.7218
vn -0.6595 0.0003 0.7517
vn -0.4412 -0.4932 0.7497
vn -0.4912 0.2314 0.8397
vn -0.4866 -0.2813 0.8271
vn -0.5073 -0.0000 0.8618
vn -0.3000 -0.4936 0.8163
vn -0.3302 0.2286 0.9158
vn -0.3314 -0.2835 0.8999
vn -0.3440 -0.0018 0.9390
vn -0.1361 -0.4925 0.8596
vn -0.1507 0.2279 0.9620
vn -0.1494 -0.2806 0.9481
vn -0.1547 0.0012 0.9880
vn 0.0285 -0.4919 0.8702
vn 0.0319 0.2284 0.9731
vn 0.0323 -0.2789 0.9598
vn 0.0333 0.0024 0.9994
vn 0.1784 -0.4958 0.8499
vn 0.1909 0.2267 0.9551
vn 0.1943 -0.2813 0.9397
vn 0.2004 -0.0025 0.9797
vn 0.3122 -0.4932 0.8119
vn 0.3447 0.2327 0.9094
vn 0.3419 -0.2791 0.8974
vn 0.3549 0.0006 0.9349
vn 0.4342 -0.4924 0.7543
vn 0.4906 0.2273 0.8412
vn 0.4790 -0.2791 0.8323
vn 0.5001 -0.0005 0.8660
vn 0.5472 -0.4938 0.6758
vn 0.6179 0.2283 0.7524
vn 0.6081 -0.2812 0.7424
vn 0.6348 0.0003 0.7726
vn 0.6523 -0.4951 0.5739
vn 0.7320 0.2286 0.6418
vn 0.7218 -0.2818 0.6321
vn 0.7517 0.0003 0.6595
vn 0.7497 -0.4932 0.4412
vn 0.8397 0.2314 0.4912
vn 0.8271 -0.2813 0.4866
vn 0.8618 -0.0000 0.5073
vn 0.8163 -0.4936 0.3000
vn 0.9158 0.2286 0.3302
vn 0.8999 -0.2835 0.3314
vn 0.9390 -0.0018 0.3440
vn 0.8596 -0.4925 0.1361
vn 0.9620 0.2279 0.1507
vn 0.9481 -0.2806 0.1494
vn 0.9880 0.0012 0.1547
vn 0.1227 0.9924 0.0071
vn 0.9054 0.4212 0.0533
vn 0.4276 0.9036 0.0247
vn 0.7429 0.6679 0.0434
vn 0.1212 0.9924 -0.0195
vn 0.8961 0.4197 -0.1445
vn 0.4219 0.9041 -0.0678
vn 0.7334 0.6696 -0.1172
vn 0.1138 0.9926 -0.0430
vn 0.8485 0.4205 -0.3213
vn 0.3981 0.9049 -0.1505
vn 0.6933 0.6713 -0.2621
vn 0.1038 0.9924 -0.0664
vn 0.7646 0.4204 -0.4885
vn 0.3603 0.9039 -0.2304
vn 0.6251 0.6700 -0.4004
vn 0.0861 0.9924 -0.0876
vn 0.6356 0.4226 -0.6460
vn 0.2995 0.9041 -0.3048
vn 0.5204 0.6700 -0.5294
vn 0.0638 0.9923 -0.1063
vn 0.4696 0.4198 -0.7767
vn 0.2209 0.9030 -0.3685
vn 0.3832 0.6670 -0.6390
vn 0.0357 0.9923 -0.1189
vn 0.2620 0.4187 -0.8695
vn 0.1239 0.9026 -0.4122
vn 0.2148 0.6656 -0.7147
vn 0.0071 0.9924 -0.1227
vn 0.0533 0.4212 -0.9054
vn 0.0247 0.9036 -0.4276
vn 0.0434 0.6679 -0.7429
vn -0.0195 0.9924 -0.1212
vn -0.1445 0.4197 -0.8961
vn -0.0678 0.9041 -0.4219
vn -0.1172 0.6696 -0.7334
vn -0.0430 0.9926 -0.1138
vn -0.3213 0.4205 -0.8485
vn -0.1505 0.9049 -0.3981
vn -0.2622 0.6713 -0.6933
vn -0.0664 0.9924 -0.1038
vn -0.4885 0.4204 -0.7646
vn -0.2304 0.9039 -0.3603
vn -0.4004 0.6700 -0.6251
vn -0.0876 0.9924 -0.0861
vn -0.6460 0.4226 -0.6356
vn -0.3048 0.9041 -0.2995
vn -0.5294 0.6700 -0.5204
vn -0.1063 0.9923 -0.0638
vn -0.7767 0.4198 -0.4696
vn -0.3685 0.9030 -0.2209
vn -0.6390 0.6670 -0.3832
vn -0.1189 0.9923 -0.0357
vn -0.8695 0.4187 -0.2620
vn -0.4122 0.9026 -0.1239
vn -0.7147 0.6656 -0.2148
vn -0.1227 0.9924 -0.0071
vn -0.9054 0.4212 -0.0533
vn -0.4276 0.9036 -0.0247
vn -0.7429 0.6679 -0.0434
vn -0.1212 0.9924 0.0195
vn -0.8961 0.4197 0.1445
vn -0.4219 0.9041 0.0678
vn -0.7334 0.6696 0.1172
vn -0.1138 0.9926 0.0430
vn -0.8485 0.4205 0.3213
vn -0.3981 0.9049 0.1505
vn -0.6933 0.6713 0.2621
vn -0.1038 0.9924 0.0664
vn -0.7646 0.4204 0.4885
vn -0.3603 0.9039 0.2304
vn -0.6251 0.6700 0.4004
vn -0.0861 0.9924 0.0876
vn -0.6356 0.4226 0.6460
vn -0.2995 0.9041 0.3048
vn -0.5204 0.6700 0.5294
vn -0.0638 0.9923 0.1063
vn -0.4696 0.4198 0.7767
vn -0.2209 0.9030 0.3685
vn -0.3832 0.6670 0.6390
vn -0.0357 0.9923 0.1189
vn -0.2620 0.4187 0.8695
vn -0.1239 0.9026 0.4122
vn -0.2148 0.6656 0.7147
vn -0.0071 0.9924 0.1227
vn -0.0533 0.4212 0.9054
vn -0.0247 0.9036 0.4276
vn -0.0434 0.6679 0.7429
vn 0.0195 0.9924 0.1212
vn 0.1445 0.4197 0.8961
vn 0.0678 0.9041 0.4219
vn 0.1172 0.6696 0.7334
vn 0.0430 0.9926 0.1138
vn 0.3213 0.4205 0.8485
vn 0.1505 0.9049 0.3981
vn 0.2621 0.6713 0.6933
vn 0.0664 0.9924 0.1038
vn 0.4885 0.4204 0.7646
vn 0.2304 0.9039 0.3603
vn 0.4004 0.6700 0.6251
vn 0.0876 0.9924 0.0861
vn 0.6460 0.4226 0.6356
vn 0.3048 0.9041 0.2995
vn 0.5294 0.6700 0.5204
vn 0.1063 0.9923 0.0638
vn 0.7767 0.4198 0.4696
vn 0.3685 0.9030 0.2209
vn 0.6390 0.6670 0.3832
vn 0.1189 0.9923 0.0357
vn 0.8695 0.4187 0.2620
vn 0.4122 0.9026 0.1239
vn 0.7147 0.6656 0.2148
s 1
f 3509//3509 3540//3540 3508//3508
f 3509//3509 3541//3541 3540//3540
f 3510//3510 3541//3541 3509//3509
f 3514//3514 3544//3544 3513//3513
f 3517//3517 3546//3546 3516//3516
f 3517//3517 3547//3547 3546//3546
f 3518//3518 3547//3547 3517//3517
f 3522//3522 3550//3550 3521//3521
f 3525//3525 3552//3552 3524//3524
f 3525//3525 3553//3553 3552//3552
f 3526//3526 3553//3553 3525//3525
f 3530//3530 3556//3556 3529//3529
f 3533//3533 3558//3558 3532//3532
f 3533//3533 3559//3559 3558//3558
f 3534//3534 3559//3559 3533//3533
f 3538//3538 3562//3562 3537//3537
f 3539//3539 3507//3507 3508//3508 3540//3540
f 3538//3538 3507//3507 3539//3539
f 3541//3541 3510//3510 3511//3511 3542//3542
f 3542//3542 3511//3511 3512//3512 3543//3543
f 3543//3543 3512//3512 3513//3513 3544//3544
f 3545//3545 3515//3515 3516//3516 3546//3546
f 3514//3514 3545//3545 3544//3544
f 3514//3514 3515//3515 3545//3545
f 3547//3547 3518//3518 3519//3519 3548//3548
f 3548//3548 3519//3519 3520//3520 3549//3549
f 3549//3549 3520//3520 3521//3521 3550//3550
f 3551//3551 3523//3523 3524//3524 3552//3552
f 3522//3522 3551//3551 3550//3550
f 3522//3522 3523//3523 3551//3551
f 3553//3553 3526//3526 3527//3527 3554//3554
f 3554//3554 3527//3527 3528//3528 3555//3555
f 3555//3555 3528//3528 3529//3529 3556//3556
f 3557//3557 3531//3531 3532//3532 3558//3558
f 3530//3530 3557//3557 3556//3556
f 3530//3530 3531//3531 3557//3557
f 3559//3559 3534//3534 3535//3535 3560//3560
f 3560//3560 3535//3535 3536//3536 3561//3561
f 3561//3561 3536//3536 3537//3537 3562//3562
f 3538//3538 3539//3539 3562//3562
f 3692//3692 3695//3695 3697//3697 3694//3694
f 3694//3694 3697//3697 3698//3698 3693//3693
f 3693//3693 3698//3698 3696//3696 3691//3691
f 3695//3695 3699//3699 3701//3701 3697//3697
f 3697//3697 3701//3701 3702//3702 3698//3698
f 3698//3698 3702//3702 3700//3700 3696//3696
f 3599//3599 3603//3603 3605//3605 3601//3601
f 3601//3601 3605//3605 3606//3606 3602//3602
f 3602//3602 3606//3606 3604//3604 3600//3600
f 3699//3699 3703//3703 3705//3705 3701//3701
f 3701//3701 3705//3705 3706//3706 3702//3702
f 3702//3702 3706//3706 3704//3704 3700//3700
f 3703//3703 3707//3707 3709//3709 3705//3705
f 3705//3705 3709//3709 3710//3710 3706//3706
f 3706//3706 3710//3710 3708//3708 3704//3704
f 3707//3707 3711//3711 3713//3713 3709//3709
f 3709//3709 3713//3713 3714//3714 3710//3710
f 3710//3710 3714//3714 3712//3712 3708//3708
f 3711//3711 3715//3715 3717//3717 3713//3713
f 3713//3713 3717//3717 3718//3718 3714//3714
f 3714//3714 3718//3718 3716//3716 3712//3712
f 3715//3715 3719//3719 3721//3721 3717//3717
f 3717//3717 3721//3721 3722//3722 3718//3718
f 3718//3718 3722//3722 3720//3720 3716//3716
f 3719//3719 3723//3723 3725//3725 3721//3721
f 3721//3721 3725//3725 3726//3726 3722//3722
f 3722//3722 3726//3726 3724//3724 3720//3720
f 3723//3723 3727//3727 3729//3729 3725//3725
f 3725//3725 3729//3729 3730//3730 3726//3726
f 3726//3726 3730//3730 3728//3728 3724//3724
f 3727//3727 3731//3731 3733//3733 3729//3729
f 3729//3729 3733//3733 3734//3734 3730//3730
f 3730//3730 3734//3734 3732//3732 3728//3728
f 3623//3623 3627//3627 3629//3629 3625//3625
f 3625//3625 3629//3629 3630//3630 3626//3626
f 3626//3626 3630//3630 3628//3628 3624//3624
f 3731//3731 3735//3735 3737//3737 3733//3733
f 3733//3733 3737//3737 3738//3738 3734//3734
f 3734//3734 3738//3738 3736//3736 3732//3732
f 3735//3735 3739//3739 3741//3741 3737//3737
f 3737//3737 3741//3741 3742//3742 3738//3738
f 3738//3738 3742//3742 3740//3740 3736//3736
f 3631//3631 3635//3635 3637//3637 3633//3633
f 3633//3633 3637//3637 3638//3638 3634//3634
f 3634//3634 3638//3638 3636//3636 3632//3632
f 3739//3739 3743//3743 3745//3745 3741//3741
f 3741//3741 3745//3745 3746//3746 3742//3742
f 3742//3742 3746//3746 3744//3744 3740//3740
f 3743//3743 3747//3747 3749//3749 3745//3745
f 3745//3745 3749//3749 3750//3750 3746//3746
f 3746//3746 3750//3750 3748//3748 3744//3744
f 3747//3747 3751//3751 3753//3753 3749//3749
f 3749//3749 3753//3753 3754//3754 3750//3750
f 3750//3750 3754//3754 3752//3752 3748//3748
f 3751//3751 3755//3755 3757//3757 3753//3753
f 3753//3753 3757//3757 3758//3758 3754//3754
f 3754//3754 3758//3758 3756//3756 3752//3752
f 3755//3755 3759//3759 3761//3761 3757//3757
f 3757//3757 3761//3761 3762//3762 3758//3758
f 3758//3758 3762//3762 3760//3760 3756//3756
f 3759//3759 3763//3763 3765//3765 3761//3761
f 3761//3761 3765//3765 3766//3766 3762//3762
f 3762//3762 3766//3766 3764//3764 3760//3760
f 3647//3647 3651//3651 3653//3653 3649//3649
f 3649//3649 3653//3653 3654//3654 3650//3650
f 3650//3650 3654//3654 3652//3652 3648//3648
f 3763//3763 3767//3767 3769//3769 3765//3765
f 3765//3765 3769//3769 3770//3770 3766//3766
f 3766//3766 3770//3770 3768//3768 3764//3764
f 3767//3767 3771//3771 3773//3773 3769//3769
f 3769//3769 3773//3773 3774//3774 3770//3770
f 3770//3770 3774//3774 3772//3772 3768//3768
f 3771//3771 3775//3775 3777//3777 3773//3773
f 3773//3773 3777//3777 3778//3778 3774//3774
f 3774//3774 3778//3778 3776//3776 3772//3772
f 3775//3775 3779//3779 3781//3781 3777//3777
f 3777//3777 3781//3781 3782//3782 3778//3778
f 3778//3778 3782//3782 3780//3780 3776//3776
f 3779//3779 3783//3783 3785//3785 3781//3781
f 3781//3781 3785//3785 3786//3786 3782//3782
f 3782//3782 3786//3786 3784//3784 3780//3780
f 3783//3783 3787//3787 3789//3789 3785//3785
f 3785//3785 3789//3789 3790//3790 3786//3786
f 3786//3786 3790//3790 3788//3788 3784//3784
f 3787//3787 3791//3791 3793//3793 3789//3789
f 3789//3789 3793//3793 3794//3794 3790//3790
f 3790//3790 3794//3794 3792//3792 3788//3788
f 3791//3791 3795//3795 3797//3797 3793//3793
f 3793//3793 3797//3797 3798//3798 3794//3794
f 3794//3794 3798//3798 3796//3796 3792//3792
f 3671//3671 3675//3675 3677//3677 3673//3673
f 3673//3673 3677//3677 3678//3678 3674//3674
f 3674//3674 3678//3678 3676//3676 3672//3672
f 3795//3795 3799//3799 3801//3801 3797//3797
f 3797//3797 3801//3801 3802//3802 3798//3798
f 3798//3798 3802//3802 3800//3800 3796//3796
f 3799//3799 3803//3803 3805//3805 3801//3801
f 3801//3801 3805//3805 3806//3806 3802//3802
f 3802//3802 3806//3806 3804//3804 3800//3800
f 3679//3679 3683//3683 3685//3685 3681//3681
f 3681//3681 3685//3685 3686//3686 3682//3682
f 3682//3682 3686//3686 3684//3684 3680//3680
f 3803//3803 3807//3807 3809//3809 3805//3805
f 3805//3805 3809//3809 3810//3810 3806//3806
f 3806//3806 3810//3810 3808//3808 3804//3804
f 3807//3807 3811//3811 3813//3813 3809//3809
f 3809//3809 3813//3813 3814//3814 3810//3810
f 3810//3810 3814//3814 3812//3812 3808//3808
f 3811//3811 3815//3815 3817//3817 3813//3813
f 3813//3813 3817//3817 3818//3818 3814//3814
f 3814//3814 3818//3818 3816//3816 3812//3812
f 3815//3815 3692//3692 3694//3694 3817//3817
f 3817//3817 3694//3694 3693//3693 3818//3818
f 3818//3818 3693//3693 3691//3691 3816//3816
f 3820//3820 3823//3823 3825//3825 3822//3822
f 3822//3822 3825//3825 3826//3826 3821//3821
f 3821//3821 3826//3826 3824//3824 3819//3819
f 3823//3823 3827//3827 3829//3829 3825//3825
f 3825//3825 3829//3829 3830//3830 3826//3826
f 3826//3826 3830//3830 3828//3828 3824//3824
f 3827//3827 3831//3831 3833//3833 3829//3829
f 3829//3829 3833//3833 3834//3834 3830//3830
f 3830//3830 3834//3834 3832//3832 3828//3828
f 3831//3831 3835//3835 3837//3837 3833//3833
f 3833//3833 3837//3837 3838//3838 3834//3834
f 3834//3834 3838//3838 3836//3836 3832//3832
f 3835//3835 3839//3839 3841//3841 3837//3837
f 3837//3837 3841//3841 3842//3842 3838//3838
f 3838//3838 3842//3842 3840//3840 3836//3836
f 3839//3839 3843//3843 3845//3845 3841//3841
f 3841//3841 3845//3845 3846//3846 3842//3842
f 3842//3842 3846//3846 3844//3844 3840//3840
f 3843//3843 3847//3847 3849//3849 3845//3845
f 3845//3845 3849//3849 3850//3850 3846//3846
f 3846//3846 3850//3850 3848//3848 3844//3844
f 3847//3847 3851//3851 3853//3853 3849//3849
f 3849//3849 3853//3853 3854//3854 3850//3850
f 3850//3850 3854//3854 3852//3852 3848//3848
f 3851//3851 3855//3855 3857//3857 3853//3853
f 3853//3853 3857//3857 3858//3858 3854//3854
f 3854//3854 3858//3858 3856//3856 3852//3852
f 3855//3855 3859//3859 3861//3861 3857//3857
f 3857//3857 3861//3861 3862//3862 3858//3858
f 3858//3858 3862//3862 3860//3860 3856//3856
f 3859//3859 3863//3863 3865//3865 3861//3861
f 3861//3861 3865//3865 3866//3866 3862//3862
f 3862//3862 3866//3866 3864//3864 3860//3860
f 3863//3863 3867//3867 3869//3869 3865//3865
f 3865//3865 3869//3869 3870//3870 3866//3866
f 3866//3866 3870//3870 3868//3868 3864//3864
f 3867//3867 3871//3871 3873//3873 3869//3869
f 3869//3869 3873//3873 3874//3874 3870//3870
f 3870//3870 3874//3874 3872//3872 3868//3868
f 3871//3871 3875//3875 3877//3877 3873//3873
f 3873//3873 3877//3877 3878//3878 3874//3874
f 3874//3874 3878//3878 3876//3876 3872//3872
f 3875//3875 3879//3879 3881//3881 3877//3877
f 3877//3877 3881//3881 3882//3882 3878//3878
f 3878//3878 3882//3882 3880//3880 3876//3876
f 3879//3879 3883//3883 3885//3885 3881//3881
f 3881//3881 3885//3885 3886//3886 3882//3882
f 3882//3882 3886//3886 3884//3884 3880//3880
f 3883//3883 3887//3887 3889//3889 3885//3885
f 3885//3885 3889//3889 3890//3890 3886//3886
f 3886//3886 3890//3890 3888//3888 3884//3884
f 3887//3887 3891//3891 3893//3893 3889//3889
f 3889//3889 3893//3893 3894//3894 3890//3890
f 3890//3890 3894//3894 3892//3892 3888//3888
f 3891//3891 3895//3895 3897//3897 3893//3893
f 3893//3893 3897//3897 3898//3898 3894//3894
f 3894//3894 3898//3898 3896//3896 3892//3892
f 3895//3895 3899//3899 3901//3901 3897//3897
f 3897//3897 3901//3901 3902//3902 3898//3898
f 3898//3898 3902//3902 3900//3900 3896//3896
f 3899//3899 3903//3903 3905//3905 3901//3901
f 3901//3901 3905//3905 3906//3906 3902//3902
f 3902//3902 3906//3906 3904//3904 3900//3900
f 3903//3903 3907//3907 3909//3909 3905//3905
f 3905//3905 3909//3909 3910//3910 3906//3906
f 3906//3906 3910//3910 3908//3908 3904//3904
f 3907//3907 3820//3820 3822//3822 3909//3909
f 3909//3909 3822//3822 3821//3821 3910//3910
f 3910//3910 3821//3821 3819//3819 3908//3908
f 3912//3912 3915//3915 3917//3917 3914//3914
f 3914//3914 3917//3917 3918//3918 3913//3913
f 3913//3913 3918//3918 3916//3916 3911//3911
f 3915//3915 3919//3919 3921//3921 3917//3917
f 3917//3917 3921//3921 3922//3922 3918//3918
f 3918//3918 3922//3922 3920//3920 3916//3916
f 3919//3919 3923//3923 3925//3925 3921//3921
f 3921//3921 3925//3925 3926//3926 3922//3922
f 3922//3922 3926//3926 3924//3924 3920//3920
f 3923//3923 3927//3927 3929//3929 3925//3925
f 3925//3925 3929//3929 3930//3930 3926//3926
f 3926//3926 3930//3930 3928//3928 3924//3924
f 3927//3927 3931//3931 3933//3933 3929//3929
f 3929//3929 3933//3933 3934//3934 3930//3930
f 3930//3930 3934//3934 3932//3932 3928//3928
f 3931//3931 3935//3935 3937//3937 3933//3933
f 3933//3933 3937//3937 3938//3938 3934//3934
f 3934//3934 3938//3938 3936//3936 3932//3932
f 3935//3935 3939//3939 3941//3941 3937//3937
f 3937//3937 3941//3941 3942//3942 3938//3938
f 3938//3938 3942//3942 3940//3940 3936//3936
f 3939//3939 3943//3943 3945//3945 3941//3941
f 3941//3941 3945//3945 3946//3946 3942//3942
f 3942//3942 3946//3946 3944//3944 3940//3940
f 3943//3943 3947//3947 3949//3949 3945//3945
f 3945//3945 3949//3949 3950//3950 3946//3946
f 3946//3946 3950//3950 3948//3948 3944//3944
f 3947//3947 3951//3951 3953//3953 3949//3949
f 3949//3949 3953//3953 3954//3954 3950//3950
f 3950//3950 3954//3954 3952//3952 3948//3948
f 3951//3951 3955//3955 3957//3957 3953//3953
f 3953//3953 3957//3957 3958//3958 3954//3954
f 3954//3954 3958//3958 3956//3956 3952//3952
f 3955//3955 3959//3959 3961//3961 3957//3957
f 3957//3957 3961//3961 3962//3962 3958//3958
f 3958//3958 3962//3962 3960//3960 3956//3956
f 3959//3959 3963//3963 3965//3965 3961//3961
f 3961//3961 3965//3965 3966//3966 3962//3962
f 3962//3962 3966//3966 3964//3964 3960//3960
f 3963//3963 3967//3967 3969//3969 3965//3965
f 3965//3965 3969//3969 3970//3970 3966//3966
f 3966//3966 3970//3970 3968//3968 3964//3964
f 3967//3967 3971//3971 3973//3973 3969//3969
f 3969//3969 3973//3973 3974//3974 3970//3970
f 3970//3970 3974//3974 3972//3972 3968//3968
f 3971//3971 3975//3975 3977//3977 3973//3973
f 3973//3973 3977//3977 3978//3978 3974//3974
f 3974//3974 3978//3978 3976//3976 3972//3972
f 3975//3975 3979//3979 3981//3981 3977//3977
f 3977//3977 3981//3981 3982//3982 3978//3978
f 3978//3978 3982//3982 3980//3980 3976//3976
f 3979//3979 3983//3983 3985//3985 3981//3981
f 3981//3981 3985//3985 3986//3986 3982//3982
f 3982//3982 3986//3986 3984//3984 3980//3980
f 3983//3983 3987//3987 3989//3989 3985//3985
f 3985//3985 3989//3989 3990//3990 3986//3986
f 3986//3986 3990//3990 3988//3988 3984//3984
f 3987//3987 3991//3991 3993//3993 3989//3989
f 3989//3989 3993//3993 3994//3994 3990//3990
f 3990//3990 3994//3994 3992//3992 3988//3988
f 3991//3991 3995//3995 3997//3997 3993//3993
f 3993//3993 3997//3997 3998//3998 3994//3994
f 3994//3994 3998//3998 3996//3996 3992//3992
f 3995//3995 3999//3999 4001//4001 3997//3997
f 3997//3997 4001//4001 4002//4002 3998//3998
f 3998//3998 4002//4002 4000//4000 3996//3996
f 3999//3999 4003//4003 4005//4005 4001//4001
f 4001//4001 4005//4005 4006//4006 4002//4002
f 4002//4002 4006//4006 4004//4004 4000//4000
f 4003//4003 4007//4007 4009//4009 4005//4005
f 4005//4005 4009//4009 4010//4010 4006//4006
f 4006//4006 4010//4010 4008//4008 4004//4004
f 4007//4007 4011//4011 4013//4013 4009//4009
f 4009//4009 4013//4013 4014//4014 4010//4010
f 4010//4010 4014//4014 4012//4012 4008//4008
f 4011//4011 4015//4015 4017//4017 4013//4013
f 4013//4013 4017//4017 4018//4018 4014//4014
f 4014//4014 4018//4018 4016//4016 4012//4012
f 4015//4015 4019//4019 4021//4021 4017//4017
f 4017//4017 4021//4021 4022//4022 4018//4018
f 4018//4018 4022//4022 4020//4020 4016//4016
f 4019//4019 4023//4023 4025//4025 4021//4021
f 4021//4021 4025//4025 4026//4026 4022//4022
f 4022//4022 4026//4026 4024//4024 4020//4020
f 4023//4023 4027//4027 4029//4029 4025//4025
f 4025//4025 4029//4029 4030//4030 4026//4026
f 4026//4026 4030//4030 4028//4028 4024//4024
f 4027//4027 4031//4031 4033//4033 4029//4029
f 4029//4029 4033//4033 4034//4034 4030//4030
f 4030//4030 4034//4034 4032//4032 4028//4028
f 4031//4031 4035//4035 4037//4037 4033//4033
f 4033//4033 4037//4037 4038//4038 4034//4034
f 4034//4034 4038//4038 4036//4036 4032//4032
f 4035//4035 4039//4039 4041//4041 4037//4037
f 4037//4037 4041//4041 4042//4042 4038//4038
f 4038//4038 4042//4042 4040//4040 4036//4036
f 4039//4039 4043//4043 4045//4045 4041//4041
f 4041//4041 4045//4045 4046//4046 4042//4042
f 4042//4042 4046//4046 4044//4044 4040//4040
f 4043//4043 4047//4047 4049//4049 4045//4045
f 4045//4045 4049//4049 4050//4050 4046//4046
f 4046//4046 4050//4050 4048//4048 4044//4044
f 4047//4047 4051//4051 4053//4053 4049//4049
f 4049//4049 4053//4053 4054//4054 4050//4050
f 4050//4050 4054//4054 4052//4052 4048//4048
f 3911//3911 4052//4052 4054//4054 3913//3913
f 3913//3913 4054//4054 4053//4053 3914//3914
f 3914//3914 4053//4053 4051//4051 3912//3912
f 4056//4056 4060//4060 4062//4062 4058//4058
f 4058//4058 4062//4062 4061//4061 4057//4057
f 4057//4057 4061//4061 4059//4059 4055//4055
f 4064//4064 4068//4068 4070//4070 4066//4066
f 4066//4066 4070//4070 4069//4069 4065//4065
f 4065//4065 4069//4069 4067//4067 4063//4063
f 4076//4076 4080//4080 4082//4082 4078//4078
f 4078//4078 4082//4082 4081//4081 4077//4077
f 4077//4077 4081//4081 4079//4079 4075//4075
f 4092//4092 4096//4096 4098//4098 4094//4094
f 4094//4094 4098//4098 4097//4097 4093//4093
f 4093//4093 4097//4097 4095//4095 4091//4091
f 4104//4104 4108//4108 4110//4110 4106//4106
f 4106//4106 4110//4110 4109//4109 4105//4105
f 4105//4105 4109//4109 4107//4107 4103//4103
f 4120//4120 4124//4124 4126//4126 4122//4122
f 4122//4122 4126//4126 4125//4125 4121//4121
f 4121//4121 4125//4125 4123//4123 4119//4119
f 4132//4132 4136//4136 4138//4138 4134//4134
f 4134//4134 4138//4138 4137//4137 4133//4133
f 4133//4133 4137//4137 4135//4135 4131//4131
f 4148//4148 4152//4152 4154//4154 4150//4150
f 4150//4150 4154//4154 4153//4153 4149//4149
f 4149//4149 4153//4153 4151//4151 4147//4147
f 4160//4160 4164//4164 4166//4166 4162//4162
f 4162//4162 4166//4166 4165//4165 4161//4161
f 4161//4161 4165//4165 4163//4163 4159//4159
f 3687//3687 3595//3595 3597//3597 3689//3689
f 3689//3689 3597//3597 3598//3598 3690//3690
f 3690//3690 3598//3598 3596//3596 3688//3688
f 3683//3683 3687//3687 3689//3689 3685//3685
f 3685//3685 3689//3689 3690//3690 3686//3686
f 3686//3686 3690//3690 3688//3688 3684//3684
f 3675//3675 3679//3679 3681//3681 3677//3677
f 3677//3677 3681//3681 3682//3682 3678//3678
f 3678//3678 3682//3682 3680//3680 3676//3676
f 3667//3667 3671//3671 3673//3673 3669//3669
f 3669//3669 3673//3673 3674//3674 3670//3670
f 3670//3670 3674//3674 3672//3672 3668//3668
f 3668//3668 3664//3664 3666//3666 3670//3670
f 3670//3670 3666//3666 3665//3665 3669//3669
f 3669//3669 3665//3665 3663//3663 3667//3667
f 3659//3659 3663//3663 3665//3665 3661//3661
f 3661//3661 3665//3665 3666//3666 3662//3662
f 3662//3662 3666//3666 3664//3664 3660//3660
f 3651//3651 3655//3655 3657//3657 3653//3653
f 3653//3653 3657//3657 3658//3658 3654//3654
f 3654//3654 3658//3658 3656//3656 3652//3652
f 3643//3643 3647//3647 3649//3649 3645//3645
f 3645//3645 3649//3649 3650//3650 3646//3646
f 3646//3646 3650//3650 3648//3648 3644//3644
f 3644//3644 3640//3640 3642//3642 3646//3646
f 3646//3646 3642//3642 3641//3641 3645//3645
f 3645//3645 3641//3641 3639//3639 3643//3643
f 3635//3635 3639//3639 3641//3641 3637//3637
f 3637//3637 3641//3641 3642//3642 3638//3638
f 3638//3638 3642//3642 3640//3640 3636//3636
f 3627//3627 3631//3631 3633//3633 3629//3629
f 3629//3629 3633//3633 3634//3634 3630//3630
f 3630//3630 3634//3634 3632//3632 3628//3628
f 3619//3619 3623//3623 3625//3625 3621//3621
f 3621//3621 3625//3625 3626//3626 3622//3622
f 3622//3622 3626//3626 3624//3624 3620//3620
f 3620//3620 3616//3616 3618//3618 3622//3622
f 3622//3622 3618//3618 3617//3617 3621//3621
f 3621//3621 3617//3617 3615//3615 3619//3619
f 3611//3611 3615//3615 3617//3617 3613//3613
f 3613//3613 3617//3617 3618//3618 3614//3614
f 3614//3614 3618//3618 3616//3616 3612//3612
f 3603//3603 3607//3607 3609//3609 3605//3605
f 3605//3605 3609//3609 3610//3610 3606//3606
f 3606//3606 3610//3610 3608//3608 3604//3604
f 3595//3595 3599//3599 3601//3601 3597//3597
f 3597//3597 3601//3601 3602//3602 3598//3598
f 3598//3598 3602//3602 3600//3600 3596//3596
f 3655//3655 3659//3659 3661//3661 3657//3657
f 3657//3657 3661//3661 3662//3662 3658//3658
f 3658//3658 3662//3662 3660//3660 3656//3656
f 3607//3607 3611//3611 3613//3613 3609//3609
f 3609//3609 3613//3613 3614//3614 3610//3610
f 3610//3610 3614//3614 3612//3612 3608//3608
f 4063//4063 4059//4059 4061//4061 4065//4065
f 4065//4065 4061//4061 4062//4062 4066//4066
f 4066//4066 4062//4062 4060//4060 4064//4064
f 4071//4071 4067//4067 4069//4069 4073//4073
f 4073//4073 4069//4069 4070//4070 4074//4074
f 4074//4074 4070//4070 4068//4068 4072//4072
f 4087//4087 4083//4083 4085//4085 4089//4089
f 4089//4089 4085//4085 4086//4086 4090//4090
f 4090//4090 4086//4086 4084//4084 4088//4088
f 4091//4091 4087//4087 4089//4089 4093//4093
f 4093//4093 4089//4089 4090//4090 4094//4094
f 4094//4094 4090//4090 4088//4088 4092//4092
f 4099//4099 4095//4095 4097//4097 4101//4101
f 4101//4101 4097//4097 4098//4098 4102//4102
f 4102//4102 4098//4098 4096//4096 4100//4100
f 4115//4115 4111//4111 4113//4113 4117//4117
f 4117//4117 4113//4113 4114//4114 4118//4118
f 4118//4118 4114//4114 4112//4112 4116//4116
f 4119//4119 4115//4115 4117//4117 4121//4121
f 4121//4121 4117//4117 4118//4118 4122//4122
f 4122//4122 4118//4118 4116//4116 4120//4120
f 4127//4127 4123//4123 4125//4125 4129//4129
f 4129//4129 4125//4125 4126//4126 4130//4130
f 4130//4130 4126//4126 4124//4124 4128//4128
f 4143//4143 4139//4139 4141//4141 4145//4145
f 4145//4145 4141//4141 4142//4142 4146//4146
f 4146//4146 4142//4142 4140//4140 4144//4144
f 4147//4147 4143//4143 4145//4145 4149//4149
f 4149//4149 4145//4145 4146//4146 4150//4150
f 4150//4150 4146//4146 4144//4144 4148//4148
f 4155//4155 4151//4151 4153//4153 4157//4157
f 4157//4157 4153//4153 4154//4154 4158//4158
f 4158//4158 4154//4154 4152//4152 4156//4156
f 4075//4075 4071//4071 4073//4073 4077//4077
f 4077//4077 4073//4073 4074//4074 4078//4078
f 4078//4078 4074//4074 4072//4072 4076//4076
f 4080//4080 4084//4084 4086//4086 4082//4082
f 4082//4082 4086//4086 4085//4085 4081//4081
f 4081//4081 4085//4085 4083//4083 4079//4079
f 4103//4103 4099//4099 4101//4101 4105//4105
f 4105//4105 4101//4101 4102//4102 4106//4106
f 4106//4106 4102//4102 4100//4100 4104//4104
f 4108//4108 4112//4112 4114//4114 4110//4110
f 4110//4110 4114//4114 4113//4113 4109//4109
f 4109//4109 4113//4113 4111//4111 4107//4107
f 4131//4131 4127//4127 4129//4129 4133//4133
f 4133//4133 4129//4129 4130//4130 4134//4134
f 4134//4134 4130//4130 4128//4128 4132//4132
f 4136//4136 4140//4140 4142//4142 4138//4138
f 4138//4138 4142//4142 4141//4141 4137//4137
f 4137//4137 4141//4141 4139//4139 4135//4135
f 4159//4159 4155//4155 4157//4157 4161//4161
f 4161//4161 4157//4157 4158//4158 4162//4162
f 4162//4162 4158//4158 4156//4156 4160//4160
f 4164//4164 4056//4056 4058//4058 4166//4166
f 4166//4166 4058//4058 4057//4057 4165//4165
f 4165//4165 4057//4057 4055//4055 4163//4163
f 3815//3815 3688//3688 3596//3596 3692//3692
f 3596//3596 3695//3695 3692//3692
f 3623//3623 3619//3619 3615//3615 3611//3611 3607//3607 3603//3603 3599//3599 3595//3595 3687//3687 3683//3683 3679//3679 3675//3675 3671//3671 3667//3667 3663//3663 3659//3659 3655//3655 3651//3651 3647//3647 3643//3643 3639//3639 3635//3635 3631//3631 3627//3627
f 3596//3596 3600//3600 3695//3695
f 3600//3600 3699//3699 3695//3695
f 3699//3699 3600//3600 3604//3604 3703//3703
f 3707//3707 3703//3703 3604//3604 3608//3608
f 3612//3612 3707//3707 3608//3608
f 3612//3612 3711//3711 3707//3707
f 3715//3715 3711//3711 3612//3612 3616//3616
f 3616//3616 3719//3719 3715//3715
f 3719//3719 3616//3616 3620//3620 3723//3723
f 3620//3620 3727//3727 3723//3723
f 3620//3620 3624//3624 3727//3727
f 3624//3624 3731//3731 3727//3727
f 3731//3731 3624//3624 3628//3628 3735//3735
f 3739//3739 3735//3735 3628//3628 3632//3632
f 3636//3636 3739//3739 3632//3632
f 3636//3636 3743//3743 3739//3739
f 3747//3747 3743//3743 3636//3636 3640//3640
f 3640//3640 3751//3751 3747//3747
f 3751//3751 3640//3640 3644//3644 3755//3755
f 3644//3644 3759//3759 3755//3755
f 3644//3644 3648//3648 3759//3759
f 3648//3648 3763//3763 3759//3759
f 3763//3763 3648//3648 3652//3652 3767//3767
f 3771//3771 3767//3767 3652//3652 3656//3656
f 3660//3660 3771//3771 3656//3656
f 3660//3660 3775//3775 3771//3771
f 3779//3779 3775//3775 3660//3660 3664//3664
f 3664//3664 3783//3783 3779//3779
f 3783//3783 3664//3664 3668//3668 3787//3787
f 3668//3668 3791//3791 3787//3787
f 3668//3668 3672//3672 3791//3791
f 3672//3672 3795//3795 3791//3791
f 3795//3795 3672//3672 3676//3676 3799//3799
f 3803//3803 3799//3799 3676//3676 3680//3680
f 3684//3684 3803//3803 3680//3680
f 3684//3684 3807//3807 3803//3803
f 3811//3811 3807//3807 3684//3684 3688//3688
f 3688//3688 3815//3815 3811//3811
f 3816//3816 3691//3691 3538//3538
f 3691//3691 3507//3507 3538//3538
f 3696//3696 3507//3507 3691//3691
f 3700//3700 3508//3508 3696//3696
f 3696//3696 3508//3508 3507//3507
f 3509//3509 3700//3700 3704//3704 3510//3510
f 3700//3700 3509//3509 3508//3508
f 3708//3708 3511//3511 3704//3704
f 3704//3704 3511//3511 3510//3510
f 3712//3712 3512//3512 3708//3708
f 3708//3708 3512//3512 3511//3511
f 3512//3512 3712//3712 3716//3716 3513//3513
f 3513//3513 3716//3716 3720//3720 3514//3514
f 3720//3720 3724//3724 3514//3514
f 3728//3728 3515//3515 3724//3724
f 3724//3724 3515//3515 3514//3514
f 3732//3732 3516//3516 3728//3728
f 3728//3728 3516//3516 3515//3515
f 3517//3517 3732//3732 3736//3736 3518//3518
f 3732//3732 3517//3517 3516//3516
f 3740//3740 3519//3519 3736//3736
f 3736//3736 3519//3519 3518//3518
f 3744//3744 3520//3520 3740//3740
f 3740//3740 3520//3520 3519//3519
f 3520//3520 3744//3744 3748//3748 3521//3521
f 3521//3521 3748//3748 3752//3752 3522//3522
f 3752//3752 3756//3756 3522//3522
f 3760//3760 3523//3523 3756//3756
f 3756//3756 3523//3523 3522//3522
f 3764//3764 3524//3524 3760//3760
f 3760//3760 3524//3524 3523//3523
f 3525//3525 3764//3764 3768//3768 3526//3526
f 3764//3764 3525//3525 3524//3524
f 3772//3772 3527//3527 3768//3768
f 3768//3768 3527//3527 3526//3526
f 3776//3776 3528//3528 3772//3772
f 3772//3772 3528//3528 3527//3527
f 3528//3528 3776//3776 3780//3780 3529//3529
f 3529//3529 3780//3780 3784//3784 3530//3530
f 3784//3784 3788//3788 3530//3530
f 3792//3792 3531//3531 3788//3788
f 3788//3788 3531//3531 3530//3530
f 3796//3796 3532//3532 3792//3792
f 3792//3792 3532//3532 3531//3531
f 3533//3533 3796//3796 3800//3800 3534//3534
f 3796//3796 3533//3533 3532//3532
f 3804//3804 3535//3535 3800//3800
f 3800//3800 3535//3535 3534//3534
f 3808//3808 3536//3536 3804//3804
f 3804//3804 3536//3536 3535//3535
f 3536//3536 3808//3808 3812//3812 3537//3537
f 3537//3537 3812//3812 3816//3816 3538//3538
f 3907//3907 3562//3562 3539//3539 3820//3820
f 3819//3819 3563//3563 3908//3908
f 3540//3540 3823//3823 3820//3820
f 3819//3819 3564//3564 3563//3563
f 3540//3540 3820//3820 3539//3539
f 3564//3564 3819//3819 3824//3824 3565//3565
f 3540//3540 3541//3541 3823//3823
f 3541//3541 3827//3827 3823//3823
f 3828//3828 3566//3566 3824//3824
f 3824//3824 3566//3566 3565//3565
f 3832//3832 3568//3568 3828//3828
f 3828//3828 3567//3567 3566//3566
f 3828//3828 3568//3568 3567//3567
f 3543//3543 3827//3827 3542//3542
f 3543//3543 3831//3831 3827//3827
f 3542//3542 3827//3827 3541//3541
f 3836//3836 3569//3569 3832//3832
f 3832//3832 3569//3569 3568//3568
f 3831//3831 3543//3543 3544//3544 3835//3835
f 3835//3835 3544//3544 3545//3545 3839//3839
f 3840//3840 3571//3571 3836//3836
f 3836//3836 3570//3570 3569//3569
f 3836//3836 3571//3571 3570//3570
f 3572//3572 3840//3840 3844//3844 3573//3573
f 3546//3546 3843//3843 3839//3839
f 3840//3840 3572//3572 3571//3571
f 3546//3546 3839//3839 3545//3545
f 3546//3546 3547//3547 3843//3843
f 3547//3547 3847//3847 3843//3843
f 3848//3848 3574//3574 3844//3844
f 3844//3844 3574//3574 3573//3573
f 3574//3574 3848//3848 3852//3852 3575//3575
f 3548//3548 3851//3851 3847//3847
f 3548//3548 3847//3847 3547//3547
f 3852//3852 3576//3576 3575//3575
f 3549//3549 3851//3851 3548//3548
f 3549//3549 3855//3855 3851//3851
f 3856//3856 3576//3576 3852//3852
f 3860//3860 3577//3577 3856//3856
f 3856//3856 3577//3577 3576//3576
f 3855//3855 3549//3549 3550//3550 3859//3859
f 3859//3859 3550//3550 3551//3551 3863//3863
f 3864//3864 3579//3579 3860//3860
f 3860//3860 3578//3578 3577//3577
f 3860//3860 3579//3579 3578//3578
f 3580//3580 3864//3864 3868//3868 3581//3581
f 3552//3552 3867//3867 3863//3863
f 3864//3864 3580//3580 3579//3579
f 3552//3552 3863//3863 3551//3551
f 3552//3552 3553//3553 3867//3867
f 3553//3553 3871//3871 3867//3867
f 3872//3872 3582//3582 3868//3868
f 3868//3868 3582//3582 3581//3581
f 3582//3582 3872//3872 3876//3876 3583//3583
f 3554//3554 3875//3875 3871//3871
f 3554//3554 3871//3871 3553//3553
f 3876//3876 3584//3584 3583//3583
f 3555//3555 3875//3875 3554//3554
f 3555//3555 3879//3879 3875//3875
f 3880//3880 3584//3584 3876//3876
f 3884//3884 3585//3585 3880//3880
f 3880//3880 3585//3585 3584//3584
f 3879//3879 3555//3555 3556//3556 3883//3883
f 3883//3883 3556//3556 3557//3557 3887//3887
f 3888//3888 3587//3587 3884//3884
f 3884//3884 3586//3586 3585//3585
f 3884//3884 3587//3587 3586//3586
f 3588//3588 3888//3888 3892//3892 3589//3589
f 3558//3558 3891//3891 3887//3887
f 3888//3888 3588//3588 3587//3587
f 3558//3558 3887//3887 3557//3557
f 3558//3558 3559//3559 3891//3891
f 3559//3559 3895//3895 3891//3891
f 3896//3896 3590//3590 3892//3892
f 3892//3892 3590//3590 3589//3589
f 3590//3590 3896//3896 3900//3900 3591//3591
f 3560//3560 3899//3899 3895//3895
f 3560//3560 3895//3895 3559//3559
f 3900//3900 3592//3592 3591//3591
f 3561//3561 3899//3899 3560//3560
f 3561//3561 3903//3903 3899//3899
f 3904//3904 3592//3592 3900//3900
f 3908//3908 3593//3593 3904//3904
f 3904//3904 3593//3593 3592//3592
f 3903//3903 3561//3561 3562//3562 3907//3907
f 3908//3908 3594//3594 3593//3593
f 3908//3908 3563//3563 3594//3594
f 3563//3563 3912//3912 4051//4051
f 4052//4052 3911//3911 4056//4056
f 3911//3911 4060//4060 4056//4056
f 3563//3563 3915//3915 3912//3912
f 3911//3911 3916//3916 4060//4060
f 4064//4064 4060//4060 3916//3916 3920//3920
f 3915//3915 3564//3564 3565//3565 3919//3919
f 3564//3564 3915//3915 3563//3563
f 3565//3565 3923//3923 3919//3919
f 4064//4064 3920//3920 3924//3924 4068//4068
f 3565//3565 3566//3566 3923//3923
f 3566//3566 3927//3927 3923//3923
f 3928//3928 4068//4068 3924//3924
f 3932//3932 4072//4072 3928//3928
f 3928//3928 4072//4072 4068//4068
f 3927//3927 3566//3566 3567//3567 3931//3931
f 3936//3936 4076//4076 3932//3932
f 3932//3932 4076//4076 4072//4072
f 3568//3568 3935//3935 3931//3931
f 3568//3568 3931//3931 3567//3567
f 4076//4076 3936//3936 3940//3940 4080//4080
f 3569//3569 3935//3935 3568//3568
f 3569//3569 3939//3939 3935//3935
f 3940//3940 3944//3944 4080//4080
f 3570//3570 3943//3943 3939//3939
f 3570//3570 3939//3939 3569//3569
f 3944//3944 3948//3948 4084//4084
f 3944//3944 4084//4084 4080//4080
f 3571//3571 3947//3947 3943//3943
f 3571//3571 3943//3943 3570//3570
f 3571//3571 3951//3951 3947//3947
f 3948//3948 3952//3952 4088//4088
f 3948//3948 4088//4088 4084//4084
f 4092//4092 4088//4088 3952//3952 3956//3956
f 3951//3951 3572//3572 3573//3573 3955//3955
f 3572//3572 3951//3951 3571//3571
f 3573//3573 3959//3959 3955//3955
f 4092//4092 3956//3956 3960//3960 4096//4096
f 3573//3573 3574//3574 3959//3959
f 3574//3574 3963//3963 3959//3959
f 3964//3964 4096//4096 3960//3960
f 3968//3968 4100//4100 3964//3964
f 3964//3964 4100//4100 4096//4096
f 3963//3963 3574//3574 3575//3575 3967//3967
f 3972//3972 4104//4104 3968//3968
f 3968//3968 4104//4104 4100//4100
f 3576//3576 3971//3971 3967//3967
f 3576//3576 3967//3967 3575//3575
f 4104//4104 3972//3972 3976//3976 4108//4108
f 3577//3577 3971//3971 3576//3576
f 3577//3577 3975//3975 3971//3971
f 3976//3976 3980//3980 4108//4108
f 3578//3578 3979//3979 3975//3975
f 3578//3578 3975//3975 3577//3577
f 3980//3980 3984//3984 4112//4112
f 3980//3980 4112//4112 4108//4108
f 3579//3579 3983//3983 3979//3979
f 3579//3579 3979//3979 3578//3578
f 3579//3579 3987//3987 3983//3983
f 3984//3984 3988//3988 4116//4116
f 3984//3984 4116//4116 4112//4112
f 4120//4120 4116//4116 3988//3988 3992//3992
f 3987//3987 3580//3580 3581//3581 3991//3991
f 3580//3580 3987//3987 3579//3579
f 3581//3581 3995//3995 3991//3991
f 4120//4120 3992//3992 3996//3996 4124//4124
f 3581//3581 3582//3582 3995//3995
f 3582//3582 3999//3999 3995//3995
f 4000//4000 4124//4124 3996//3996
f 4004//4004 4128//4128 4000//4000
f 4000//4000 4128//4128 4124//4124
f 3999//3999 3582//3582 3583//3583 4003//4003
f 4008//4008 4132//4132 4004//4004
f 4004//4004 4132//4132 4128//4128
f 3584//3584 4007//4007 4003//4003
f 3584//3584 4003//4003 3583//3583
f 4132//4132 4008//4008 4012//4012 4136//4136
f 3585//3585 4007//4007 3584//3584
f 3585//3585 4011//4011 4007//4007
f 4012//4012 4016//4016 4136//4136
f 3586//3586 4015//4015 4011//4011
f 3586//3586 4011//4011 3585//3585
f 4016//4016 4020//4020 4140//4140
f 4016//4016 4140//4140 4136//4136
f 3587//3587 4019//4019 4015//4015
f 3587//3587 4015//4015 3586//3586
f 3587//3587 4023//4023 4019//4019
f 4020//4020 4024//4024 4144//4144
f 4020//4020 4144//4144 4140//4140
f 4148//4148 4144//4144 4024//4024 4028//4028
f 4023//4023 3588//3588 3589//3589 4027//4027
f 3588//3588 4023//4023 3587//3587
f 3589//3589 4031//4031 4027//4027
f 4148//4148 4028//4028 4032//4032 4152//4152
f 3589//3589 3590//3590 4031//4031
f 3590//3590 4035//4035 4031//4031
f 4036//4036 4152//4152 4032//4032
f 4040//4040 4156//4156 4036//4036
f 4036//4036 4156//4156 4152//4152
f 4035//4035 3590//3590 3591//3591 4039//4039
f 4044//4044 4160//4160 4040//4040
f 4040//4040 4160//4160 4156//4156
f 3592//3592 4043//4043 4039//4039
f 3592//3592 4039//4039 3591//3591
f 4160//4160 4044//4044 4048//4048 4164//4164
f 3593//3593 4043//4043 3592//3592
f 3593//3593 4047//4047 4043//4043
f 4048//4048 4052//4052 4164//4164
f 3594//3594 4051//4051 4047//4047
f 3594//3594 4047//4047 3593//3593
f 4052//4052 4056//4056 4164//4164
f 3563//3563 4051//4051 3594//3594
f 4131//4131 4135//4135 4139//4139 4143//4143 4147//4147 4151//4151 4155//4155 4159//4159 4163//4163 4055//4055 4059//4059 4063//4063 4067//4067 4071//4071 4075//4075 4079//4079 4083//4083 4087//4087 4091//4091 4095//4095 4099//4099 4103//4103 4107//4107 4111//4111 4115//4115 4119//4119 4123//4123 4127//4127
o King_royal_collar
v 0.364749 1.769753 -0.020876
v 0.360908 1.801062 -0.014588
v 0.348885 1.818950 0.015962
v 0.332022 1.830823 -0.004088
v 0.308326 1.835032 -0.047696
v 0.331820 1.729014 -0.033310
v 0.349702 1.740739 -0.002730
v 0.343078 1.819238 -0.066621
v 0.353665 1.780000 -0.091861
v 0.347586 1.801099 -0.100783
v 0.312144 1.830757 -0.116190
v 0.334634 1.741071 -0.101510
v 0.350707 1.758617 -0.086236
v 0.321570 1.779365 -0.174801
v 0.313818 1.813811 -0.166628
v 0.255796 1.830803 -0.136726
v 0.229590 1.758190 -0.122718
v 0.240267 1.740672 -0.128426
v 0.266604 1.724968 -0.162057
v 0.287838 1.729243 -0.167581
v 0.327474 1.759236 -0.152574
v 0.301121 1.741097 -0.176947
v 0.279391 1.802215 -0.229290
v 0.233015 1.831001 -0.239116
v 0.291979 1.758938 -0.212640
v 0.269926 1.780371 -0.246424
v 0.234159 1.819081 -0.261209
v 0.174197 1.818302 -0.210068
v 0.182599 1.800593 -0.184940
v 0.174734 1.760169 -0.192789
v 0.249207 1.740739 -0.245347
v 0.173642 1.725000 -0.259874
v 0.210808 1.729175 -0.256870
v 0.243692 1.758617 -0.266545
v 0.216135 1.779633 -0.294548
v 0.215341 1.800426 -0.290354
v 0.131454 1.801037 -0.223702
v 0.186959 1.749445 -0.304368
v 0.142440 1.780635 -0.337155
v 0.154321 1.801699 -0.326285
v 0.132348 1.819002 -0.323902
v 0.096208 1.830986 -0.319309
v 0.096208 1.729014 -0.319309
v 0.105693 1.741066 -0.333580
v 0.120768 1.759239 -0.340653
v 0.086796 1.800761 -0.350850
v 0.020210 1.725000 -0.313643
v 0.053640 1.780000 -0.361607
v 0.015298 1.819081 -0.350466
v 0.017789 1.758838 -0.362100
v 0.015641 1.800764 -0.360934
v 0.001082 1.741353 -0.350384
v -0.021100 1.780000 -0.364790
v -0.029352 1.830853 -0.330706
v -0.029352 1.729147 -0.330706
v -0.054538 1.801383 -0.357013
v -0.091861 1.780000 -0.353665
v -0.103175 1.819002 -0.334340
v -0.066540 1.819005 -0.263326
v -0.103175 1.740998 -0.334340
v -0.100783 1.758901 -0.347586
v -0.157091 1.801934 -0.326567
v -0.139029 1.830873 -0.302472
v -0.113957 1.729145 -0.266564
v -0.117513 1.725023 -0.288033
v -0.127520 1.729236 -0.306957
v -0.157883 1.779633 -0.329463
v -0.160328 1.835000 -0.267491
v -0.143402 1.818806 -0.231858
v -0.211345 1.819460 -0.279653
v -0.173439 1.830951 -0.233856
v -0.143648 1.801402 -0.217013
v -0.211345 1.740540 -0.279653
v -0.184328 1.758617 -0.310573
v -0.216135 1.780367 -0.294548
v -0.221306 1.725000 -0.221306
v -0.223380 1.729165 -0.246462
v -0.257286 1.800554 -0.255068
v -0.232188 1.830766 -0.237491
v -0.241064 1.759236 -0.269083
v -0.280135 1.780000 -0.235733
v -0.260228 1.835000 -0.173879
v -0.282327 1.818903 -0.205610
v -0.240671 1.830688 -0.160811
v -0.291468 1.740762 -0.192840
v -0.290251 1.758937 -0.215265
v -0.328605 1.801934 -0.152782
v -0.298962 1.830839 -0.146533
v -0.293061 1.729175 -0.156644
v -0.329836 1.779629 -0.157458
v -0.331791 1.818608 -0.114855
v -0.309841 1.724884 -0.061631
v -0.326400 1.758937 -0.154376
v -0.335502 1.741671 -0.101773
v -0.358465 1.780635 -0.073928
v -0.307941 1.834970 -0.048128
v -0.328970 1.729065 -0.048178
v -0.355022 1.759446 -0.072218
v -0.357580 1.800426 -0.053042
v -0.329972 1.830900 -0.036041
v -0.290270 1.729301 -0.010736
v -0.349894 1.819002 0.001678
v -0.259794 1.801014 -0.000000
v -0.349279 1.740459 0.000000
v -0.364774 1.780000 0.031397
v -0.360107 1.801155 0.036223
v -0.360639 1.758617 0.019282
v -0.323783 1.830873 0.077348
v -0.297503 1.835000 0.101355
v -0.333258 1.733481 0.075856
v -0.338495 1.818950 0.086001
v -0.273361 1.729206 0.097810
v -0.293097 1.725032 0.106931
v -0.346087 1.758906 0.104984
v -0.338513 1.780000 0.140216
v -0.340431 1.801379 0.120134
v -0.256318 1.818882 0.089207
v -0.300435 1.728976 0.142095
v -0.301286 1.819417 0.178560
v -0.309697 1.740739 0.162441
v -0.310547 1.800761 0.184905
v -0.276465 1.830690 0.184728
v -0.301139 1.758893 0.201215
v -0.280135 1.780000 0.235733
v -0.257185 1.801641 0.254122
v -0.222568 1.835000 0.217153
v -0.234791 1.729236 0.235280
v -0.238471 1.741392 0.257698
v -0.225303 1.818934 0.267741
v -0.197977 1.831024 0.266941
v -0.226127 1.758901 0.282560
v -0.203269 1.780000 0.304213
v -0.185779 1.801063 0.309953
v -0.127042 1.729014 0.308342
v -0.149396 1.818903 0.315871
v -0.149396 1.741096 0.315871
v -0.119837 1.758066 0.341998
v -0.125858 1.790247 0.342983
v -0.111736 1.830739 0.312281
v -0.046635 1.819001 0.347723
v -0.049671 1.740582 0.346684
v -0.037843 1.779327 0.364315
v -0.020162 1.801934 0.361824
v -0.000626 1.830986 0.333487
v 0.012107 1.729243 0.332848
v -0.002907 1.759421 0.362005
v 0.054931 1.780371 0.361341
v 0.054247 1.818903 0.345024
v 0.056305 1.830857 0.284609
v 0.050603 1.819071 0.267313
v 0.052002 1.741256 0.345636
v 0.086796 1.800761 0.350850
v 0.105134 1.758893 0.346582
v 0.123053 1.780000 0.343910
v 0.135211 1.819238 0.322272
v 0.123282 1.830823 0.308313
v 0.131066 1.725030 0.282782
v 0.123762 1.729100 0.307999
v 0.135211 1.740762 0.322272
v 0.155825 1.801383 0.325808
v 0.136882 1.818806 0.235766
v 0.185123 1.780000 0.315034
v 0.204752 1.758901 0.298412
v 0.216883 1.800764 0.288928
v 0.223118 1.818647 0.270164
v 0.223606 1.830756 0.247320
v 0.236965 1.729235 0.236333
v 0.206257 1.741254 0.281993
v 0.243026 1.780000 0.272866
v 0.281131 1.801680 0.227737
v 0.200051 1.818740 0.183274
v 0.267741 1.741066 0.225303
v 0.280855 1.758359 0.227690
v 0.301892 1.780000 0.207140
v 0.293323 1.818934 0.190810
v 0.310085 1.831001 0.123772
v 0.327853 1.801062 0.151591
v 0.299497 1.835000 0.090851
v 0.315013 1.729161 0.107784
v 0.330498 1.741399 0.119606
v 0.327176 1.759239 0.153576
v 0.343681 1.779629 0.124370
v 0.335966 1.818659 0.098526
v 0.354710 1.801094 0.070556
v 0.355024 1.758359 0.068410
v 0.361728 1.780371 0.052326
v 0.265239 1.812749 -0.029242
v 0.278013 1.822880 -0.021974
v 0.268858 1.816323 -0.027794
v 0.273534 1.820031 -0.025134
v 0.256002 1.793426 0.024649
v 0.262345 1.807621 0.023767
v 0.257809 1.797961 0.024260
v 0.260130 1.803157 0.023937
v 0.255173 1.772698 -0.025778
v 0.254876 1.788146 -0.027199
v 0.254895 1.777612 -0.026210
v 0.254786 1.783267 -0.026730
v 0.277766 1.735854 0.003703
v 0.266982 1.747445 0.004178
v 0.274171 1.739343 0.003637
v 0.270224 1.743585 0.003811
v 0.294620 1.728180 -0.031696
v 0.280295 1.734611 -0.021675
v 0.281698 1.732050 -0.047228
v 0.284367 1.729290 -0.049556
v 0.289963 1.729449 -0.034144
v 0.284719 1.731803 -0.030476
v 0.256504 1.808562 -0.061930
v 0.250889 1.794394 -0.060300
v 0.254661 1.804073 -0.061410
v 0.252606 1.798887 -0.060813
v 0.260921 1.752824 -0.031618
v 0.254880 1.767046 -0.041310
v 0.252302 1.761526 -0.057260
v 0.252440 1.758942 -0.057737
v 0.257867 1.753187 -0.054900
v 0.257979 1.757001 -0.039714
v 0.255767 1.762206 -0.043262
v 0.271440 1.737250 -0.056988
v 0.260233 1.748204 -0.058917
v 0.260793 1.741191 -0.072032
v 0.267043 1.740185 -0.060001
v 0.262941 1.744195 -0.060707
v 0.249063 1.811427 -0.093823
v 0.261786 1.822862 -0.081252
v 0.249050 1.822680 -0.124042
v 0.240873 1.818713 -0.124212
v 0.240160 1.814413 -0.121590
v 0.249566 1.815637 -0.100949
v 0.254223 1.819822 -0.096348
v 0.240024 1.772508 -0.088349
v 0.239344 1.787558 -0.092515
v 0.229548 1.785207 -0.115260
v 0.227046 1.780000 -0.116105
v 0.231003 1.773172 -0.113680
v 0.236867 1.777266 -0.096671
v 0.236618 1.782775 -0.098196
v 0.252217 1.834028 -0.191687
v 0.200716 1.831879 -0.215266
v 0.258054 1.834180 -0.167919
v 0.261521 1.835038 -0.168394
v 0.263962 1.834612 -0.169906
v 0.247664 1.834110 -0.189050
v 0.228813 1.833323 -0.197681
v 0.216403 1.734768 -0.179413
v 0.218989 1.727784 -0.195796
v 0.250634 1.727832 -0.162157
v 0.245531 1.729247 -0.154702
v 0.242202 1.731801 -0.154647
v 0.226396 1.731810 -0.175310
v 0.227343 1.729254 -0.181307
v 0.226288 1.793294 -0.124112
v 0.230964 1.807329 -0.127638
v 0.218171 1.801174 -0.139142
v 0.225740 1.798088 -0.127773
v 0.227451 1.803225 -0.129064
v 0.168148 1.831823 -0.242758
v 0.179331 1.826536 -0.221818
v 0.187055 1.830855 -0.221765
v 0.188633 1.831219 -0.223490
v 0.174726 1.830762 -0.234546
v 0.178819 1.828827 -0.226881
v 0.182898 1.787795 -0.181016
v 0.179870 1.772372 -0.184073
v 0.187682 1.780000 -0.172082
v 0.182559 1.782876 -0.180551
v 0.181450 1.777231 -0.181670
v 0.179700 1.748616 -0.198268
v 0.175002 1.737871 -0.214435
v 0.189205 1.740469 -0.197169
v 0.187563 1.741750 -0.195197
v 0.180134 1.744700 -0.201608
v 0.178415 1.740768 -0.207526
v 0.126238 1.832222 -0.297688
v 0.120056 1.833944 -0.283271
v 0.124300 1.833449 -0.293159
v 0.122038 1.834080 -0.287882
v 0.163596 1.727720 -0.248703
v 0.168967 1.734713 -0.224720
v 0.150623 1.730471 -0.244536
v 0.151003 1.729164 -0.246061
v 0.162388 1.729178 -0.243346
v 0.164354 1.731738 -0.234568
v 0.120751 1.787911 -0.226669
v 0.121067 1.772234 -0.226009
v 0.120763 1.782915 -0.226246
v 0.120879 1.777177 -0.226004
v 0.084978 1.766311 -0.243297
v 0.096990 1.752021 -0.246405
v 0.106374 1.758368 -0.236224
v 0.104618 1.763366 -0.237010
v 0.091948 1.761424 -0.242694
v 0.096344 1.756194 -0.243832
v 0.089217 1.746635 -0.253042
v 0.094237 1.735390 -0.263092
v 0.090940 1.742898 -0.255972
v 0.092778 1.738782 -0.259651
v 0.044728 1.833701 -0.296138
v 0.042916 1.827048 -0.281927
v 0.044003 1.831675 -0.291592
v 0.043340 1.829240 -0.286390
v 0.068703 1.822602 -0.269050
v 0.073384 1.812019 -0.257307
v 0.086902 1.819022 -0.256542
v 0.073407 1.819895 -0.264275
v 0.075120 1.816021 -0.259976
v 0.040616 1.807204 -0.259350
v 0.039414 1.793000 -0.253815
v 0.062356 1.793208 -0.250895
v 0.070157 1.798453 -0.249400
v 0.070643 1.800973 -0.249496
v 0.068430 1.806600 -0.255010
v 0.048750 1.803018 -0.256145
v 0.048310 1.797818 -0.254119
v 0.041663 1.734377 -0.277309
v 0.056514 1.728156 -0.290353
v 0.078309 1.729039 -0.279758
v 0.077810 1.729352 -0.278176
v 0.075541 1.731985 -0.275769
v 0.054202 1.731711 -0.280551
v 0.059638 1.729434 -0.285325
v 0.074469 1.772139 -0.245294
v 0.061679 1.787506 -0.249627
v 0.052826 1.779838 -0.248950
v 0.055037 1.774596 -0.250090
v 0.067736 1.776981 -0.246829
v 0.063054 1.782606 -0.248415
v 0.036448 1.766617 -0.254802
v 0.038908 1.751901 -0.260093
v 0.037236 1.761854 -0.256216
v 0.038136 1.756467 -0.258153
v 0.024667 1.811595 -0.264086
v 0.013271 1.822120 -0.276763
v -0.007941 1.818460 -0.270446
v -0.005778 1.813882 -0.268197
v 0.014112 1.815491 -0.268465
v 0.009940 1.819343 -0.273105
v -0.007014 1.787966 -0.256910
v -0.007663 1.772691 -0.256773
v 0.008664 1.776341 -0.255896
v 0.009729 1.780349 -0.254650
v 0.009378 1.782974 -0.255319
v -0.003875 1.783166 -0.256448
v -0.004113 1.777575 -0.256398
v 0.000119 1.747864 -0.266607
v 0.000087 1.736570 -0.277574
v 0.000071 1.744063 -0.269834
v 0.000059 1.739929 -0.273848
v 0.018238 1.831879 -0.294681
v -0.038949 1.833617 -0.316279
v -0.051834 1.834683 -0.308357
v -0.051398 1.835030 -0.306216
v -0.050007 1.834324 -0.303824
v -0.012153 1.833266 -0.302777
v -0.033085 1.833902 -0.310683
v -0.021974 1.807893 -0.262845
v -0.020933 1.793551 -0.256809
v -0.021951 1.803452 -0.260633
v -0.021570 1.798203 -0.258424
v -0.024436 1.766831 -0.256205
v -0.025780 1.751995 -0.262087
v -0.024423 1.762115 -0.257876
v -0.024915 1.756685 -0.260029
v -0.015135 1.727992 -0.295630
v -0.016986 1.734243 -0.281629
v -0.035759 1.730506 -0.285116
v -0.036480 1.729143 -0.286687
v -0.020362 1.729251 -0.291217
v -0.021040 1.731539 -0.286093
v -0.075261 1.826007 -0.272159
v -0.070412 1.831975 -0.286990
v -0.089072 1.831164 -0.277065
v -0.088368 1.830755 -0.274668
v -0.087500 1.829522 -0.273411
v -0.076769 1.828538 -0.276331
v -0.074994 1.830723 -0.281760
v -0.071368 1.787335 -0.246533
v -0.073612 1.771792 -0.245684
v -0.072257 1.782395 -0.245955
v -0.073078 1.776706 -0.245644
v -0.069634 1.737082 -0.267830
v -0.063267 1.748241 -0.258138
v -0.092284 1.746218 -0.252683
v -0.096265 1.740911 -0.253976
v -0.096132 1.737618 -0.260257
v -0.075960 1.739970 -0.262868
v -0.073630 1.744055 -0.259321
v -0.080735 1.793087 -0.245129
v -0.078666 1.807382 -0.251503
v -0.092762 1.803323 -0.243353
v -0.092496 1.801082 -0.241585
v -0.082123 1.797912 -0.245954
v -0.081366 1.803144 -0.248287
v -0.099545 1.766305 -0.237728
v -0.095793 1.752380 -0.246741
v -0.099048 1.761764 -0.239900
v -0.097675 1.756667 -0.243199
v -0.141715 1.788269 -0.214877
v -0.141992 1.772930 -0.212942
v -0.141331 1.783349 -0.214152
v -0.141432 1.777735 -0.213444
v -0.176978 1.765946 -0.187662
v -0.181223 1.752208 -0.192038
v -0.177822 1.761581 -0.189354
v -0.179376 1.756552 -0.190956
v -0.168107 1.748255 -0.207180
v -0.173742 1.737171 -0.216335
v -0.154729 1.741097 -0.221931
v -0.166533 1.744158 -0.212398
v -0.168595 1.740101 -0.215749
v -0.204100 1.734561 -0.193752
v -0.205386 1.727895 -0.215608
v -0.190928 1.729288 -0.217164
v -0.190133 1.731777 -0.213942
v -0.201915 1.731742 -0.203668
v -0.202386 1.729303 -0.211668
v -0.221890 1.823106 -0.167225
v -0.219350 1.811936 -0.150520
v -0.206171 1.813545 -0.171471
v -0.205931 1.819048 -0.175969
v -0.207790 1.820339 -0.177386
v -0.217891 1.820133 -0.166236
v -0.216962 1.816044 -0.160122
v -0.199584 1.807185 -0.172429
v -0.198053 1.792844 -0.165569
v -0.186986 1.800879 -0.178689
v -0.196961 1.802929 -0.171862
v -0.196401 1.797680 -0.169351
v -0.207184 1.787781 -0.152207
v -0.205887 1.772682 -0.152903
v -0.206663 1.782910 -0.152574
v -0.206189 1.777384 -0.152829
v -0.207109 1.746832 -0.168340
v -0.216319 1.735679 -0.174693
v -0.210095 1.743177 -0.170032
v -0.213466 1.739095 -0.172357
v -0.234237 1.808008 -0.121149
v -0.227398 1.793732 -0.120699
v -0.232050 1.803534 -0.120564
v -0.229546 1.798308 -0.120399
v -0.233330 1.765488 -0.110200
v -0.239547 1.751538 -0.112202
v -0.235408 1.761067 -0.110172
v -0.237684 1.755961 -0.110905
v -0.250296 1.727785 -0.153733
v -0.240630 1.734471 -0.143422
v -0.260337 1.732969 -0.115190
v -0.266195 1.729149 -0.113154
v -0.269224 1.728683 -0.114604
v -0.254150 1.729176 -0.140349
v -0.250613 1.731623 -0.136575
v -0.257688 1.823907 -0.104536
v -0.247570 1.812550 -0.099895
v -0.254137 1.820518 -0.103294
v -0.250434 1.816361 -0.101596
v -0.256021 1.737076 -0.109026
v -0.245658 1.748181 -0.105484
v -0.253719 1.741203 -0.095104
v -0.253048 1.740072 -0.106288
v -0.249254 1.744137 -0.104992
v -0.289734 1.832119 -0.065439
v -0.277679 1.825597 -0.043719
v -0.275612 1.828541 -0.079096
v -0.277702 1.830755 -0.080939
v -0.279439 1.831092 -0.081507
v -0.284947 1.830748 -0.065546
v -0.280534 1.828361 -0.057596
v -0.241872 1.772542 -0.086417
v -0.239641 1.787535 -0.090524
v -0.246946 1.786460 -0.070102
v -0.245829 1.779949 -0.066294
v -0.246653 1.776971 -0.067085
v -0.242573 1.777280 -0.082496
v -0.241756 1.782768 -0.083999
v -0.249350 1.793095 -0.065894
v -0.252038 1.807338 -0.075745
v -0.254762 1.803153 -0.053568
v -0.253216 1.801034 -0.052917
v -0.250764 1.797910 -0.065369
v -0.251748 1.803123 -0.068975
v -0.264341 1.811156 -0.026002
v -0.275427 1.822163 -0.023794
v -0.277901 1.822181 0.003496
v -0.272842 1.819264 0.006551
v -0.271454 1.818352 0.006479
v -0.270547 1.816550 0.006054
v -0.268072 1.811938 -0.000879
v -0.268957 1.815246 -0.016698
v -0.273014 1.819275 -0.015890
v -0.262366 1.752536 -0.029852
v -0.253461 1.766902 -0.043436
v -0.258046 1.764256 -0.018934
v -0.258512 1.759025 -0.016950
v -0.260034 1.756935 -0.017326
v -0.259862 1.756838 -0.029876
v -0.256603 1.762096 -0.034848
v -0.264736 1.748238 -0.033101
v -0.275667 1.737354 -0.029346
v -0.266556 1.741252 -0.046112
v -0.267609 1.744225 -0.034528
v -0.271610 1.740242 -0.033153
v -0.257317 1.787393 -0.000864
v -0.256151 1.772122 0.012994
v -0.256626 1.774303 -0.007375
v -0.254662 1.779581 -0.009269
v -0.256637 1.782469 0.000810
v -0.256210 1.776879 0.005882
v -0.282371 1.825643 0.007856
v -0.295163 1.832172 -0.005766
v -0.289850 1.831220 0.022355
v -0.287563 1.830835 0.022256
v -0.286540 1.828420 0.008427
v -0.291222 1.830809 0.003441
v -0.264704 1.747560 0.039914
v -0.275055 1.735856 0.040928
v -0.267818 1.743657 0.040068
v -0.271607 1.739374 0.040440
v -0.251177 1.767075 0.055656
v -0.261297 1.752482 0.039002
v -0.256891 1.758995 0.030452
v -0.256487 1.762657 0.031339
v -0.254524 1.762161 0.047126
v -0.258229 1.756819 0.041030
v -0.281732 1.832374 0.101575
v -0.250502 1.824938 0.124544
v -0.266806 1.826733 0.097448
v -0.272278 1.829829 0.093765
v -0.273743 1.830795 0.093852
v -0.274069 1.830798 0.104700
v -0.262638 1.828077 0.113108
v -0.251719 1.807099 0.079318
v -0.246343 1.792641 0.078093
v -0.250317 1.800639 0.065939
v -0.251526 1.802345 0.066413
v -0.250069 1.802781 0.077155
v -0.248102 1.797489 0.076707
v -0.242022 1.788552 0.086143
v -0.242893 1.772801 0.084038
v -0.242152 1.783540 0.085257
v -0.242471 1.777775 0.084487
v -0.250418 1.752746 0.078685
v -0.240439 1.767336 0.094822
v -0.235302 1.759404 0.107812
v -0.239971 1.754601 0.107361
v -0.245075 1.757139 0.089009
v -0.241423 1.762479 0.094916
v -0.236860 1.747297 0.123376
v -0.246608 1.735811 0.127675
v -0.239815 1.743506 0.124625
v -0.243383 1.739301 0.126199
v -0.216799 1.822753 0.171525
v -0.220762 1.811779 0.150841
v -0.231395 1.818861 0.141060
v -0.233351 1.820318 0.142572
v -0.221404 1.819857 0.160242
v -0.222855 1.815840 0.152671
v -0.212581 1.807958 0.157239
v -0.207134 1.793635 0.154059
v -0.210816 1.803457 0.155916
v -0.208822 1.798215 0.154753
v -0.198805 1.833102 0.225822
v -0.189127 1.827145 0.214759
v -0.195642 1.831474 0.222125
v -0.192100 1.829294 0.218076
v -0.192008 1.786980 0.170987
v -0.190755 1.771574 0.172472
v -0.191554 1.782118 0.171251
v -0.191095 1.776479 0.171794
v -0.196377 1.767310 0.168031
v -0.194680 1.753349 0.177614
v -0.205228 1.756988 0.160621
v -0.203946 1.759382 0.159137
v -0.197393 1.762537 0.168558
v -0.196772 1.757427 0.172066
v -0.197097 1.734125 0.204458
v -0.201580 1.728269 0.218324
v -0.210645 1.729241 0.199638
v -0.209581 1.730311 0.199166
v -0.201121 1.731554 0.207045
v -0.202762 1.729411 0.212120
v -0.069971 1.729068 0.284509
v -0.170775 1.725997 0.270637
v -0.192479 1.725619 0.254824
v -0.190872 1.725194 0.252491
v -0.189883 1.725001 0.251655
v -0.188265 1.725606 0.250788
v -0.125667 1.727167 0.273009
v -0.162564 1.726044 0.267931
v -0.191654 1.736966 0.203299
v -0.190266 1.748127 0.187706
v -0.177182 1.743286 0.204822
v -0.177319 1.740927 0.205871
v -0.188720 1.739895 0.200625
v -0.188212 1.743980 0.194918
v -0.186664 1.822670 0.206459
v -0.180677 1.812573 0.195813
v -0.184621 1.819879 0.202687
v -0.182430 1.816183 0.198790
v -0.157288 1.807896 0.211305
v -0.154553 1.793669 0.205340
v -0.156039 1.803470 0.209367
v -0.155038 1.798262 0.207183
v -0.132654 1.765972 0.221911
v -0.134462 1.751510 0.227098
v -0.133051 1.761299 0.223587
v -0.133712 1.756006 0.225486
v -0.091107 1.834031 0.300119
v -0.073300 1.831770 0.286432
v -0.125723 1.834672 0.284006
v -0.126452 1.835000 0.284887
v -0.127590 1.834609 0.287278
v -0.117252 1.833613 0.296912
v -0.099265 1.834083 0.294397
v -0.092747 1.833255 0.289387
v -0.133755 1.824779 0.242748
v -0.126820 1.812750 0.235116
v -0.131622 1.821078 0.240258
v -0.129083 1.816675 0.237464
v -0.125034 1.772349 0.225247
v -0.132805 1.787485 0.219405
v -0.115555 1.785127 0.229124
v -0.113101 1.780033 0.228420
v -0.124449 1.777177 0.224597
v -0.127293 1.782717 0.222459
v -0.100892 1.808054 0.243335
v -0.098836 1.793450 0.238024
v -0.100287 1.803504 0.241398
v -0.099534 1.798159 0.239454
v -0.076045 1.748130 0.254394
v -0.091438 1.737673 0.261994
v -0.108857 1.741354 0.247696
v -0.107584 1.744456 0.246988
v -0.087619 1.744264 0.254487
v -0.093253 1.740437 0.257269
v -0.064200 1.732647 0.278946
v -0.068622 1.725265 0.291555
v -0.065903 1.730383 0.282901
v -0.067522 1.727681 0.287516
v -0.094839 1.824717 0.261457
v -0.073405 1.831777 0.286439
v -0.049434 1.830917 0.286687
v -0.049323 1.830676 0.285328
v -0.052597 1.826795 0.280215
v -0.078235 1.827839 0.273561
v -0.070390 1.830423 0.282705
v -0.065522 1.811431 0.257389
v -0.047446 1.822580 0.274584
v -0.034400 1.818502 0.268913
v -0.037006 1.813346 0.266082
v -0.054637 1.815493 0.263966
v -0.048020 1.819574 0.270260
v -0.047967 1.787841 0.251927
v -0.052320 1.772637 0.251553
v -0.068641 1.780227 0.245103
v -0.068098 1.783964 0.246496
v -0.053376 1.783029 0.250408
v -0.054969 1.777464 0.250271
v -0.034418 1.765783 0.256027
v -0.036663 1.751699 0.262382
v -0.035284 1.761237 0.257708
v -0.036105 1.756081 0.260034
v -0.038385 1.793352 0.254843
v -0.030887 1.807554 0.262698
v -0.016402 1.801362 0.258617
v -0.018099 1.796515 0.258341
v -0.032257 1.798201 0.257455
v -0.029512 1.803399 0.260330
v -0.046543 1.737479 0.273770
v -0.036888 1.747961 0.264665
v -0.029490 1.741121 0.268969
v -0.041936 1.740216 0.270729
v -0.038401 1.744052 0.267397
v -0.029671 1.725968 0.311647
v -0.065617 1.729067 0.285775
v 0.009983 1.725294 0.309853
v 0.010321 1.724965 0.310924
v 0.005908 1.726472 0.319832
v -0.022700 1.726015 0.308581
v -0.035857 1.727149 0.299111
v 0.078786 1.831871 0.314927
v 0.075170 1.833869 0.299813
v 0.077667 1.833284 0.310223
v 0.076343 1.834015 0.304691
v 0.003908 1.787784 0.256326
v 0.003498 1.772434 0.255816
v 0.003576 1.782878 0.256052
v 0.003425 1.777260 0.255866
v 0.044195 1.748610 0.262993
v 0.051407 1.737666 0.271399
v 0.022132 1.740175 0.271455
v 0.021984 1.741140 0.270081
v 0.022362 1.743150 0.268872
v 0.039959 1.744411 0.266777
v 0.042598 1.740405 0.269854
v 0.052593 1.808012 0.259363
v 0.066360 1.792919 0.249300
v 0.046465 1.797949 0.254539
v 0.045868 1.801050 0.254817
v 0.054899 1.803427 0.256173
v 0.059938 1.797903 0.252490
v 0.063217 1.766811 0.250037
v 0.065520 1.752583 0.255053
v 0.064245 1.762280 0.251527
v 0.065088 1.757071 0.253363
v 0.098670 1.732641 0.268266
v 0.102276 1.727231 0.281751
v 0.100461 1.730736 0.272214
v 0.101782 1.728756 0.277150
v 0.086820 1.787597 0.241197
v 0.085852 1.772238 0.242134
v 0.086510 1.782758 0.241350
v 0.086156 1.777137 0.241692
v 0.125287 1.747115 0.237002
v 0.130070 1.735793 0.246388
v 0.127207 1.743457 0.239698
v 0.128957 1.739313 0.243134
v 0.189431 1.831723 0.227985
v 0.186283 1.824926 0.210279
v 0.166302 1.828076 0.234772
v 0.166568 1.830502 0.237649
v 0.167546 1.830776 0.239330
v 0.183335 1.830357 0.228003
v 0.182183 1.827869 0.221522
v 0.135870 1.807082 0.227244
v 0.133208 1.793322 0.220513
v 0.135303 1.802797 0.224568
v 0.134329 1.797760 0.222104
v 0.132664 1.752730 0.228400
v 0.116008 1.766961 0.229337
v 0.139772 1.763037 0.217357
v 0.141003 1.758883 0.216892
v 0.131179 1.756840 0.226117
v 0.125082 1.762049 0.226460
v 0.158916 1.787601 0.201016
v 0.160190 1.772214 0.200346
v 0.159418 1.782757 0.200447
v 0.159884 1.777125 0.200202
v 0.189020 1.831690 0.228158
v 0.228058 1.833752 0.221453
v 0.235279 1.834700 0.205071
v 0.233878 1.834970 0.204034
v 0.232670 1.834593 0.203472
v 0.209201 1.833166 0.220963
v 0.223490 1.833921 0.218509
v 0.194047 1.767528 0.168705
v 0.192346 1.753517 0.180192
v 0.178204 1.757972 0.189219
v 0.177286 1.759657 0.188515
v 0.178172 1.764395 0.187259
v 0.189991 1.762819 0.175691
v 0.189368 1.757691 0.179896
v 0.219421 1.733368 0.181013
v 0.234667 1.727774 0.185714
v 0.223556 1.731103 0.183016
v 0.229137 1.729055 0.184737
v 0.277444 1.728465 0.089966
v 0.267350 1.725971 0.168917
v 0.250378 1.725658 0.195104
v 0.246543 1.725002 0.192451
v 0.244974 1.726201 0.186739
v 0.267088 1.726862 0.136251
v 0.263393 1.725950 0.165149
v 0.203506 1.808291 0.168144
v 0.197455 1.793976 0.165598
v 0.201299 1.803845 0.167231
v 0.199084 1.798605 0.166300
v 0.206146 1.746899 0.170153
v 0.215458 1.736672 0.177514
v 0.208780 1.743340 0.172319
v 0.212188 1.739597 0.175013
v 0.211904 1.787799 0.144318
v 0.212351 1.772517 0.143128
v 0.211600 1.782897 0.144304
v 0.211764 1.777303 0.143868
v 0.268355 1.832983 0.130499
v 0.255920 1.826779 0.122355
v 0.264104 1.831339 0.128164
v 0.259552 1.829068 0.125183
v 0.247841 1.823198 0.127427
v 0.240456 1.811976 0.116583
v 0.234995 1.816687 0.132877
v 0.235813 1.819041 0.134076
v 0.244171 1.820187 0.126039
v 0.241467 1.816080 0.122070
v 0.234323 1.765353 0.108492
v 0.239654 1.751459 0.111663
v 0.235854 1.760983 0.109623
v 0.237805 1.755897 0.110784
v 0.243612 1.807960 0.101185
v 0.238714 1.793747 0.096982
v 0.241766 1.803510 0.100028
v 0.239974 1.798307 0.098489
v 0.250756 1.747591 0.092179
v 0.261509 1.736357 0.094383
v 0.254035 1.743863 0.092757
v 0.257971 1.739751 0.093564
v 0.248683 1.786916 0.063977
v 0.248287 1.771814 0.064760
v 0.248584 1.782118 0.064055
v 0.248439 1.776590 0.064342
v 0.275498 1.732963 0.069363
v 0.288889 1.725512 0.075136
v 0.279750 1.730564 0.070757
v 0.284651 1.727837 0.072870
v 0.273453 1.824855 0.048556
v 0.262433 1.812949 0.049867
v 0.269729 1.821143 0.049481
v 0.265696 1.816785 0.049961
v 0.315479 1.726014 0.023138
v 0.287636 1.728474 0.059097
v 0.310953 1.725750 -0.009084
v 0.313269 1.725052 -0.010270
v 0.319331 1.725963 -0.009653
v 0.311800 1.725993 0.018526
v 0.301609 1.726893 0.031688
v 0.280221 1.825036 0.019717
v 0.294599 1.831967 0.017167
v 0.295830 1.831660 -0.017663
v 0.290527 1.830834 -0.017994
v 0.289587 1.830016 -0.017608
v 0.286991 1.827719 -0.014883
v 0.286742 1.828087 0.008382
v 0.292004 1.830624 0.007449
v 0.262178 1.752333 0.024792
v 0.255866 1.766550 0.026034
v 0.260029 1.756817 0.024635
v 0.257718 1.762020 0.025089
vn 0.9819 -0.1786 -0.0636
vn 0.9229 0.3829 -0.0395
vn 0.7140 0.6983 0.0512
vn 0.3961 0.9182 -0.0037
vn 0.0425 0.9991 0.0013
vn 0.4368 -0.8976 -0.0600
vn 0.7325 -0.6804 0.0193
vn 0.6958 0.7072 -0.1254
vn 0.9686 0.0004 -0.2486
vn 0.8851 0.3794 -0.2696
vn 0.4040 0.9018 -0.1536
vn 0.6663 -0.7167 -0.2060
vn 0.9045 -0.3727 -0.2071
vn 0.8782 0.0108 -0.4782
vn 0.6978 0.6067 -0.3808
vn -0.3215 0.9310 0.1729
vn -0.8005 -0.3838 0.4603
vn -0.6360 -0.7047 0.3146
vn -0.0008 -0.9999 -0.0110
vn 0.3497 -0.9156 -0.1985
vn 0.8433 -0.3923 -0.3675
vn 0.6317 -0.6800 -0.3723
vn 0.7132 0.4115 -0.5675
vn 0.2810 0.9203 -0.2724
vn 0.7488 -0.3717 -0.5487
vn 0.7301 -0.0102 -0.6833
vn 0.4807 0.6775 -0.5566
vn -0.4465 0.7051 0.5509
vn -0.6688 0.3836 0.6368
vn -0.6025 -0.3999 0.6907
vn 0.5109 -0.7118 -0.4821
vn 0.0250 -0.9985 -0.0494
vn 0.2648 -0.9045 -0.3342
vn 0.6219 -0.3650 -0.6928
vn 0.5844 -0.0223 -0.8112
vn 0.5330 0.3969 -0.7473
vn -0.4639 0.3807 0.7999
vn 0.4246 -0.5537 -0.7164
vn 0.3931 -0.0146 -0.9194
vn 0.4239 0.4050 -0.8101
vn 0.2836 0.7066 -0.6482
vn 0.1070 0.9044 -0.4131
vn 0.1170 -0.9164 -0.3829
vn 0.2161 -0.6776 -0.7029
vn 0.2870 -0.3853 -0.8770
vn 0.2232 0.3894 -0.8936
vn 0.0072 -0.9961 -0.0879
vn 0.1737 0.0130 -0.9847
vn 0.0361 0.7105 -0.7028
vn 0.0550 -0.3608 -0.9310
vn 0.0410 0.3320 -0.9424
vn -0.0139 -0.7170 -0.6970
vn -0.0804 -0.0176 -0.9966
vn -0.0420 0.9111 -0.4101
vn -0.0516 -0.9102 -0.4110
vn -0.1401 0.4105 -0.9010
vn -0.2396 0.0213 -0.9706
vn -0.2044 0.6831 -0.7012
vn 0.1525 0.6855 0.7119
vn -0.2048 -0.7177 -0.6656
vn -0.2468 -0.3862 -0.8888
vn -0.3967 0.4199 -0.8163
vn -0.1885 0.8964 -0.4013
vn 0.1663 -0.9225 0.3484
vn -0.0048 -1.0000 -0.0045
vn -0.1764 -0.9054 -0.3861
vn -0.4238 -0.0596 -0.9038
vn -0.0289 0.9990 -0.0330
vn 0.3581 0.7061 0.6109
vn -0.4406 0.6662 -0.6017
vn 0.2322 0.9300 0.2851
vn 0.5130 0.4380 0.7382
vn -0.4260 -0.6933 -0.5813
vn -0.4495 -0.3855 -0.8058
vn -0.5905 0.0533 -0.8053
vn -0.0314 -0.9991 -0.0276
vn -0.2940 -0.9054 -0.3063
vn -0.6551 0.3762 -0.6552
vn -0.2904 0.9131 -0.2861
vn -0.6375 -0.3711 -0.6751
vn -0.7775 0.0225 -0.6285
vn -0.0435 0.9985 -0.0337
vn -0.5993 0.6739 -0.4321
vn 0.2908 0.9387 0.1852
vn -0.5836 -0.7100 -0.3941
vn -0.7390 -0.3950 -0.5458
vn -0.8271 0.3958 -0.3991
vn -0.3804 0.9049 -0.1912
vn -0.3586 -0.9154 -0.1830
vn -0.8988 -0.0171 -0.4380
vn -0.7006 0.6801 -0.2160
vn -0.0793 -0.9967 -0.0190
vn -0.8319 -0.3937 -0.3912
vn -0.6864 -0.6928 -0.2210
vn -0.9767 0.0451 -0.2099
vn -0.0290 0.9995 -0.0107
vn -0.4340 -0.8995 -0.0505
vn -0.9049 -0.3910 -0.1682
vn -0.9047 0.4108 -0.1132
vn -0.4226 0.9049 -0.0512
vn 0.3521 -0.9359 -0.0086
vn -0.7158 0.6983 -0.0031
vn 0.8955 0.4449 -0.0108
vn -0.7041 -0.7101 -0.0030
vn -0.9960 -0.0315 0.0840
vn -0.9204 0.3761 0.1065
vn -0.9218 -0.3847 0.0472
vn -0.3981 0.9132 0.0866
vn -0.0605 0.9978 0.0270
vn -0.5504 -0.8280 0.1070
vn -0.7126 0.6766 0.1855
vn 0.3050 -0.9462 -0.1078
vn -0.0311 -0.9995 -0.0041
vn -0.8926 -0.3726 0.2539
vn -0.9196 -0.0233 0.3921
vn -0.8718 0.3980 0.2857
vn 0.6394 0.7369 -0.2194
vn -0.3481 -0.9209 0.1754
vn -0.6091 0.7093 0.3548
vn -0.6561 -0.6676 0.3519
vn -0.8134 0.3064 0.4944
vn -0.3019 0.9266 0.2240
vn -0.7745 -0.3641 0.5173
vn -0.7634 -0.0211 0.6456
vn -0.6539 0.3875 0.6498
vn -0.0407 0.9981 0.0471
vn -0.2829 -0.9250 0.2536
vn -0.5084 -0.6678 0.5436
vn -0.4821 0.6766 0.5567
vn -0.2384 0.9135 0.3296
vn -0.5774 -0.3238 0.7495
vn -0.5506 -0.0272 0.8343
vn -0.4701 0.3964 0.7886
vn -0.1453 -0.9112 0.3854
vn -0.2994 0.6927 0.6562
vn -0.3471 -0.6966 0.6279
vn -0.3012 -0.3941 0.8683
vn -0.3291 0.2157 0.9193
vn -0.1308 0.9050 0.4047
vn -0.1310 0.6864 0.7153
vn -0.1129 -0.6845 0.7202
vn -0.1361 -0.0527 0.9893
vn -0.0250 0.3857 0.9223
vn 0.0106 0.9156 0.4019
vn 0.0177 -0.8985 0.4387
vn 0.0080 -0.3729 0.9278
vn 0.1334 -0.0023 0.9911
vn 0.1126 0.6903 0.7147
vn -0.0671 0.9307 -0.3595
vn -0.1266 0.6991 -0.7038
vn 0.1190 -0.6728 0.7302
vn 0.2231 0.3796 0.8979
vn 0.2620 -0.3850 0.8849
vn 0.3589 -0.0020 0.9334
vn 0.2751 0.7084 0.6500
vn 0.1189 0.9469 0.2987
vn 0.0147 -0.9990 0.0421
vn 0.1309 -0.9280 0.3487
vn 0.2965 -0.6926 0.6576
vn 0.4116 0.3781 0.8292
vn -0.3149 0.7170 -0.6218
vn 0.4898 -0.0065 0.8718
vn 0.5250 -0.3681 0.7674
vn 0.5446 0.3707 0.7523
vn 0.4603 0.6824 0.5679
vn 0.2727 0.9146 0.2986
vn 0.3027 -0.8992 0.3160
vn 0.4145 -0.7156 0.5623
vn 0.6754 -0.0170 0.7373
vn 0.7019 0.3924 0.5945
vn -0.5519 0.6658 -0.5021
vn 0.5516 -0.7083 0.4404
vn 0.7169 -0.3775 0.5861
vn 0.8363 -0.0013 0.5483
vn 0.5882 0.7137 0.3803
vn 0.4042 0.8977 0.1753
vn 0.8359 0.3817 0.3944
vn 0.0679 0.9976 0.0103
vn 0.3383 -0.9348 0.1085
vn 0.6916 -0.6758 0.2549
vn 0.8297 -0.3640 0.4231
vn 0.9431 -0.0077 0.3323
vn 0.6978 0.6888 0.1967
vn 0.9114 0.3714 0.1771
vn 0.8922 -0.4182 0.1702
vn 0.9937 -0.0101 0.1120
vn -0.7059 0.7034 0.0833
vn -0.5583 0.8275 0.0591
vn -0.7325 0.6755 0.0845
vn -0.6581 0.7496 0.0706
vn -0.8898 0.4504 -0.0734
vn -0.9347 0.3510 -0.0562
vn -0.9240 0.3741 -0.0791
vn -0.9096 0.4084 -0.0765
vn -0.9958 -0.0712 0.0570
vn -0.9943 -0.0717 0.0788
vn -0.9956 -0.0350 0.0872
vn -0.9952 0.0443 0.0876
vn -0.7297 -0.6825 -0.0408
vn -0.7549 -0.6555 -0.0186
vn -0.6901 -0.7231 -0.0285
vn -0.7453 -0.6662 -0.0262
vn -0.2552 -0.9663 0.0334
vn -0.4762 -0.8793 0.0076
vn -0.4791 -0.8700 0.1167
vn -0.3849 -0.9143 0.1263
vn -0.4191 -0.9073 0.0348
vn -0.4530 -0.8908 0.0351
vn -0.9152 0.3408 0.2150
vn -0.9041 0.3750 0.2047
vn -0.8851 0.4212 0.1981
vn -0.9112 0.3570 0.2056
vn -0.8821 -0.4657 0.0703
vn -0.9236 -0.3536 0.1482
vn -0.9105 -0.3299 0.2493
vn -0.8823 -0.3857 0.2697
vn -0.8595 -0.4734 0.1927
vn -0.9071 -0.4059 0.1116
vn -0.9236 -0.3671 0.1102
vn -0.5977 -0.7881 0.1469
vn -0.7941 -0.5752 0.1965
vn -0.6859 -0.6799 0.2593
vn -0.6827 -0.7043 0.1948
vn -0.7310 -0.6494 0.2093
vn -0.7122 0.6635 0.2293
vn -0.6173 0.7667 0.1764
vn -0.5732 0.7758 0.2637
vn -0.6189 0.6814 0.3908
vn -0.6801 0.6444 0.3496
vn -0.7181 0.6571 0.2295
vn -0.6933 0.6843 0.2259
vn -0.9473 -0.1266 0.2942
vn -0.9470 0.0456 0.3180
vn -0.8913 0.0466 0.4511
vn -0.8474 0.0076 0.5310
vn -0.8893 -0.1042 0.4454
vn -0.9454 -0.0121 0.3256
vn -0.9455 0.0267 0.3246
vn 0.1336 0.9856 -0.1035
vn -0.1293 0.9819 0.1386
vn -0.1174 0.9912 0.0611
vn -0.0402 0.9991 0.0133
vn 0.1458 0.9855 -0.0867
vn 0.0051 0.9994 -0.0346
vn -0.0372 0.9991 0.0214
vn -0.3899 -0.8509 0.3520
vn -0.1918 -0.9629 0.1897
vn -0.2275 -0.9615 0.1542
vn -0.3679 -0.9127 0.1775
vn -0.4175 -0.8742 0.2480
vn -0.3295 -0.8947 0.3016
vn -0.3062 -0.9107 0.2773
vn -0.8471 0.2271 0.4806
vn -0.7458 0.4986 0.4417
vn -0.7460 0.3503 0.5663
vn -0.7942 0.3606 0.4891
vn -0.7736 0.4122 0.4813
vn -0.3769 0.7690 0.5163
vn -0.3451 0.8303 0.4376
vn -0.3246 0.9028 0.2823
vn -0.4308 0.7667 0.4761
vn -0.2520 0.9031 0.3478
vn -0.2667 0.8864 0.3783
vn -0.7077 0.1902 0.6805
vn -0.7009 -0.1696 0.6928
vn -0.8118 0.0261 0.5834
vn -0.7394 0.0692 0.6697
vn -0.7381 -0.0112 0.6746
vn -0.5492 -0.5778 0.6038
vn -0.3943 -0.7645 0.5099
vn -0.4813 -0.7556 0.4443
vn -0.5620 -0.6937 0.4505
vn -0.4788 -0.6630 0.5756
vn -0.4618 -0.6964 0.5493
vn 0.1061 0.9728 -0.2060
vn -0.0530 0.9897 0.1329
vn 0.0288 0.9967 -0.0756
vn -0.0346 0.9965 0.0761
vn -0.1202 -0.9728 0.1980
vn -0.3116 -0.8539 0.4169
vn -0.1976 -0.8830 0.4258
vn -0.1486 -0.9262 0.3465
vn -0.1821 -0.9393 0.2909
vn -0.2331 -0.9094 0.3445
vn -0.4600 0.1313 0.8781
vn -0.4978 -0.1189 0.8591
vn -0.4810 0.0460 0.8755
vn -0.4814 -0.0621 0.8743
vn -0.2985 -0.3102 0.9026
vn -0.3607 -0.4838 0.7974
vn -0.4782 -0.3223 0.8169
vn -0.4235 -0.2947 0.8566
vn -0.3207 -0.3578 0.8770
vn -0.3148 -0.4026 0.8595
vn -0.2361 -0.6366 0.7342
vn -0.2236 -0.7897 0.5714
vn -0.2477 -0.6849 0.6852
vn -0.2230 -0.7425 0.6316
vn 0.2395 0.8872 0.3942
vn -0.0769 0.8833 0.4625
vn -0.0533 0.9399 0.3373
vn -0.0662 0.9092 0.4112
vn -0.2080 0.7716 0.6011
vn -0.2648 0.5438 0.7963
vn -0.3438 0.6179 0.7072
vn -0.2524 0.6790 0.6894
vn -0.2645 0.6367 0.7243
vn -0.0927 0.4933 0.8649
vn -0.0963 0.2327 0.9678
vn -0.2294 0.2963 0.9271
vn -0.3001 0.2613 0.9174
vn -0.3136 0.3454 0.8845
vn -0.2300 0.4550 0.8603
vn -0.1176 0.3884 0.9139
vn -0.1182 0.3563 0.9269
vn -0.0557 -0.9038 0.4244
vn -0.0648 -0.9591 0.2755
vn -0.0971 -0.9528 0.2876
vn -0.1501 -0.9028 0.4030
vn -0.1307 -0.9003 0.4153
vn -0.0701 -0.9075 0.4142
vn -0.0664 -0.9285 0.3653
vn -0.2956 -0.1035 0.9497
vn -0.2368 0.1718 0.9562
vn -0.1430 0.0078 0.9897
vn -0.1880 -0.0896 0.9781
vn -0.2687 -0.0118 0.9632
vn -0.2669 0.0376 0.9630
vn -0.1269 -0.2465 0.9608
vn -0.1376 -0.3163 0.9386
vn -0.1277 -0.3269 0.9364
vn -0.1231 -0.4019 0.9074
vn -0.0734 0.6400 0.7649
vn 0.0033 0.7625 0.6470
vn 0.0686 0.6355 0.7691
vn 0.0154 0.6402 0.7680
vn -0.0501 0.6906 0.7215
vn -0.0442 0.7341 0.6776
vn 0.0224 0.0505 0.9985
vn 0.0400 -0.0213 0.9990
vn -0.0754 -0.0417 0.9963
vn -0.1114 -0.0230 0.9935
vn -0.0871 0.0419 0.9953
vn 0.0356 0.0232 0.9991
vn 0.0370 -0.0253 0.9990
vn -0.0125 -0.6862 0.7273
vn -0.0243 -0.7828 0.6218
vn -0.0070 -0.6601 0.7512
vn -0.0103 -0.7305 0.6828
vn -0.0128 0.9942 0.1066
vn -0.0099 0.9917 -0.1283
vn -0.0288 0.9912 -0.1292
vn 0.0238 0.9991 0.0363
vn 0.0367 0.9956 0.0863
vn 0.0150 0.9997 0.0173
vn 0.0271 0.9978 -0.0602
vn 0.0771 0.5137 0.8545
vn 0.0911 0.2780 0.9563
vn 0.0663 0.4416 0.8948
vn 0.0691 0.3268 0.9426
vn 0.1224 -0.3210 0.9392
vn 0.1052 -0.3898 0.9149
vn 0.0919 -0.3694 0.9247
vn 0.0829 -0.4257 0.9011
vn 0.0215 -0.9707 0.2393
vn 0.0272 -0.8765 0.4807
vn 0.1052 -0.8675 0.4863
vn 0.0942 -0.9161 0.3897
vn 0.0428 -0.9128 0.4061
vn 0.0390 -0.8896 0.4550
vn 0.1289 0.8534 0.5050
vn 0.0568 0.9637 0.2608
vn 0.1092 0.9603 0.2568
vn 0.1802 0.9082 0.3777
vn 0.2131 0.8540 0.4746
vn 0.1063 0.9025 0.4174
vn 0.1030 0.9165 0.3866
vn 0.2505 0.1210 0.9605
vn 0.2771 0.0700 0.9583
vn 0.2901 0.0742 0.9541
vn 0.2968 -0.0138 0.9549
vn 0.1274 -0.7827 0.6092
vn 0.1418 -0.6415 0.7539
vn 0.2519 -0.6815 0.6871
vn 0.2972 -0.7283 0.6174
vn 0.2172 -0.7750 0.5935
vn 0.1538 -0.7110 0.6861
vn 0.1573 -0.6862 0.7102
vn 0.3293 0.2709 0.9045
vn 0.2625 0.4931 0.8294
vn 0.3624 0.4855 0.7956
vn 0.3979 0.4014 0.8250
vn 0.2991 0.3587 0.8842
vn 0.2961 0.4022 0.8663
vn 0.3785 -0.4248 0.8224
vn 0.3062 -0.5800 0.7549
vn 0.3706 -0.3886 0.8436
vn 0.3584 -0.4356 0.8258
vn 0.5436 0.2024 0.8146
vn 0.5572 0.1125 0.8227
vn 0.5558 0.0733 0.8281
vn 0.5590 0.0273 0.8287
vn 0.6167 -0.4543 0.6429
vn 0.6368 -0.4126 0.6514
vn 0.6300 -0.3826 0.6758
vn 0.6184 -0.4179 0.6656
vn 0.4684 -0.6233 0.6262
vn 0.3519 -0.8125 0.4648
vn 0.3399 -0.7366 0.5847
vn 0.4167 -0.6845 0.5981
vn 0.3929 -0.7157 0.5774
vn 0.3658 -0.8768 0.3122
vn 0.1630 -0.9694 0.1837
vn 0.2011 -0.9278 0.3141
vn 0.2720 -0.8917 0.3617
vn 0.3041 -0.9043 0.2996
vn 0.2511 -0.9321 0.2611
vn 0.5006 0.7786 0.3784
vn 0.6580 0.6292 0.4138
vn 0.5859 0.6263 0.5142
vn 0.5056 0.6972 0.5083
vn 0.4554 0.7819 0.4258
vn 0.5718 0.7151 0.4020
vn 0.5995 0.6824 0.4183
vn 0.6304 0.5225 0.5741
vn 0.7152 0.2822 0.6394
vn 0.6003 0.4218 0.6795
vn 0.6520 0.4255 0.6275
vn 0.6800 0.3549 0.6416
vn 0.8135 0.0666 0.5778
vn 0.7919 0.1269 0.5972
vn 0.7951 0.0780 0.6014
vn 0.7953 -0.0035 0.6062
vn 0.5661 -0.6987 0.4374
vn 0.5076 -0.7712 0.3841
vn 0.5881 -0.6629 0.4635
vn 0.5296 -0.7393 0.4159
vn 0.8023 0.4159 0.4281
vn 0.8277 0.3447 0.4428
vn 0.7971 0.4384 0.4152
vn 0.8364 0.3328 0.4354
vn 0.8295 -0.3572 0.4293
vn 0.7761 -0.4762 0.4134
vn 0.8439 -0.3548 0.4024
vn 0.8157 -0.4295 0.3874
vn 0.2738 -0.9469 0.1687
vn 0.4172 -0.8649 0.2791
vn 0.4621 -0.8641 0.1993
vn 0.4009 -0.9050 0.1421
vn 0.2894 -0.9462 0.1446
vn 0.3717 -0.9002 0.2268
vn 0.3947 -0.8859 0.2436
vn 0.5637 0.7909 0.2380
vn 0.7331 0.6182 0.2834
vn 0.6239 0.7416 0.2466
vn 0.7097 0.6475 0.2775
vn 0.5494 -0.8072 0.2157
vn 0.7259 -0.6258 0.2853
vn 0.6788 -0.7156 0.1651
vn 0.6353 -0.7385 0.2260
vn 0.6927 -0.6757 0.2521
vn 0.2613 0.9628 0.0688
vn 0.4791 0.8742 0.0793
vn 0.4366 0.8867 0.1522
vn 0.3833 0.9105 0.1549
vn 0.2582 0.9613 0.0956
vn 0.3470 0.9349 0.0744
vn 0.4063 0.9102 0.0798
vn 0.9356 -0.0121 0.3528
vn 0.9142 0.0862 0.3960
vn 0.9619 0.0861 0.2595
vn 0.9814 -0.0055 0.1921
vn 0.9705 -0.0393 0.2379
vn 0.9300 -0.0026 0.3675
vn 0.9300 0.0397 0.3653
vn 0.9440 0.2317 0.2348
vn 0.8782 0.4065 0.2520
vn 0.8993 0.4073 0.1594
vn 0.9194 0.3711 0.1304
vn 0.9035 0.3517 0.2448
vn 0.8889 0.3917 0.2374
vn 0.7979 0.5871 0.1368
vn 0.6228 0.7767 0.0943
vn 0.6413 0.7673 -0.0020
vn 0.6222 0.7814 -0.0483
vn 0.7270 0.6837 -0.0628
vn 0.7932 0.6049 -0.0702
vn 0.7675 0.6410 -0.0011
vn 0.7252 0.6812 0.1001
vn 0.7000 0.7078 0.0950
vn 0.8680 -0.4858 0.1026
vn 0.9419 -0.2678 0.2028
vn 0.9613 -0.2679 0.0636
vn 0.9340 -0.3571 0.0069
vn 0.8820 -0.4710 0.0128
vn 0.8986 -0.4104 0.1553
vn 0.9148 -0.3704 0.1612
vn 0.7903 -0.6023 0.1130
vn 0.6066 -0.7915 0.0747
vn 0.6793 -0.7111 0.1814
vn 0.7546 -0.6425 0.1331
vn 0.7062 -0.6973 0.1225
vn 0.9871 0.1600 -0.0057
vn 0.9853 -0.1430 -0.0930
vn 0.9891 -0.1373 0.0535
vn 0.9926 -0.0166 0.1205
vn 0.9985 -0.0023 -0.0539
vn 0.9975 -0.0466 -0.0537
vn 0.5498 0.8345 -0.0358
vn 0.2758 0.9612 -0.0014
vn 0.2958 0.9544 -0.0396
vn 0.4166 0.9057 -0.0777
vn 0.4815 0.8763 -0.0175
vn 0.4259 0.9045 -0.0226
vn 0.7933 -0.5948 -0.1296
vn 0.6459 -0.7557 -0.1087
vn 0.7475 -0.6528 -0.1225
vn 0.6912 -0.7128 -0.1191
vn 0.9288 -0.3133 -0.1979
vn 0.8335 -0.5401 -0.1163
vn 0.9156 -0.3996 -0.0445
vn 0.9393 -0.3301 -0.0937
vn 0.9123 -0.3766 -0.1607
vn 0.8836 -0.4427 -0.1525
vn 0.2138 0.9727 -0.0906
vn 0.4735 0.8358 -0.2779
vn 0.4547 0.8797 -0.1395
vn 0.4757 0.8729 -0.1080
vn 0.3520 0.9323 -0.0831
vn 0.3287 0.9318 -0.1539
vn 0.3760 0.9075 -0.1871
vn 0.8298 0.4943 -0.2590
vn 0.9215 0.2849 -0.2641
vn 0.9033 0.4097 -0.1272
vn 0.8668 0.4810 -0.1318
vn 0.8731 0.4093 -0.2650
vn 0.8886 0.3679 -0.2740
vn 0.9183 0.0743 -0.3888
vn 0.9405 -0.1273 -0.3152
vn 0.9392 0.0185 -0.3428
vn 0.9375 -0.0522 -0.3440
vn 0.8849 -0.3747 -0.2767
vn 0.8639 -0.3184 -0.3903
vn 0.7755 -0.4617 -0.4307
vn 0.8442 -0.3967 -0.3604
vn 0.8759 -0.3732 -0.3058
vn 0.8976 -0.3111 -0.3124
vn 0.7132 -0.5838 -0.3880
vn 0.5753 -0.7555 -0.3136
vn 0.6794 -0.6454 -0.3490
vn 0.6305 -0.7080 -0.3181
vn 0.5910 0.6766 -0.4393
vn 0.6651 0.6190 -0.4177
vn 0.6307 0.7033 -0.3281
vn 0.6409 0.6596 -0.3926
vn 0.5909 0.6885 -0.4205
vn 0.6183 0.6449 -0.4492
vn 0.6942 0.4692 -0.5459
vn 0.7523 0.4095 -0.5160
vn 0.7307 0.4264 -0.5332
vn 0.7555 0.3532 -0.5518
vn 0.1700 0.9634 -0.2071
vn 0.3445 0.8434 -0.4122
vn 0.2389 0.9333 -0.2680
vn 0.3215 0.8728 -0.3672
vn 0.7398 -0.0153 -0.6726
vn 0.7130 -0.1041 -0.6934
vn 0.7561 0.0513 -0.6525
vn 0.7558 -0.0299 -0.6541
vn 0.7424 -0.3226 -0.5871
vn 0.6563 -0.4581 -0.5995
vn 0.7471 -0.4363 -0.5015
vn 0.7622 -0.4426 -0.4725
vn 0.7063 -0.3314 -0.6255
vn 0.6935 -0.3777 -0.6136
vn 0.3487 -0.8560 -0.3816
vn 0.1777 -0.9650 -0.1928
vn 0.3640 -0.9012 -0.2353
vn 0.4467 -0.8448 -0.2945
vn 0.3155 -0.8851 -0.3422
vn 0.3015 -0.8980 -0.3204
vn 0.0329 -0.9920 -0.1217
vn -0.1093 -0.9790 0.1723
vn -0.1411 -0.9724 0.1856
vn -0.0519 -0.9980 0.0360
vn 0.0403 -0.9988 -0.0278
vn 0.0611 -0.9977 -0.0282
vn 0.0462 -0.9923 -0.1147
vn 0.0197 -0.9995 -0.0235
vn 0.4326 -0.7374 -0.5187
vn 0.5516 -0.6487 -0.5244
vn 0.4408 -0.6450 -0.6242
vn 0.4248 -0.5971 -0.6805
vn 0.4830 -0.7280 -0.4866
vn 0.5116 -0.6921 -0.5093
vn 0.3669 0.8302 -0.4196
vn 0.5016 0.6804 -0.5343
vn 0.4301 0.7588 -0.4892
vn 0.4863 0.6866 -0.5404
vn 0.5492 0.3856 -0.7415
vn 0.5805 0.3480 -0.7361
vn 0.5458 0.4185 -0.7259
vn 0.5602 0.3710 -0.7407
vn 0.5165 -0.2817 -0.8086
vn 0.4462 -0.4616 -0.7667
vn 0.4625 -0.3567 -0.8117
vn 0.4441 -0.4258 -0.7883
vn -0.0179 0.9880 0.1535
vn 0.0234 0.9358 -0.3518
vn 0.0729 0.9922 -0.1009
vn 0.0306 0.9990 -0.0316
vn -0.0643 0.9901 0.1252
vn -0.0451 0.9910 0.1259
vn 0.0124 0.9997 0.0217
vn 0.0137 0.9997 -0.0180
vn 0.4381 0.1882 -0.8790
vn 0.3480 0.6672 -0.6586
vn 0.3214 0.7132 -0.6229
vn 0.3518 0.6510 -0.6727
vn 0.4595 -0.0409 -0.8872
vn 0.5499 0.0007 -0.8352
vn 0.4354 0.0219 -0.9000
vn 0.3618 0.1142 -0.9252
vn 0.5244 -0.0337 -0.8508
vn 0.5246 0.0174 -0.8512
vn 0.3369 0.3916 -0.8562
vn 0.3615 0.2548 -0.8969
vn 0.3490 0.4187 -0.8384
vn 0.3618 0.3420 -0.8673
vn 0.2059 -0.7302 -0.6515
vn 0.2794 -0.7362 -0.6164
vn 0.3949 -0.5877 -0.7062
vn 0.3084 -0.6912 -0.6535
vn 0.2305 -0.7085 -0.6670
vn 0.2200 -0.7470 -0.6273
vn 0.1021 -0.8737 -0.4757
vn 0.0212 -0.9891 -0.1455
vn 0.0996 -0.8966 -0.4316
vn 0.0835 -0.9172 -0.3896
vn 0.2009 0.8770 -0.4365
vn 0.0946 0.9707 -0.2210
vn 0.0457 0.9051 -0.4227
vn 0.0394 0.9058 -0.4219
vn 0.0794 0.8845 -0.4597
vn 0.1569 0.8960 -0.4154
vn 0.1318 0.9215 -0.3653
vn 0.2302 0.6381 -0.7347
vn 0.0904 0.8077 -0.5827
vn 0.0110 0.7054 -0.7088
vn 0.0865 0.6559 -0.7499
vn 0.1863 0.6675 -0.7210
vn 0.1785 0.7020 -0.6895
vn 0.1883 0.0941 -0.9776
vn 0.2347 -0.0321 -0.9715
vn 0.3303 0.1164 -0.9367
vn 0.2982 0.0925 -0.9500
vn 0.2010 0.0398 -0.9788
vn 0.1992 -0.0030 -0.9799
vn 0.1046 -0.3401 -0.9345
vn 0.1233 -0.4998 -0.8573
vn 0.1296 -0.3724 -0.9190
vn 0.1283 -0.4093 -0.9033
vn 0.1630 0.3050 -0.9383
vn 0.0826 0.5290 -0.8446
vn -0.0257 0.3558 -0.9342
vn 0.0280 0.3011 -0.9532
vn 0.1371 0.3494 -0.9269
vn 0.1334 0.3950 -0.9089
vn 0.0613 -0.8088 -0.5849
vn 0.0963 -0.5508 -0.8291
vn 0.0016 -0.6618 -0.7496
vn 0.0462 -0.7275 -0.6845
vn 0.0565 -0.6293 -0.7751
vn -0.0204 -0.9942 0.1054
vn 0.0317 -0.9937 -0.1074
vn -0.0267 -0.9979 -0.0589
vn -0.0093 -0.9998 -0.0162
vn -0.0045 -0.9903 0.1388
vn 0.0008 -0.9989 -0.0469
vn 0.0203 -0.9932 -0.1143
vn 0.0566 0.9665 0.2503
vn -0.0424 0.9852 -0.1661
vn 0.0234 0.9962 0.0841
vn -0.0169 0.9971 -0.0736
vn -0.0490 0.1175 -0.9919
vn -0.0507 0.0900 -0.9947
vn -0.0388 0.0415 -0.9984
vn -0.0376 -0.0330 -0.9987
vn -0.1266 -0.6846 -0.7178
vn -0.1292 -0.5119 -0.8493
vn -0.0386 -0.4754 -0.8789
vn -0.0117 -0.6493 -0.7604
vn -0.0208 -0.6769 -0.7358
vn -0.1415 -0.6410 -0.7543
vn -0.1331 -0.6732 -0.7274
vn -0.1647 0.5187 -0.8389
vn -0.2462 0.3931 -0.8859
vn -0.1008 0.3921 -0.9144
vn -0.0579 0.3737 -0.9257
vn -0.2027 0.4455 -0.8720
vn -0.2176 0.3919 -0.8939
vn -0.1774 -0.4129 -0.8933
vn -0.2413 -0.3747 -0.8952
vn -0.2130 -0.3337 -0.9183
vn -0.2066 -0.4063 -0.8901
vn -0.1399 -0.9067 -0.3979
vn -0.0760 -0.9562 -0.2826
vn -0.1405 -0.9077 -0.3954
vn -0.1179 -0.9268 -0.3566
vn -0.3622 0.0005 -0.9321
vn -0.3417 0.0091 -0.9398
vn -0.3369 0.0083 -0.9415
vn -0.3348 -0.0272 -0.9419
vn -0.3437 -0.6329 -0.6938
vn -0.5055 -0.3567 -0.7857
vn -0.3549 -0.6725 -0.6495
vn -0.3270 -0.7377 -0.5907
vn -0.1776 0.9724 -0.1510
vn -0.3627 0.8651 -0.3465
vn -0.2576 0.8721 -0.4160
vn -0.1884 0.9135 -0.3606
vn -0.2167 0.9081 -0.3584
vn -0.2666 0.9205 -0.2858
vn -0.2974 0.9030 -0.3101
vn -0.4355 0.5334 -0.7252
vn -0.4606 0.4300 -0.7765
vn -0.4716 0.4374 -0.7657
vn -0.4925 0.3549 -0.7946
vn -0.4634 -0.4853 -0.7415
vn -0.4097 -0.3823 -0.8283
vn -0.5111 -0.3739 -0.7739
vn -0.5624 -0.3474 -0.7504
vn -0.4267 -0.4178 -0.8021
vn -0.4351 -0.3762 -0.8180
vn -0.6213 -0.0904 -0.7783
vn -0.6154 -0.1219 -0.7787
vn -0.6207 0.0102 -0.7840
vn -0.6227 -0.0230 -0.7821
vn -0.1864 0.9312 -0.3132
vn 0.1083 0.9876 0.1134
vn 0.1140 0.9894 0.0895
vn -0.0528 0.9985 -0.0130
vn -0.1217 0.9906 -0.0618
vn -0.0311 0.9995 -0.0040
vn 0.0071 0.9979 0.0638
vn -0.7116 -0.4004 -0.5774
vn -0.6625 -0.3741 -0.6490
vn -0.6041 -0.3462 -0.7178
vn -0.6096 -0.3162 -0.7269
vn -0.6315 -0.3786 -0.6766
vn -0.7076 -0.3612 -0.6073
vn -0.6938 -0.4022 -0.5974
vn -0.3668 -0.8730 -0.3215
vn -0.1069 -0.9884 -0.1078
vn -0.3111 -0.9123 -0.2665
vn -0.2666 -0.9376 -0.2230
vn -0.0210 -0.9998 0.0035
vn 0.1329 -0.9882 0.0766
vn 0.1459 -0.9837 0.1051
vn -0.0258 -0.9994 -0.0234
vn 0.0159 -0.9994 -0.0298
vn -0.1083 -0.9930 -0.0480
vn -0.0339 -0.9991 -0.0235
vn -0.6706 0.5073 -0.5413
vn -0.6827 0.4135 -0.6024
vn -0.6884 0.4401 -0.5766
vn -0.7030 0.3934 -0.5925
vn -0.5971 -0.6509 -0.4688
vn -0.4465 -0.8120 -0.3759
vn -0.5442 -0.7015 -0.4601
vn -0.5089 -0.7444 -0.4323
vn -0.8408 -0.0484 -0.5392
vn -0.8361 0.0225 -0.5482
vn -0.8277 0.0165 -0.5609
vn -0.8290 -0.0124 -0.5591
vn -0.2341 0.9642 -0.1244
vn -0.4962 0.8429 -0.2081
vn -0.3115 0.9379 -0.1530
vn -0.4261 0.8805 -0.2077
vn -0.5800 0.7419 -0.3365
vn -0.6686 0.6696 -0.3234
vn -0.6104 0.6710 -0.4209
vn -0.6077 0.6547 -0.4495
vn -0.6290 0.7087 -0.3194
vn -0.6559 0.6785 -0.3309
vn -0.8212 -0.4355 -0.3687
vn -0.8577 -0.2738 -0.4351
vn -0.8519 -0.3480 -0.3914
vn -0.8249 -0.4212 -0.3769
vn -0.8329 0.4533 -0.3175
vn -0.8315 0.4331 -0.3479
vn -0.8371 0.4231 -0.3468
vn -0.8552 0.3785 -0.3540
vn -0.6561 -0.7201 -0.2257
vn -0.7368 -0.5991 -0.3132
vn -0.6837 -0.6871 -0.2459
vn -0.6443 -0.7307 -0.2258
vn -0.9679 -0.0776 -0.2390
vn -0.9588 0.1319 -0.2517
vn -0.9693 0.0134 -0.2455
vn -0.9690 -0.0112 -0.2470
vn -0.4275 -0.8987 -0.0980
vn 0.1251 -0.9882 0.0882
vn -0.4388 -0.8919 -0.1099
vn -0.3637 -0.9268 -0.0932
vn -0.8964 0.4001 -0.1905
vn -0.7157 0.6821 -0.1500
vn -0.6653 0.7348 -0.1324
vn -0.7252 0.6740 -0.1409
vn 0.1488 -0.9886 0.0220
vn -0.1232 -0.9915 -0.0426
vn -0.0660 -0.9975 0.0268
vn -0.0267 -0.9996 0.0086
vn 0.1747 -0.9846 0.0030
vn -0.0423 -0.9991 0.0004
vn -0.1050 -0.9943 -0.0203
vn -0.4458 0.8916 -0.0787
vn -0.2936 0.9550 -0.0418
vn -0.2986 0.9543 0.0108
vn -0.4038 0.9122 0.0693
vn -0.5138 0.8529 0.0920
vn -0.4401 0.8973 0.0357
vn -0.4315 0.9004 -0.0554
vn -0.4013 0.9147 -0.0481
vn -0.9196 -0.3691 -0.1348
vn -0.8864 -0.4513 -0.1032
vn -0.8984 -0.4274 -0.1011
vn -0.9289 -0.3554 -0.1038
vt 0.530533 0.625000
vt 0.501953 0.687500
vt 0.492724 0.625000
vt 0.544923 0.562500
vt 0.506428 0.562500
vt 0.577804 0.604658
vt 0.556721 0.687500
vt 0.583898 0.312500
vt 0.546864 0.375000
vt 0.515895 0.312500
vt 0.579259 0.500000
vt 0.584553 0.375000
vt 0.569391 0.437500
vt 0.600178 0.437500
vt 0.617762 0.500000
vt 0.609365 0.562500
vt 0.633688 0.625000
vt 0.627093 0.687500
vt 0.623765 0.375000
vt 0.640610 0.312500
vt 0.632123 0.437500
vt 0.663430 0.407185
vt 0.649249 0.500000
vt 0.703388 0.312500
vt 0.701171 0.375000
vt 0.695778 0.437500
vt 0.686389 0.500000
vt 0.711403 0.562500
vt 0.679688 0.562500
vt 0.739759 0.250000
vt 0.656211 0.250000
vt 0.726562 0.500000
vt 0.743061 0.625000
vt 0.703388 0.687500
vt 0.688252 0.625000
vt 0.749523 0.375000
vt 0.742190 0.437500
vt 0.764097 0.687500
vt 0.764098 0.312500
vt 0.774127 0.562500
vt 0.743109 0.562500
vt 0.797628 0.625000
vt 0.797628 0.375000
vt 0.818561 0.687500
vt 0.812682 0.312500
vt 0.853003 0.625000
vt 0.853003 0.375000
vt 0.835248 0.437500
vt 0.821124 0.500000
vt 0.794921 0.437500
vt 0.850751 0.500000
vt 0.821368 0.562500
vt 0.875675 0.562500
vt 0.873212 0.687500
vt 0.866266 0.437500
vt 0.888672 0.500000
vt 0.906219 0.750000
vt 0.851567 0.812500
vt 0.835938 0.750000
vt 0.906258 0.812500
vt 0.898438 0.437500
vt 0.899822 0.625000
vt 0.927461 0.687500
vt 0.875045 0.250000
vt 0.921861 0.312500
vt 0.867190 0.312500
vt 0.906967 0.375000
vt 0.929113 0.500000
vt 0.930743 0.562500
vt 0.966307 0.250000
vt 0.953105 0.375000
vt 0.929688 0.437500
vt 0.967639 0.500000
vt 0.968042 0.437500
vt 0.976562 0.562500
vt 0.946926 0.625000
vt 0.982692 0.687500
vt 0.975320 0.750000
vt 0.992187 0.625000
vt 0.976855 0.312500
vt 0.992188 0.375000
vt 1.000000 0.562500
vt 1.000000 0.437500
vt 0.005710 0.625000
vt 0.037311 0.687500
vt 0.000000 0.687500
vt 0.033982 0.357737
vt 0.005203 0.375000
vt 0.000000 0.312500
vt 0.039599 0.625000
vt 0.053992 0.562500
vt 0.015968 0.562500
vt 0.055686 0.250000
vt 0.070314 0.312500
vt 0.046885 0.437500
vt 0.062515 0.500000
vt 0.013672 0.500000
vt 0.085146 0.625000
vt 0.076890 0.375000
vt 0.085472 0.562500
vt 0.093732 0.687500
vt 0.093735 0.437500
vt 0.124053 0.562500
vt 0.123048 0.750000
vt 0.052332 0.750000
vt 0.131152 0.375000
vt 0.138673 0.625000
vt 0.148436 0.687500
vt 0.156240 0.500000
vt 0.164063 0.562500
vt 0.179688 0.625000
vt 0.187821 0.312500
vt 0.179688 0.375000
vt 0.194966 0.528129
vt 0.195312 0.687500
vt 0.196368 0.437500
vt 0.241133 0.562500
vt 0.228792 0.625000
vt 0.233539 0.500000
vt 0.255779 0.312500
vt 0.227354 0.375000
vt 0.248732 0.437500
vt 0.274012 0.500000
vt 0.273768 0.375000
vt 0.288597 0.562500
vt 0.274822 0.625000
vt 0.296862 0.437500
vt 0.321002 0.562500
vt 0.313236 0.625000
vt 0.334553 0.500000
vt 0.304687 0.500000
vt 0.350506 0.375000
vt 0.345704 0.437500
vt 0.313218 0.375000
vt 0.365803 0.500000
vt 0.352484 0.562500
vt 0.391628 0.562500
vt 0.359886 0.625000
vt 0.375243 0.312500
vt 0.388673 0.375000
vt 0.404297 0.500000
vt 0.391570 0.437500
vt 0.430153 0.437500
vt 0.444738 0.500000
vt 0.431072 0.562500
vt 0.477137 0.500000
vt 0.468760 0.562500
vt 0.524432 0.750000
vt 0.453151 0.750000
vt 0.508159 0.471871
vt 0.469697 0.437500
vt 0.538373 0.437500
vt 0.501235 0.375000
vt 0.540447 0.500000
vt 0.586932 0.250000
vt 0.648438 0.562500
vt 0.639784 0.875000
vt 0.665447 0.937500
vt 0.626004 0.937500
vt 0.759197 0.500000
vt 0.790447 0.500000
vt 0.811663 0.250000
vt 1.000000 0.500000
vt 0.000000 0.750000
vt 0.008624 0.250000
vt 0.007812 0.187500
vt 0.054685 0.187500
vt 0.008502 0.437500
vt 0.111328 0.500000
vt 0.125182 0.312500
vt 0.142577 0.437500
vt 0.249667 0.687500
vt 0.310547 0.687500
vt 0.310817 0.312500
vt 0.367030 0.687500
vt 0.319070 0.250000
vt 0.408203 0.625000
vt 0.439525 0.687500
vt 0.444738 0.375000
vt 0.447539 0.312500
vt 0.454589 0.625000
vt 0.517392 0.203916
vt 0.518767 0.193886
vt 0.516759 0.177478
vt 0.511890 0.161808
vt 0.526614 0.173098
vt 0.527553 0.187500
vt 0.519524 0.084182
vt 0.524478 0.070920
vt 0.526660 0.054106
vt 0.525496 0.040125
vt 0.535620 0.055058
vt 0.535840 0.062500
vt 0.533324 0.083048
vt 0.533161 0.145941
vt 0.535291 0.133051
vt 0.542903 0.125000
vt 0.536062 0.118775
vt 0.535267 0.106938
vt 0.556965 0.901492
vt 0.560967 0.885562
vt 0.557884 0.867638
vt 0.548690 0.853936
vt 0.573456 0.854595
vt 0.575887 0.875000
vt 0.574722 0.890473
vt 0.559877 0.980039
vt 0.563555 0.987074
vt 0.562881 0.993738
vt 0.558818 0.978013
vt 0.574026 0.984688
vt 0.574949 0.998218
vt 0.570312 1.000000
vt 0.603036 0.734356
vt 0.603780 0.743990
vt 0.614015 0.764885
vt 0.631029 0.790988
vt 0.591585 0.762672
vt 0.590897 0.750000
vt 0.591188 0.743770
vt 0.610884 0.160115
vt 0.605302 0.176861
vt 0.606970 0.195649
vt 0.615372 0.209220
vt 0.591518 0.208140
vt 0.589368 0.187500
vt 0.590272 0.173514
vt 0.579794 0.960908
vt 0.581985 0.946720
vt 0.590386 0.937500
vt 0.582294 0.931365
vt 0.590385 0.937500
vt 0.580637 0.918958
vt 0.653023 0.797753
vt 0.647922 0.806909
vt 0.643834 0.820721
vt 0.641787 0.833852
vt 0.638396 0.812500
vt 0.638682 0.807109
vt 0.624037 0.000000
vt 0.624031 0.000000
vt 0.618117 0.000000
vt 0.624691 0.010515
vt 0.623047 0.000000
vt 0.626805 0.024039
vt 0.632816 0.101921
vt 0.633929 0.116110
vt 0.636818 0.132454
vt 0.640724 0.144624
vt 0.628534 0.131856
vt 0.628113 0.125000
vt 0.657410 0.208995
vt 0.656318 0.195851
vt 0.652548 0.177523
vt 0.647039 0.161011
vt 0.662374 0.180229
vt 0.662450 0.187500
vt 0.696625 0.038950
vt 0.692385 0.053410
vt 0.690027 0.070633
vt 0.690196 0.084203
vt 0.682568 0.062500
vt 0.683780 0.047668
vt 0.709891 0.855893
vt 0.706737 0.867563
vt 0.697943 0.875000
vt 0.705362 0.880340
vt 0.697944 0.875000
vt 0.706136 0.890798
vt 0.724924 0.915117
vt 0.719920 0.928774
vt 0.720211 0.945914
vt 0.725696 0.960434
vt 0.711234 0.960345
vt 0.706257 0.944991
vt 0.706023 0.937500
vt 0.708359 0.918059
vt 0.726913 0.161943
vt 0.719967 0.177661
vt 0.717028 0.194378
vt 0.718925 0.205295
vt 0.706785 0.192241
vt 0.706525 0.187500
vt 0.707279 0.172873
vt 0.711749 1.000000
vt 0.710854 0.997226
vt 0.711452 0.977139
vt 0.716745 1.000000
vt 0.715431 1.000000
vt 0.734768 0.899364
vt 0.741437 0.884483
vt 0.744387 0.867717
vt 0.742785 0.855769
vt 0.754695 0.875000
vt 0.753539 0.891199
vt 0.754179 0.000000
vt 0.752314 0.000000
vt 0.752408 0.009489
vt 0.754701 0.023003
vt 0.745369 0.009961
vt 0.745179 0.000000
vt 0.748890 0.000000
vt 0.739649 0.794472
vt 0.755819 0.767246
vt 0.766888 0.740991
vt 0.769724 0.727523
vt 0.776341 0.744763
vt 0.776587 0.750000
vt 0.776223 0.760301
vt 0.758546 0.204868
vt 0.761260 0.194186
vt 0.761538 0.178316
vt 0.759295 0.163198
vt 0.770098 0.180248
vt 0.770183 0.187500
vt 0.792854 0.837702
vt 0.793093 0.822204
vt 0.791546 0.805582
vt 0.788642 0.794298
vt 0.799267 0.806250
vt 0.799598 0.812500
vt 0.799573 0.818872
vt 0.790952 0.145260
vt 0.794940 0.132866
vt 0.793769 0.116492
vt 0.787765 0.102403
vt 0.805819 0.106607
vt 0.807724 0.125000
vt 0.806164 0.142410
vt 0.800618 0.960603
vt 0.801307 0.946398
vt 0.800492 0.929241
vt 0.798393 0.915577
vt 0.807788 0.929460
vt 0.808217 0.937500
vt 0.858669 0.100124
vt 0.855896 0.115314
vt 0.846866 0.125000
vt 0.855427 0.131940
vt 0.857388 0.145547
vt 0.879514 0.159228
vt 0.874514 0.176601
vt 0.871407 0.195437
vt 0.871037 0.208096
vt 0.864715 0.187500
vt 0.865445 0.174402
vt 0.897011 0.853291
vt 0.896187 0.866626
vt 0.898947 0.883791
vt 0.904556 0.898290
vt 0.889491 0.893912
vt 0.887393 0.875000
vt 0.887764 0.868328
vt 0.886501 0.915675
vt 0.885748 0.928989
vt 0.878591 0.937500
vt 0.886689 0.943539
vt 0.878591 0.937500
vt 0.889073 0.955426
vt 0.913207 0.207920
vt 0.920016 0.195372
vt 0.920183 0.178004
vt 0.913685 0.162591
vt 0.933800 0.167636
vt 0.935824 0.187500
vt 0.935421 0.194179
vt 0.936022 0.146352
vt 0.936763 0.133204
vt 0.942953 0.125000
vt 0.936558 0.118633
vt 0.935461 0.106546
vt 0.964390 0.792342
vt 0.963492 0.804742
vt 0.966312 0.821465
vt 0.972184 0.836958
vt 0.955299 0.824105
vt 0.954777 0.812500
vt 0.955049 0.807619
vt 0.945513 1.000000
vt 0.947905 1.000000
vt 0.946984 0.995319
vt 0.942611 0.977585
vt 0.955617 0.983020
vt 0.956661 1.000000
vt 0.953115 1.000000
vt 0.958846 0.961097
vt 0.959423 0.946587
vt 0.957564 0.929244
vt 0.953768 0.915606
vt 0.965798 0.929840
vt 0.966559 0.937500
vt 0.978944 0.900868
vt 0.983360 0.886584
vt 0.984241 0.872731
vt 0.981280 0.863550
vt 0.991789 0.867573
vt 0.990682 0.875000
vt 0.990934 0.878828
vt 0.991304 0.884443
vt 0.992197 0.898005
vt 0.982034 0.085339
vt 0.982081 0.071942
vt 0.978461 0.055097
vt 0.972847 0.041725
vt 0.985920 0.049953
vt 0.984694 0.062500
vt 0.985910 0.067466
vt 0.980273 0.100458
vt 0.979041 0.115528
vt 0.972714 0.125000
vt 0.978535 0.132159
vt 0.972714 0.125000
vt 0.978889 0.145895
vt 0.005447 0.000000
vt 0.006389 0.000000
vt 0.008680 0.008928
vt 0.011890 0.022540
vt 0.004178 0.012717
vt 0.005245 0.000000
vt 0.996138 0.838404
vt 0.997051 0.823367
vt 0.995394 0.805960
vt 0.991896 0.795107
vt 1.000000 0.812500
vt 0.034798 0.039143
vt 0.029170 0.053514
vt 0.025040 0.070873
vt 0.023524 0.084913
vt 0.020684 0.062500
vt 0.020380 0.051340
vt 0.055191 0.788996
vt 0.058207 0.803305
vt 0.065015 0.823612
vt 0.073879 0.841550
vt 0.055683 0.833797
vt 0.053620 0.817315
vt 0.052506 0.812500
vt 0.048513 0.915267
vt 0.047566 0.928928
vt 0.047698 0.946800
vt 0.048884 0.962075
vt 0.041789 0.937500
vt 0.042732 0.931316
vt 0.048862 0.085341
vt 0.055634 0.071287
vt 0.059577 0.054151
vt 0.059704 0.039595
vt 0.068422 0.062500
vt 0.066838 0.078946
vt 0.105828 0.854673
vt 0.099403 0.867203
vt 0.095681 0.883895
vt 0.095576 0.898988
vt 0.087098 0.875000
vt 0.087528 0.867351
vt 0.112653 0.037660
vt 0.112442 0.052725
vt 0.114204 0.070341
vt 0.117464 0.082826
vt 0.105843 0.070695
vt 0.105402 0.062500
vt 0.128051 0.161292
vt 0.127395 0.177263
vt 0.128476 0.193119
vt 0.130947 0.201995
vt 0.120617 0.187500
vt 0.120646 0.181896
vt 0.211623 0.188949
vt 0.182380 0.225925
vt 0.163429 0.259400
vt 0.159911 0.271492
vt 0.147044 0.259133
vt 0.146850 0.253057
vt 0.146689 0.250000
vt 0.147109 0.241081
vt 0.129810 0.146039
vt 0.129913 0.133205
vt 0.127688 0.115917
vt 0.123679 0.101129
vt 0.136688 0.116478
vt 0.136935 0.125000
vt 0.202491 0.734907
vt 0.198181 0.744191
vt 0.201174 0.765293
vt 0.210650 0.791542
vt 0.183336 0.754921
vt 0.183368 0.750000
vt 0.183633 0.743854
vt 0.190023 0.729658
vt 0.169376 0.022241
vt 0.169665 0.009046
vt 0.167361 0.000000
vt 0.163494 0.000000
vt 0.171863 0.000000
vt 0.176276 0.000000
vt 0.204176 0.100418
vt 0.197430 0.115518
vt 0.194470 0.132300
vt 0.196128 0.144225
vt 0.184038 0.125000
vt 0.184467 0.113820
vt 0.193799 0.844557
vt 0.205103 0.825270
vt 0.211237 0.805823
vt 0.210527 0.795389
vt 0.222575 0.808831
vt 0.222841 0.812500
vt 0.220547 0.832292
vt 0.209886 0.900095
vt 0.217287 0.884729
vt 0.222073 0.866999
vt 0.222900 0.853866
vt 0.229820 0.875000
vt 0.228092 0.893709
vt 0.219966 0.000000
vt 0.216512 0.000000
vt 0.215389 0.009306
vt 0.217290 0.021911
vt 0.207098 0.000000
vt 0.211512 0.000000
vt 0.226088 0.961298
vt 0.230122 0.946768
vt 0.232099 0.929064
vt 0.231481 0.915116
vt 0.239965 0.937500
vt 0.238910 0.951771
vt 0.223418 0.144026
vt 0.225659 0.132339
vt 0.232646 0.125000
vt 0.227252 0.119435
vt 0.232646 0.125000
vt 0.227769 0.108771
vt 0.235490 0.265532
vt 0.238319 0.256125
vt 0.230378 0.233470
vt 0.213863 0.199600
vt 0.255402 0.245328
vt 0.255364 0.250000
vt 0.252850 0.272046
vt 0.276733 0.099764
vt 0.273752 0.114868
vt 0.274664 0.132200
vt 0.279223 0.143533
vt 0.263178 0.130047
vt 0.262881 0.125000
vt 0.263005 0.117778
vt 0.281878 0.913269
vt 0.283573 0.928106
vt 0.287086 0.946379
vt 0.291464 0.961122
vt 0.278649 0.946607
vt 0.278288 0.937500
vt 0.359959 0.795178
vt 0.357713 0.805722
vt 0.359901 0.822947
vt 0.365960 0.840755
vt 0.347900 0.825366
vt 0.347168 0.812500
vt 0.347460 0.808383
vt 0.333841 0.084018
vt 0.333717 0.070933
vt 0.330295 0.053749
vt 0.324464 0.039384
vt 0.341009 0.049887
vt 0.341776 0.062500
vt 0.359737 0.795637
vt 0.370248 0.767691
vt 0.376765 0.742211
vt 0.377569 0.730637
vt 0.385712 0.745782
vt 0.385928 0.750000
vt 0.385934 0.755577
vt 0.386222 0.038573
vt 0.381261 0.053069
vt 0.378985 0.070353
vt 0.380017 0.083058
vt 0.370402 0.068638
vt 0.370093 0.062500
vt 0.371003 0.048261
vt 0.450627 0.197646
vt 0.426000 0.229748
vt 0.411020 0.258663
vt 0.409819 0.269353
vt 0.394857 0.259708
vt 0.394356 0.250000
vt 0.396228 0.232245
vt 0.424344 0.852966
vt 0.424130 0.866497
vt 0.425569 0.884105
vt 0.428309 0.898985
vt 0.417919 0.883452
vt 0.417686 0.875000
vt 0.488718 0.264583
vt 0.490345 0.255641
vt 0.482441 0.234727
vt 0.467109 0.209502
vt 0.504838 0.239759
vt 0.505360 0.250000
vt 0.504605 0.264316
vt 0.488149 0.843312
vt 0.494897 0.824656
vt 0.496032 0.805531
vt 0.491292 0.794735
vt 0.509291 0.800216
vt 0.509994 0.812500
vt 0.510034 0.816737
vt 0.508382 0.828689
vt 0.516952 0.979053
vt 0.516543 1.000000
vt 0.516544 0.000000
vt 0.562639 0.000000
vt 0.561722 0.008842
vt 0.516347 0.007986
vt 0.556242 0.022330
vt 0.516085 0.021520
vt 0.624166 0.976341
vt 0.672037 0.977129
vt 0.671909 1.000000
vt 0.624031 1.000000
vt 0.671909 0.000000
vt 0.671880 0.008086
vt 0.625046 0.009246
vt 0.671790 0.022197
vt 0.626805 0.024039
vt 0.710508 0.000000
vt 0.707442 0.008488
vt 0.703187 0.022050
vt 0.754297 0.977139
vt 0.794924 0.977917
vt 0.795795 1.000000
vt 0.752314 1.000000
vt 0.795789 0.000000
vt 0.796051 0.008030
vt 0.796377 0.021911
vt 0.842787 0.976664
vt 0.842675 1.000000
vt 0.842675 0.000000
vt 0.843124 0.007459
vt 0.843594 0.020335
vt 0.899106 0.978231
vt 0.898589 1.000000
vt 0.898595 0.000000
vt 0.898483 0.006535
vt 0.898334 0.018938
vt 0.946839 0.000000
vt 0.947891 0.008649
vt 0.945478 0.021698
vt 0.006185 0.977124
vt 0.054022 0.977202
vt 0.053637 1.000000
vt 0.006389 1.000000
vt 0.053643 0.000000
vt 0.053199 0.008047
vt 0.052746 0.021845
vt 0.115747 0.979327
vt 0.116147 1.000000
vt 0.116147 0.000000
vt 0.116483 0.008267
vt 0.116875 0.022569
vt 0.163435 0.977734
vt 0.167361 1.000000
vt 0.219953 0.977587
vt 0.252384 0.978296
vt 0.252093 1.000000
vt 0.216512 1.000000
vt 0.252090 0.000000
vt 0.252106 0.007435
vt 0.252147 0.020762
vt 0.304960 0.979380
vt 0.304727 1.000000
vt 0.304727 0.000000
vt 0.304480 0.008022
vt 0.304177 0.021647
vt 0.356448 0.978881
vt 0.357191 1.000000
vt 0.357188 0.000000
vt 0.357265 0.008223
vt 0.357358 0.022217
vt 0.404803 0.978698
vt 0.404511 1.000000
vt 0.404510 0.000000
vt 0.405031 0.007397
vt 0.405621 0.020466
vt 0.459920 0.979652
vt 0.459903 1.000000
vt 0.459904 0.000000
vt 0.459675 0.007161
vt 0.459412 0.020083
vt 0.483869 0.040648
vt 0.484566 0.054469
vt 0.485088 0.070556
vt 0.485252 0.084310
vt 0.727408 0.039668
vt 0.727038 0.053966
vt 0.726679 0.070503
vt 0.726421 0.084468
vt 0.765176 0.039737
vt 0.765055 0.054148
vt 0.765115 0.070863
vt 0.765382 0.084916
vt 0.813179 0.040455
vt 0.812352 0.054176
vt 0.810850 0.071103
vt 0.809048 0.085336
vt 0.870343 0.042278
vt 0.870009 0.055075
vt 0.869998 0.069816
vt 0.870381 0.082358
vt 0.929763 0.041982
vt 0.930333 0.054972
vt 0.930645 0.070517
vt 0.930487 0.084192
vt 0.164257 0.039979
vt 0.164545 0.053952
vt 0.164833 0.069249
vt 0.164968 0.082485
vt 0.228676 0.041006
vt 0.228357 0.054473
vt 0.228052 0.070327
vt 0.227885 0.083784
vt 0.289300 0.040732
vt 0.289764 0.054494
vt 0.289999 0.069394
vt 0.289993 0.081741
vt 0.431001 0.041780
vt 0.430756 0.054939
vt 0.430688 0.070079
vt 0.430789 0.083305
vt 0.497630 0.101388
vt 0.535366 0.100575
vt 0.536103 0.115610
vt 0.497803 0.116080
vt 0.535291 0.133051
vt 0.497994 0.132229
vt 0.498122 0.144876
vt 0.696082 0.101037
vt 0.695733 0.116053
vt 0.695474 0.132368
vt 0.695494 0.146276
vt 0.749825 0.101185
vt 0.749925 0.115971
vt 0.750096 0.132632
vt 0.750235 0.145553
vt 0.891519 0.102169
vt 0.891781 0.116167
vt 0.891784 0.132623
vt 0.855443 0.133129
vt 0.891648 0.145782
vt 0.857430 0.145878
vt 0.935374 0.099792
vt 0.936537 0.115315
vt 1.001299 0.100862
vt 1.000522 0.115969
vt 0.979041 0.115528
vt 1.000628 0.132104
vt 0.979466 0.132879
vt 1.001602 0.144150
vt 0.981432 0.145415
vt 0.024170 0.101871
vt 0.076567 0.102272
vt 0.076343 0.116327
vt 0.023861 0.116218
vt 0.076025 0.132275
vt 0.023266 0.132080
vt 0.075841 0.146281
vt 0.023986 0.146582
vt 0.227966 0.100418
vt 0.227332 0.115518
vt 0.225659 0.132339
vt 0.327599 0.102440
vt 0.327684 0.116603
vt 0.327382 0.131956
vt 0.326895 0.144923
vt 0.390223 0.102220
vt 0.390254 0.116068
vt 0.390241 0.133569
vt 0.390309 0.147708
vt 0.444130 0.101208
vt 0.444359 0.115947
vt 0.444783 0.132465
vt 0.445179 0.145704
vt 0.214145 0.161383
vt 0.213648 0.177615
vt 0.213271 0.192089
vt 0.213220 0.200283
vt 0.305762 0.162587
vt 0.306126 0.177477
vt 0.306168 0.193296
vt 0.305719 0.204676
vt 0.390074 0.161458
vt 0.390711 0.176919
vt 0.391916 0.195542
vt 0.393299 0.208996
vt 0.460845 0.163060
vt 0.460632 0.178108
vt 0.460290 0.194116
vt 0.459599 0.206356
vt 0.686461 0.731897
vt 0.686286 0.743785
vt 0.686120 0.766835
vt 0.686194 0.779851
vt 0.288778 0.733298
vt 0.288923 0.744301
vt 0.288979 0.767265
vt 0.289025 0.779012
vt 0.726347 0.795494
vt 0.726245 0.806874
vt 0.726150 0.822540
vt 0.725950 0.839352
vt 0.135269 0.791696
vt 0.135185 0.805067
vt 0.134951 0.822897
vt 0.134826 0.838293
vt 0.428142 0.793555
vt 0.428190 0.806138
vt 0.428647 0.822486
vt 0.429227 0.838015
vt 0.512722 0.853827
vt 0.514654 0.867074
vt 0.516346 0.884194
vt 0.517340 0.898356
vt 0.705259 0.884483
vt 0.705879 0.899364
vt 0.939094 0.853532
vt 0.938749 0.867480
vt 0.938923 0.884158
vt 0.939741 0.899205
vt 0.132928 0.854691
vt 0.132382 0.867310
vt 0.131796 0.884046
vt 0.131345 0.898224
vt 0.169622 0.856078
vt 0.170158 0.868289
vt 0.170758 0.884054
vt 0.171241 0.898761
vt 0.472055 0.854916
vt 0.471134 0.867585
vt 0.470360 0.883530
vt 0.470022 0.897795
vt 0.485497 0.916371
vt 0.537622 0.917156
vt 0.537631 0.930133
vt 0.485335 0.929699
vt 0.537596 0.945367
vt 0.485078 0.945472
vt 0.537558 0.958884
vt 0.484758 0.959108
vt 0.580509 0.915790
vt 0.582243 0.928949
vt 0.581985 0.946720
vt 0.763190 0.915334
vt 0.763348 0.929448
vt 0.763275 0.945959
vt 0.762964 0.960132
vt 0.924202 0.915733
vt 0.923790 0.929457
vt 0.923121 0.945688
vt 0.886739 0.946828
vt 0.922382 0.959578
vt 0.889220 0.961420
vt 0.101292 0.915604
vt 0.101312 0.929354
vt 0.101495 0.945745
vt 0.101726 0.959566
vt 0.148127 0.915711
vt 0.148053 0.929434
vt 0.147743 0.945667
vt 0.147296 0.959398
vt 0.187276 0.915902
vt 0.187273 0.929583
vt 0.187324 0.945997
vt 0.187398 0.960271
vt 0.335800 0.914835
vt 0.336328 0.928968
vt 0.336573 0.945540
vt 0.336494 0.959102
vt 0.389972 0.915071
vt 0.389595 0.929292
vt 0.389236 0.945846
vt 0.388900 0.959741
vt 0.437259 0.916659
vt 0.437525 0.929832
vt 0.438014 0.945473
vt 0.438554 0.958938
vt 0.578105 0.125000
vt 0.572753 0.019566
vt 0.578107 0.062500
vt 0.578140 0.812500
vt 0.575309 0.000000
vt 0.632818 0.062500
vt 0.618050 1.000000
vt 0.715481 0.015503
vt 0.789393 0.875000
vt 0.744211 0.992294
vt 0.743895 1.000000
vt 0.716745 0.000000
vt 0.814288 0.187500
vt 0.838167 0.875000
vt 0.843075 0.937500
vt 0.957677 0.009029
vt 0.989714 0.187500
vt 0.986712 0.000000
vt 0.989245 0.015933
vt 0.957205 0.000000
vt 0.992265 0.977124
vt 0.986712 1.000000
vt 0.994798 0.937500
vt 0.010508 0.838404
vt 0.012330 0.812500
vt 0.017454 0.870185
vt 0.012231 0.855662
vt 0.011824 0.898005
vt 0.017298 0.881184
vt 0.007813 0.937500
vt 0.053303 0.875000
vt 0.017561 0.875000
vt 0.002751 0.069836
vt 0.002985 0.062500
vt 0.001337 0.046567
vt 0.011985 0.806783
vt 0.005367 0.792342
vt 0.175608 0.984721
vt 0.207160 0.988821
vt 0.206516 1.000000
vt 0.176859 1.000000
vt 0.281100 0.812500
vt 0.279786 0.875000
vt 0.333712 0.875000
vt 0.381960 0.875000
s 1
f 4174/3216/4174 4170/3217/4170 4169/3218/4169
f 4176/3219/4176 4174/3216/4174 4168/3220/4168
f 4176/3219/4176 4181/3221/4181 4174/3216/4174
f 4181/3221/4181 4177/3222/4177 4174/3216/4174
f 4186/3223/4186 4178/3224/4178 4172/3225/4172
f 4180/3226/4180 4181/3221/4181 4176/3219/4176
f 4186/3223/4186 4188/3227/4188 4178/3224/4178
f 4188/3227/4188 4187/3228/4187 4178/3224/4178
f 4188/3227/4188 4191/3229/4191 4187/3228/4187
f 4191/3229/4191 4180/3226/4180 4187/3228/4187
f 4192/3230/4192 4189/3231/4189 4180/3226/4180
f 4193/3232/4193 4190/3233/4190 4181/3221/4181
f 4186/3223/4186 4197/3234/4197 4188/3227/4188
f 4197/3234/4197 4191/3229/4191 4188/3227/4188
f 4199/3235/4199 4197/3234/4197 4186/3223/4186
f 4197/3234/4197 4200/3236/4200 4191/3229/4191
f 4200/3236/4200 4192/3230/4192 4191/3229/4191
f 4204/3237/4204 4200/3236/4200 4197/3234/4197
f 4204/3237/4204 4201/3238/4201 4200/3236/4200
f 4209/3239/4209 4210/3240/4210 4204/3237/4204
f 4211/3241/4211 4205/3242/4205 4204/3237/4204
f 4205/3242/4205 4212/3243/4212 4206/3244/4206
f 4213/3245/4213 4209/3239/4209 4198/3246/4198
f 4214/3247/4214 4212/3243/4212 4205/3242/4205
f 4215/3248/4215 4208/3249/4208 4207/3250/4207
f 4209/3239/4209 4218/3251/4218 4210/3240/4210
f 4218/3251/4218 4216/3252/4216 4210/3240/4210
f 4215/3248/4215 4220/3253/4220 4208/3249/4208
f 4221/3254/4221 4218/3251/4218 4209/3239/4209
f 4222/3255/4222 4215/3248/4215 4217/3256/4217
f 4224/3257/4224 4220/3253/4220 4215/3248/4215
f 4221/3254/4221 4226/3258/4226 4218/3251/4218
f 4224/3257/4224 4229/3259/4229 4220/3253/4220
f 4232/3260/4232 4226/3258/4226 4221/3254/4221
f 4236/3261/4236 4229/3259/4229 4224/3257/4224
f 4232/3260/4232 4239/3262/4239 4226/3258/4226
f 4240/3263/4240 4233/3264/4233 4227/3265/4227
f 4241/3266/4241 4228/3267/4228 4233/3264/4233
f 4241/3266/4241 4244/3268/4244 4228/3267/4228
f 4236/3261/4236 4245/3269/4245 4229/3259/4229
f 4246/3270/4246 4241/3266/4241 4240/3263/4240
f 4247/3271/4247 4244/3268/4244 4241/3266/4241
f 4248/3272/4248 4237/3273/4237 4234/3274/4234
f 4246/3270/4246 4247/3271/4247 4241/3266/4241
f 4248/3272/4248 4250/3275/4250 4237/3273/4237
f 4252/3276/4252 4247/3271/4247 4246/3270/4246
f 4249/3277/4249 4254/3278/4254 4245/3269/4245
f 4254/3278/4254 4248/3272/4248 4245/3269/4245
f 4242/3279/4242 4255/3280/4255 4243/3281/4243
f 4255/3280/4255 4251/3282/4251 4243/3281/4243
f 4256/3283/4256 4253/3284/4253 4247/3271/4247
f 4258/3285/4258 4255/3280/4255 4242/3279/4242
f 4260/3286/4260 4259/3287/4259 4251/3282/4251
f 4261/3288/4261 4253/3284/4253 4256/3283/4256
f 4260/3286/4260 4264/3289/4264 4259/3287/4259
f 4261/3288/4261 4265/3290/4265 4253/3284/4253
f 4257/3291/4257 4266/3292/4266 4254/3278/4254
f 4266/3292/4266 4262/3293/4262 4254/3278/4254
f 4268/3294/4268 4266/3292/4266 4257/3291/4257
f 4263/3295/4263 4270/3296/4270 4260/3286/4260
f 4272/3297/4272 4268/3294/4268 4265/3290/4265
f 4270/3296/4270 4273/3298/4273 4264/3289/4264
f 4268/3299/4268 4274/3300/4274 4266/3301/4266
f 4276/3302/4276 4270/3303/4270 4263/3304/4263
f 4277/3305/4277 4274/3300/4274 4268/3299/4268
f 4282/3306/4282 4277/3305/4277 4272/3307/4272
f 4279/3308/4279 4284/3309/4284 4276/3302/4276
f 4280/3310/4280 4281/3311/4281 4271/3312/4271
f 4285/3313/4285 4274/3300/4274 4277/3305/4277
f 4284/3309/4284 4286/3314/4286 4276/3302/4276
f 4286/3314/4286 4280/3310/4280 4276/3302/4276
f 4281/3311/4281 4287/3315/4287 4282/3306/4282
f 4287/3315/4287 4285/3313/4285 4282/3306/4282
f 4285/3313/4285 4288/3316/4288 4274/3300/4274
f 4286/3314/4286 4289/3317/4289 4280/3310/4280
f 4289/3317/4289 4281/3311/4281 4280/3310/4280
f 4291/3318/4291 4285/3313/4285 4287/3315/4287
f 4288/3316/4288 4292/3319/4292 4275/3320/4275
f 4294/3321/4294 4289/3317/4289 4286/3314/4286
f 4291/3318/4291 4295/3322/4295 4285/3313/4285
f 4296/3323/4296 4292/3319/4292 4288/3316/4288
f 4298/3324/4298 4299/3325/4299 4291/3318/4291
f 4299/3325/4299 4295/3322/4295 4291/3318/4291
f 4299/3325/4299 4301/3326/4301 4295/3322/4295
f 4301/3326/4301 4296/3323/4296 4295/3322/4295
f 4300/3327/4300 4302/3328/4302 4294/3321/4294
f 4304/3329/4304 4299/3325/4299 4298/3324/4298
f 4301/3326/4301 4305/3330/4305 4296/3323/4296
f 4303/3331/4303 4304/3329/4304 4298/3324/4298
f 4309/3332/4309 4306/3333/4306 4304/3329/4304
f 4303/3331/4303 4308/3334/4308 4304/3329/4304
f 4311/3335/4311 4307/3336/4307 4300/3327/4300
f 4312/3337/4312 4308/3334/4308 4303/3331/4303
f 4313/3338/4313 4309/3332/4309 4308/3334/4308
f 4317/3339/4317 4312/3337/4312 4307/3336/4307
f 4313/3338/4313 4318/3340/4318 4309/3332/4309
f 4318/3340/4318 4314/3341/4314 4309/3332/4309
f 4317/3339/4317 4319/3342/4319 4312/3337/4312
f 4319/3342/4319 4313/3338/4313 4312/3337/4312
f 4326/3343/4326 4321/3344/4321 4318/3340/4318
f 4328/3345/4328 4326/3343/4326 4320/3346/4320
f 4334/3347/4334 4329/3348/4329 4325/3349/4325
f 4335/3350/4335 4330/3351/4330 4328/3345/4328
f 4329/3348/4329 4335/3350/4335 4328/3345/4328
f 4336/3352/4336 4331/3353/4331 4330/3351/4330
f 4333/3354/4333 4338/3355/4338 4334/3347/4334
f 4340/3356/4340 4336/3352/4336 4335/3350/4335
f 4339/3357/4339 4340/3356/4340 4335/3350/4335
f 4347/3358/4347 4340/3356/4340 4339/3357/4339
f 4348/3359/4348 4343/3360/4343 4340/3356/4340
f 4347/3358/4347 4348/3359/4348 4340/3356/4340
f 4352/3361/4352 4350/3362/4350 4348/3359/4348
f 4168/3220/4168 4169/3218/4169 4350/3362/4350
f 4170/3217/4170 4171/3363/4171 4344/3364/4344
f 4167/3365/4167 4352/3361/4352 4351/3366/4351
f 4168/3220/4168 4174/3216/4174 4169/3218/4169
f 4179/3367/4179 4167/3365/4167 4173/3368/4173 4178/3224/4178
f 4174/3216/4174 4177/3222/4177 4170/3217/4170
f 4170/3217/4170 4177/3222/4177 4171/3363/4171
f 4172/3225/4172 4178/3224/4178 4173/3368/4173
f 4179/3367/4179 4175/3369/4175 4167/3365/4167
f 4175/3369/4175 4180/3226/4180 4176/3219/4176
f 4175/3369/4175 4179/3367/4179 4187/3228/4187 4180/3226/4180
f 4178/3224/4178 4187/3228/4187 4179/3367/4179
f 4180/3226/4180 4189/3231/4189 4181/3221/4181
f 4181/3221/4181 4190/3233/4190 4177/3222/4177
f 4189/3231/4189 4193/3232/4193 4181/3221/4181
f 4199/3235/4199 4186/3223/4186 4185/3370/4185 4198/3246/4198
f 4191/3229/4191 4192/3230/4192 4180/3226/4180
f 4202/3371/4202 4189/3231/4189 4192/3230/4192 4201/3238/4201
f 4189/3231/4189 4202/3371/4202 4193/3232/4193
f 4200/3236/4200 4201/3238/4201 4192/3230/4192
f 4194/3372/4194 4203/3373/4203 4195/3374/4195
f 4202/3371/4202 4201/3238/4201 4205/3242/4205 4206/3244/4206
f 4199/3235/4199 4204/3237/4204 4197/3234/4197
f 4193/3232/4193 4202/3371/4202 4206/3244/4206 4207/3250/4207
f 4190/3233/4190 4193/3232/4193 4207/3250/4207 4208/3249/4208
f 4198/3246/4198 4209/3239/4209 4199/3235/4199
f 4199/3235/4199 4209/3239/4209 4204/3237/4204
f 4204/3237/4204 4205/3242/4205 4201/3238/4201
f 4214/3247/4214 4205/3242/4205 4211/3241/4211 4216/3252/4216
f 4210/3240/4210 4211/3241/4211 4204/3237/4204
f 4206/3244/4206 4212/3243/4212 4207/3250/4207
f 4212/3243/4212 4215/3248/4215 4207/3250/4207
f 4210/3240/4210 4216/3252/4216 4211/3241/4211
f 4214/3247/4214 4217/3256/4217 4212/3243/4212
f 4212/3243/4212 4217/3256/4217 4215/3248/4215
f 4214/3247/4214 4219/3375/4219 4217/3256/4217
f 4213/3245/4213 4221/3254/4221 4209/3239/4209
f 4216/3252/4216 4219/3375/4219 4214/3247/4214
f 4219/3375/4219 4222/3255/4222 4217/3256/4217
f 4219/3375/4219 4223/3376/4223 4222/3255/4222
f 4222/3255/4222 4224/3257/4224 4215/3248/4215
f 4227/3265/4227 4216/3252/4216 4218/3251/4218 4226/3258/4226
f 4219/3375/4219 4216/3252/4216 4227/3265/4227 4223/3376/4223
f 4223/3376/4223 4228/3267/4228 4222/3255/4222
f 4222/3255/4222 4228/3267/4228 4224/3257/4224
f 4221/3254/4221 4213/3245/4213 4231/3377/4231 4232/3260/4232
f 4223/3376/4223 4233/3264/4233 4228/3267/4228
f 4227/3265/4227 4233/3264/4233 4223/3376/4223
f 4228/3267/4228 4236/3261/4236 4224/3257/4224
f 4240/3263/4240 4227/3265/4227 4226/3258/4226 4239/3262/4239
f 4232/3260/4232 4231/3377/4231 4242/3279/4242 4243/3281/4243
f 4232/3260/4232 4243/3281/4243 4239/3262/4239
f 4240/3263/4240 4241/3266/4241 4233/3264/4233
f 4228/3267/4228 4244/3268/4244 4236/3261/4236
f 4229/3259/4229 4245/3269/4245 4234/3274/4234
f 4239/3262/4239 4246/3270/4246 4240/3263/4240
f 4245/3269/4245 4248/3272/4248 4234/3274/4234
f 4252/3276/4252 4246/3270/4246 4239/3262/4239 4251/3282/4251
f 4244/3268/4244 4249/3277/4249 4236/3261/4236
f 4236/3261/4236 4249/3277/4249 4245/3269/4245
f 4243/3281/4243 4251/3282/4251 4239/3262/4239
f 4256/3283/4256 4247/3271/4247 4252/3276/4252 4259/3287/4259
f 4247/3271/4247 4253/3284/4253 4244/3268/4244
f 4244/3268/4244 4253/3284/4253 4249/3277/4249
f 4253/3284/4253 4257/3291/4257 4249/3277/4249
f 4249/3277/4249 4257/3291/4257 4254/3278/4254
f 4251/3282/4251 4259/3287/4259 4252/3276/4252
f 4256/3283/4256 4259/3287/4259 4264/3289/4264 4261/3288/4261
f 4255/3280/4255 4260/3286/4260 4251/3282/4251
f 4254/3278/4254 4262/3293/4262 4248/3272/4248
f 4258/3285/4258 4263/3295/4263 4255/3280/4255
f 4255/3280/4255 4263/3295/4263 4260/3286/4260
f 4253/3284/4253 4265/3290/4265 4257/3291/4257
f 4265/3290/4265 4268/3294/4268 4257/3291/4257
f 4265/3290/4265 4261/3288/4261 4271/3378/4271 4272/3297/4272
f 4260/3286/4260 4270/3296/4270 4264/3289/4264
f 4271/3378/4271 4261/3288/4261 4264/3289/4264 4273/3298/4273
f 4275/3320/4275 4262/3379/4262 4266/3301/4266 4274/3300/4274
f 4258/3380/4258 4276/3302/4276 4263/3304/4263
f 4272/3307/4272 4277/3305/4277 4268/3299/4268
f 4279/3308/4279 4258/3380/4258 4267/3381/4267 4278/3382/4278
f 4273/3383/4273 4270/3303/4270 4276/3302/4276 4280/3310/4280
f 4258/3380/4258 4279/3308/4279 4276/3302/4276
f 4272/3307/4272 4271/3312/4271 4281/3311/4281 4282/3306/4282
f 4273/3383/4273 4280/3310/4280 4271/3312/4271
f 4282/3306/4282 4285/3313/4285 4277/3305/4277
f 4274/3300/4274 4288/3316/4288 4275/3320/4275
f 4281/3311/4281 4290/3384/4290 4287/3315/4287
f 4286/3314/4286 4284/3309/4284 4293/3385/4293 4294/3321/4294
f 4289/3317/4289 4290/3384/4290 4281/3311/4281
f 4290/3384/4290 4291/3318/4291 4287/3315/4287
f 4288/3316/4288 4285/3313/4285 4295/3322/4295 4296/3323/4296
f 4294/3321/4294 4297/3386/4297 4289/3317/4289
f 4289/3317/4289 4297/3386/4297 4290/3384/4290
f 4290/3384/4290 4298/3324/4298 4291/3318/4291
f 4297/3386/4297 4298/3324/4298 4290/3384/4290
f 4293/3385/4293 4300/3327/4300 4294/3321/4294
f 4297/3386/4297 4294/3321/4294 4302/3328/4302 4303/3331/4303
f 4297/3386/4297 4303/3331/4303 4298/3324/4298
f 4176/3219/4176 4168/3220/4168 4167/3365/4167 4175/3369/4175
f 4299/3325/4299 4304/3329/4304 4301/3326/4301
f 4304/3329/4304 4306/3333/4306 4301/3326/4301
f 4301/3326/4301 4306/3333/4306 4305/3330/4305
f 4300/3327/4300 4307/3336/4307 4302/3328/4302
f 4302/3328/4302 4307/3336/4307 4303/3331/4303
f 4308/3334/4308 4309/3332/4309 4304/3329/4304
f 4306/3333/4306 4310/3387/4310 4305/3330/4305
f 4307/3336/4307 4312/3337/4312 4303/3331/4303
f 4309/3332/4309 4314/3341/4314 4306/3333/4306
f 4306/3333/4306 4314/3341/4314 4310/3387/4310
f 4322/3388/4322 4310/3387/4310 4314/3341/4314 4321/3344/4321
f 4311/3335/4311 4317/3339/4317 4307/3336/4307
f 4312/3337/4312 4313/3338/4313 4308/3334/4308
f 4313/3338/4313 4320/3346/4320 4318/3340/4318
f 4318/3340/4318 4321/3344/4321 4314/3341/4314
f 4317/3339/4317 4311/3335/4311 4324/3389/4324 4325/3349/4325
f 4317/3339/4317 4325/3349/4325 4319/3342/4319
f 4319/3342/4319 4320/3346/4320 4313/3338/4313
f 4320/3346/4320 4326/3343/4326 4318/3340/4318
f 4328/3345/4328 4320/3346/4320 4319/3342/4319 4329/3348/4329
f 4325/3349/4325 4329/3348/4329 4319/3342/4319
f 4331/3353/4331 4321/3344/4321 4326/3343/4326 4330/3351/4330
f 4328/3345/4328 4330/3351/4330 4326/3343/4326
f 4332/3390/4332 4322/3388/4322 4321/3344/4321 4331/3353/4331
f 4325/3349/4325 4324/3389/4324 4333/3354/4333 4334/3347/4334
f 4323/3391/4323 4333/3354/4333 4324/3389/4324
f 4335/3350/4335 4336/3352/4336 4330/3351/4330
f 4329/3348/4329 4334/3347/4334 4338/3355/4338 4339/3357/4339
f 4329/3348/4329 4339/3357/4339 4335/3350/4335
f 4336/3352/4336 4341/3392/4341 4331/3353/4331
f 4331/3353/4331 4341/3392/4341 4332/3390/4332
f 4341/3392/4341 4342/3393/4342 4332/3390/4332
f 4346/3394/4346 4338/3355/4338 4333/3354/4333 4345/3395/4345
f 4340/3356/4340 4343/3360/4343 4336/3352/4336
f 4336/3352/4336 4343/3360/4343 4341/3392/4341
f 4339/3357/4339 4338/3355/4338 4346/3394/4346 4347/3358/4347
f 4342/3393/4342 4349/3396/4349 4169/3218/4169 4170/3217/4170
f 4343/3360/4343 4349/3396/4349 4341/3392/4341
f 4341/3392/4341 4349/3396/4349 4342/3393/4342
f 4348/3359/4348 4350/3362/4350 4343/3360/4343
f 4343/3360/4343 4350/3362/4350 4349/3396/4349
f 4346/3394/4346 4351/3366/4351 4347/3358/4347
f 4347/3358/4347 4351/3366/4351 4348/3359/4348
f 4351/3366/4351 4352/3361/4352 4348/3359/4348
f 4350/3362/4350 4169/3218/4169 4349/3396/4349
f 4173/3368/4173 4346/3394/4346 4345/3395/4345 4172/3225/4172
f 4342/3393/4342 4170/3217/4170 4344/3364/4344
f 4168/3220/4168 4350/3362/4350 4352/3361/4352 4167/3365/4167
f 4346/3394/4346 4173/3368/4173 4351/3366/4351
f 4173/3368/4173 4167/3365/4167 4351/3366/4351
f 4369/3397/4369 4373/3398/4373 4374/3399/4374 4370/3400/4370 4371/3401/4371 4372/3402/4372
f 4379/3403/4379 4384/3404/4384 4385/3405/4385 4380/3406/4380 4381/3407/4381 4382/3408/4382 4383/3409/4383
f 4386/3410/4386 4389/3411/4389 4388/3412/4388
f 4389/3411/4389 4390/3413/4390 4388/3412/4388
f 4390/3413/4390 4387/3414/4387 4388/3412/4388
f 4391/3415/4391 4396/3416/4396 4397/3417/4397 4392/3418/4392 4393/3419/4393 4394/3420/4394 4395/3421/4395
f 4398/3422/4398 4403/3423/4403 4404/3424/4404 4399/3425/4399 4400/3426/4400 4401/3427/4401 4402/3428/4402
f 4405/3429/4405 4410/3430/4410 4411/3431/4411 4406/3432/4406 4407/3433/4407 4408/3434/4408 4409/3435/4409
f 4412/3436/4412 4417/3437/4417 4418/3438/4418 4413/3439/4413 4414/3440/4414 4415/3441/4415 4416/3442/4416
f 4419/3443/4419 4422/3444/4422 4421/3445/4421
f 4422/3444/4422 4423/3446/4423 4421/3447/4421
f 4423/3446/4423 4420/3448/4420 4421/3447/4421
f 4424/3449/4424 4428/3450/4428 4429/3451/4429 4425/3452/4425 4426/3453/4426 4427/3454/4427
f 4430/3455/4430 4433/3456/4433 4432/3457/4432
f 4433/3456/4433 4434/3458/4434 4432/3459/4432
f 4434/3458/4434 4431/3460/4431 4432/3459/4432
f 4435/3461/4435 4439/3462/4439 4440/3463/4440 4436/3464/4436 4437/3465/4437 4438/3466/4438
f 4445/3467/4445 4449/3468/4449 4450/3469/4450 4446/3470/4446 4447/3471/4447 4448/3472/4448
f 4455/3473/4455 4459/3474/4459 4460/3475/4460 4456/3476/4456 4457/3477/4457 4458/3478/4458
f 4469/3479/4469 4472/3480/4472 4471/3481/4471
f 4472/3480/4472 4473/3482/4473 4471/3483/4471
f 4473/3482/4473 4470/3484/4470 4471/3483/4471
f 4474/3485/4474 4480/3486/4480 4481/3487/4481 4475/3488/4475 4476/3489/4476 4477/3490/4477 4478/3491/4478 4479/3492/4479
f 4482/3493/4482 4487/3494/4487 4488/3495/4488 4483/3496/4483 4484/3497/4484 4485/3498/4485 4486/3499/4486
f 4489/3500/4489 4493/3500/4493 4494/3501/4494 4490/3502/4490 4491/3503/4491 4492/3504/4492
f 4499/3505/4499 4503/3506/4503 4504/3507/4504 4500/3508/4500 4501/3509/4501 4502/3510/4502
f 4505/3511/4505 4510/3512/4510 4511/3513/4511 4506/3514/4506 4507/3515/4507 4508/3516/4508 4509/3517/4509
f 4516/3518/4516 4521/3519/4521 4522/3520/4522 4517/3521/4517 4518/3522/4518 4519/3523/4519 4520/3524/4520
f 4531/3525/4531 4535/3526/4535 4536/3527/4536 4532/3528/4532 4533/3529/4533 4534/3530/4534
f 4537/3531/4537 4542/3532/4542 4543/3533/4543 4538/3534/4538 4539/3535/4539 4540/3536/4540 4541/3537/4541
f 4548/3538/4548 4553/3539/4553 4554/3540/4554 4549/3541/4549 4550/3542/4550 4551/3543/4551 4552/3544/4552
f 4555/3545/4555 4559/3546/4559 4560/3547/4560 4556/3548/4556 4557/3549/4557 4558/3550/4558
f 4573/3551/4573 4576/3552/4576 4575/3553/4575
f 4576/3552/4576 4577/3554/4577 4575/3553/4575
f 4577/3554/4577 4574/3555/4574 4575/3553/4575
f 4578/3556/4578 4582/3557/4582 4583/3558/4583 4579/3559/4579 4580/3560/4580 4581/3561/4581
f 4584/3562/4584 4589/3563/4589 4590/3564/4590 4585/3565/4585 4586/3566/4586 4587/3567/4587 4588/3568/4588
f 4591/3569/4591 4594/3570/4594 4593/3571/4593
f 4594/3570/4594 4595/3572/4595 4593/3573/4593
f 4595/3572/4595 4592/3574/4592 4593/3573/4593
f 4612/3575/4612 4617/3576/4617 4618/3577/4618 4613/3578/4613 4614/3579/4614 4615/3580/4615 4616/3581/4616
f 4623/3582/4623 4626/3583/4626 4625/3584/4625
f 4626/3583/4626 4627/3585/4627 4625/3584/4625
f 4627/3585/4627 4624/3586/4624 4625/3584/4625
f 4628/3587/4628 4633/3588/4633 4634/3589/4634 4629/3590/4629 4630/3591/4630 4631/3592/4631 4632/3593/4632
f 4635/3594/4635 4640/3595/4640 4641/3596/4641 4636/3597/4636 4637/3598/4637 4638/3599/4638 4639/3600/4639
f 4642/3601/4642 4646/3602/4646 4647/3603/4647 4643/3604/4643 4644/3605/4644 4645/3606/4645
f 4648/3607/4648 4655/3608/4655 4656/3609/4656 4649/3610/4649 4650/3611/4650 4651/3612/4651 4652/3613/4652 4653/3614/4653 4654/3615/4654
f 4657/3616/4657 4662/3617/4662 4663/3618/4663 4658/3619/4658 4659/3620/4659 4660/3621/4660 4661/3622/4661
f 4664/3623/4664 4667/3624/4667 4666/3625/4666
f 4667/3624/4667 4668/3626/4668 4666/3627/4666
f 4668/3626/4668 4665/3628/4665 4666/3627/4666
f 4669/3629/4669 4673/3630/4673 4674/3631/4674 4670/3632/4670 4671/3633/4671 4672/3634/4672
f 4675/3635/4675 4679/3636/4679 4680/3637/4680 4676/3638/4676 4677/3639/4677 4678/3639/4678
f 4685/3640/4685 4689/3641/4689 4690/3642/4690 4686/3643/4686 4687/3644/4687 4688/3645/4688
f 4691/3646/4691 4696/3647/4696 4697/3648/4697 4692/3649/4692 4693/3650/4693 4694/3651/4694 4695/3652/4695
f 4698/3653/4698 4702/3654/4702 4703/3655/4703 4699/3656/4699 4700/3657/4700 4701/3658/4701
f 4708/3659/4708 4712/3660/4712 4713/3661/4713 4709/3662/4709 4710/3663/4710 4711/3664/4711
f 4718/3665/4718 4722/3666/4722 4723/3667/4723 4719/3668/4719 4720/3669/4720 4721/3670/4721
f 4736/3671/4736 4740/3672/4740 4741/3673/4741 4737/3674/4737 4738/3675/4738 4739/3676/4739
f 4742/3677/4742 4746/3678/4746 4747/3679/4747 4743/3680/4743 4744/3681/4744 4745/3682/4745
f 4748/3683/4748 4754/3684/4754 4755/3685/4755 4749/3686/4749 4750/3687/4750 4751/3688/4751 4752/3689/4752 4753/3690/4753
f 4756/3691/4756 4760/3692/4760 4761/3693/4761 4757/3694/4757 4758/3695/4758 4759/3696/4759
f 4774/3697/4774 4780/3698/4780 4781/3699/4781 4775/3700/4775 4776/3701/4776 4777/3702/4777 4778/3703/4778 4779/3704/4779
f 4786/3705/4786 4790/3706/4790 4791/3707/4791 4787/3708/4787 4788/3709/4788 4789/3710/4789
f 4796/3711/4796 4800/3712/4800 4801/3713/4801 4797/3714/4797 4798/3715/4798 4799/3716/4799
f 4806/3717/4806 4811/3718/4811 4812/3719/4812 4807/3720/4807 4808/3721/4808 4809/3722/4809 4810/3723/4810
f 4813/3724/4813 4817/3725/4817 4818/3726/4818 4814/3727/4814 4815/3728/4815 4816/3729/4816
f 4819/3730/4819 4823/3731/4823 4824/3732/4824 4820/3733/4820 4821/3734/4821 4822/3735/4822
f 4829/3736/4829 4833/3737/4833 4834/3738/4834 4830/3739/4830 4831/3740/4831 4832/3741/4832
f 4835/3742/4835 4838/3743/4838 4837/3744/4837
f 4838/3743/4838 4839/3745/4839 4837/3746/4837
f 4839/3745/4839 4836/3747/4836 4837/3746/4837
f 4840/3748/4840 4845/3749/4845 4846/3750/4846 4841/3751/4841 4842/3752/4842 4843/3753/4843 4844/3754/4844
f 4855/3755/4855 4860/3756/4860 4861/3757/4861 4856/3758/4856 4857/3759/4857 4858/3760/4858 4859/3761/4859
f 4862/3762/4862 4866/3763/4866 4867/3764/4867 4863/3765/4863 4864/3766/4864 4865/3767/4865
f 4884/3768/4884 4889/3769/4889 4890/3770/4890 4885/3771/4885 4886/3772/4886 4887/3773/4887 4888/3774/4888
f 4895/3775/4895 4899/3776/4899 4900/3777/4900 4896/3778/4896 4897/3779/4897 4898/3780/4898
f 4905/3781/4905 4910/3782/4910 4911/3783/4911 4906/3784/4906 4907/3785/4907 4908/3786/4908 4909/3787/4909
f 4912/3788/4912 4917/3789/4917 4918/3790/4918 4913/3791/4913 4914/3792/4914 4915/3793/4915 4916/3794/4916
f 4923/3795/4923 4928/3796/4928 4929/3797/4929 4924/3798/4924 4925/3799/4925 4926/3800/4926 4927/3801/4927
f 4946/3802/4946 4950/3803/4950 4951/3804/4951 4947/3805/4947 4948/3806/4948 4949/3807/4949
f 4976/3808/4976 4981/3809/4981 4982/3810/4982 4977/3811/4977 4978/3812/4978 4979/3813/4979 4980/3814/4980
f 4983/3815/4983 4989/3816/4989 4990/3817/4990 4984/3818/4984 4985/3819/4985 4986/3820/4986 4987/3821/4987 4988/3822/4988
f 4362/3823/4362 4399/3425/4399 4404/3424/4404 4364/3824/4364
f 4364/3825/4364 4404/3826/4404 4403/3827/4403 4363/3828/4363
f 4363/3828/4363 4403/3827/4403 4398/3829/4398 4361/3830/4361
f 4430/3831/4430 4451/3832/4451 4453/3833/4453 4433/3834/4433
f 4433/3456/4433 4453/3835/4453 4454/3836/4454 4434/3837/4434
f 4434/3837/4434 4454/3836/4454 4452/3838/4452 4431/3839/4431
f 4451/3832/4451 4490/3502/4490 4494/3501/4494 4453/3833/4453
f 4453/3835/4453 4494/3840/4494 4493/3841/4493 4454/3836/4454
f 4454/3836/4454 4493/3841/4493 4489/3842/4489 4452/3838/4452
f 4505/3843/4505 4544/3844/4544 4546/3845/4546 4510/3846/4510
f 4510/3512/4510 4546/3847/4546 4547/3848/4547 4511/3513/4511
f 4511/3513/4511 4547/3848/4547 4545/3849/4545 4506/3514/4506
f 4544/3844/4544 4565/3850/4565 4567/3851/4567 4546/3845/4546
f 4546/3847/4546 4567/3852/4567 4568/3853/4568 4547/3848/4547
f 4547/3848/4547 4568/3853/4568 4566/3854/4566 4545/3849/4545
f 4565/3850/4565 4596/3855/4596 4598/3856/4598 4567/3851/4567
f 4567/3852/4567 4598/3857/4598 4599/3858/4599 4568/3853/4568
f 4568/3853/4568 4599/3858/4599 4597/3859/4597 4566/3854/4566
f 4596/3855/4596 4636/3597/4636 4641/3596/4641 4598/3856/4598
f 4598/3857/4598 4641/3860/4641 4640/3861/4640 4599/3858/4599
f 4599/3858/4599 4640/3861/4640 4635/3862/4635 4597/3859/4597
f 4669/3863/4669 4704/3864/4704 4706/3865/4706 4673/3866/4673
f 4673/3630/4673 4706/3867/4706 4707/3868/4707 4674/3631/4674
f 4674/3631/4674 4707/3868/4707 4705/3869/4705 4670/3632/4670
f 4704/3864/4704 4732/3870/4732 4734/3871/4734 4706/3865/4706
f 4706/3867/4706 4734/3872/4734 4735/3873/4735 4707/3868/4707
f 4707/3868/4707 4735/3873/4735 4733/3874/4733 4705/3869/4705
f 4732/3870/4732 4787/3875/4787 4791/3876/4791 4734/3871/4734
f 4734/3872/4734 4791/3707/4791 4790/3706/4790 4735/3873/4735
f 4735/3873/4735 4790/3706/4790 4786/3705/4786 4733/3874/4733
f 4819/3877/4819 4851/3878/4851 4853/3879/4853 4823/3880/4823
f 4823/3731/4823 4853/3881/4853 4854/3882/4854 4824/3732/4824
f 4824/3732/4824 4854/3882/4854 4852/3883/4852 4820/3733/4820
f 4851/3878/4851 4876/3884/4876 4878/3885/4878 4853/3879/4853
f 4853/3881/4853 4878/3886/4878 4879/3887/4879 4854/3882/4854
f 4854/3882/4854 4879/3887/4879 4877/3888/4877 4852/3883/4852
f 4876/3884/4876 4901/3889/4901 4903/3890/4903 4878/3885/4878
f 4878/3886/4878 4903/3891/4903 4904/3892/4904 4879/3887/4879
f 4879/3887/4879 4904/3892/4904 4902/3893/4902 4877/3888/4877
f 4901/3889/4901 4938/3894/4938 4940/3895/4940 4903/3890/4903
f 4903/3891/4903 4940/3896/4940 4941/3897/4941 4904/3892/4904
f 4904/3892/4904 4941/3897/4941 4939/3898/4939 4902/3893/4902
f 4938/3894/4938 4964/3899/4964 4966/3900/4966 4940/3895/4940
f 4940/3896/4940 4966/3901/4966 4967/3902/4967 4941/3897/4941
f 4941/3897/4941 4967/3902/4967 4965/3903/4965 4939/3898/4939
f 4361/3830/4361 4965/3903/4965 4967/3902/4967 4363/3828/4363
f 4363/3828/4363 4967/3902/4967 4966/3901/4966 4364/3825/4364
f 4364/3824/4364 4966/3900/4966 4964/3899/4964 4362/3823/4362
f 4992/3904/4992 4380/3406/4380 4385/3405/4385 4994/3905/4994
f 4994/3905/4994 4385/3405/4385 4384/3404/4384 4993/3906/4993
f 4993/3906/4993 4384/3404/4384 4379/3403/4379 4991/3907/4991
f 4455/3473/4455 4495/3908/4495 4497/3909/4497 4459/3474/4459
f 4459/3474/4459 4497/3909/4497 4498/3910/4498 4460/3475/4460
f 4460/3475/4460 4498/3910/4498 4496/3911/4496 4456/3476/4456
f 4495/3908/4495 4527/3912/4527 4529/3913/4529 4497/3909/4497
f 4497/3909/4497 4529/3913/4529 4530/3914/4530 4498/3910/4498
f 4498/3910/4498 4530/3914/4530 4528/3915/4528 4496/3911/4496
f 4527/3912/4527 4561/3916/4561 4563/3917/4563 4529/3913/4529
f 4529/3913/4529 4563/3917/4563 4564/3918/4564 4530/3914/4530
f 4530/3914/4530 4564/3918/4564 4562/3919/4562 4528/3915/4528
f 4561/3916/4561 4569/3920/4569 4571/3921/4571 4563/3917/4563
f 4563/3917/4563 4571/3921/4571 4572/3922/4572 4564/3918/4564
f 4564/3918/4564 4572/3922/4572 4570/3923/4570 4562/3919/4562
f 4569/3920/4569 4608/3924/4608 4610/3925/4610 4571/3921/4571
f 4571/3921/4571 4610/3925/4610 4611/3926/4611 4572/3922/4572
f 4572/3922/4572 4611/3926/4611 4609/3927/4609 4570/3923/4570
f 4608/3924/4608 4658/3619/4658 4663/3618/4663 4610/3925/4610
f 4610/3925/4610 4663/3618/4663 4662/3617/4662 4611/3926/4611
f 4611/3926/4611 4662/3617/4662 4657/3616/4657 4609/3927/4609
f 4685/3640/4685 4709/3662/4709 4713/3661/4713 4689/3641/4689
f 4689/3641/4689 4713/3661/4713 4712/3660/4712 4690/3642/4690
f 4690/3642/4690 4712/3660/4712 4708/3659/4708 4686/3643/4686
f 4736/3671/4736 4770/3928/4770 4772/3929/4772 4740/3672/4740
f 4740/3672/4740 4772/3929/4772 4773/3930/4773 4741/3673/4741
f 4741/3673/4741 4773/3930/4773 4771/3931/4771 4737/3674/4737
f 4770/3928/4770 4825/3932/4825 4827/3933/4827 4772/3929/4772
f 4772/3929/4772 4827/3933/4827 4828/3934/4828 4773/3930/4773
f 4773/3930/4773 4828/3934/4828 4826/3935/4826 4771/3931/4771
f 4825/3932/4825 4868/3936/4868 4870/3937/4870 4827/3933/4827
f 4827/3933/4827 4870/3937/4870 4871/3938/4871 4828/3934/4828
f 4828/3934/4828 4871/3938/4871 4869/3939/4869 4826/3935/4826
f 4868/3936/4868 4896/3778/4896 4900/3777/4900 4870/3937/4870
f 4870/3937/4870 4900/3777/4900 4899/3776/4899 4871/3938/4871
f 4871/3938/4871 4899/3776/4899 4895/3775/4895 4869/3939/4869
f 4912/3788/4912 4952/3940/4952 4954/3941/4954 4917/3789/4917
f 4917/3789/4917 4954/3941/4954 4955/3942/4955 4918/3790/4918
f 4918/3790/4918 4955/3942/4955 4953/3943/4953 4913/3791/4913
f 4952/3940/4952 4992/3904/4992 4994/3905/4994 4954/3941/4954
f 4954/3941/4954 4994/3905/4994 4993/3906/4993 4955/3942/4955
f 4955/3942/4955 4993/3906/4993 4991/3907/4991 4953/3943/4953
f 4366/3944/4366 4387/3945/4387 4390/3946/4390 4368/3947/4368
f 4368/3947/4368 4390/3946/4390 4389/3948/4389 4367/3949/4367
f 4367/3949/4367 4389/3948/4389 4386/3410/4386 4365/3950/4365
f 4435/3461/4435 4461/3951/4461 4463/3952/4463 4439/3462/4439
f 4439/3462/4439 4463/3952/4463 4464/3953/4464 4440/3463/4440
f 4440/3463/4440 4464/3953/4464 4462/3954/4462 4436/3464/4436
f 4461/3951/4461 4512/3955/4512 4514/3956/4514 4463/3952/4463
f 4463/3952/4463 4514/3956/4514 4515/3957/4515 4464/3953/4464
f 4464/3953/4464 4515/3957/4515 4513/3958/4513 4462/3954/4462
f 4512/3955/4512 4549/3541/4549 4554/3540/4554 4514/3956/4514
f 4514/3956/4514 4554/3540/4554 4553/3539/4553 4515/3957/4515
f 4515/3957/4515 4553/3539/4553 4548/3538/4548 4513/3958/4513
f 4573/3551/4573 4600/3959/4600 4602/3960/4602 4576/3552/4576
f 4576/3552/4576 4602/3960/4602 4603/3961/4603 4577/3962/4577
f 4577/3962/4577 4603/3961/4603 4601/3963/4601 4574/3964/4574
f 4600/3959/4600 4624/3965/4624 4627/3966/4627 4602/3960/4602
f 4602/3960/4602 4627/3966/4627 4626/3583/4626 4603/3961/4603
f 4603/3961/4603 4626/3583/4626 4623/3582/4623 4601/3963/4601
f 4664/3623/4664 4681/3967/4681 4683/3968/4683 4667/3969/4667
f 4667/3969/4667 4683/3968/4683 4684/3970/4684 4668/3971/4668
f 4668/3971/4668 4684/3970/4684 4682/3972/4682 4665/3973/4665
f 4681/3974/4681 4714/3975/4714 4716/3976/4716 4683/3977/4683
f 4683/3977/4683 4716/3976/4716 4717/3978/4717 4684/3979/4684
f 4684/3979/4684 4717/3978/4717 4715/3980/4715 4682/3981/4682
f 4714/3975/4714 4757/3694/4757 4761/3693/4761 4716/3976/4716
f 4716/3976/4716 4761/3693/4761 4760/3692/4760 4717/3978/4717
f 4717/3978/4717 4760/3692/4760 4756/3691/4756 4715/3980/4715
f 4796/3711/4796 4836/3982/4836 4839/3983/4839 4800/3712/4800
f 4800/3712/4800 4839/3983/4839 4838/3984/4838 4801/3713/4801
f 4801/3713/4801 4838/3984/4838 4835/3742/4835 4797/3714/4797
f 4855/3755/4855 4880/3985/4880 4882/3986/4882 4860/3756/4860
f 4860/3756/4860 4882/3986/4882 4883/3987/4883 4861/3757/4861
f 4861/3757/4861 4883/3987/4883 4881/3988/4881 4856/3758/4856
f 4880/3985/4880 4934/3989/4934 4936/3990/4936 4882/3986/4882
f 4882/3986/4882 4936/3990/4936 4937/3991/4937 4883/3987/4883
f 4883/3987/4883 4937/3991/4937 4935/3992/4935 4881/3988/4881
f 4934/3989/4934 4960/3993/4960 4962/3994/4962 4936/3990/4936
f 4936/3990/4936 4962/3994/4962 4963/3995/4963 4937/3991/4937
f 4937/3991/4937 4963/3995/4963 4961/3996/4961 4935/3992/4935
f 4960/3993/4960 4366/3944/4366 4368/3947/4368 4962/3994/4962
f 4962/3994/4962 4368/3947/4368 4367/3949/4367 4963/3995/4963
f 4963/3995/4963 4367/3949/4367 4365/3950/4365 4961/3996/4961
f 4412/3436/4412 4446/3470/4446 4450/3469/4450 4417/3437/4417
f 4417/3437/4417 4450/3469/4450 4449/3468/4449 4418/3438/4418
f 4418/3438/4418 4449/3468/4449 4445/3467/4445 4413/3439/4413
f 4482/3493/4482 4532/3528/4532 4536/3527/4536 4487/3494/4487
f 4487/3494/4487 4536/3527/4536 4535/3526/4535 4488/3495/4488
f 4488/3495/4488 4535/3526/4535 4531/3525/4531 4483/3496/4483
f 4578/3556/4578 4613/3578/4613 4618/3577/4618 4582/3557/4582
f 4582/3557/4582 4618/3577/4618 4617/3576/4617 4583/3558/4583
f 4583/3558/4583 4617/3576/4617 4612/3575/4612 4579/3559/4579
f 4742/3677/4742 4802/3997/4802 4804/3998/4804 4746/3678/4746
f 4746/3678/4746 4804/3998/4804 4805/3999/4805 4747/3679/4747
f 4747/3679/4747 4805/3999/4805 4803/4000/4803 4743/3680/4743
f 4802/3997/4802 4872/4001/4872 4874/4002/4874 4804/3998/4804
f 4804/3998/4804 4874/4002/4874 4875/4003/4875 4805/3999/4805
f 4805/3999/4805 4875/4003/4875 4873/4004/4873 4803/4000/4803
f 4872/4001/4872 4919/4005/4919 4921/4006/4921 4874/4002/4874
f 4874/4002/4874 4921/4006/4921 4922/4007/4922 4875/4003/4875
f 4875/4003/4875 4922/4007/4922 4920/4008/4920 4873/4004/4873
f 4919/4005/4919 4968/4009/4968 4970/4010/4970 4921/4006/4921
f 4921/4006/4921 4970/4010/4970 4971/4011/4971 4922/4007/4922
f 4922/4007/4922 4971/4011/4971 4969/4012/4969 4920/4008/4920
f 4369/3397/4369 4969/4012/4969 4971/4011/4971 4373/3398/4373
f 4373/3398/4373 4971/4011/4971 4970/4010/4970 4374/3399/4374
f 4374/3399/4374 4970/4010/4970 4968/4009/4968 4370/3400/4370
f 4405/3429/4405 4441/4013/4441 4443/4014/4443 4410/3430/4410
f 4410/3430/4410 4443/4014/4443 4444/4015/4444 4411/3431/4411
f 4411/3431/4411 4444/4015/4444 4442/4016/4442 4406/3432/4406
f 4441/4013/4441 4517/3521/4517 4522/3520/4522 4443/4014/4443
f 4443/4014/4443 4522/3520/4522 4521/3519/4521 4444/4015/4444
f 4444/4015/4444 4521/3519/4521 4516/3518/4516 4442/4016/4442
f 4748/3683/4748 4841/3751/4841 4846/3750/4846 4754/3684/4754
f 4754/3684/4754 4846/3750/4846 4845/3749/4845 4755/3685/4755
f 4755/3685/4755 4845/3749/4845 4840/3748/4840 4749/3686/4749
f 4774/3697/4774 4847/4017/4847 4849/4018/4849 4780/3698/4780
f 4780/3698/4780 4849/4018/4849 4850/4019/4850 4781/3699/4781
f 4781/3699/4781 4850/4019/4850 4848/4020/4848 4775/3700/4775
f 4847/4017/4847 4906/3784/4906 4911/3783/4911 4849/4018/4849
f 4849/4018/4849 4911/3783/4911 4910/3782/4910 4850/4019/4850
f 4850/4019/4850 4910/3782/4910 4905/3781/4905 4848/4020/4848
f 4923/3795/4923 4977/3811/4977 4982/3810/4982 4928/3796/4928
f 4928/3796/4928 4982/3810/4982 4981/3809/4981 4929/3797/4929
f 4929/3797/4929 4981/3809/4981 4976/3808/4976 4924/3798/4924
f 4424/3449/4424 4465/4021/4465 4467/4022/4467 4428/3450/4428
f 4428/3450/4428 4467/4022/4467 4468/4023/4468 4429/3451/4429
f 4429/3451/4429 4468/4023/4468 4466/4024/4466 4425/3452/4425
f 4465/4021/4465 4538/3534/4538 4543/3533/4543 4467/4022/4467
f 4467/4022/4467 4543/3533/4543 4542/3532/4542 4468/4023/4468
f 4468/4023/4468 4542/3532/4542 4537/3531/4537 4466/4024/4466
f 4628/3587/4628 4676/3638/4676 4680/3637/4680 4633/3588/4633
f 4633/3588/4633 4680/3637/4680 4679/3636/4679 4634/3589/4634
f 4634/3589/4634 4679/3636/4679 4675/3635/4675 4629/3590/4629
f 4691/3646/4691 4728/4025/4728 4730/4026/4730 4696/3647/4696
f 4696/3647/4696 4730/4026/4730 4731/4027/4731 4697/3648/4697
f 4697/3648/4697 4731/4027/4731 4729/4028/4729 4692/3649/4692
f 4728/4025/4728 4807/3720/4807 4812/3719/4812 4730/4026/4730
f 4730/4026/4730 4812/3719/4812 4811/3718/4811 4731/4027/4731
f 4731/4027/4731 4811/3718/4811 4806/3717/4806 4729/4028/4729
f 4884/3768/4884 4942/4029/4942 4944/4030/4944 4889/3769/4889
f 4889/3769/4889 4944/4030/4944 4945/4031/4945 4890/3770/4890
f 4890/3770/4890 4945/4031/4945 4943/4032/4943 4885/3771/4885
f 4942/4029/4942 4984/3818/4984 4990/3817/4990 4944/4030/4944
f 4944/4030/4944 4990/3817/4990 4989/3816/4989 4945/4031/4945
f 4945/4031/4945 4989/3816/4989 4983/3815/4983 4943/4032/4943
f 4354/4033/4354 4392/3418/4392 4397/3417/4397 4356/4034/4356
f 4356/4034/4356 4397/3417/4397 4396/3416/4396 4355/4035/4355
f 4355/4035/4355 4396/3416/4396 4391/3415/4391 4353/4036/4353
f 4469/3479/4469 4500/3508/4500 4504/3507/4504 4472/3480/4472
f 4472/3480/4472 4504/3507/4504 4503/3506/4503 4473/4037/4473
f 4473/4037/4473 4503/3506/4503 4499/3505/4499 4470/4038/4470
f 4584/3562/4584 4619/4039/4619 4621/4040/4621 4589/3563/4589
f 4589/3563/4589 4621/4040/4621 4622/4041/4622 4590/3564/4590
f 4590/3564/4590 4622/4041/4622 4620/4042/4620 4585/3565/4585
f 4619/4039/4619 4649/3610/4649 4656/3609/4656 4621/4040/4621
f 4621/4040/4621 4656/3609/4656 4655/3608/4655 4622/4041/4622
f 4622/4041/4622 4655/3608/4655 4648/3607/4648 4620/4042/4620
f 4718/3665/4718 4762/4043/4762 4764/4044/4764 4722/3666/4722
f 4722/3666/4722 4764/4044/4764 4765/4045/4765 4723/3667/4723
f 4723/3667/4723 4765/4045/4765 4763/4046/4763 4719/3668/4719
f 4762/4043/4762 4782/4047/4782 4784/4048/4784 4764/4044/4764
f 4764/4044/4764 4784/4048/4784 4785/4049/4785 4765/4045/4765
f 4765/4045/4765 4785/4049/4785 4783/4050/4783 4763/4046/4763
f 4782/4047/4782 4814/3727/4814 4818/3726/4818 4784/4048/4784
f 4784/4048/4784 4818/3726/4818 4817/3725/4817 4785/4049/4785
f 4785/4049/4785 4817/3725/4817 4813/3724/4813 4783/4050/4783
f 4946/3802/4946 4972/4051/4972 4974/4052/4974 4950/3803/4950
f 4950/3803/4950 4974/4052/4974 4975/4053/4975 4951/3804/4951
f 4951/3804/4951 4975/4053/4975 4973/4054/4973 4947/3805/4947
f 4353/4036/4353 4973/4054/4973 4975/4053/4975 4355/4035/4355
f 4355/4035/4355 4975/4053/4975 4974/4052/4974 4356/4034/4356
f 4356/4034/4356 4974/4052/4974 4972/4051/4972 4354/4033/4354
f 4358/4055/4358 4375/4056/4375 4377/4057/4377 4360/4058/4360
f 4360/4058/4360 4377/4057/4377 4378/4059/4378 4359/4060/4359
f 4359/4060/4359 4378/4059/4378 4376/4061/4376 4357/4062/4357
f 4375/4056/4375 4420/4063/4420 4423/4064/4423 4377/4057/4377
f 4377/4057/4377 4423/4064/4423 4422/4065/4422 4378/4059/4378
f 4378/4059/4378 4422/4065/4422 4419/3443/4419 4376/4061/4376
f 4474/3485/4474 4523/4066/4523 4525/4067/4525 4480/3486/4480
f 4480/3486/4480 4525/4067/4525 4526/4068/4526 4481/3487/4481
f 4481/3487/4481 4526/4068/4526 4524/4069/4524 4475/3488/4475
f 4523/4066/4523 4556/3548/4556 4560/3547/4560 4525/4067/4525
f 4525/4067/4525 4560/3547/4560 4559/3546/4559 4526/4068/4526
f 4526/4068/4526 4559/3546/4559 4555/3545/4555 4524/4069/4524
f 4591/3569/4591 4604/4070/4604 4606/4071/4606 4594/3570/4594
f 4594/3570/4594 4606/4071/4606 4607/4072/4607 4595/4073/4595
f 4595/4073/4595 4607/4072/4607 4605/4074/4605 4592/4075/4592
f 4604/4070/4604 4643/3604/4643 4647/3603/4647 4606/4071/4606
f 4606/4071/4606 4647/3603/4647 4646/3602/4646 4607/4072/4607
f 4607/4072/4607 4646/3602/4646 4642/3601/4642 4605/4074/4605
f 4698/3653/4698 4724/4076/4724 4726/4077/4726 4702/3654/4702
f 4702/3654/4702 4726/4077/4726 4727/4078/4727 4703/3655/4703
f 4703/3655/4703 4727/4078/4727 4725/4079/4725 4699/3656/4699
f 4724/4076/4724 4766/4080/4766 4768/4081/4768 4726/4077/4726
f 4726/4077/4726 4768/4081/4768 4769/4082/4769 4727/4078/4727
f 4727/4078/4727 4769/4082/4769 4767/4083/4767 4725/4079/4725
f 4766/4080/4766 4792/4084/4792 4794/4085/4794 4768/4081/4768
f 4768/4081/4768 4794/4085/4794 4795/4086/4795 4769/4082/4769
f 4769/4082/4769 4795/4086/4795 4793/4087/4793 4767/4083/4767
f 4792/4084/4792 4830/3739/4830 4834/3738/4834 4794/4085/4794
f 4794/4085/4794 4834/3738/4834 4833/3737/4833 4795/4086/4795
f 4795/4086/4795 4833/3737/4833 4829/3736/4829 4793/4087/4793
f 4862/3762/4862 4891/4088/4891 4893/4089/4893 4866/3763/4866
f 4866/3763/4866 4893/4089/4893 4894/4090/4894 4867/3764/4867
f 4867/3764/4867 4894/4090/4894 4892/4091/4892 4863/3765/4863
f 4891/4088/4891 4930/4092/4930 4932/4093/4932 4893/4089/4893
f 4893/4089/4893 4932/4093/4932 4933/4094/4933 4894/4090/4894
f 4894/4090/4894 4933/4094/4933 4931/4095/4931 4892/4091/4892
f 4930/4092/4930 4956/4096/4956 4958/4097/4958 4932/4093/4932
f 4932/4093/4932 4958/4097/4958 4959/4098/4959 4933/4094/4933
f 4933/4094/4933 4959/4098/4959 4957/4099/4957 4931/4095/4931
f 4956/4096/4956 4358/4055/4358 4360/4058/4360 4958/4097/4958
f 4958/4097/4958 4360/4058/4360 4359/4060/4359 4959/4098/4959
f 4959/4098/4959 4359/4060/4359 4357/4062/4357 4957/4099/4957
f 4983/3815/4983 4988/3822/4988 4354/4033/4354 4972/4051/4972
f 4988/3822/4988 4987/3821/4987 4392/3418/4392 4354/4033/4354
f 4973/4054/4973 4353/4036/4353 4358/4055/4358
f 4353/4036/4353 4375/4056/4375 4358/4055/4358
f 4353/4036/4353 4391/3415/4391 4375/4056/4375
f 4957/4099/4957 4357/4062/4357 4964/3899/4964
f 4376/4061/4376 4362/3823/4362 4357/4062/4357
f 4357/4062/4357 4362/3823/4362 4964/3899/4964
f 4973/4054/4973 4358/4055/4358 4956/4096/4956
f 4361/3830/4361 4992/3904/4992 4965/3903/4965
f 4361/3830/4361 4398/3829/4398 4381/3407/4381 4380/3406/4380
f 4376/4061/4376 4399/3425/4399 4362/3823/4362
f 4361/3830/4361 4380/3406/4380 4992/3904/4992
f 4991/3907/4991 4379/3403/4379 4366/3944/4366
f 4365/3950/4365 4968/4009/4968 4961/3996/4961
f 4379/3403/4379 4383/3409/4383 4387/3945/4387 4366/3944/4366
f 4365/3950/4365 4370/3400/4370 4968/4009/4968
f 4386/3410/4386 4371/3401/4371 4370/3400/4370 4365/3950/4365
f 4991/3907/4991 4366/3944/4366 4960/3993/4960
f 4416/3442/4416 4415/3441/4415 4372/3402/4372 4371/3401/4371 4386/3410/4386 4388/3412/4388 4184/4100/4184
f 4369/3397/4369 4978/3812/4978 4977/3811/4977 4969/4012/4969
f 4979/3813/4979 4978/3812/4978 4369/3397/4369 4372/3402/4372 4415/3441/4415 4414/3440/4414 4185/3370/4185
f 4391/3415/4391 4395/3421/4395 4420/4063/4420 4375/4056/4375
f 4419/3443/4419 4400/3426/4400 4399/3425/4399 4376/4061/4376
f 4398/3829/4398 4402/4101/4402 4183/4102/4183 4382/3408/4382 4381/3407/4381
f 4184/4100/4184 4388/3412/4388 4387/3945/4387 4383/3409/4383 4382/3408/4382 4183/4102/4183
f 4195/3374/4195 4421/3445/4421 4420/4063/4420 4395/3421/4395 4394/3420/4394 4194/3372/4194
f 4182/4103/4182 4393/3419/4393 4392/3418/4392 4987/3821/4987 4986/3820/4986
f 4194/3372/4194 4394/3420/4394 4393/3419/4393 4182/4103/4182 4426/3453/4426 4425/3452/4425
f 4183/4102/4183 4402/4101/4402 4401/4104/4401 4432/3457/4432 4431/3839/4431 4196/4105/4196
f 4430/3831/4430 4432/4106/4432 4401/3427/4401 4400/3426/4400 4419/3443/4419 4421/3445/4421 4195/3374/4195
f 4177/3222/4177 4409/3435/4409 4408/3434/4408 4171/3363/4171
f 4182/4103/4182 4986/3820/4986 4985/3819/4985 4171/3363/4171 4408/3434/4408 4407/3433/4407
f 4407/3433/4407 4406/3432/4406 4427/3454/4427 4426/3453/4426 4182/4103/4182
f 4442/4016/4442 4424/3449/4424 4427/3454/4427 4406/3432/4406
f 4190/3233/4190 4441/4013/4441 4405/3429/4405
f 4190/3233/4190 4405/3429/4405 4409/3435/4409 4177/3222/4177
f 4414/3440/4414 4413/3439/4413 4198/3246/4198 4185/3370/4185
f 4413/3439/4413 4445/3467/4445 4198/3246/4198
f 4437/3465/4437 4436/3464/4436 4446/3470/4446 4412/3436/4412
f 4438/3466/4438 4437/3465/4437 4412/3436/4412 4416/3442/4416 4184/4100/4184
f 4469/3479/4469 4471/3481/4471 4194/3372/4194 4425/3452/4425 4466/4024/4466
f 4442/4016/4442 4465/4021/4465 4424/3449/4424
f 4452/3838/4452 4196/4105/4196 4431/3839/4431
f 4451/3832/4451 4430/3831/4430 4195/3374/4195 4203/3373/4203
f 4461/3951/4461 4435/3461/4435 4196/4105/4196 4457/3477/4457 4456/3476/4456
f 4184/4100/4184 4183/4102/4183 4196/4105/4196 4435/3461/4435 4438/3466/4438
f 4436/3464/4436 4462/3954/4462 4447/3471/4447 4446/3470/4446
f 4190/3233/4190 4208/3249/4208 4441/4013/4441
f 4517/3521/4517 4441/4013/4441 4208/3249/4208 4220/3253/4220
f 4516/3518/4516 4465/4021/4465 4442/4016/4442
f 4462/3954/4462 4486/3499/4486 4485/3498/4485 4448/3472/4448 4447/3471/4447
f 4485/3498/4485 4484/3497/4484 4198/3246/4198 4445/3467/4445 4448/3472/4448
f 4452/3838/4452 4489/3842/4489 4455/3473/4455 4458/3478/4458
f 4203/3373/4203 4478/3491/4478 4477/3490/4477 4451/3832/4451
f 4477/3490/4477 4476/3489/4476 4490/3502/4490 4451/3832/4451
f 4452/3838/4452 4458/3478/4458 4457/3477/4457 4196/4105/4196
f 4489/3842/4489 4492/4107/4492 4495/3908/4495 4455/3473/4455
f 4496/3911/4496 4461/3951/4461 4456/3476/4456
f 4513/3958/4513 4482/3493/4482 4486/3499/4486 4462/3954/4462
f 4496/3911/4496 4512/3955/4512 4461/3951/4461
f 4501/3509/4501 4500/3508/4500 4466/4024/4466 4537/3531/4537 4225/4108/4225
f 4466/4024/4466 4500/3508/4500 4469/3479/4469
f 4516/3518/4516 4520/3524/4520 4538/3534/4538 4465/4021/4465
f 4203/3373/4203 4194/3372/4194 4471/3481/4471 4470/4038/4470 4479/3492/4479 4478/3491/4478
f 4470/4038/4470 4499/3505/4499 4474/3485/4474 4479/3492/4479
f 4499/3505/4499 4502/3510/4502 4523/4066/4523 4474/3485/4474
f 4476/3489/4476 4475/3488/4475 4509/4109/4509 4508/4110/4508 4491/3503/4491 4490/3502/4490
f 4524/4069/4524 4505/3843/4505 4509/4109/4509 4475/3488/4475
f 4483/3496/4483 4531/3525/4531 4213/3245/4213
f 4484/3497/4484 4483/3496/4483 4213/3245/4213 4198/3246/4198
f 4513/3958/4513 4532/3528/4532 4482/3493/4482
f 4508/3516/4508 4507/3515/4507 4495/3908/4495 4492/4107/4492 4491/4111/4491
f 4528/3915/4528 4512/3955/4512 4496/3911/4496
f 4507/3515/4507 4506/3514/4506 4527/3912/4527 4495/3908/4495
f 4225/4108/4225 4523/4066/4523 4502/3510/4502 4501/3509/4501
f 4545/3849/4545 4527/3912/4527 4506/3514/4506
f 4524/4069/4524 4544/3844/4544 4505/3843/4505
f 4513/3958/4513 4548/3538/4548 4533/3529/4533 4532/3528/4532
f 4528/3915/4528 4549/3541/4549 4512/3955/4512
f 4220/3253/4220 4229/3259/4229 4518/3522/4518 4517/3521/4517
f 4229/3259/4229 4234/3274/4234 4519/3523/4519 4518/3522/4518
f 4234/3274/4234 4539/3535/4539 4538/3534/4538 4520/3524/4520 4519/3523/4519
f 4225/4108/4225 4556/3548/4556 4523/4066/4523
f 4555/3545/4555 4544/3844/4544 4524/4069/4524
f 4562/3919/4562 4550/3542/4550 4549/3541/4549 4528/3915/4528
f 4545/3849/4545 4561/3916/4561 4527/3912/4527
f 4548/3538/4548 4552/3544/4552 4230/4112/4230 4534/3530/4534 4533/3529/4533
f 4231/3377/4231 4213/3245/4213 4531/3525/4531 4534/3530/4534 4230/4112/4230
f 4537/3531/4537 4541/3537/4541 4235/4113/4235 4225/4108/4225
f 4237/3273/4237 4235/4113/4235 4541/3537/4541 4540/3536/4540
f 4234/3274/4234 4237/3273/4237 4540/3536/4540 4539/3535/4539
f 4544/3844/4544 4555/3545/4555 4558/3550/4558 4238/4114/4238 4565/3850/4565
f 4566/3854/4566 4561/3916/4561 4545/3849/4545
f 4230/4112/4230 4552/3544/4552 4551/3543/4551 4575/3553/4575 4574/3964/4574 4581/3561/4581 4580/3560/4580
f 4573/3551/4573 4575/3553/4575 4551/3543/4551 4550/3542/4550 4562/3919/4562 4570/3923/4570
f 4225/4108/4225 4235/4113/4235 4557/3549/4557 4556/3548/4556
f 4235/4113/4235 4238/4114/4238 4558/3550/4558 4557/3549/4557
f 4566/3854/4566 4569/3920/4569 4561/3916/4561
f 4597/3859/4597 4569/3920/4569 4566/3854/4566
f 4596/3855/4596 4565/3850/4565 4238/4114/4238 4593/3571/4593 4592/4075/4592
f 4570/3923/4570 4600/3959/4600 4573/3551/4573
f 4570/3923/4570 4609/3927/4609 4600/3959/4600
f 4597/3859/4597 4608/3924/4608 4569/3920/4569
f 4574/3964/4574 4601/3963/4601 4578/3556/4578 4581/3561/4581
f 4601/3963/4601 4613/3578/4613 4578/3556/4578
f 4231/3377/4231 4230/4112/4230 4580/3560/4580 4579/3559/4579 4242/3279/4242
f 4579/3559/4579 4612/3575/4612 4242/3279/4242
f 4237/3273/4237 4250/3275/4250 4584/3562/4584 4588/3568/4588
f 4250/3275/4250 4619/4039/4619 4584/3562/4584
f 4237/3273/4237 4588/3568/4588 4587/3567/4587 4235/4113/4235
f 4591/3569/4591 4593/3571/4593 4238/4114/4238 4235/4113/4235 4587/3567/4587 4586/3566/4586
f 4586/3566/4586 4585/3565/4585 4604/4070/4604 4591/3569/4591
f 4585/3565/4585 4620/4042/4620 4604/4070/4604
f 4592/4075/4592 4605/4074/4605 4596/3855/4596
f 4597/3859/4597 4635/3862/4635 4608/3924/4608
f 4605/4074/4605 4636/3597/4636 4596/3855/4596
f 4609/3927/4609 4624/3965/4624 4600/3959/4600
f 4623/3582/4623 4614/3579/4614 4613/3578/4613 4601/3963/4601
f 4620/4042/4620 4643/3604/4643 4604/4070/4604
f 4605/4074/4605 4642/3601/4642 4637/3598/4637 4636/3597/4636
f 4635/3862/4635 4639/4115/4639 4658/3619/4658 4608/3924/4608
f 4625/3584/4625 4624/3965/4624 4609/3927/4609 4657/3616/4657 4664/3623/4664 4666/3625/4666
f 4612/3575/4612 4616/3581/4616 4258/3285/4258 4242/3279/4242
f 4267/4116/4267 4258/3285/4258 4616/3581/4616 4615/3580/4615
f 4615/3580/4615 4614/3579/4614 4623/3582/4623 4625/3584/4625 4666/3625/4666 4665/3973/4665 4267/4116/4267
f 4620/4042/4620 4648/3607/4648 4644/3605/4644 4643/3604/4643
f 4631/3592/4631 4630/3591/4630 4619/4039/4619 4250/3275/4250
f 4630/3591/4630 4629/3590/4629 4649/3610/4649 4619/4039/4619
f 4248/3272/4248 4632/3593/4632 4631/3592/4631 4250/3275/4250
f 4675/3635/4675 4650/3611/4650 4649/3610/4649 4629/3590/4629
f 4262/3293/4262 4676/3638/4676 4628/3587/4628
f 4262/3293/4262 4628/3587/4628 4632/3593/4632 4248/3272/4248
f 4672/4117/4672 4671/4118/4671 4659/3620/4659 4658/3619/4658 4639/4115/4639 4638/4119/4638
f 4669/4120/4669 4672/4121/4672 4638/3599/4638 4637/3598/4637 4642/3601/4642 4645/3606/4645 4269/4122/4269
f 4648/3607/4648 4654/3615/4654 4269/4122/4269 4645/3606/4645 4644/3605/4644
f 4675/4123/4675 4678/4124/4678 4695/3652/4695 4694/3651/4694 4651/4125/4651 4650/4126/4650
f 4654/4127/4654 4653/4128/4653 4701/3658/4701 4700/3657/4700 4269/4129/4269
f 4694/3651/4694 4693/3650/4693 4283/4130/4283 4652/4131/4652 4651/4125/4651
f 4283/4130/4283 4698/3653/4698 4701/3658/4701 4653/4128/4653 4652/4131/4652
f 4657/3616/4657 4661/3622/4661 4681/3967/4681 4664/3623/4664
f 4687/3644/4687 4686/3643/4686 4681/3974/4681 4661/4132/4661 4660/4133/4660
f 4671/3633/4671 4670/3632/4670 4688/3645/4688 4687/3644/4687 4660/4133/4660 4659/4134/4659
f 4665/3973/4665 4682/3972/4682 4267/4116/4267
f 4705/3869/4705 4685/3640/4685 4688/3645/4688 4670/3632/4670
f 4669/3863/4669 4269/4129/4269 4700/3657/4700 4699/3656/4699 4704/3864/4704
f 4275/3320/4275 4691/3646/4691 4695/3652/4695 4678/4124/4678 4677/4135/4677
f 4275/3320/4275 4677/4135/4677 4676/4136/4676 4262/3379/4262
f 4682/3981/4682 4278/3382/4278 4267/3381/4267
f 4715/3980/4715 4278/3382/4278 4682/3981/4682
f 4708/3659/4708 4681/3974/4681 4686/3643/4686
f 4708/3659/4708 4711/3664/4711 4714/3975/4714 4681/3974/4681
f 4705/3869/4705 4709/3662/4709 4685/3640/4685
f 4275/3320/4275 4728/4025/4728 4691/3646/4691
f 4692/3649/4692 4729/4028/4729 4718/3665/4718 4721/3670/4721
f 4693/3650/4693 4692/3649/4692 4721/3670/4721 4720/3669/4720 4283/4130/4283
f 4725/4079/4725 4704/3864/4704 4699/3656/4699
f 4698/3653/4698 4283/4130/4283 4720/3669/4720 4719/3668/4719 4724/4076/4724
f 4710/3663/4710 4709/3662/4709 4705/3869/4705 4733/3874/4733 4736/3671/4736 4739/3676/4739
f 4725/4079/4725 4732/3870/4732 4704/3864/4704
f 4711/3664/4711 4710/3663/4710 4739/3676/4739 4738/3675/4738 4714/3975/4714
f 4715/3980/4715 4745/3682/4745 4744/3681/4744 4278/3382/4278
f 4738/3675/4738 4737/3674/4737 4757/3694/4757 4714/3975/4714
f 4756/3691/4756 4742/3677/4742 4745/3682/4745 4715/3980/4715
f 4729/4028/4729 4762/4043/4762 4718/3665/4718
f 4763/4046/4763 4724/4076/4724 4719/3668/4719
f 4767/4083/4767 4732/3870/4732 4725/4079/4725
f 4763/4046/4763 4766/4080/4766 4724/4076/4724
f 4729/4028/4729 4782/4047/4782 4762/4043/4762
f 4729/4028/4729 4806/3717/4806 4782/4047/4782
f 4777/3702/4777 4776/3701/4776 4728/4025/4728 4292/3319/4292
f 4776/3701/4776 4775/3700/4775 4807/3720/4807 4728/4025/4728
f 4292/3319/4292 4728/4025/4728 4275/3320/4275
f 4786/3705/4786 4770/3928/4770 4733/3874/4733
f 4767/4083/4767 4787/3875/4787 4732/3870/4732
f 4733/3874/4733 4770/3928/4770 4736/3671/4736
f 4737/3674/4737 4771/3931/4771 4758/3695/4758 4757/3694/4757
f 4279/3308/4279 4278/3382/4278 4744/3681/4744 4743/3680/4743 4753/3690/4753 4752/3689/4752
f 4743/3680/4743 4803/4000/4803 4748/3683/4748 4753/3690/4753
f 4742/3677/4742 4756/3691/4756 4759/3696/4759 4798/3715/4798 4797/3714/4797 4802/3997/4802
f 4803/4000/4803 4841/3751/4841 4748/3683/4748
f 4279/3308/4279 4752/3689/4752 4751/3688/4751 4284/3309/4284
f 4751/3688/4751 4750/3687/4750 4293/3385/4293 4284/3309/4284
f 4750/3687/4750 4749/3686/4749 4300/3327/4300 4293/3385/4293
f 4749/3686/4749 4840/3748/4840 4300/3327/4300
f 4771/3931/4771 4799/3716/4799 4798/3715/4798 4759/3696/4759 4758/3695/4758
f 4783/4050/4783 4766/4080/4766 4763/4046/4763
f 4793/4087/4793 4788/4137/4788 4787/3875/4787 4767/4083/4767
f 4783/4050/4783 4792/4084/4792 4766/4080/4766
f 4771/3931/4771 4826/3935/4826 4796/3711/4796 4799/3716/4799
f 4770/3928/4770 4786/3705/4786 4789/3710/4789 4821/3734/4821 4820/3733/4820 4825/3932/4825
f 4296/3323/4296 4305/3330/4305 4779/3704/4779 4778/3703/4778
f 4310/3387/4310 4847/4017/4847 4774/3697/4774
f 4310/3387/4310 4774/3697/4774 4779/3704/4779 4305/3330/4305
f 4296/3323/4296 4778/3703/4778 4777/3702/4777 4292/3319/4292
f 4775/3700/4775 4848/4020/4848 4808/3721/4808 4807/3720/4807
f 4806/3717/4806 4810/3723/4810 4814/3727/4814 4782/4047/4782
f 4813/3724/4813 4792/4084/4792 4783/4050/4783
f 4793/4087/4793 4822/4138/4822 4821/4139/4821 4789/4140/4789 4788/4137/4788
f 4829/3736/4829 4819/3877/4819 4822/4138/4822 4793/4087/4793
f 4813/3724/4813 4816/3729/4816 4830/3739/4830 4792/4084/4792
f 4826/3935/4826 4836/3982/4836 4796/3711/4796
f 4797/3714/4797 4835/3742/4835 4802/3997/4802
f 4835/3742/4835 4837/3744/4837 4858/3760/4858 4857/3759/4857 4802/3997/4802
f 4857/3759/4857 4856/3758/4856 4872/4001/4872 4802/3997/4802
f 4873/4004/4873 4842/3752/4842 4841/3751/4841 4803/4000/4803
f 4848/4020/4848 4315/4141/4315 4809/3722/4809 4808/3721/4808
f 4815/3728/4815 4814/3727/4814 4810/3723/4810 4809/3722/4809 4315/4141/4315 4316/4142/4316
f 4831/3740/4831 4830/3739/4830 4816/3729/4816 4815/3728/4815 4316/4142/4316 4862/3762/4862 4865/3767/4865
f 4820/3733/4820 4852/3883/4852 4825/3932/4825
f 4829/3736/4829 4832/3741/4832 4851/3878/4851 4819/3877/4819
f 4852/3883/4852 4868/3936/4868 4825/3932/4825
f 4826/3935/4826 4859/3761/4859 4858/3760/4858 4837/3744/4837 4836/3982/4836
f 4869/3939/4869 4855/3755/4855 4859/3761/4859 4826/3935/4826
f 4832/3741/4832 4831/3740/4831 4865/3767/4865 4864/3766/4864 4851/3878/4851
f 4840/3748/4840 4844/3754/4844 4311/3335/4311 4300/3327/4300
f 4324/3389/4324 4311/3335/4311 4844/3754/4844 4843/3753/4843 4323/3391/4323
f 4873/4004/4873 4323/3391/4323 4843/3753/4843 4842/3752/4842
f 4905/3781/4905 4884/3768/4884 4888/3774/4888 4848/4020/4848
f 4332/3390/4332 4847/4017/4847 4322/3388/4322
f 4848/4020/4848 4888/3774/4888 4887/3773/4887 4315/4141/4315
f 4332/3390/4332 4906/3784/4906 4847/4017/4847
f 4322/3388/4322 4847/4017/4847 4310/3387/4310
f 4852/3883/4852 4877/3888/4877 4868/3936/4868
f 4864/3766/4864 4863/3765/4863 4876/3884/4876 4851/3878/4851
f 4856/3758/4856 4881/3988/4881 4872/4001/4872
f 4869/3939/4869 4880/3985/4880 4855/3755/4855
f 4862/3762/4862 4316/4142/4316 4327/4143/4327 4891/4088/4891
f 4863/3765/4863 4892/4091/4892 4876/3884/4876
f 4877/3888/4877 4896/3778/4896 4868/3936/4868
f 4869/3939/4869 4895/3775/4895 4880/3985/4880
f 4881/3988/4881 4919/4005/4919 4872/4001/4872
f 4927/3801/4927 4926/3800/4926 4323/3391/4323 4873/4004/4873 4920/4008/4920
f 4902/3893/4902 4897/3779/4897 4896/3778/4896 4877/3888/4877
f 4892/4091/4892 4901/3889/4901 4876/3884/4876
f 4915/3793/4915 4914/3792/4914 4880/3985/4880 4895/3775/4895 4898/3780/4898
f 4935/3992/4935 4919/4005/4919 4881/3988/4881
f 4914/3792/4914 4913/3791/4913 4934/3989/4934 4880/3985/4880
f 4327/4143/4327 4316/4142/4316 4315/4141/4315 4887/3773/4887 4886/3772/4886
f 4337/4144/4337 4885/3771/4885 4943/4032/4943 4946/3802/4946 4949/3807/4949
f 4905/3781/4905 4909/3787/4909 4942/4029/4942 4884/3768/4884
f 4886/3772/4886 4885/3771/4885 4337/4144/4337 4327/4143/4327
f 4891/4088/4891 4327/4143/4327 4337/4144/4337 4930/4092/4930
f 4931/4095/4931 4901/3889/4901 4892/4091/4892
f 4902/3893/4902 4916/3794/4916 4915/3793/4915 4898/3780/4898 4897/3779/4897
f 4931/4095/4931 4938/3894/4938 4901/3889/4901
f 4939/3898/4939 4912/3788/4912 4916/3794/4916 4902/3893/4902
f 4342/3393/4342 4344/3364/4344 4908/3786/4908 4907/3785/4907
f 4909/3787/4909 4908/3786/4908 4344/3364/4344 4942/4029/4942
f 4342/3393/4342 4907/3785/4907 4906/3784/4906 4332/3390/4332
f 4913/3791/4913 4953/3943/4953 4934/3989/4934
f 4939/3898/4939 4952/3940/4952 4912/3788/4912
f 4969/4012/4969 4923/3795/4923 4927/3801/4927 4920/4008/4920
f 4961/3996/4961 4919/4005/4919 4935/3992/4935
f 4961/3996/4961 4968/4009/4968 4919/4005/4919
f 4925/3799/4925 4924/3798/4924 4345/3395/4345 4333/3354/4333
f 4924/3798/4924 4976/3808/4976 4345/3395/4345
f 4926/3800/4926 4925/3799/4925 4333/3354/4333 4323/3391/4323
f 4969/4012/4969 4977/3811/4977 4923/3795/4923
f 4957/4099/4957 4938/3894/4938 4931/4095/4931
f 4948/3806/4948 4947/3805/4947 4956/4096/4956 4930/4092/4930
f 4949/3807/4949 4948/3806/4948 4930/4092/4930 4337/4144/4337
f 4953/3943/4953 4960/3993/4960 4934/3989/4934
f 4957/4099/4957 4964/3899/4964 4938/3894/4938
f 4965/3903/4965 4952/3940/4952 4939/3898/4939
f 4344/3364/4344 4984/3818/4984 4942/4029/4942
f 4943/4032/4943 4972/4051/4972 4946/3802/4946
f 4983/3815/4983 4972/4051/4972 4943/4032/4943
f 4947/3805/4947 4973/4054/4973 4956/4096/4956
f 4953/3943/4953 4991/3907/4991 4960/3993/4960
f 4965/3903/4965 4992/3904/4992 4952/3940/4952
f 4976/3808/4976 4980/3814/4980 4172/3225/4172 4345/3395/4345
f 4172/3225/4172 4980/3814/4980 4979/3813/4979 4185/3370/4185 4186/3223/4186
f 4344/3364/4344 4171/3363/4171 4985/3819/4985 4984/3818/4984
o King_crown_orb
v -0.007478 2.225593 -0.152220
v -0.011518 2.183217 -0.192826
v -0.014562 1.955841 -0.224831
v -0.015536 1.869367 -0.168527
v -0.008100 1.854151 -0.151843
v -0.011107 2.252059 -0.112778
v 0.012184 2.202138 -0.177046
v 0.011582 2.085012 -0.235732
v 0.008803 2.052532 -0.240055
v 0.023514 2.028208 -0.238844
v 0.010386 1.982525 -0.233308
v 0.010429 1.928089 -0.212304
v 0.009526 1.898112 -0.193916
v 0.000001 1.839696 -0.132616
v 0.038511 2.225530 -0.148158
v 0.030400 2.162122 -0.204940
v 0.033323 2.119250 -0.224651
v 0.031427 1.948762 -0.219956
v 0.012496 1.828254 -0.112635
v -0.008860 2.275704 -0.046652
v 0.013978 2.261710 -0.091435
v 0.026224 2.239116 -0.131838
v 0.043558 2.201452 -0.172773
v 0.056792 2.076313 -0.230876
v 0.059234 2.040988 -0.232910
v 0.056914 2.017383 -0.232286
v 0.058109 1.994004 -0.228602
v 0.053916 1.970199 -0.223465
v 0.046140 1.913843 -0.199341
v 0.045263 1.887581 -0.180007
v 0.034033 1.870532 -0.167114
v 0.028639 1.854658 -0.150196
v 0.003648 1.817617 -0.091528
v 0.006510 1.810247 -0.069751
v 0.031559 2.251746 -0.108843
v 0.065632 2.173481 -0.188580
v 0.071191 2.144336 -0.204722
v 0.079321 2.109801 -0.215759
v 0.070819 1.935482 -0.204689
v 0.075077 2.202015 -0.160960
v 0.093754 2.132776 -0.200735
v 0.119889 2.109801 -0.196138
v 0.100805 2.086945 -0.212997
v 0.100347 2.063576 -0.217025
v 0.104609 2.040000 -0.216294
v 0.101421 2.015445 -0.216485
v 0.100705 1.993078 -0.212923
v 0.097101 1.960750 -0.205304
v 0.084511 1.905940 -0.180534
v 0.076151 1.878591 -0.161008
v 0.044032 1.840462 -0.126657
v 0.044654 1.828254 -0.104158
v 0.002413 2.278950 -0.024505
v 0.062017 2.239991 -0.117706
v 0.097413 2.182900 -0.166968
v 0.109704 2.152629 -0.181666
v 0.137364 1.979950 -0.188178
v 0.109704 1.927371 -0.181666
v 0.071888 1.854198 -0.134493
v 0.043819 1.818320 -0.081231
v 0.038965 2.269754 -0.058315
v 0.084076 2.226658 -0.125829
v 0.101518 2.210159 -0.135709
v 0.118266 2.172935 -0.161298
v 0.130639 2.131996 -0.179383
v 0.138462 2.076926 -0.193233
v 0.142480 2.031830 -0.193600
v 0.159896 2.015445 -0.177722
v 0.130639 1.948004 -0.179383
v 0.113424 1.896782 -0.156363
v 0.078878 1.840230 -0.107320
v 0.052199 2.261775 -0.076446
v 0.071821 2.251868 -0.088422
v 0.102133 2.233362 -0.100307
v 0.124773 2.192419 -0.137415
v 0.143601 2.153290 -0.155699
v 0.155422 2.108955 -0.169673
v 0.159587 2.064543 -0.177867
v 0.157218 1.992151 -0.175205
v 0.147827 1.934405 -0.157432
v 0.139269 1.895057 -0.131954
v 0.108192 1.869288 -0.130200
v 0.133918 2.202757 -0.115499
v 0.153485 2.165427 -0.136216
v 0.163124 2.131996 -0.150450
v 0.174642 2.086945 -0.158207
v 0.179418 2.040000 -0.159798
v 0.175824 1.979657 -0.152552
v 0.109102 1.854236 -0.106448
v 0.077316 1.828122 -0.082951
v 0.042146 1.810357 -0.056827
v 0.028153 1.804602 -0.038233
v 0.181575 2.121117 -0.135044
v 0.190803 2.063576 -0.144096
v 0.194742 2.027256 -0.140604
v 0.182551 1.957100 -0.132940
v 0.162127 1.913843 -0.124822
v 0.159290 1.887581 -0.095279
v 0.069071 1.818299 -0.061412
v 0.031650 2.275506 -0.035223
v 0.139618 2.218094 -0.081175
v 0.164627 2.183218 -0.101056
v 0.182615 2.153290 -0.107310
v 0.198563 2.100406 -0.121434
v 0.202151 1.993055 -0.121096
v 0.182615 1.926710 -0.107310
v 0.142407 1.869953 -0.092638
v 0.135305 1.854236 -0.070194
v 0.106978 1.840462 -0.080848
v 0.067251 2.266685 -0.043217
v 0.114388 2.239538 -0.069973
v 0.177322 2.183150 -0.076169
v 0.198884 2.141016 -0.089923
v 0.212724 2.095630 -0.097447
v 0.215248 2.063576 -0.104103
v 0.218080 2.040000 -0.100835
v 0.215248 2.016424 -0.104103
v 0.203970 1.958051 -0.097552
v 0.186417 1.914573 -0.085796
v 0.015513 1.801124 -0.018903
v 0.101645 2.252381 -0.048074
v 0.231422 2.063576 -0.060110
v 0.219651 1.980243 -0.077526
v 0.168643 1.879169 -0.059060
v 0.125208 1.840230 -0.045412
v 0.064781 1.810177 -0.026128
v 0.090603 2.261775 -0.018971
v 0.146666 2.225342 -0.043223
v 0.162606 2.210114 -0.049041
v 0.186873 2.183218 -0.048915
v 0.210708 2.143670 -0.051786
v 0.222470 2.111577 -0.055726
v 0.228652 2.087860 -0.056371
v 0.233561 2.040000 -0.056352
v 0.230667 2.005712 -0.058869
v 0.210708 1.936330 -0.051786
v 0.193262 1.906519 -0.050198
v 0.105336 1.827872 -0.041819
v 0.000000 1.800000 0.000000
v 0.131802 2.239945 -0.021433
v 0.216669 2.141976 -0.020304
v 0.230485 1.979271 -0.031168
v 0.189425 1.894501 -0.027126
v 0.167966 1.870162 -0.024733
v 0.087655 1.817904 -0.027171
v 0.160886 2.218566 -0.006705
v 0.192826 2.183218 -0.011518
v 0.229956 2.108947 -0.010507
v 0.237317 2.076267 -0.014790
v 0.240067 2.040000 -0.009704
v 0.238805 2.017383 -0.012966
v 0.225640 1.957768 -0.012021
v 0.211637 1.926710 -0.008554
v 0.151042 1.853859 -0.020257
v 0.133149 1.840575 -0.014201
v 0.177138 2.201391 0.017698
v 0.202666 2.165427 0.032231
v 0.216667 2.143670 0.011610
v 0.238906 2.063576 0.009657
v 0.238737 2.027343 0.024513
v 0.235544 1.993995 0.010340
v 0.221333 1.947224 0.009799
v 0.193026 1.896782 0.007437
v 0.047141 2.275443 -0.005385
v 0.069493 2.269980 -0.003414
v 0.113914 2.251868 0.000576
v 0.132306 2.239435 0.019231
v 0.215806 2.131231 0.053285
v 0.230183 2.101300 0.033312
v 0.227588 1.971053 0.034557
v 0.209240 1.926710 0.032898
v 0.168996 1.869886 0.016919
v 0.141035 1.846567 0.022223
v 0.112727 1.827890 0.006245
v 0.091433 1.818126 0.008367
v 0.149122 2.225764 0.031576
v 0.172773 2.201452 0.043558
v 0.228570 2.086945 0.057315
v 0.232431 2.063576 0.056079
v 0.233091 2.024859 0.057138
v 0.228652 1.992140 0.056371
v 0.215721 1.948004 0.052048
v 0.187866 1.896782 0.044952
v 0.106692 1.828412 0.038510
v 0.046689 1.804327 -0.006926
v 0.194164 2.163638 0.069675
v 0.213019 2.119073 0.078616
v 0.225506 2.040000 0.082905
v 0.218164 1.980646 0.081996
v 0.203975 1.937739 0.075854
v 0.067666 1.809918 0.018087
v 0.087204 2.262142 0.029709
v 0.113625 2.246448 0.047844
v 0.145062 2.218094 0.070990
v 0.167718 2.192419 0.079511
v 0.217344 2.073350 0.097376
v 0.216719 2.017383 0.101137
v 0.190680 1.926710 0.092221
v 0.175487 1.896783 0.080739
v 0.156807 1.869886 0.065247
v 0.132215 1.846094 0.052259
v 0.023998 1.801141 0.002726
v 0.177364 2.166157 0.102019
v 0.195276 2.121031 0.114714
v 0.201044 2.086920 0.122888
v 0.204999 2.040000 0.125306
v 0.201454 2.001447 0.125429
v 0.196106 1.956592 0.111330
v 0.083924 1.818299 0.038718
v 0.142358 2.203826 0.103459
v 0.170947 2.144513 0.132929
v 0.193278 2.063576 0.140758
v 0.184585 1.979625 0.141930
v 0.165578 1.916362 0.123037
v 0.142080 1.878014 0.106787
v 0.125749 1.853812 0.085139
v 0.060685 2.269643 0.036373
v 0.104246 2.239706 0.083426
v 0.116629 2.225764 0.098143
v 0.150604 2.165427 0.139395
v 0.172317 2.097476 0.157630
v 0.180465 2.024879 0.158140
v 0.165205 1.948769 0.148723
v 0.145627 1.916448 0.145829
v 0.090785 1.828368 0.068640
v 0.039604 1.804616 0.025809
v 0.024515 2.279032 0.002414
v 0.083620 2.251632 0.077208
v 0.126436 2.201486 0.125784
v 0.124363 2.183150 0.147576
v 0.148948 2.132037 0.164505
v 0.147827 2.098394 0.180210
v 0.162104 2.063576 0.175760
v 0.159798 2.040000 0.179418
v 0.156369 2.001447 0.178507
v 0.155422 1.971045 0.169673
v 0.129460 1.934612 0.173111
v 0.118114 1.878567 0.133422
v 0.100182 1.840055 0.088288
v 0.124511 2.145098 0.176786
v 0.119889 2.109801 0.196138
v 0.120335 1.906519 0.159341
v 0.096540 1.854651 0.118705
v 0.046259 1.810300 0.052492
v 0.059538 2.261945 0.070399
v 0.095278 2.192419 0.159290
v 0.103654 2.165427 0.177110
v 0.119376 2.086920 0.203149
v 0.124700 2.063576 0.204008
v 0.121725 2.040000 0.207146
v 0.124700 2.016423 0.204008
v 0.119376 1.993080 0.203149
v 0.118142 1.958969 0.193221
v 0.097024 1.916448 0.181823
v 0.090826 1.879169 0.153881
v 0.055245 1.817617 0.073066
v 0.035529 2.275583 0.031977
v 0.032706 2.269753 0.061950
v 0.053820 2.251920 0.099313
v 0.068667 2.240017 0.114564
v 0.078325 2.226054 0.130678
v 0.078886 2.210712 0.149781
v 0.094781 2.132037 0.200659
v 0.082504 2.016424 0.224416
v 0.073634 1.934612 0.203237
v 0.057806 1.827619 0.096443
v 0.022121 2.251759 0.111210
v 0.066997 2.183217 0.181179
v 0.069621 2.153290 0.200041
v 0.079321 2.109801 0.215758
v 0.077450 2.086920 0.222534
v 0.082504 2.063576 0.224416
v 0.078974 2.040000 0.226913
v 0.077450 1.993080 0.222534
v 0.079321 1.970199 0.215758
v 0.068899 1.906519 0.187411
v 0.058807 1.878014 0.167725
v 0.057256 1.853812 0.140652
v 0.057722 1.839589 0.119709
v 0.037964 2.218566 0.156487
v 0.053813 2.132037 0.215294
v 0.053813 1.947963 0.215294
v 0.026736 1.876646 0.174350
v 0.030363 2.183217 0.190768
v 0.029257 2.153290 0.209780
v 0.038030 2.101586 0.229259
v 0.037137 2.063576 0.236199
v 0.037416 2.023940 0.237029
v 0.037131 1.982478 0.230567
v 0.030080 1.916362 0.204081
v 0.000461 1.878514 0.178347
v 0.021724 1.828424 0.111602
v 0.018694 2.262140 0.089856
v 0.018477 2.239538 0.132813
v -0.000143 2.163552 0.206090
v 0.010777 2.132037 0.221655
v 0.007631 2.078553 0.237187
v 0.009704 2.040000 0.240067
v 0.013108 1.958969 0.226097
v -0.000143 1.916448 0.206090
v 0.015218 1.854182 0.151621
v 0.013371 1.840255 0.132805
v 0.016723 1.804521 0.044514
v 0.011167 1.801123 0.021675
v 0.005495 2.278854 0.023400
v 0.001996 2.219158 0.160443
v -0.009276 2.192419 0.185378
v -0.009284 2.109801 0.229690
v -0.010503 2.017383 0.238926
v -0.012395 1.994004 0.235546
v -0.030866 1.934612 0.213950
v -0.018201 1.828122 0.111926
v 0.009999 1.818224 0.092026
v 0.000000 2.280000 0.000000
v 0.002521 2.275443 0.047091
v -0.012496 2.251746 0.112635
v -0.027581 2.173481 0.197761
v -0.030866 2.145388 0.213950
v -0.035423 2.085996 0.233197
v -0.033872 2.062617 0.236745
v -0.037318 2.040000 0.237347
v -0.031753 1.970199 0.227674
v -0.026321 1.896783 0.191368
v 0.009856 1.809837 0.068982
v -0.003044 2.269884 0.069787
v -0.025979 2.261775 0.088847
v -0.026323 2.239745 0.130855
v -0.030633 2.218308 0.158471
v -0.047429 2.185499 0.185387
v -0.053089 2.121031 0.220167
v -0.056079 2.016423 0.232431
v -0.056309 1.981450 0.226236
v -0.054030 1.947963 0.215240
v -0.041856 1.869841 0.164228
v -0.026094 1.848064 0.142564
v -0.073087 2.153290 0.198801
v -0.081305 2.086920 0.221155
v -0.077041 2.055120 0.227246
v -0.081305 1.993080 0.221155
v -0.096476 1.970199 0.208653
v -0.073087 1.926710 0.198801
v -0.063150 1.896783 0.182556
v -0.066940 2.210047 0.156143
v -0.080739 2.183217 0.175487
v -0.092832 2.122930 0.205809
v -0.104609 2.040000 0.216294
v -0.100347 2.016424 0.217025
v -0.096693 1.938984 0.195682
v -0.088751 1.896850 0.171371
v -0.069928 1.861434 0.145050
v -0.050242 1.840575 0.124121
v -0.048461 2.251847 0.102461
v -0.065662 2.232444 0.128369
v -0.114327 2.142558 0.184995
v -0.116463 2.109801 0.198192
v -0.122888 2.086920 0.201044
v -0.121136 2.063576 0.206144
v -0.122023 1.992152 0.201307
v -0.053393 1.828263 0.099891
v -0.035294 1.818015 0.085207
v -0.099680 2.217057 0.128465
v -0.113424 2.183217 0.156363
v -0.127649 2.153290 0.169025
v -0.149113 2.132037 0.164355
v -0.144796 2.040000 0.191730
v -0.141706 2.015445 0.192539
v -0.135328 1.970199 0.185822
v -0.131128 1.937177 0.173440
v -0.113424 1.896783 0.156364
v -0.097926 1.861906 0.128425
v -0.033428 1.810323 0.061905
v -0.057505 2.261770 0.071857
v -0.083789 2.239991 0.103346
v -0.155769 2.099424 0.173342
v -0.160642 2.063579 0.177241
v -0.158207 1.993055 0.174642
v -0.165248 1.956307 0.153524
v -0.083769 1.839972 0.103415
v -0.084054 1.828083 0.076182
v -0.019651 1.804521 0.043301
v -0.133422 2.201433 0.118114
v -0.152976 2.163638 0.138392
v -0.173509 2.120957 0.145174
v -0.185019 2.075261 0.149195
v -0.175989 2.030590 0.163485
v -0.185019 2.004739 0.149195
v -0.157321 1.926029 0.141224
v -0.141749 1.896783 0.131231
v -0.112489 1.854648 0.103126
v -0.080662 2.261945 0.044660
v -0.084054 2.251917 0.076182
v -0.117422 2.225342 0.097934
v -0.149520 2.201380 0.096634
v -0.183442 1.970199 0.138537
v -0.162336 1.895058 0.102249
v -0.132642 1.869953 0.106150
v -0.046214 2.270082 0.052632
v -0.111094 2.239428 0.074922
v -0.177035 2.163638 0.105889
v -0.193221 2.121031 0.118142
v -0.204449 2.076314 0.121366
v -0.206173 2.040000 0.123575
v -0.202758 2.007052 0.124864
v -0.187519 1.937177 0.110057
v -0.031977 2.275583 0.035529
v -0.161963 2.201433 0.074297
v -0.208180 2.120957 0.088555
v -0.210247 1.980576 0.100537
v -0.179756 1.906519 0.086937
v -0.154118 1.870198 0.071260
v -0.133535 1.854236 0.073504
v -0.115418 1.840420 0.068405
v -0.074001 1.817918 0.054883
v -0.114643 2.247067 0.042254
v -0.140097 2.225764 0.060061
v -0.191380 2.166157 0.072384
v -0.222033 2.087848 0.078202
v -0.225225 2.063579 0.080587
v -0.226133 2.040000 0.080912
v -0.225225 2.016421 0.080587
v -0.205387 1.937177 0.071359
v -0.174817 1.887581 0.062372
v -0.165059 2.209802 0.039824
v -0.185855 2.185498 0.045563
v -0.211393 2.142823 0.050884
v -0.222494 2.109801 0.057791
v -0.228570 1.993055 0.057315
v -0.222494 1.970199 0.057791
v -0.193262 1.906519 0.050198
v -0.156487 1.861434 0.037963
v -0.132813 1.840462 0.018477
v -0.107289 1.828122 0.036710
v -0.061758 1.810001 0.032580
v -0.042447 1.804551 0.020645
v -0.016506 1.801075 0.018212
v -0.019034 2.278950 0.015621
v -0.233438 2.085996 0.033796
v -0.237125 2.052743 0.038282
v -0.236809 2.016424 0.033027
v -0.231742 1.981611 0.024920
v -0.215362 1.937177 0.029919
v -0.190379 1.896188 0.029466
v -0.090723 1.818021 0.014207
v -0.069662 2.269740 0.010647
v -0.091309 2.261874 0.009631
v -0.132861 2.239745 0.012795
v -0.176131 2.203354 0.009518
v -0.206047 2.163638 0.009932
v -0.226097 2.121031 0.013109
v -0.239862 2.040000 0.013874
v -0.178067 1.878567 0.006661
v -0.113326 2.251878 0.003985
v -0.152092 2.226141 0.009599
v -0.185378 2.192419 -0.009276
v -0.237139 2.078462 -0.010730
v -0.238702 2.016424 -0.013807
v -0.235365 1.993055 -0.011504
v -0.226294 1.958969 -0.009116
v -0.206028 1.916362 -0.010312
v -0.152897 1.854658 0.001213
v -0.204026 2.163638 -0.030457
v -0.224310 2.121031 -0.031253
v -0.236384 2.062617 -0.036311
v -0.237960 2.040000 -0.033187
v -0.228997 1.981611 -0.043425
v -0.209894 1.934612 -0.051688
v -0.183577 1.887581 -0.027401
v -0.047425 2.275449 -0.000368
v -0.130854 2.239745 -0.026323
v -0.166202 2.210047 -0.035192
v -0.180007 2.192419 -0.045263
v -0.197175 2.163552 -0.059962
v -0.226236 2.098549 -0.056309
v -0.231686 2.017383 -0.059305
v -0.213903 1.958969 -0.074413
v -0.194105 1.906519 -0.046832
v -0.166202 1.869953 -0.035192
v -0.148089 1.854409 -0.035730
v -0.112611 1.827872 -0.012774
v -0.145632 2.226244 -0.043186
v -0.208907 2.132037 -0.074867
v -0.221245 2.087848 -0.080405
v -0.224793 2.064555 -0.081362
v -0.226913 2.040000 -0.078974
v -0.223659 2.005913 -0.081536
v -0.174704 1.887581 -0.062689
v -0.129382 1.839999 -0.032766
v -0.088847 2.261775 -0.025979
v -0.160181 2.201433 -0.078066
v -0.186399 2.163638 -0.088371
v -0.205353 2.118375 -0.097651
v -0.212298 1.992151 -0.101703
v -0.193145 1.934901 -0.097217
v -0.181239 1.906519 -0.083801
v -0.159117 1.887581 -0.095567
v -0.145049 1.861434 -0.069928
v -0.088847 1.818224 -0.025979
v -0.069078 1.810153 -0.014061
v -0.046585 1.804551 -0.008891
v -0.104054 2.252128 -0.044913
v -0.117706 2.239991 -0.062017
v -0.201890 2.085996 -0.121967
v -0.204495 2.062617 -0.124007
v -0.207146 2.040000 -0.121724
v -0.204008 2.016423 -0.124700
v -0.198192 1.970199 -0.116463
v -0.099279 1.828254 -0.054648
v -0.021361 2.278857 -0.011418
v -0.126858 2.225818 -0.084423
v -0.141873 2.201433 -0.107815
v -0.165577 2.163638 -0.123037
v -0.183091 2.121031 -0.133302
v -0.187411 1.984674 -0.140137
v -0.173440 1.937176 -0.131128
v -0.156260 1.898855 -0.116093
v -0.128425 1.861906 -0.097926
v -0.111061 1.840009 -0.073256
v -0.039032 2.275409 -0.026487
v -0.061652 2.269935 -0.033408
v -0.171332 2.096175 -0.158980
v -0.176546 2.064555 -0.161193
v -0.179418 2.040000 -0.159798
v -0.175760 2.016423 -0.162103
v -0.071857 1.818230 -0.057505
v -0.048821 1.810260 -0.050286
v -0.074973 2.251878 -0.085074
v -0.124524 2.192419 -0.137641
v -0.140112 2.166157 -0.149112
v -0.148948 2.132037 -0.164505
v -0.159748 1.993080 -0.173207
v -0.154321 1.970165 -0.170396
v -0.144525 1.937176 -0.162445
v -0.131231 1.896783 -0.141749
v -0.106853 1.861906 -0.121099
v -0.017481 1.800880 -0.016939
v -0.091046 2.239945 -0.097682
v -0.092277 2.225530 -0.122143
v -0.106150 2.210047 -0.132641
v -0.109299 2.183150 -0.159055
v -0.124692 2.153290 -0.171217
v -0.136876 2.109835 -0.184701
v -0.142002 2.086920 -0.188031
v -0.140758 2.063576 -0.193278
v -0.144796 2.040000 -0.191730
v -0.140758 2.016423 -0.193278
v -0.113993 1.947963 -0.190402
v -0.096634 1.878621 -0.149520
v -0.085968 1.840294 -0.102160
v -0.074973 1.828122 -0.085074
v -0.033808 1.804616 -0.033039
v -0.062902 2.262142 -0.067309
v -0.113993 2.132037 -0.190402
v -0.123735 1.983701 -0.198380
v -0.108329 1.913842 -0.173581
v -0.035673 2.269711 -0.060158
v -0.053303 2.246141 -0.111533
v -0.074297 2.201433 -0.161963
v -0.090794 2.166157 -0.183363
v -0.099173 2.110666 -0.207049
v -0.101480 2.087860 -0.212512
v -0.100347 2.063576 -0.217025
v -0.104609 2.040000 -0.216294
v -0.100347 2.016424 -0.217025
v -0.095429 1.960816 -0.206014
v -0.088893 1.926710 -0.192254
v -0.080946 1.894501 -0.173395
v -0.074074 1.861838 -0.143721
v -0.071359 2.142823 -0.205387
v -0.057791 2.109801 -0.222494
v -0.067035 2.075261 -0.228030
v -0.060053 2.026349 -0.232589
v -0.079442 1.993055 -0.221852
v -0.049070 1.878621 -0.171133
v -0.045824 1.840420 -0.126098
v -0.044660 1.818055 -0.080662
v -0.046040 2.225764 -0.145309
v -0.048915 2.183217 -0.186874
v -0.040180 2.142744 -0.213459
v -0.033027 2.063576 -0.236809
v -0.056966 1.958969 -0.219196
v -0.053277 1.913842 -0.197553
v -0.045544 1.854658 -0.145961
v -0.023144 1.810245 -0.065794
v -0.000379 2.269999 -0.069824
v -0.023031 2.261979 -0.088893
v -0.031982 2.210633 -0.166192
v -0.034635 2.086945 -0.233087
v -0.037318 2.040000 -0.237347
v -0.010524 2.015456 -0.238734
v -0.034635 1.993055 -0.233087
v -0.030021 1.926029 -0.209267
v -0.026098 1.893914 -0.189146
v -0.031292 1.827872 -0.108927
v -0.005419 1.804469 -0.047303
v -0.020487 2.240411 -0.131310
v -0.009684 2.143670 -0.216762
v -0.012137 2.110677 -0.229347
vn -0.0175 0.7684 -0.6397
vn -0.0464 0.5884 -0.8072
vn -0.0606 -0.3494 -0.9350
vn -0.0542 -0.7092 -0.7029
vn -0.0328 -0.7748 -0.6313
vn -0.0399 0.8828 -0.4681
vn 0.0492 0.6735 -0.7375
vn 0.0506 0.1883 -0.9808
vn 0.0362 0.0606 -0.9975
vn 0.1054 -0.0551 -0.9929
vn 0.0502 -0.2339 -0.9710
vn 0.0372 -0.4688 -0.8825
vn 0.0369 -0.5926 -0.8047
vn -0.0047 -0.8338 -0.5521
vn 0.1599 0.7729 -0.6141
vn 0.1224 0.5096 -0.8517
vn 0.1406 0.3305 -0.9333
vn 0.1305 -0.3793 -0.9160
vn 0.0541 -0.8796 -0.4727
vn -0.0386 0.9804 -0.1933
vn 0.0651 0.9225 -0.3804
vn 0.0948 0.8341 -0.5434
vn 0.1798 0.6636 -0.7261
vn 0.2353 0.1475 -0.9607
vn 0.2539 0.0122 -0.9672
vn 0.2409 -0.1025 -0.9651
vn 0.2440 -0.1936 -0.9503
vn 0.2302 -0.2926 -0.9281
vn 0.1934 -0.5278 -0.8271
vn 0.1957 -0.6285 -0.7528
vn 0.1371 -0.7058 -0.6950
vn 0.1202 -0.7702 -0.6264
vn 0.0146 -0.9250 -0.3797
vn 0.0390 -0.9579 -0.2844
vn 0.1339 0.8824 -0.4509
vn 0.2748 0.5571 -0.7837
vn 0.2892 0.4388 -0.8508
vn 0.3222 0.2863 -0.9023
vn 0.2949 -0.4327 -0.8519
vn 0.3100 0.6799 -0.6645
vn 0.4016 0.3821 -0.8323
vn 0.4994 0.2901 -0.8163
vn 0.4174 0.1990 -0.8867
vn 0.4156 0.0948 -0.9046
vn 0.4343 0.0055 -0.9008
vn 0.4229 -0.1034 -0.9003
vn 0.4210 -0.1935 -0.8862
vn 0.4024 -0.3262 -0.8554
vn 0.3464 -0.5569 -0.7549
vn 0.3121 -0.6720 -0.6715
vn 0.1828 -0.8307 -0.5258
vn 0.1877 -0.8848 -0.4266
vn 0.0160 0.9947 -0.1016
vn 0.2543 0.8316 -0.4937
vn 0.4001 0.5914 -0.7001
vn 0.4504 0.4698 -0.7593
vn 0.5683 -0.2475 -0.7847
vn 0.4572 -0.4698 -0.7551
vn 0.2993 -0.7692 -0.5645
vn 0.1758 -0.9226 -0.3434
vn 0.1473 0.9586 -0.2437
vn 0.3492 0.7727 -0.5301
vn 0.4268 0.7056 -0.5656
vn 0.5028 0.5509 -0.6661
vn 0.5469 0.3817 -0.7451
vn 0.5717 0.1528 -0.8061
vn 0.5828 -0.0359 -0.8118
vn 0.6747 -0.0980 -0.7316
vn 0.5523 -0.3763 -0.7439
vn 0.4741 -0.5904 -0.6531
vn 0.3275 -0.8291 -0.4531
vn 0.2088 0.9243 -0.3194
vn 0.3037 0.8807 -0.3635
vn 0.4297 0.8000 -0.4187
vn 0.5200 0.6294 -0.5775
vn 0.5898 0.4686 -0.6576
vn 0.6446 0.2834 -0.7100
vn 0.6698 0.1005 -0.7357
vn 0.6621 -0.2009 -0.7220
vn 0.6184 -0.4349 -0.6545
vn 0.5776 -0.6054 -0.5475
vn 0.4514 -0.7088 -0.5420
vn 0.5557 0.6813 -0.4765
vn 0.6425 0.5238 -0.5593
vn 0.6803 0.3844 -0.6240
vn 0.7267 0.1967 -0.6582
vn 0.7374 -0.0030 -0.6755
vn 0.7266 -0.2463 -0.6414
vn 0.4575 -0.7701 -0.4447
vn 0.3223 -0.8802 -0.3484
vn 0.1681 -0.9579 -0.2328
vn 0.1166 -0.9805 -0.1581
vn 0.7560 0.3434 -0.5573
vn 0.8028 0.1027 -0.5874
vn 0.8110 -0.0606 -0.5818
vn 0.7554 -0.3509 -0.5534
vn 0.6767 -0.5203 -0.5210
vn 0.6694 -0.6268 -0.3986
vn 0.2954 -0.9223 -0.2492
vn 0.1297 0.9809 -0.1450
vn 0.5860 0.7355 -0.3400
vn 0.6848 0.5989 -0.4152
vn 0.7551 0.4705 -0.4565
vn 0.8237 0.2488 -0.5095
vn 0.8402 -0.1981 -0.5048
vn 0.7604 -0.4661 -0.4522
vn 0.5871 -0.7078 -0.3929
vn 0.5693 -0.7717 -0.2836
vn 0.4449 -0.8318 -0.3318
vn 0.2823 0.9420 -0.1816
vn 0.4766 0.8317 -0.2847
vn 0.7424 0.5913 -0.3149
vn 0.8292 0.4184 -0.3707
vn 0.8871 0.2345 -0.3975
vn 0.8952 0.0964 -0.4352
vn 0.9100 0.0008 -0.4145
vn 0.8998 -0.1015 -0.4243
vn 0.8488 -0.3445 -0.4011
vn 0.7772 -0.5222 -0.3510
vn 0.0626 -0.9946 -0.0832
vn 0.4232 0.8834 -0.2016
vn 0.9624 0.0957 -0.2541
vn 0.9131 -0.2528 -0.3200
vn 0.6978 -0.6723 -0.2471
vn 0.5327 -0.8242 -0.1918
vn 0.2688 -0.9570 -0.1094
vn 0.3823 0.9208 -0.0772
vn 0.6009 0.7783 -0.1820
vn 0.6846 0.6992 -0.2060
vn 0.7845 0.5886 -0.1955
vn 0.8743 0.4329 -0.2195
vn 0.9254 0.3006 -0.2309
vn 0.9521 0.1962 -0.2345
vn 0.9725 -0.0017 -0.2331
vn 0.9608 -0.1319 -0.2437
vn 0.8789 -0.4249 -0.2165
vn 0.8080 -0.5505 -0.2100
vn 0.4365 -0.8824 -0.1755
vn 0.0002 -1.0000 0.0006
vn 0.5477 0.8317 -0.0907
vn 0.8980 0.4308 -0.0895
vn 0.9582 -0.2518 -0.1361
vn 0.7905 -0.6030 -0.1075
vn 0.7058 -0.7012 -0.1009
vn 0.3647 -0.9252 -0.1045
vn 0.6729 0.7391 -0.0320
vn 0.8040 0.5924 -0.0512
vn 0.9561 0.2894 -0.0462
vn 0.9852 0.1556 -0.0714
vn 0.9983 0.0001 -0.0575
vn 0.9922 -0.1045 -0.0676
vn 0.9393 -0.3388 -0.0545
vn 0.8767 -0.4791 -0.0431
vn 0.6305 -0.7709 -0.0907
vn 0.5431 -0.8378 -0.0564
vn 0.7425 0.6664 0.0681
vn 0.8388 0.5281 0.1326
vn 0.9022 0.4286 0.0488
vn 0.9928 0.1012 0.0639
vn 0.9930 -0.0512 0.1062
vn 0.9800 -0.1936 0.0465
vn 0.9218 -0.3839 0.0533
vn 0.8033 -0.5949 0.0295
vn 0.1992 0.9797 -0.0244
vn 0.2890 0.9573 -0.0091
vn 0.4691 0.8831 0.0037
vn 0.5520 0.8304 0.0754
vn 0.8990 0.3809 0.2160
vn 0.9581 0.2555 0.1295
vn 0.9476 -0.2864 0.1412
vn 0.8681 -0.4768 0.1384
vn 0.7016 -0.7086 0.0749
vn 0.5905 -0.8016 0.0937
vn 0.4709 -0.8818 0.0263
vn 0.3777 -0.9255 0.0268
vn 0.6172 0.7759 0.1304
vn 0.7224 0.6651 0.1892
vn 0.9498 0.1981 0.2420
vn 0.9704 0.0925 0.2233
vn 0.9708 -0.0657 0.2307
vn 0.9525 -0.1959 0.2333
vn 0.9004 -0.3777 0.2159
vn 0.7813 -0.5935 0.1931
vn 0.4519 -0.8773 0.1618
vn 0.1979 -0.9796 -0.0355
vn 0.8085 0.5098 0.2939
vn 0.8818 0.3285 0.3385
vn 0.9361 0.0020 0.3518
vn 0.9056 -0.2450 0.3463
vn 0.8489 -0.4292 0.3085
vn 0.2816 -0.9565 0.0765
vn 0.3652 0.9224 0.1255
vn 0.4762 0.8550 0.2054
vn 0.5986 0.7472 0.2889
vn 0.7010 0.6314 0.3317
vn 0.9032 0.1422 0.4049
vn 0.9051 -0.0981 0.4137
vn 0.7874 -0.4808 0.3857
vn 0.7304 -0.5924 0.3399
vn 0.6550 -0.7077 0.2647
vn 0.5507 -0.8070 0.2135
vn 0.1010 -0.9948 0.0139
vn 0.7373 0.5226 0.4281
vn 0.8124 0.3395 0.4740
vn 0.8371 0.1996 0.5094
vn 0.8546 0.0029 0.5193
vn 0.8393 -0.1616 0.5191
vn 0.8141 -0.3459 0.4665
vn 0.3472 -0.9224 0.1690
vn 0.6062 0.6695 0.4293
vn 0.7167 0.4232 0.5543
vn 0.7993 0.0962 0.5932
vn 0.7645 -0.2499 0.5943
vn 0.6891 -0.5173 0.5075
vn 0.5936 -0.6691 0.4472
vn 0.5250 -0.7710 0.3606
vn 0.2558 0.9548 0.1513
vn 0.4380 0.8278 0.3504
vn 0.4777 0.7765 0.4110
vn 0.6234 0.5274 0.5772
vn 0.7230 0.2429 0.6467
vn 0.7547 -0.0624 0.6531
vn 0.6895 -0.3838 0.6142
vn 0.6041 -0.5215 0.6026
vn 0.3784 -0.8815 0.2823
vn 0.1657 -0.9801 0.1092
vn 0.1028 0.9947 0.0064
vn 0.3489 0.8820 0.3168
vn 0.5226 0.6734 0.5229
vn 0.5120 0.5943 0.6203
vn 0.6236 0.3801 0.6831
vn 0.6104 0.2418 0.7543
vn 0.6734 0.1003 0.7324
vn 0.6595 -0.0005 0.7517
vn 0.6455 -0.1601 0.7467
vn 0.6401 -0.2865 0.7129
vn 0.5421 -0.4332 0.7201
vn 0.5015 -0.6687 0.5489
vn 0.4136 -0.8315 0.3708
vn 0.5237 0.4334 0.7334
vn 0.4955 0.2952 0.8169
vn 0.4960 -0.5637 0.6604
vn 0.4002 -0.7717 0.4944
vn 0.1944 -0.9579 0.2113
vn 0.2482 0.9243 0.2899
vn 0.4021 0.6357 0.6590
vn 0.4288 0.5218 0.7375
vn 0.4912 0.1895 0.8502
vn 0.5212 0.0990 0.8477
vn 0.5055 -0.0017 0.8628
vn 0.5183 -0.0980 0.8495
vn 0.4927 -0.2038 0.8460
vn 0.4877 -0.3295 0.8084
vn 0.4031 -0.5162 0.7557
vn 0.3760 -0.6673 0.6429
vn 0.2261 -0.9262 0.3017
vn 0.1496 0.9801 0.1307
vn 0.1349 0.9561 0.2600
vn 0.2150 0.8835 0.4163
vn 0.2812 0.8322 0.4778
vn 0.3291 0.7760 0.5381
vn 0.3293 0.7056 0.6274
vn 0.3951 0.3837 0.8347
vn 0.3478 -0.1025 0.9320
vn 0.3138 -0.4371 0.8429
vn 0.2420 -0.8829 0.4023
vn 0.0997 0.8790 0.4662
vn 0.2703 0.5978 0.7547
vn 0.2866 0.4753 0.8318
vn 0.3346 0.2931 0.8956
vn 0.3233 0.1949 0.9260
vn 0.3434 0.0975 0.9341
vn 0.3284 -0.0009 0.9445
vn 0.3247 -0.1951 0.9255
vn 0.3391 -0.2961 0.8929
vn 0.2756 -0.5658 0.7771
vn 0.2430 -0.6686 0.7028
vn 0.2355 -0.7697 0.5934
vn 0.2415 -0.8314 0.5005
vn 0.1661 0.7386 0.6533
vn 0.2220 0.3809 0.8976
vn 0.2117 -0.3802 0.9004
vn 0.1251 -0.6719 0.7300
vn 0.1278 0.6023 0.7880
vn 0.1323 0.4746 0.8702
vn 0.1609 0.2536 0.9538
vn 0.1697 0.0968 0.9807
vn 0.1611 -0.0713 0.9844
vn 0.1548 -0.2270 0.9615
vn 0.1292 -0.5184 0.8453
vn -0.0047 -0.6706 0.7418
vn 0.0974 -0.8819 0.4613
vn 0.0778 0.9249 0.3722
vn 0.0844 0.8283 0.5538
vn 0.0011 0.5144 0.8575
vn 0.0453 0.3786 0.9245
vn 0.0232 0.1567 0.9874
vn 0.0306 0.0023 0.9995
vn 0.0477 -0.3432 0.9380
vn 0.0014 -0.5112 0.8595
vn 0.0677 -0.7726 0.6313
vn 0.0582 -0.8335 0.5494
vn 0.0676 -0.9808 0.1830
vn 0.0432 -0.9947 0.0933
vn 0.0218 0.9945 0.1021
vn 0.0122 0.7416 0.6707
vn -0.0324 0.6403 0.7675
vn -0.0394 0.2921 0.9556
vn -0.0420 -0.1013 0.9940
vn -0.0464 -0.1945 0.9798
vn -0.1232 -0.4439 0.8875
vn -0.0722 -0.8816 0.4665
vn 0.0430 -0.9227 0.3830
vn -0.0000 1.0000 -0.0007
vn 0.0078 0.9808 0.1950
vn -0.0470 0.8823 0.4683
vn -0.1232 0.5508 0.8255
vn -0.1308 0.4385 0.8891
vn -0.1560 0.1967 0.9680
vn -0.1383 0.0987 0.9855
vn -0.1495 0.0018 0.9888
vn -0.1204 -0.2925 0.9487
vn -0.1175 -0.5911 0.7980
vn 0.0386 -0.9564 0.2895
vn -0.0192 0.9568 0.2903
vn -0.1045 0.9252 0.3649
vn -0.1092 0.8289 0.5487
vn -0.1320 0.7391 0.6605
vn -0.1977 0.6043 0.7719
vn -0.2225 0.3318 0.9167
vn -0.2350 -0.0952 0.9673
vn -0.2350 -0.2446 0.9407
vn -0.2410 -0.3811 0.8926
vn -0.1716 -0.7063 0.6868
vn -0.1030 -0.7940 0.5991
vn -0.3018 0.4755 0.8264
vn -0.3383 0.1950 0.9206
vn -0.3190 0.0652 0.9455
vn -0.3432 -0.1928 0.9193
vn -0.4016 -0.2962 0.8666
vn -0.2921 -0.4787 0.8279
vn -0.2612 -0.5928 0.7618
vn -0.2845 0.7054 0.6492
vn -0.3472 0.5930 0.7265
vn -0.3802 0.3407 0.8599
vn -0.4361 0.0004 0.8999
vn -0.4183 -0.0968 0.9031
vn -0.4045 -0.4195 0.8126
vn -0.3775 -0.5946 0.7099
vn -0.2951 -0.7376 0.6073
vn -0.2183 -0.8278 0.5169
vn -0.2064 0.8796 0.4285
vn -0.2681 0.7999 0.5370
vn -0.4728 0.4287 0.7699
vn -0.4936 0.2886 0.8204
vn -0.5117 0.1914 0.8375
vn -0.5040 0.0984 0.8581
vn -0.5054 -0.1974 0.8400
vn -0.2279 -0.8833 0.4097
vn -0.1464 -0.9250 0.3506
vn -0.4144 0.7292 0.5446
vn -0.4707 0.5989 0.6479
vn -0.5277 0.4818 0.6995
vn -0.6167 0.3824 0.6881
vn -0.5975 0.0004 0.8019
vn -0.5860 -0.1040 0.8036
vn -0.5608 -0.2934 0.7742
vn -0.5390 -0.4345 0.7216
vn -0.4757 -0.5949 0.6479
vn -0.4087 -0.7332 0.5435
vn -0.1429 -0.9558 0.2571
vn -0.2406 0.9204 0.3083
vn -0.3501 0.8326 0.4291
vn -0.6424 0.2451 0.7261
vn -0.6662 0.0999 0.7390
vn -0.6618 -0.1965 0.7234
vn -0.6860 -0.3459 0.6401
vn -0.3483 -0.8303 0.4351
vn -0.3478 -0.8814 0.3197
vn -0.0801 -0.9798 0.1834
vn -0.5589 0.6609 0.5009
vn -0.6399 0.5159 0.5696
vn -0.7280 0.3367 0.5972
vn -0.7696 0.1464 0.6216
vn -0.7380 -0.0315 0.6740
vn -0.7684 -0.1487 0.6224
vn -0.6543 -0.4804 0.5840
vn -0.5894 -0.5903 0.5515
vn -0.4643 -0.7780 0.4233
vn -0.3399 0.9231 0.1797
vn -0.3492 0.8817 0.3173
vn -0.4944 0.7695 0.4043
vn -0.6249 0.6663 0.4068
vn -0.7701 -0.2874 0.5694
vn -0.6761 -0.5992 0.4288
vn -0.5522 -0.7021 0.4495
vn -0.1907 0.9571 0.2182
vn -0.4639 0.8295 0.3109
vn -0.7355 0.5112 0.4447
vn -0.8048 0.3386 0.4875
vn -0.8497 0.1504 0.5054
vn -0.8578 0.0008 0.5140
vn -0.8472 -0.1309 0.5149
vn -0.7773 -0.4267 0.4623
vn -0.1324 0.9802 0.1473
vn -0.6743 0.6690 0.3127
vn -0.8635 0.3413 0.3714
vn -0.8733 -0.2534 0.4162
vn -0.7552 -0.5484 0.3590
vn -0.6438 -0.7030 0.3021
vn -0.5600 -0.7734 0.2971
vn -0.4802 -0.8320 0.2777
vn -0.3059 -0.9232 0.2325
vn -0.4805 0.8597 0.1732
vn -0.5837 0.7735 0.2471
vn -0.7967 0.5184 0.3107
vn -0.9219 0.2011 0.3312
vn -0.9359 0.1000 0.3377
vn -0.9399 -0.0049 0.3413
vn -0.9357 -0.1008 0.3382
vn -0.8543 -0.4239 0.3007
vn -0.7264 -0.6373 0.2573
vn -0.6818 0.7121 0.1674
vn -0.7787 0.5999 0.1835
vn -0.8778 0.4311 0.2088
vn -0.9276 0.2906 0.2347
vn -0.9513 -0.1874 0.2447
vn -0.9215 -0.3009 0.2456
vn -0.8099 -0.5450 0.2168
vn -0.6490 -0.7435 0.1612
vn -0.5485 -0.8321 0.0819
vn -0.4495 -0.8800 0.1535
vn -0.2564 -0.9577 0.1304
vn -0.1775 -0.9808 0.0803
vn -0.0691 -0.9949 0.0740
vn -0.0800 0.9946 0.0657
vn -0.9718 0.1906 0.1386
vn -0.9840 0.0574 0.1684
vn -0.9851 -0.0994 0.1406
vn -0.9648 -0.2442 0.0974
vn -0.8960 -0.4274 0.1206
vn -0.7939 -0.5971 0.1152
vn -0.3772 -0.9242 0.0592
vn -0.2853 0.9573 0.0461
vn -0.3823 0.9230 0.0440
vn -0.5537 0.8304 0.0620
vn -0.7362 0.6756 0.0396
vn -0.8596 0.5092 0.0427
vn -0.9388 0.3411 0.0477
vn -0.9992 0.0061 0.0400
vn -0.7421 -0.6698 0.0257
vn -0.4660 0.8847 0.0129
vn -0.6310 0.7749 0.0380
vn -0.7762 0.6290 -0.0431
vn -0.9859 0.1627 -0.0382
vn -0.9936 -0.0983 -0.0562
vn -0.9804 -0.1915 -0.0464
vn -0.9375 -0.3455 -0.0409
vn -0.8584 -0.5116 -0.0384
vn -0.6356 -0.7720 -0.0026
vn -0.8559 0.5027 -0.1213
vn -0.9301 0.3455 -0.1243
vn -0.9824 0.0987 -0.1586
vn -0.9904 0.0005 -0.1381
vn -0.9519 -0.2450 -0.1842
vn -0.8748 -0.4361 -0.2112
vn -0.7691 -0.6300 -0.1073
vn -0.1997 0.9799 0.0022
vn -0.5454 0.8320 -0.1019
vn -0.6882 0.7121 -0.1390
vn -0.7541 0.6262 -0.1981
vn -0.8217 0.5128 -0.2486
vn -0.9430 0.2407 -0.2298
vn -0.9687 -0.0952 -0.2292
vn -0.8912 -0.3311 -0.3101
vn -0.8107 -0.5491 -0.2031
vn -0.6912 -0.7081 -0.1446
vn -0.6167 -0.7733 -0.1471
vn -0.4723 -0.8802 -0.0464
vn -0.6073 0.7731 -0.1830
vn -0.8731 0.3861 -0.2977
vn -0.9193 0.1976 -0.3403
vn -0.9353 0.0976 -0.3403
vn -0.9420 0.0016 -0.3356
vn -0.9276 -0.1443 -0.3447
vn -0.7243 -0.6375 -0.2625
vn -0.5377 -0.8315 -0.1394
vn -0.3695 0.9234 -0.1042
vn -0.6722 0.6651 -0.3253
vn -0.7681 0.5168 -0.3780
vn -0.8489 0.3300 -0.4130
vn -0.8817 -0.2006 -0.4270
vn -0.8014 -0.4430 -0.4020
vn -0.7597 -0.5459 -0.3535
vn -0.6592 -0.6420 -0.3915
vn -0.6039 -0.7433 -0.2878
vn -0.3678 -0.9229 -0.1140
vn -0.2845 -0.9570 -0.0566
vn -0.1942 -0.9805 -0.0316
vn -0.4278 0.8834 -0.1914
vn -0.4874 0.8317 -0.2659
vn -0.8384 0.1961 -0.5086
vn -0.8498 0.0990 -0.5177
vn -0.8641 -0.0032 -0.5034
vn -0.8485 -0.1001 -0.5197
vn -0.8248 -0.2962 -0.4817
vn -0.4157 -0.8812 -0.2254
vn -0.0899 0.9947 -0.0504
vn -0.5277 0.7706 -0.3574
vn -0.5923 0.6666 -0.4525
vn -0.6934 0.5106 -0.5084
vn -0.7569 0.3492 -0.5524
vn -0.7728 -0.2359 -0.5892
vn -0.7174 -0.4291 -0.5488
vn -0.6465 -0.5814 -0.4940
vn -0.5344 -0.7366 -0.4147
vn -0.4662 -0.8286 -0.3100
vn -0.1544 0.9812 -0.1161
vn -0.2568 0.9565 -0.1386
vn -0.7138 0.2278 -0.6623
vn -0.7347 0.1026 -0.6706
vn -0.7477 0.0002 -0.6641
vn -0.7328 -0.0967 -0.6735
vn -0.3013 -0.9244 -0.2340
vn -0.2061 -0.9574 -0.2020
vn -0.3146 0.8831 -0.3482
vn -0.5316 0.6304 -0.5657
vn -0.5956 0.5208 -0.6116
vn -0.6291 0.3830 -0.6764
vn -0.6650 -0.1905 -0.7221
vn -0.6432 -0.3001 -0.7044
vn -0.6069 -0.4242 -0.6721
vn -0.5490 -0.5941 -0.5879
vn -0.4525 -0.7392 -0.4988
vn -0.0725 -0.9952 -0.0659
vn -0.3879 0.8307 -0.3994
vn -0.3800 0.7710 -0.5111
vn -0.4446 0.7078 -0.5490
vn -0.4490 0.5967 -0.6651
vn -0.5161 0.4697 -0.7163
vn -0.5667 0.2922 -0.7703
vn -0.5893 0.1932 -0.7845
vn -0.5841 0.0990 -0.8056
vn -0.6047 0.0006 -0.7965
vn -0.5838 -0.0983 -0.8060
vn -0.4888 -0.3845 -0.7831
vn -0.4124 -0.6637 -0.6240
vn -0.3545 -0.8289 -0.4327
vn -0.3076 -0.8817 -0.3578
vn -0.1465 -0.9788 -0.1429
vn -0.2629 0.9231 -0.2807
vn -0.4709 0.3847 -0.7939
vn -0.5162 -0.2341 -0.8239
vn -0.4600 -0.5254 -0.7158
vn -0.1498 0.9561 -0.2517
vn -0.2227 0.8571 -0.4645
vn -0.3098 0.6743 -0.6704
vn -0.3734 0.5251 -0.7647
vn -0.4094 0.2930 -0.8640
vn -0.4279 0.2017 -0.8811
vn -0.4203 0.0914 -0.9027
vn -0.4383 0.0038 -0.8988
vn -0.4248 -0.1008 -0.8997
vn -0.3846 -0.3304 -0.8619
vn -0.3574 -0.4677 -0.8084
vn -0.3322 -0.6052 -0.7234
vn -0.3086 -0.7437 -0.5931
vn -0.3000 0.4289 -0.8521
vn -0.2410 0.2947 -0.9247
vn -0.2870 0.1400 -0.9476
vn -0.2549 -0.0534 -0.9655
vn -0.3291 -0.1983 -0.9232
vn -0.2086 -0.6698 -0.7126
vn -0.1964 -0.8315 -0.5197
vn -0.1846 -0.9213 -0.3421
vn -0.2059 0.7728 -0.6003
vn -0.2029 0.5871 -0.7837
vn -0.1657 0.4330 -0.8860
vn -0.1317 0.0945 -0.9868
vn -0.2372 -0.3411 -0.9096
vn -0.2341 -0.5172 -0.8233
vn -0.1746 -0.7700 -0.6137
vn -0.0972 -0.9551 -0.2799
vn 0.0094 0.9566 -0.2913
vn -0.1079 0.9230 -0.3693
vn -0.1301 0.7061 -0.6961
vn -0.1357 0.1989 -0.9706
vn -0.1498 -0.0034 -0.9887
vn -0.0454 -0.1010 -0.9939
vn -0.1474 -0.1963 -0.9694
vn -0.1187 -0.4723 -0.8734
vn -0.1031 -0.6018 -0.7919
vn -0.1308 -0.8832 -0.4504
vn -0.0189 -0.9806 -0.1953
vn -0.0798 0.8290 -0.5535
vn -0.0420 0.4346 -0.8997
vn -0.0512 0.2957 -0.9539
vt 0.742188 0.297441
vt 0.718041 0.250000
vt 0.764647 0.250000
vt 0.757445 0.640128
vt 0.726668 0.670392
vt 0.726650 0.607907
vt 0.744961 0.518239
vt 0.734375 0.484372
vt 0.757010 0.468750
vt 0.774577 0.812500
vt 0.765654 0.843750
vt 0.718711 0.812500
vt 0.742607 0.422700
vt 0.727415 0.375000
vt 0.760853 0.387165
vt 0.758493 0.702175
vt 0.738835 0.736588
vt 0.726562 0.000000
vt 0.876122 0.031250
vt 0.640783 0.031250
vt 0.742188 0.343750
vt 0.714365 0.324348
vt 0.709519 0.781250
vt 0.710781 0.734259
vt 0.710793 0.281250
vt 0.719999 0.218750
vt 0.696751 0.187500
vt 0.750021 0.187500
vt 0.711301 0.547524
vt 0.742187 0.562500
vt 0.768269 0.062500
vt 0.725855 0.875000
vt 0.705077 0.843750
vt 0.696697 0.687500
vt 0.698087 0.643365
vt 0.693928 0.593750
vt 0.732419 0.156250
vt 0.685545 0.156250
vt 0.712322 0.406250
vt 0.698069 0.356568
vt 0.679648 0.562500
vt 0.671243 0.125000
vt 0.743675 0.125000
vt 0.733927 0.968750
vt 0.633405 0.937500
vt 0.779981 0.937500
vt 0.672827 0.812500
vt 0.679956 0.734917
vt 0.680319 0.312500
vt 0.680458 0.625000
vt 0.662678 0.593750
vt 0.654677 0.875000
vt 0.641409 0.843750
vt 0.656238 0.781250
vt 0.679688 0.393225
vt 0.663535 0.343750
vt 0.664895 0.701460
vt 0.651639 0.549601
vt 0.681072 0.531250
vt 0.678303 0.500000
vt 0.649512 0.491112
vt 0.680271 0.468750
vt 0.647783 0.750000
vt 0.649119 0.296182
vt 0.679617 0.265789
vt 0.639648 0.250000
vt 0.663535 0.656250
vt 0.649822 0.625000
vt 0.671867 0.218750
vt 0.649125 0.187500
vt 0.624905 0.796507
vt 0.649822 0.375000
vt 0.629174 0.354707
vt 0.632668 0.718750
vt 0.649310 0.687500
vt 0.631428 0.656250
vt 0.623049 0.218750
vt 0.631970 0.593750
vt 0.630601 0.156250
vt 0.615663 0.125000
vt 0.650678 0.418569
vt 0.633604 0.437500
vt 0.613205 0.418880
vt 0.620361 0.294282
vt 0.614940 0.675161
vt 0.618572 0.625000
vt 0.603003 0.187500
vt 0.617148 0.562500
vt 0.633614 0.531250
vt 0.615803 0.500000
vt 0.587378 0.812500
vt 0.599365 0.387170
vt 0.605239 0.323645
vt 0.591778 0.250000
vt 0.601581 0.609337
vt 0.617188 1.000000
vt 0.483938 0.968750
vt 0.602947 0.531250
vt 0.656277 0.906250
vt 0.588648 0.891924
vt 0.598836 0.481592
vt 0.633396 0.468750
vt 0.585161 0.765627
vt 0.613439 0.737108
vt 0.585793 0.281250
vt 0.586570 0.702866
vt 0.584553 0.656250
vt 0.576174 0.218750
vt 0.560116 0.156250
vt 0.588217 0.582480
vt 0.648409 0.093750
vt 0.561041 0.093750
vt 0.585898 0.437500
vt 0.570307 0.843750
vt 0.584553 0.343750
vt 0.567128 0.637546
vt 0.547853 0.125000
vt 0.570613 0.388767
vt 0.568065 0.324839
vt 0.555375 0.187500
vt 0.567542 0.573478
vt 0.518061 0.937500
vt 0.571697 0.468750
vt 0.553863 0.420226
vt 0.545594 0.781250
vt 0.554188 0.266461
vt 0.507777 0.906250
vt 0.523425 0.062500
vt 0.482022 0.031250
vt 0.554688 0.000000
vt 0.525641 0.812500
vt 0.538707 0.358670
vt 0.546625 0.750000
vt 0.539695 0.702866
vt 0.562500 0.703159
vt 0.521194 0.218750
vt 0.532868 0.875000
vt 0.499163 0.843750
vt 0.539395 0.455295
vt 0.520518 0.417929
vt 0.540447 0.312500
vt 0.520695 0.291840
vt 0.523268 0.250000
vt 0.516900 0.187500
vt 0.758481 0.218750
vt 0.508613 0.389025
vt 0.507384 0.766177
vt 0.506428 0.343750
vt 0.491179 0.156250
vt 0.538470 0.562500
vt 0.510547 0.549607
vt 0.540447 0.531250
vt 0.458465 0.093750
vt 0.492820 0.297134
vt 0.515625 0.639488
vt 0.508445 0.702866
vt 0.491832 0.641330
vt 0.485474 0.125000
vt 0.508634 0.468750
vt 0.493019 0.437500
vt 0.484375 0.734417
vt 0.484113 0.250000
vt 0.476246 0.202645
vt 0.507266 0.593750
vt 0.478261 0.583273
vt 0.506428 0.500000
vt 0.493572 0.531250
vt 0.484375 0.483225
vt 0.447735 0.875000
vt 0.476016 0.406250
vt 0.477028 0.812500
vt 0.492958 0.375000
vt 0.475178 0.343750
vt 0.462322 0.375000
vt 0.466780 0.781250
vt 0.460781 0.734259
vt 0.461619 0.297824
vt 0.461475 0.625000
vt 0.442393 0.605427
vt 0.383337 0.937500
vt 0.462401 0.478989
vt 0.462322 0.531250
vt 0.443928 0.500000
vt 0.436964 0.828457
vt 0.461530 0.437500
vt 0.441913 0.419850
vt 0.444244 0.361513
vt 0.445302 0.671759
vt 0.474315 0.675161
vt 0.437238 0.250000
vt 0.460898 0.562500
vt 0.433638 0.543724
vt 0.408113 0.062500
vt 0.430509 0.468750
vt 0.428911 0.765627
vt 0.410504 0.448069
vt 0.429543 0.718750
vt 0.417739 0.676355
vt 0.440971 0.200717
vt 0.405268 0.218750
vt 0.444868 0.156250
vt 0.396963 0.156250
vt 0.412678 0.500000
vt 0.381338 0.843750
vt 0.414062 0.000000
vt 0.326071 0.031250
vt 0.395302 0.418934
vt 0.417757 0.387974
vt 0.428303 0.343750
vt 0.398427 0.328240
vt 0.430369 0.296182
vt 0.400826 0.738768
vt 0.398030 0.265099
vt 0.385035 0.187500
vt 0.412678 0.562500
vt 0.399822 0.531250
vt 0.414742 0.608126
vt 0.394406 0.643379
vt 0.382473 0.577172
vt 0.353008 0.125000
vt 0.431212 0.125000
vt 0.386359 0.479259
vt 0.414033 0.906250
vt 0.361712 0.875000
vt 0.383350 0.375000
vt 0.368572 0.531250
vt 0.363629 0.448068
vt 0.375000 0.328095
vt 0.388674 0.781250
vt 0.374740 0.733880
vt 0.380566 0.675161
vt 0.359375 0.703159
vt 0.347656 0.643989
vt 0.367107 0.625000
vt 0.359375 0.578137
vt 0.335932 0.156250
vt 0.327283 0.906250
vt 0.364963 0.093750
vt 0.307096 0.062500
vt 0.365803 0.500000
vt 0.335938 0.812500
vt 0.392594 0.812500
vt 0.368030 0.406250
vt 0.353342 0.354499
vt 0.337322 0.593750
vt 0.334553 0.562500
vt 0.351562 1.000000
vt 0.286548 0.968750
vt 0.337322 0.468750
vt 0.334553 0.437500
vt 0.329043 0.843750
vt 0.335937 0.781250
vt 0.327148 0.750000
vt 0.366424 0.265643
vt 0.352947 0.312500
vt 0.335438 0.266461
vt 0.358646 0.218750
vt 0.321491 0.187500
vt 0.272558 0.093750
vt 0.336601 0.390864
vt 0.328125 0.328095
vt 0.311517 0.218750
vt 0.282626 0.875000
vt 0.306072 0.406250
vt 0.306467 0.354500
vt 0.305320 0.702866
vt 0.335793 0.718750
vt 0.333691 0.675161
vt 0.303303 0.656250
vt 0.320232 0.625000
vt 0.306072 0.593750
vt 0.281241 0.843750
vt 0.288982 0.375000
vt 0.288982 0.625000
vt 0.280616 0.156250
vt 0.258457 0.937500
vt 0.273427 0.328240
vt 0.306072 0.312500
vt 0.288735 0.766086
vt 0.274070 0.702866
vt 0.277016 0.583084
vt 0.243065 0.906250
vt 0.303303 0.500000
vt 0.275056 0.478180
vt 0.306072 0.468750
vt 0.303303 0.437500
vt 0.276168 0.424710
vt 0.275398 0.261367
vt 0.249740 0.266120
vt 0.272053 0.656250
vt 0.257732 0.625000
vt 0.274822 0.531250
vt 0.256428 0.500000
vt 0.271993 0.812500
vt 0.252570 0.768880
vt 0.243572 0.593750
vt 0.265964 0.187500
vt 0.224340 0.156250
vt 0.243009 0.468750
vt 0.232405 0.843750
vt 0.258476 0.390864
vt 0.250000 0.328095
vt 0.242043 0.718750
vt 0.250000 0.671905
vt 0.228342 0.645501
vt 0.265916 0.218750
vt 0.222811 0.205838
vt 0.254440 0.551013
vt 0.226006 0.562500
vt 0.227384 0.531250
vt 0.182105 0.062500
vt 0.204696 0.875000
vt 0.242187 0.000000
vt 0.132883 0.031250
vt 0.241631 0.437500
vt 0.227947 0.406250
vt 0.218416 0.812500
vt 0.228342 0.354499
vt 0.227947 0.687500
vt 0.226562 1.000000
vt 0.109742 0.968750
vt 0.187513 0.125000
vt 0.267263 0.125000
vt 0.225178 0.500000
vt 0.212322 0.468750
vt 0.210857 0.375000
vt 0.218297 0.764893
vt 0.208194 0.708160
vt 0.227195 0.297134
vt 0.210283 0.250000
vt 0.211601 0.609136
vt 0.210980 0.421960
vt 0.193928 0.437500
vt 0.179688 0.843750
vt 0.193928 0.343750
vt 0.193928 0.562500
vt 0.133353 0.937500
vt 0.171169 0.093750
vt 0.181072 0.406250
vt 0.175647 0.794527
vt 0.185528 0.750000
vt 0.180320 0.702866
vt 0.195945 0.297134
vt 0.179360 0.233914
vt 0.193928 0.656250
vt 0.182829 0.612243
vt 0.188775 0.187500
vt 0.171869 0.156250
vt 0.135231 0.906250
vt 0.163033 0.638566
vt 0.181072 0.468750
vt 0.163271 0.437500
vt 0.178303 0.500000
vt 0.165447 0.531250
vt 0.147053 0.500000
vt 0.142577 0.875000
vt 0.149822 0.406250
vt 0.141577 0.812500
vt 0.144314 0.763319
vt 0.147053 0.656250
vt 0.132732 0.625000
vt 0.141649 0.187500
vt 0.117198 0.156250
vt 0.149021 0.468750
vt 0.132852 0.437500
vt 0.117188 0.843750
vt 0.101585 0.125000
vt 0.077225 0.093750
vt 0.132813 0.531250
vt 0.120071 0.488467
vt 0.119808 0.386991
vt 0.110656 0.781250
vt 0.147706 0.359403
vt 0.116428 0.343750
vt 0.116424 0.734357
vt 0.149070 0.702866
vt 0.072047 0.062500
vt 0.080463 0.875000
vt 0.109375 0.453117
vt 0.094415 0.812500
vt 0.117177 0.671760
vt 0.109375 0.609392
vt 0.118096 0.218750
vt 0.085142 0.187500
vt 0.133162 0.578885
vt 0.109375 0.546883
vt 0.102947 0.406250
vt 0.085257 0.358458
vt 0.093750 0.734416
vt 0.107419 0.250000
vt 0.080095 0.218750
vt 0.057881 0.830110
vt 0.088822 0.457211
vt 0.070662 0.421115
vt 0.064468 0.781250
vt 0.071697 0.312500
vt 0.089112 0.294283
vt 0.068928 0.250000
vt 0.052476 0.156250
vt 0.054543 0.281250
vt 0.069549 0.734357
vt 0.058364 0.676355
vt 0.085927 0.671760
vt 0.026795 0.906250
vt 0.054007 0.360549
vt 0.038735 0.233914
vt 0.038331 0.640597
vt 0.062500 0.609392
vt 0.024729 0.125000
vt 0.023433 0.937500
vt 0.054688 0.468750
vt 0.039102 0.437500
vt 0.037678 0.750000
vt 0.040447 0.312500
vt 0.053896 0.562500
vt 0.040447 0.593750
vt 0.022881 0.562500
vt 0.054688 0.531250
vt 0.026164 0.518407
vt 0.054688 0.500000
vt 0.016720 0.875000
vt 0.040447 0.406250
vt 0.022757 0.358458
vt 0.024191 0.295368
vt 0.008476 0.609136
vt 0.021993 0.187500
vt 0.006428 0.156250
vt 0.008267 0.093750
vt 0.022053 0.468750
vt 0.015625 0.421864
vt 0.023438 0.000000
vt 0.006419 0.031250
vt 0.013076 0.781250
vt 0.009774 0.738633
vt 0.036319 0.708160
vt 0.000000 0.552277
vt 0.009197 0.500000
vt 0.000000 0.468750
vt 0.000000 0.390864
vt 0.000000 0.328240
vt 1.000000 0.875000
vt 0.991733 0.906250
vt 0.954699 0.875000
vt 0.991476 0.843750
vt 0.968410 0.812500
vt 1.000000 0.812500
vt 1.000000 0.750000
vt 0.993572 0.781250
vt 0.966793 0.750000
vt 1.000000 0.265643
vt 0.992177 0.328240
vt 0.976418 0.281250
vt 0.992043 0.718750
vt 0.976552 0.671760
vt 1.000000 0.671760
vt 0.966794 0.250000
vt 1.000000 0.187500
vt 0.995225 0.218750
vt 0.960523 0.187500
vt 1.000000 0.968750
vt 0.992188 1.000000
vt 0.921801 0.968750
vt 0.979537 0.156250
vt 0.954744 0.125000
vt 1.000000 0.125000
vt 0.992227 0.437500
vt 0.968750 0.421864
vt 0.992851 0.390864
vt 0.962716 0.354499
vt 0.954111 0.781250
vt 0.960793 0.718750
vt 0.962322 0.218750
vt 0.993811 0.552277
vt 0.977226 0.609136
vt 0.960980 0.578040
vt 0.985940 0.937500
vt 0.920974 0.906250
vt 0.990803 0.468750
vt 0.977947 0.500000
vt 0.960116 0.468750
vt 0.935156 0.843750
vt 0.962322 0.312500
vt 0.945168 0.281250
vt 0.953125 0.671905
vt 0.944448 0.454853
vt 0.945976 0.390864
vt 0.925781 0.356011
vt 0.928924 0.734357
vt 0.929360 0.233914
vt 0.945232 0.625000
vt 0.927995 0.604206
vt 0.919904 0.156250
vt 0.905134 0.937500
vt 0.946697 0.500000
vt 0.922830 0.812500
vt 0.931072 0.312500
vt 0.913918 0.281250
vt 0.929677 0.671760
vt 0.907205 0.187500
vt 0.944521 0.562500
vt 0.913506 0.562500
vt 0.928896 0.437500
vt 0.915447 0.406250
vt 0.906552 0.781250
vt 0.897833 0.234600
vt 0.892586 0.125000
vt 0.869614 0.875000
vt 0.912678 0.468750
vt 0.896316 0.426821
vt 0.897706 0.359403
vt 0.897674 0.734356
vt 0.864965 0.156250
vt 0.899101 0.609136
vt 0.879920 0.574069
vt 0.864964 0.843750
vt 0.881428 0.468750
vt 0.868572 0.437500
vt 0.867128 0.406250
vt 0.869410 0.812500
vt 0.852981 0.781250
vt 0.867108 0.625000
vt 0.851502 0.593750
vt 0.830467 0.125000
vt 0.866457 0.359403
vt 0.835857 0.375000
vt 0.839614 0.323645
vt 0.867820 0.297134
vt 0.857418 0.750000
vt 0.843750 0.703158
vt 0.867043 0.718750
vt 0.843750 0.265584
vt 0.870864 0.676355
vt 0.850178 0.656250
vt 0.835857 0.625000
vt 0.851562 1.000000
vt 0.850178 0.468750
vt 0.838424 0.427194
vt 0.818928 0.343750
vt 0.819549 0.734357
vt 0.817569 0.291840
vt 0.826905 0.235513
vt 0.805477 0.187500
vt 0.861344 0.187500
vt 0.821093 0.593750
vt 0.872670 0.093750
vt 0.803828 0.093750
vt 0.820317 0.828073
vt 0.823989 0.676355
vt 0.803956 0.640597
vt 0.835189 0.906250
vt 0.790342 0.875000
vt 0.818928 0.468750
vt 0.804727 0.437500
vt 0.798845 0.781250
vt 0.790447 0.593750
vt 0.750915 0.906250
vt 0.789726 0.390864
vt 0.818009 0.395035
vt 0.780244 0.750000
vt 0.792739 0.323644
vt 0.796875 0.265584
vt 0.789695 0.702865
vt 0.796875 0.546883
vt 0.773477 0.562500
vt 0.794522 0.156250
vt 0.772053 0.531250
vt 0.791213 0.480762
vt 0.773478 0.437500
vt 0.772678 0.343750
vt 0.770651 0.292395
vt 0.781250 0.640647
vt 0.735163 0.093750
vt 0.774823 0.500000
vt 0.757812 0.781250
vt 0.798126 0.218750
vt 0.758415 0.593750
vt 0.710363 0.500000
vt 0.710381 0.437500
vt 0.711759 0.468750
vt 0.649017 0.062500
vt 0.679687 0.437500
vt 0.571697 0.531250
vt 0.568928 0.500000
vt 0.539062 0.593750
vt 0.537678 0.500000
vt 0.538707 0.641330
vt 0.337322 0.531250
vt 0.334553 0.500000
vt 0.306072 0.531250
vt 0.304279 0.265099
vt 0.303303 0.562500
vt 0.198859 0.520740
vt 0.176503 0.362454
vt 0.171875 0.296841
vt 0.165447 0.593750
vt 0.162678 0.562500
vt 0.149070 0.297134
vt 0.147833 0.234600
vt 0.117820 0.297134
vt 0.085938 0.500000
vt 0.086601 0.609136
vt 0.085623 0.548930
vt 0.010227 0.843750
vt 0.015274 0.812500
vt 0.008468 0.062500
vt 0.000000 0.437500
vt 0.007802 0.671760
vt 0.007049 0.265643
vt 0.008721 0.218750
vt 1.000000 0.609136
vt 0.000000 0.718750
vt 1.000000 0.500000
vt 0.975741 0.531250
vt 0.965750 0.093750
vt 0.944729 0.531250
vt 0.913241 0.531250
vt 0.915447 0.500000
vt 0.898427 0.671760
vt 0.876794 0.062500
vt 0.967489 0.062500
vt 0.896608 0.301581
vt 0.882229 0.531250
vt 0.884197 0.500000
vt 0.866583 0.234600
vt 0.852947 0.500000
vt 0.852947 0.562500
vt 0.850178 0.531250
vt 0.820905 0.562500
vt 0.818928 0.531250
vt 0.821697 0.500000
s 1
f 5007/4145/5007 5025/4146/5025 4998/4147/4998
f 5590/4148/5590 5010/4149/5010 5011/4150/5011
f 5003/4151/5003 5004/4152/5004 5583/4153/5583
f 5589/4154/5589 5000/4155/5000 5016/4156/5016
f 5005/4157/5005 5012/4158/5012 4997/4159/4997
f 4996/4160/4996 5001/4161/5001 5010/4149/5010
f 5133/4162/5133 5529/4163/5529 5114/4164/5114
f 5006/4165/5006 5012/4158/5012 5023/4166/5023
f 5009/4167/5009 5017/4168/5017 5001/4161/5001
f 5007/4145/5007 5023/4166/5023 5024/4169/5024
f 5026/4170/5026 5045/4171/5045 5008/4172/5008
f 5011/4150/5011 5018/4173/5018 5002/4174/5002
f 5002/4174/5002 5018/4173/5018 5003/4151/5003
f 5588/4175/5588 5114/4164/5114 5529/4163/5529
f 5015/4176/5015 5029/4177/5029 5000/4155/5000
f 5017/4168/5017 5030/4178/5030 5010/4149/5010
f 5010/4149/5010 5030/4178/5030 5031/4179/5031
f 5010/4149/5010 5031/4179/5031 5011/4150/5011
f 5011/4150/5011 5031/4179/5031 5032/4180/5032
f 5013/4181/5013 5045/4171/5045 5046/4182/5046
f 5022/4183/5022 5033/4184/5033 5012/4158/5012
f 5032/4180/5032 5037/4185/5037 5018/4173/5018
f 5046/4182/5046 5054/4186/5054 5027/4187/5027
f 5047/4188/5047 5094/4189/5094 5014/4190/5014
f 5029/4177/5029 5048/4191/5048 5016/4156/5016
f 5009/4167/5009 5034/4192/5034 5017/4168/5017
f 5033/4184/5033 5043/4193/5043 5023/4166/5023
f 5032/4180/5032 5035/4194/5035 5036/4195/5036
f 5066/4196/5066 5067/4197/5067 5029/4177/5029
f 5048/4191/5048 5056/4198/5056 5009/4167/5009
f 5042/4199/5042 5052/4200/5052 5033/4184/5033
f 5034/4192/5034 5049/4201/5049 5030/4178/5030
f 5036/4195/5036 5060/4202/5060 5037/4185/5037
f 5037/4185/5037 5060/4202/5060 5038/4203/5038
f 5039/4204/5039 5061/4205/5061 5040/4206/5040
f 5056/4198/5056 5057/4207/5057 5034/4192/5034
f 5052/4200/5052 5064/4208/5064 5043/4193/5043
f 5043/4193/5043 5064/4208/5064 5044/4209/5044
f 5044/4209/5044 5064/4208/5064 5076/4210/5076
f 5050/4211/5050 5059/4212/5059 5035/4194/5035
f 5053/4213/5053 5065/4214/5065 5045/4171/5045
f 5067/4197/5067 5068/4215/5068 5048/4191/5048
f 5052/4200/5052 5063/4216/5063 5074/4217/5074
f 5057/4207/5057 5069/4218/5069 5049/4201/5049
f 5050/4211/5050 5058/4219/5058 5070/4220/5070
f 5053/4213/5053 5076/4210/5076 5083/4221/5083
f 5036/4195/5036 5059/4212/5059 5071/4222/5071
f 5054/4186/5054 5084/4223/5084 5093/4224/5093
f 5051/4225/5051 5073/4226/5073 5082/4227/5082
f 5074/4217/5074 5075/4228/5075 5064/4208/5064
f 5069/4218/5069 5078/4229/5078 5058/4219/5058
f 5070/4220/5070 5079/4230/5079 5059/4212/5059
f 5083/4221/5083 5103/4231/5103 5065/4214/5065
f 5071/4222/5071 5080/4232/5080 5060/4202/5060
f 5061/4205/5061 5072/4233/5072 5081/4234/5081
f 5068/4215/5068 5067/4197/5067 5105/4235/5105
f 5082/4227/5082 5090/4236/5090 5074/4217/5074
f 5074/4217/5074 5090/4236/5090 5091/4237/5091
f 5074/4217/5074 5091/4237/5091 5075/4228/5075
f 5076/4210/5076 5075/4228/5075 5101/4238/5101
f 5079/4230/5079 5087/4239/5087 5071/4222/5071
f 5047/4188/5047 5308/4240/5308 5221/4241/5221
f 5080/4232/5080 5088/4242/5088 5072/4233/5072
f 5055/4243/5055 5094/4189/5094 5104/4244/5104
f 5081/4234/5081 5089/4245/5089 5062/4246/5062
f 5055/4243/5055 5104/4244/5104 5066/4196/5066
f 5068/4215/5068 5095/4247/5095 5077/4248/5077
f 5075/4228/5075 5091/4237/5091 5092/4249/5092
f 5077/4248/5077 5096/4250/5096 5078/4229/5078
f 5078/4229/5078 5096/4250/5096 5097/4251/5097
f 5083/4221/5083 5101/4238/5101 5102/4252/5102
f 5084/4223/5084 5103/4231/5103 5132/4253/5132
f 5087/4239/5087 5098/4254/5098 5080/4232/5080
f 5085/4255/5085 5093/4224/5093 5120/4256/5120
f 5081/4234/5081 5088/4242/5088 5089/4245/5089
f 5082/4227/5082 5089/4245/5089 5099/4257/5099
f 5104/4244/5104 5115/4258/5115 5067/4197/5067
f 5082/4227/5082 5099/4257/5099 5090/4236/5090
f 5068/4215/5068 5105/4235/5105 5095/4247/5095
f 5091/4237/5091 5090/4236/5090 5100/4259/5100
f 5097/4251/5097 5107/4260/5107 5087/4239/5087
f 5093/4224/5093 5132/4253/5132 5139/4261/5139
f 5090/4236/5090 5099/4257/5099 5112/4262/5112
f 5100/4259/5100 5113/4263/5113 5091/4237/5091
f 5102/4252/5102 5119/4264/5119 5103/4231/5103
f 5107/4260/5107 5108/4265/5108 5098/4254/5098
f 5221/4241/5221 5158/4266/5158 5094/4189/5094
f 5099/4257/5099 5111/4267/5111 5117/4268/5117
f 5095/4247/5095 5105/4235/5105 5122/4269/5122
f 5100/4259/5100 5112/4262/5112 5113/4263/5113
f 5092/4249/5092 5113/4263/5113 5118/4270/5118
f 5158/4266/5158 5159/4271/5159 5104/4244/5104
f 5114/4164/5114 5179/4272/5179 5196/4273/5196
f 5133/4274/5133 5114/4164/5114 5196/4273/5196
f 5115/4258/5115 5134/4275/5134 5105/4235/5105
f 5112/4262/5112 5117/4268/5117 5130/4276/5130
f 5123/4277/5123 5124/4278/5124 5106/4279/5106
f 5102/4252/5102 5118/4270/5118 5148/4280/5148
f 5115/4258/5115 5121/4281/5121 5160/4282/5160
f 5117/4268/5117 5129/4283/5129 5136/4284/5136
f 5118/4270/5118 5131/4285/5131 5137/4286/5137
f 5118/4270/5118 5137/4286/5137 5138/4287/5138
f 5148/4280/5148 5149/4288/5149 5119/4264/5119
f 5026/4170/5026 4999/4289/4999 4998/4147/4998 5025/4146/5025
f 5136/4284/5136 5146/4290/5146 5130/4276/5130
f 5134/4275/5134 5140/4291/5140 5122/4269/5122
f 5130/4276/5130 5146/4290/5146 5147/4292/5147
f 5122/4269/5122 5140/4291/5140 5123/4277/5123
f 5132/4253/5132 5149/4288/5149 5168/4293/5168
f 5127/4294/5127 5143/4295/5143 5116/4296/5116
f 5120/4256/5120 5139/4261/5139 5185/4297/5185
f 5147/4292/5147 5157/4298/5157 5137/4286/5137
f 5135/4299/5135 5141/4300/5141 5152/4301/5152
f 5168/4293/5168 5169/4302/5169 5139/4261/5139
f 5145/4303/5145 5155/4304/5155 5136/4284/5136
f 5140/4291/5140 5150/4305/5150 5141/4300/5141
f 5148/4280/5148 5166/4306/5166 5167/4307/5167
f 5148/4280/5148 5167/4307/5167 5149/4288/5149
f 5142/4308/5142 5152/4301/5152 5163/4309/5163
f 5142/4308/5142 5163/4309/5163 5143/4295/5143
f 5144/4310/5144 5153/4311/5153 5154/4312/5154
f 5144/4310/5144 5154/4312/5154 5145/4303/5145
f 5159/4271/5159 5186/4313/5186 5121/4281/5121
f 5155/4304/5155 5164/4314/5164 5146/4290/5146
f 5160/4282/5160 5161/4315/5161 5134/4275/5134
f 5147/4292/5147 5156/4316/5156 5165/4317/5165
f 5164/4314/5164 5176/4318/5176 5156/4316/5156
f 5170/4319/5170 5171/4320/5171 5150/4305/5150
f 5165/4317/5165 5177/4321/5177 5157/4298/5157
f 5163/4309/5163 5162/4322/5162 5181/4323/5181
f 5221/4241/5221 5251/4324/5251 5158/4266/5158
f 5174/4325/5174 5173/4326/5173 5182/4327/5182
f 5160/4282/5160 5186/4313/5186 5187/4328/5187
f 5164/4314/5164 5175/4329/5175 5183/4330/5183
f 5160/4282/5160 5187/4328/5187 5161/4315/5161
f 5165/4317/5165 5176/4318/5176 5184/4331/5184
f 5171/4320/5171 5180/4332/5180 5151/4333/5151
f 5166/4306/5166 5177/4321/5177 5194/4334/5194
f 5172/4335/5172 5190/4336/5190 5173/4326/5173
f 5185/4297/5185 5220/4337/5220 5179/4272/5179
f 5182/4327/5182 5191/4338/5191 5174/4325/5174
f 5183/4330/5183 5184/4331/5184 5176/4318/5176
f 5170/4319/5170 5187/4328/5187 5188/4339/5188
f 5170/4319/5170 5188/4339/5188 5171/4320/5171
f 5180/4332/5180 5181/4323/5181 5162/4322/5162
f 5181/4323/5181 5190/4336/5190 5172/4335/5172
f 5183/4330/5183 5191/4338/5191 5201/4340/5201
f 5189/4341/5189 5197/4342/5197 5180/4332/5180
f 5195/4343/5195 5194/4334/5194 5210/4344/5210
f 5178/4345/5178 5195/4343/5195 5219/4346/5219
f 5182/4327/5182 5190/4336/5190 5200/4347/5200
f 5187/4328/5187 5186/4313/5186 5222/4348/5222
f 5133/4349/5133 5196/4273/5196 5298/4350/5298
f 5201/4340/5201 5207/4351/5207 5202/4352/5202
f 5192/4353/5192 5202/4352/5202 5208/4354/5208
f 5192/4353/5192 5208/4354/5208 5193/4355/5193
f 5188/4339/5188 5204/4356/5204 5189/4341/5189
f 5193/4355/5193 5208/4354/5208 5209/4357/5209
f 5210/4344/5210 5233/4358/5233 5195/4343/5195
f 5199/4359/5199 5206/4360/5206 5190/4336/5190
f 5200/4347/5200 5201/4340/5201 5191/4338/5191
f 5196/4273/5196 5220/4337/5220 5298/4350/5298
f 5198/4361/5198 5205/4362/5205 5215/4363/5215
f 5219/4346/5219 5250/4364/5250 5203/4365/5203
f 5200/4347/5200 5206/4360/5206 5216/4366/5216
f 5200/4347/5200 5216/4366/5216 5201/4340/5201
f 5211/4367/5211 5239/4368/5239 5186/4313/5186
f 5201/4340/5201 5216/4366/5216 5207/4351/5207
f 5207/4351/5207 5217/4369/5217 5202/4352/5202
f 5215/4363/5215 5227/4370/5227 5206/4360/5206
f 5207/4351/5207 5216/4366/5216 5229/4371/5229
f 5208/4354/5208 5217/4369/5217 5218/4372/5218
f 5204/4356/5204 5213/4373/5213 5223/4374/5223
f 5214/4375/5214 5224/4376/5224 5234/4377/5234
f 5225/4378/5225 5226/4379/5226 5215/4363/5215
f 5219/4346/5219 5233/4358/5233 5260/4380/5260
f 5251/4324/5251 5252/4381/5252 5211/4367/5211
f 5238/4382/5238 5297/4383/5297 5220/4337/5220
f 5228/4384/5228 5229/4371/5229 5216/4366/5216
f 5222/4348/5222 5254/4385/5254 5212/4386/5212
f 5217/4369/5217 5230/4387/5230 5231/4388/5231
f 5223/4374/5223 5224/4376/5224 5214/4375/5214
f 5226/4379/5226 5235/4389/5235 5242/4390/5242
f 5221/4241/5221 5308/4391/5308 5299/4392/5299
f 5229/4371/5229 5245/4393/5245 5246/4394/5246
f 5239/4368/5239 5253/4395/5253 5222/4348/5222
f 5255/4396/5255 5256/4397/5256 5223/4374/5223
f 5232/4398/5232 5236/4399/5236 5249/4400/5249
f 5237/4401/5237 5273/4402/5273 5233/4358/5233
f 5238/4382/5238 5250/4364/5250 5318/4403/5318
f 5231/4388/5231 5247/4404/5247 5248/4405/5248
f 5231/4388/5231 5248/4405/5248 5236/4399/5236
f 5237/4401/5237 5249/4400/5249 5272/4406/5272
f 5252/4381/5252 5287/4407/5287 5239/4368/5239
f 5247/4404/5247 5269/4408/5269 5259/4409/5259
f 5256/4397/5256 5262/4410/5262 5240/4411/5240
f 5240/4411/5240 5262/4410/5262 5241/4412/5241
f 5241/4412/5241 5262/4410/5262 5263/4413/5263
f 5257/4414/5257 5264/4415/5264 5235/4389/5235
f 5287/4407/5287 5261/4416/5261 5253/4395/5253
f 5259/4409/5259 5269/4408/5269 5276/4417/5276
f 5263/4413/5263 5275/4418/5275 5257/4414/5257
f 5273/4402/5273 5286/4419/5286 5260/4380/5260
f 5299/4392/5299 5309/4420/5309 5251/4324/5251
f 5259/4409/5259 5276/4417/5276 5284/4421/5284
f 5259/4409/5259 5284/4421/5284 5270/4422/5270
f 5274/4423/5274 5278/4424/5278 5262/4410/5262
f 5275/4418/5275 5280/4425/5280 5264/4415/5264
f 5309/4420/5309 5319/4426/5319 5252/4381/5252
f 5267/4427/5267 5282/4428/5282 5258/4429/5258
f 5268/4430/5268 5283/4431/5283 5269/4408/5269
f 5277/4432/5277 5284/4421/5284 5285/4433/5285
f 5279/4434/5279 5290/4435/5290 5275/4418/5275
f 5282/4428/5282 5281/4436/5281 5292/4437/5292
f 5274/4423/5274 5288/4438/5288 5300/4439/5300
f 5290/4435/5290 5302/4440/5302 5280/4425/5280
f 5286/4419/5286 5296/4441/5296 5306/4442/5306
f 5292/4437/5292 5303/4443/5303 5282/4428/5282
f 5261/4416/5261 5287/4407/5287 5310/4444/5310
f 5284/4421/5284 5293/4445/5293 5294/4446/5294
f 5300/4439/5300 5301/4447/5301 5278/4424/5278
f 5289/4448/5289 5312/4449/5312 5290/4435/5290
f 5295/4450/5295 5329/4451/5329 5296/4441/5296
f 5291/4452/5291 5302/4440/5302 5313/4453/5313
f 5291/4452/5291 5313/4453/5313 5314/4454/5314
f 5318/4403/5318 5374/4455/5374 5297/4383/5297
f 5287/4407/5287 5319/4426/5319 5320/4456/5320
f 5133/4457/5133 5298/4350/5298 5429/4458/5429
f 5304/4459/5304 5316/4460/5316 5293/4445/5293
f 5310/4444/5310 5321/4461/5321 5288/4438/5288
f 5293/4445/5293 5316/4460/5316 5305/4462/5305
f 5301/4447/5301 5311/4463/5311 5289/4448/5289
f 5289/4448/5289 5311/4463/5311 5312/4449/5312
f 5285/4433/5285 5329/4451/5329 5295/4450/5295
f 5299/4392/5299 5308/4464/5308 5430/4465/5430
f 5306/4442/5306 5354/4466/5354 5307/4467/5307
f 5315/4468/5315 5325/4469/5325 5303/4443/5303
f 5305/4462/5305 5316/4460/5316 5327/4470/5327
f 5321/4461/5321 5322/4471/5322 5300/4439/5300
f 5322/4471/5322 5323/4472/5323 5301/4447/5301
f 5285/4433/5285 5317/4473/5317 5328/4474/5328
f 5312/4449/5312 5324/4475/5324 5302/4440/5302
f 5326/4476/5326 5325/4469/5325 5333/4477/5333
f 5310/4444/5310 5320/4456/5320 5346/4478/5346
f 5305/4462/5305 5327/4470/5327 5335/4479/5335
f 5313/4453/5313 5324/4475/5324 5331/4480/5331
f 5430/4465/5430 5399/4481/5399 5309/4420/5309
f 5354/4466/5354 5365/4482/5365 5318/4403/5318
f 5333/4477/5333 5334/4483/5334 5326/4476/5326
f 5346/4478/5346 5347/4484/5347 5321/4461/5321
f 5321/4461/5321 5347/4484/5347 5322/4471/5322
f 5337/4485/5337 5338/4486/5338 5323/4472/5323
f 5328/4474/5328 5336/4487/5336 5344/4488/5344
f 5328/4474/5328 5344/4488/5344 5329/4451/5329
f 5330/4489/5330 5339/4490/5339 5324/4475/5324
f 5306/4442/5306 5345/4491/5345 5353/4492/5353
f 5399/4481/5399 5391/4493/5391 5319/4426/5319
f 5330/4489/5330 5338/4486/5338 5348/4494/5348
f 5333/4477/5333 5341/4495/5341 5352/4496/5352
f 5340/4497/5340 5351/4498/5351 5359/4499/5359
f 5391/4493/5391 5366/4500/5366 5320/4456/5320
f 5352/4496/5352 5361/4501/5361 5334/4483/5334
f 5346/4478/5346 5367/4502/5367 5347/4484/5347
f 5337/4485/5337 5347/4484/5347 5355/4503/5355
f 5357/4504/5357 5358/4505/5358 5348/4494/5348
f 5372/4506/5372 5373/4507/5373 5353/4492/5353
f 5360/4508/5360 5370/4509/5370 5352/4496/5352
f 5366/4500/5366 5385/4510/5385 5346/4478/5346
f 5367/4502/5367 5355/4503/5355 5347/4484/5347
f 5365/4482/5365 5407/4511/5407 5427/4512/5427
f 5359/4499/5359 5369/4513/5369 5379/4514/5379
f 5359/4499/5359 5379/4514/5379 5360/4508/5360
f 5370/4509/5370 5371/4515/5371 5361/4501/5361
f 5355/4503/5355 5367/4502/5367 5386/4516/5386
f 5362/4517/5362 5371/4515/5371 5381/4518/5381
f 5355/4503/5355 5386/4516/5386 5375/4519/5375
f 5355/4503/5355 5375/4519/5375 5356/4520/5356
f 5427/4512/5427 5428/4521/5428 5374/4455/5374
f 5391/4493/5391 5384/4522/5384 5366/4500/5366
f 5379/4514/5379 5380/4523/5380 5370/4509/5370
f 5385/4510/5385 5392/4524/5392 5367/4502/5367
f 5376/4525/5376 5377/4526/5377 5358/4505/5358
f 5383/4527/5383 5406/4528/5406 5372/4506/5372
f 5358/4505/5358 5377/4526/5377 5368/4529/5368
f 5368/4529/5368 5377/4526/5377 5378/4530/5378
f 5371/4515/5371 5388/4531/5388 5398/4532/5398
f 5371/4515/5371 5398/4532/5398 5381/4518/5381
f 5375/4519/5375 5386/4516/5386 5387/4533/5387
f 5390/4534/5390 5405/4535/5405 5383/4527/5383
f 5385/4510/5385 5384/4522/5384 5408/4536/5408
f 5397/4537/5397 5402/4538/5402 5388/4531/5388
f 5392/4524/5392 5409/4539/5409 5386/4516/5386
f 5398/4532/5398 5403/4540/5403 5389/4541/5389
f 5390/4534/5390 5389/4541/5389 5404/4542/5404
f 5373/4507/5373 5406/4528/5406 5426/4543/5426
f 5389/4541/5389 5403/4540/5403 5416/4544/5416
f 5400/4545/5400 5410/4546/5410 5393/4547/5393
f 5399/4481/5399 5438/4548/5438 5391/4493/5391
f 5398/4532/5398 5402/4538/5402 5415/4549/5415
f 5404/4542/5404 5416/4544/5416 5424/4550/5424
f 5404/4542/5404 5424/4550/5424 5405/4535/5405
f 5410/4546/5410 5419/4551/5419 5401/4552/5401
f 5426/4543/5426 5437/4553/5437 5407/4511/5407
f 5430/4465/5430 5462/4554/5462 5399/4481/5399
f 5414/4555/5414 5421/4556/5421 5402/4538/5402
f 5400/4545/5400 5409/4539/5409 5417/4557/5417
f 5415/4549/5415 5423/4558/5423 5403/4540/5403
f 5411/4559/5411 5420/4560/5420 5431/4561/5431
f 5412/4562/5412 5432/4563/5432 5413/4564/5413
f 5438/4548/5438 5439/4565/5439 5384/4522/5384
f 5415/4549/5415 5422/4566/5422 5435/4567/5435
f 5416/4544/5416 5423/4558/5423 5436/4568/5436
f 5419/4551/5419 5443/4569/5443 5420/4560/5420
f 5426/4543/5426 5425/4570/5425 5473/4571/5473
f 5437/4553/5437 5492/4572/5492 5427/4512/5427
f 5433/4573/5433 5434/4574/5434 5421/4556/5421
f 5133/4575/5133 5429/4458/5429 5529/4576/5529
f 5421/4556/5421 5434/4574/5434 5422/4566/5422
f 5417/4557/5417 5447/4577/5447 5441/4578/5441
f 5435/4567/5435 5436/4568/5436 5423/4558/5423
f 5417/4557/5417 5441/4578/5441 5418/4579/5418
f 5431/4561/5431 5449/4580/5449 5432/4563/5432
f 5433/4573/5433 5444/4581/5444 5450/4582/5450
f 5435/4567/5435 5452/4583/5452 5453/4584/5453
f 5435/4567/5435 5453/4584/5453 5436/4568/5436
f 5431/4561/5431 5443/4569/5443 5449/4580/5449
f 5439/4585/5439 5438/4586/5438 5482/4587/5482
f 5446/4588/5446 5463/4589/5463 5440/4590/5440
f 5441/4591/5441 5447/4592/5447 5464/4593/5464
f 5445/4594/5445 5453/4595/5453 5461/4596/5461
f 5448/4597/5448 5455/4598/5455 5442/4599/5442
f 5445/4594/5445 5461/4596/5461 5471/4600/5471
f 5425/4601/5425 5454/4602/5454 5481/4603/5481
f 5430/4604/5430 5308/4605/5308 5502/4606/5502
f 5473/4607/5473 5491/4608/5491 5437/4609/5437
f 5451/4610/5451 5459/4611/5459 5452/4612/5452
f 5452/4612/5452 5459/4611/5459 5460/4613/5460
f 5463/4589/5463 5474/4614/5474 5447/4592/5447
f 5464/4593/5464 5465/4615/5465 5448/4597/5448
f 5471/4600/5471 5472/4616/5472 5454/4602/5454
f 5449/4617/5449 5456/4618/5456 5467/4619/5467
f 5462/4620/5462 5513/4621/5513 5438/4586/5438
f 5450/4622/5450 5458/4623/5458 5468/4624/5468
f 5446/4588/5446 5482/4587/5482 5494/4625/5494
f 5461/4596/5461 5470/4626/5470 5480/4627/5480
f 5465/4615/5465 5466/4628/5466 5455/4598/5455
f 5468/4624/5468 5479/4629/5479 5459/4611/5459
f 5460/4613/5460 5469/4630/5469 5487/4631/5487
f 5464/4593/5464 5474/4614/5474 5483/4632/5483
f 5464/4593/5464 5483/4632/5483 5465/4615/5465
f 5471/4600/5471 5480/4627/5480 5490/4633/5490
f 5471/4600/5471 5490/4633/5490 5472/4616/5472
f 5475/4634/5475 5485/4635/5485 5467/4619/5467
f 5473/4607/5473 5481/4603/5481 5501/4636/5501
f 5502/4606/5502 5512/4637/5512 5462/4620/5462
f 5468/4624/5468 5478/4638/5478 5479/4629/5479
f 5494/4625/5494 5495/4639/5495 5463/4589/5463
f 5480/4627/5480 5488/4640/5488 5489/4641/5489
f 5484/4642/5484 5485/4635/5485 5475/4634/5475
f 5481/4603/5481 5490/4633/5490 5511/4643/5511
f 5476/4644/5476 5485/4635/5485 5496/4645/5496
f 5486/4646/5486 5500/4647/5500 5469/4630/5469
f 5469/4630/5469 5500/4647/5500 5487/4631/5487
f 5474/4614/5474 5495/4639/5495 5503/4648/5503
f 5490/4633/5490 5489/4641/5489 5510/4649/5510
f 5501/4636/5501 5518/4650/5518 5491/4608/5491
f 5513/4621/5513 5545/4651/5545 5482/4587/5482
f 5499/4652/5499 5507/4653/5507 5486/4646/5486
f 5487/4631/5487 5500/4647/5500 5508/4654/5508
f 5483/4632/5483 5503/4648/5503 5504/4655/5504
f 5501/4636/5501 5511/4643/5511 5543/4656/5543
f 5496/4645/5496 5506/4657/5506 5514/4658/5514
f 5494/4625/5494 5545/4651/5545 5520/4659/5520
f 5517/4660/5517 5524/4661/5524 5507/4653/5507
f 5507/4653/5507 5524/4661/5524 5525/4662/5525
f 5503/4648/5503 5530/4663/5530 5531/4664/5531
f 5523/4665/5523 5535/4666/5535 5514/4658/5514
f 5543/4656/5543 5569/4667/5569 5518/4650/5518
f 5502/4606/5502 5014/4190/5014 5512/4637/5512
f 5526/4668/5526 5540/4669/5540 5548/4670/5548
f 5526/4668/5526 5548/4670/5548 5527/4671/5527
f 5532/4672/5532 5533/4673/5533 5521/4674/5521
f 5527/4671/5527 5548/4670/5548 5541/4675/5541
f 5521/4674/5521 5533/4673/5533 5522/4676/5522
f 5534/4677/5534 5546/4678/5546 5523/4665/5523
f 5502/4606/5502 5308/4679/5308 5047/4188/5047
f 5539/4680/5539 5547/4681/5547 5524/4661/5524
f 5548/4670/5548 5540/4669/5540 5559/4682/5559
f 5532/4672/5532 5531/4664/5531 5551/4683/5551
f 5532/4672/5532 5551/4683/5551 5533/4673/5533
f 5541/4675/5541 5548/4670/5548 5560/4684/5560
f 5541/4675/5541 5560/4684/5560 5561/4685/5561
f 5561/4685/5561 5568/4686/5568 5542/4687/5542
f 5546/4678/5546 5553/4688/5553 5535/4666/5535
f 5519/4689/5519 5569/4667/5569 5577/4690/5577
f 5520/4659/5520 5545/4651/5545 5550/4691/5550
f 5520/4659/5520 5550/4691/5550 5530/4663/5530
f 5552/4692/5552 5562/4693/5562 5546/4678/5546
f 5549/4694/5549 5579/4695/5579 5545/4651/5545
f 5557/4696/5557 5566/4697/5566 5547/4681/5547
f 5550/4691/5550 5570/4698/5570 5531/4664/5531
f 5559/4682/5559 5560/4684/5560 5548/4670/5548
f 5562/4693/5562 5563/4699/5563 5553/4688/5553
f 5014/4190/5014 5578/4700/5578 5549/4694/5549
f 5550/4691/5550 5579/4695/5579 5000/4155/5000
f 5566/4697/5566 5574/4701/5574 5558/4702/5558
f 5551/4683/5551 5570/4698/5570 5580/4703/5580
f 5559/4682/5559 5575/4704/5575 5560/4684/5560
f 5560/4684/5560 5575/4704/5575 5567/4705/5567
f 5551/4683/5551 5571/4706/5571 5552/4692/5552
f 5564/4707/5564 5563/4699/5563 5581/4708/5581
f 5587/4709/5587 5027/4187/5027 5569/4667/5569
f 5564/4707/5564 5581/4708/5581 5573/4710/5573
f 5565/4711/5565 5584/4712/5584 5566/4697/5566
f 5575/4704/5575 5574/4701/5574 5585/4713/5585
f 5567/4705/5567 5575/4704/5575 5586/4714/5586
f 5567/4705/5567 5586/4714/5586 4998/4147/4998
f 5562/4693/5562 5571/4706/5571 5572/4715/5572
f 5027/4187/5027 5028/4716/5028 5577/4690/5577
f 5565/4711/5565 5582/4717/5582 5583/4153/5583
f 5584/4712/5584 4997/4159/4997 5574/4701/5574
f 5589/4154/5589 4995/4718/4995 5570/4698/5570
f 5585/4713/5585 5586/4714/5586 5575/4704/5575
f 5580/4703/5580 4996/4160/4996 5571/4706/5571
f 4998/4147/4998 4999/4289/4999 5576/4719/5576
f 5579/4695/5579 5578/4700/5578 5015/4176/5015
f 5583/4153/5583 5005/4157/5005 5584/4712/5584
f 5584/4712/5584 5005/4157/5005 4997/4159/4997
f 4997/4159/4997 5006/4165/5006 5585/4713/5585
f 5580/4703/5580 4995/4718/4995 5001/4161/5001
f 5587/4709/5587 5008/4172/5008 5013/4181/5013
f 5581/4708/5581 5591/4720/5591 5002/4174/5002
f 5573/4710/5573 5003/4151/5003 5582/4717/5582
f 5590/4148/5590 4996/4160/4996 5010/4149/5010
f 5016/4156/5016 5009/4167/5009 4995/4718/4995 5589/4154/5589
f 4999/4289/4999 5026/4170/5026 5008/4172/5008
f 5591/4720/5591 5590/4148/5590 5011/4150/5011
f 5002/4174/5002 5591/4720/5591 5011/4150/5011
f 5583/4153/5583 5004/4152/5004 5005/4157/5005
f 5019/4721/5019 5004/4152/5004 5003/4151/5003 5018/4173/5018
f 4997/4159/4997 5012/4158/5012 5006/4165/5006
f 4995/4718/4995 5009/4167/5009 5001/4161/5001
f 5005/4157/5005 5021/4722/5021 5022/4183/5022
f 5016/4156/5016 5000/4155/5000 5029/4177/5029
f 5012/4158/5012 5005/4157/5005 5022/4183/5022
f 5007/4145/5007 5006/4165/5006 5023/4166/5023
f 5001/4161/5001 5017/4168/5017 5010/4149/5010
f 5025/4146/5025 5007/4145/5007 5024/4169/5024
f 5008/4172/5008 5045/4171/5045 5013/4181/5013
f 5021/4722/5021 5005/4157/5005 5004/4152/5004 5020/4723/5020
f 5004/4152/5004 5019/4721/5019 5020/4723/5020
f 5043/4193/5043 5044/4209/5044 5024/4169/5024 5023/4166/5023
f 5023/4166/5023 5012/4158/5012 5033/4184/5033
f 5011/4150/5011 5032/4180/5032 5018/4173/5018
f 5013/4181/5013 5046/4182/5046 5027/4187/5027
f 5053/4213/5053 5026/4170/5026 5025/4146/5025 5044/4209/5044
f 5017/4168/5017 5034/4192/5034 5030/4178/5030
f 5025/4146/5025 5024/4169/5024 5044/4209/5044
f 5085/4255/5085 5028/4716/5028 5027/4187/5027 5054/4186/5054
f 5045/4171/5045 5026/4170/5026 5053/4213/5053
f 5031/4179/5031 5035/4194/5035 5032/4180/5032
f 5018/4173/5018 5037/4185/5037 5038/4203/5038
f 5038/4203/5038 5039/4204/5039 5019/4721/5019 5018/4173/5018
f 5055/4243/5055 5578/4700/5578 5014/4190/5014 5094/4189/5094
f 5086/4724/5086 5588/4175/5588 5028/4716/5028 5085/4255/5085
f 5040/4206/5040 5020/4723/5020 5019/4721/5019 5039/4204/5039
f 5055/4243/5055 5066/4196/5066 5015/4176/5015 5578/4700/5578
f 5040/4206/5040 5041/4725/5041 5021/4722/5021 5020/4723/5020
f 5114/4164/5114 5588/4175/5588 5086/4724/5086
f 5042/4199/5042 5022/4183/5022 5021/4722/5021 5041/4725/5041
f 5015/4176/5015 5066/4196/5066 5029/4177/5029
f 5049/4201/5049 5050/4211/5050 5031/4179/5031 5030/4178/5030
f 5033/4184/5033 5022/4183/5022 5042/4199/5042
f 5016/4156/5016 5048/4191/5048 5009/4167/5009
f 5035/4194/5035 5031/4179/5031 5050/4211/5050
f 5032/4180/5032 5036/4195/5036 5037/4185/5037
f 5048/4191/5048 5029/4177/5029 5067/4197/5067
f 5009/4167/5009 5056/4198/5056 5034/4192/5034
f 5033/4184/5033 5052/4200/5052 5043/4193/5043
f 5065/4214/5065 5084/4223/5084 5046/4182/5046 5045/4171/5045
f 5060/4202/5060 5061/4205/5061 5039/4204/5039 5038/4203/5038
f 5046/4182/5046 5084/4223/5084 5054/4186/5054
f 5051/4225/5051 5041/4725/5041 5040/4206/5040 5061/4205/5061
f 5062/4246/5062 5073/4226/5073 5051/4225/5051 5061/4205/5061
f 5042/4199/5042 5041/4725/5041 5051/4225/5051
f 5042/4199/5042 5051/4225/5051 5063/4216/5063
f 5052/4200/5052 5042/4199/5042 5063/4216/5063
f 5034/4192/5034 5057/4207/5057 5049/4201/5049
f 5050/4211/5050 5049/4201/5049 5058/4219/5058
f 5053/4213/5053 5044/4209/5044 5076/4210/5076
f 5036/4195/5036 5035/4194/5035 5059/4212/5059
f 5054/4186/5054 5093/4224/5093 5085/4255/5085
f 5060/4202/5060 5072/4233/5072 5061/4205/5061
f 5074/4217/5074 5063/4216/5063 5051/4225/5051 5082/4227/5082
f 5056/4198/5056 5048/4191/5048 5068/4215/5068
f 5052/4200/5052 5074/4217/5074 5064/4208/5064
f 5049/4201/5049 5069/4218/5069 5058/4219/5058
f 5050/4211/5050 5070/4220/5070 5059/4212/5059
f 5053/4213/5053 5083/4221/5083 5065/4214/5065
f 5036/4195/5036 5071/4222/5071 5060/4202/5060
f 5068/4215/5068 5077/4248/5077 5057/4207/5057 5056/4198/5056
f 5082/4227/5082 5073/4226/5073 5062/4246/5062 5089/4245/5089
f 5057/4207/5057 5077/4248/5077 5069/4218/5069
f 5076/4210/5076 5064/4208/5064 5075/4228/5075
f 5070/4220/5070 5058/4219/5058 5078/4229/5078
f 5071/4222/5071 5059/4212/5059 5079/4230/5079
f 5065/4214/5065 5103/4231/5103 5084/4223/5084
f 5060/4202/5060 5080/4232/5080 5072/4233/5072
f 5061/4205/5061 5081/4234/5081 5062/4246/5062
f 5069/4218/5069 5077/4248/5077 5078/4229/5078
f 5076/4210/5076 5101/4238/5101 5083/4221/5083
f 5070/4220/5070 5078/4229/5078 5079/4230/5079
f 5071/4222/5071 5087/4239/5087 5080/4232/5080
f 5094/4189/5094 5047/4188/5047 5221/4241/5221
f 5081/4234/5081 5072/4233/5072 5088/4242/5088
f 5087/4239/5087 5079/4230/5079 5078/4229/5078 5097/4251/5097
f 5066/4196/5066 5104/4244/5104 5067/4197/5067
f 5077/4248/5077 5095/4247/5095 5096/4250/5096
f 5101/4238/5101 5075/4228/5075 5092/4249/5092
f 5120/4256/5120 5179/4272/5179 5086/4724/5086 5085/4255/5085
f 5083/4221/5083 5102/4252/5102 5103/4231/5103
f 5084/4223/5084 5132/4253/5132 5093/4224/5093
f 5080/4232/5080 5098/4254/5098 5088/4242/5088
f 5109/4726/5109 5088/4242/5088 5098/4254/5098 5108/4265/5108
f 5114/4164/5114 5086/4724/5086 5179/4272/5179
f 5067/4197/5067 5115/4258/5115 5105/4235/5105
f 5087/4239/5087 5107/4260/5107 5098/4254/5098
f 5109/4726/5109 5110/4727/5110 5089/4245/5089 5088/4242/5088
f 5120/4256/5120 5093/4224/5093 5139/4261/5139
f 5106/4279/5106 5096/4250/5096 5095/4247/5095 5123/4277/5123
f 5089/4245/5089 5110/4727/5110 5111/4267/5111
f 5099/4257/5099 5089/4245/5089 5111/4267/5111
f 5100/4259/5100 5090/4236/5090 5112/4262/5112
f 5092/4249/5092 5091/4237/5091 5113/4263/5113
f 5132/4253/5132 5103/4231/5103 5119/4264/5119
f 5104/4244/5104 5094/4189/5094 5158/4266/5158
f 5115/4258/5115 5104/4244/5104 5121/4281/5121
f 5112/4262/5112 5099/4257/5099 5117/4268/5117
f 5095/4247/5095 5122/4269/5122 5123/4277/5123
f 5106/4279/5106 5107/4260/5107 5097/4251/5097 5096/4250/5096
f 5101/4238/5101 5092/4249/5092 5118/4270/5118
f 5116/4296/5116 5109/4726/5109 5108/4265/5108 5127/4294/5127
f 5101/4238/5101 5118/4270/5118 5102/4252/5102
f 5108/4265/5108 5126/4728/5126 5127/4294/5127
f 5116/4296/5116 5128/4729/5128 5110/4727/5110 5109/4726/5109
f 5129/4283/5129 5111/4267/5111 5110/4727/5110 5128/4729/5128
f 5124/4278/5124 5125/4730/5125 5107/4260/5107 5106/4279/5106
f 5104/4244/5104 5159/4271/5159 5121/4281/5121
f 5117/4268/5117 5111/4267/5111 5129/4283/5129
f 5122/4269/5122 5105/4235/5105 5134/4275/5134
f 5113/4263/5113 5112/4262/5112 5130/4276/5130
f 5113/4263/5113 5130/4276/5130 5131/4285/5131
f 5118/4270/5118 5113/4263/5113 5131/4285/5131
f 5126/4728/5126 5108/4265/5108 5107/4260/5107 5125/4730/5125
f 5102/4252/5102 5148/4280/5148 5119/4264/5119
f 5137/4286/5137 5131/4285/5131 5130/4276/5130 5147/4292/5147
f 5134/4275/5134 5115/4258/5115 5160/4282/5160
f 5117/4268/5117 5136/4284/5136 5130/4276/5130
f 5148/4280/5148 5118/4270/5118 5138/4287/5138
f 5119/4264/5119 5149/4288/5149 5132/4253/5132
f 5129/4283/5129 5145/4303/5145 5136/4284/5136
f 5141/4300/5141 5124/4278/5124 5123/4277/5123 5140/4291/5140
f 5141/4300/5141 5135/4299/5135 5125/4730/5125 5124/4278/5124
f 5135/4299/5135 5142/4308/5142 5126/4728/5126 5125/4730/5125
f 5142/4308/5142 5143/4295/5143 5127/4294/5127 5126/4728/5126
f 5143/4295/5143 5144/4310/5144 5128/4729/5128 5116/4296/5116
f 5132/4253/5132 5168/4293/5168 5139/4261/5139
f 5145/4303/5145 5129/4283/5129 5128/4729/5128 5144/4310/5144
f 5120/4256/5120 5185/4297/5185 5179/4272/5179
f 5157/4298/5157 5166/4306/5166 5138/4287/5138 5137/4286/5137
f 5147/4292/5147 5146/4290/5146 5156/4316/5156
f 5161/4315/5161 5170/4319/5170 5140/4291/5140 5134/4275/5134
f 5148/4280/5148 5138/4287/5138 5166/4306/5166
f 5135/4299/5135 5152/4301/5152 5142/4308/5142
f 5185/4297/5185 5139/4261/5139 5169/4302/5169
f 5144/4310/5144 5143/4295/5143 5153/4311/5153
f 5136/4284/5136 5155/4304/5155 5146/4290/5146
f 5147/4292/5147 5165/4317/5165 5157/4298/5157
f 5141/4300/5141 5150/4305/5150 5151/4333/5151
f 5152/4301/5152 5141/4300/5141 5151/4333/5151
f 5168/4293/5168 5149/4288/5149 5167/4307/5167
f 5143/4295/5143 5163/4309/5163 5153/4311/5153
f 5155/4304/5155 5145/4303/5145 5154/4312/5154
f 5160/4282/5160 5121/4281/5121 5186/4313/5186
f 5146/4290/5146 5164/4314/5164 5156/4316/5156
f 5173/4326/5173 5153/4311/5153 5163/4309/5163 5172/4335/5172
f 5140/4291/5140 5170/4319/5170 5150/4305/5150
f 5166/4306/5166 5157/4298/5157 5177/4321/5177
f 5152/4301/5152 5151/4333/5151 5162/4322/5162
f 5163/4309/5163 5152/4301/5152 5162/4322/5162
f 5173/4326/5173 5174/4325/5174 5154/4312/5154 5153/4311/5153
f 5175/4329/5175 5155/4304/5155 5154/4312/5154 5174/4325/5174
f 5178/4345/5178 5168/4293/5168 5167/4307/5167 5195/4343/5195
f 5164/4314/5164 5155/4304/5155 5175/4329/5175
f 5165/4317/5165 5156/4316/5156 5176/4318/5176
f 5150/4305/5150 5171/4320/5171 5151/4333/5151
f 5203/4365/5203 5169/4302/5169 5168/4293/5168 5178/4345/5178
f 5163/4309/5163 5181/4323/5181 5172/4335/5172
f 5251/4324/5251 5211/4367/5211 5159/4271/5159 5158/4266/5158
f 5169/4302/5169 5203/4365/5203 5185/4297/5185
f 5194/4334/5194 5195/4343/5195 5167/4307/5167 5166/4306/5166
f 5186/4313/5186 5159/4271/5159 5211/4367/5211
f 5164/4314/5164 5183/4330/5183 5176/4318/5176
f 5161/4315/5161 5187/4328/5187 5170/4319/5170
f 5165/4317/5165 5184/4331/5184 5177/4321/5177
f 5183/4330/5183 5175/4329/5175 5174/4325/5174 5191/4338/5191
f 5151/4333/5151 5180/4332/5180 5162/4322/5162
f 5182/4327/5182 5173/4326/5173 5190/4336/5190
f 5179/4272/5179 5220/4337/5220 5196/4273/5196
f 5193/4355/5193 5177/4321/5177 5184/4331/5184 5192/4353/5192
f 5198/4361/5198 5181/4323/5181 5180/4332/5180 5197/4342/5197
f 5171/4320/5171 5188/4339/5188 5189/4341/5189
f 5171/4320/5171 5189/4341/5189 5180/4332/5180
f 5194/4334/5194 5177/4321/5177 5193/4355/5193
f 5182/4327/5182 5200/4347/5200 5191/4338/5191
f 5183/4330/5183 5201/4340/5201 5202/4352/5202
f 5184/4331/5184 5183/4330/5183 5202/4352/5202
f 5192/4353/5192 5184/4331/5184 5202/4352/5202
f 5198/4361/5198 5199/4359/5199 5190/4336/5190 5181/4323/5181
f 5212/4386/5212 5213/4373/5213 5188/4339/5188 5187/4328/5187
f 5178/4345/5178 5219/4346/5219 5203/4365/5203
f 5187/4328/5187 5222/4348/5222 5212/4386/5212
f 5214/4375/5214 5197/4342/5197 5204/4356/5204 5223/4374/5223
f 5188/4339/5188 5213/4373/5213 5204/4356/5204
f 5189/4341/5189 5204/4356/5204 5197/4342/5197
f 5194/4334/5194 5193/4355/5193 5209/4357/5209
f 5210/4344/5210 5194/4334/5194 5209/4357/5209
f 5197/4342/5197 5205/4362/5205 5198/4361/5198
f 5219/4346/5219 5195/4343/5195 5233/4358/5233
f 5200/4347/5200 5190/4336/5190 5206/4360/5206
f 5208/4354/5208 5202/4352/5202 5217/4369/5217
f 5250/4364/5250 5238/4382/5238 5185/4297/5185 5203/4365/5203
f 5205/4362/5205 5197/4342/5197 5214/4375/5214
f 5199/4359/5199 5198/4361/5198 5215/4363/5215
f 5199/4359/5199 5215/4363/5215 5206/4360/5206
f 5218/4372/5218 5232/4398/5232 5209/4357/5209 5208/4354/5208
f 5185/4297/5185 5238/4382/5238 5220/4337/5220
f 5222/4348/5222 5186/4313/5186 5239/4368/5239
f 5237/4401/5237 5210/4344/5210 5209/4357/5209 5232/4398/5232
f 5227/4370/5227 5228/4384/5228 5216/4366/5216 5206/4360/5206
f 5205/4362/5205 5214/4375/5214 5225/4378/5225
f 5210/4344/5210 5237/4401/5237 5233/4358/5233
f 5205/4362/5205 5225/4378/5225 5215/4363/5215
f 5254/4385/5254 5255/4396/5255 5213/4373/5213 5212/4386/5212
f 5207/4351/5207 5229/4371/5229 5230/4387/5230
f 5207/4351/5207 5230/4387/5230 5217/4369/5217
f 5214/4375/5214 5234/4377/5234 5225/4378/5225
f 5250/4364/5250 5219/4346/5219 5260/4380/5260
f 5215/4363/5215 5226/4379/5226 5227/4370/5227
f 5211/4367/5211 5252/4381/5252 5239/4368/5239
f 5298/4350/5298 5220/4337/5220 5297/4383/5297
f 5235/4389/5235 5226/4379/5226 5225/4378/5225 5234/4377/5234
f 5218/4372/5218 5217/4369/5217 5231/4388/5231
f 5213/4373/5213 5255/4396/5255 5223/4374/5223
f 5218/4372/5218 5231/4388/5231 5236/4399/5236
f 5232/4398/5232 5218/4372/5218 5236/4399/5236
f 5243/4731/5243 5227/4370/5227 5226/4379/5226 5242/4390/5242
f 5260/4380/5260 5233/4358/5233 5273/4402/5273
f 5243/4731/5243 5244/4732/5244 5228/4384/5228 5227/4370/5227
f 5221/4241/5221 5299/4392/5299 5251/4324/5251
f 5245/4393/5245 5229/4371/5229 5228/4384/5228 5244/4732/5244
f 5247/4404/5247 5230/4387/5230 5229/4371/5229 5246/4394/5246
f 5240/4411/5240 5224/4376/5224 5223/4374/5223 5256/4397/5256
f 5222/4348/5222 5253/4395/5253 5254/4385/5254
f 5231/4388/5231 5230/4387/5230 5247/4404/5247
f 5266/4733/5266 5267/4427/5267 5244/4732/5244 5243/4731/5243
f 5224/4376/5224 5240/4411/5240 5241/4412/5241
f 5234/4377/5234 5224/4376/5224 5241/4412/5241
f 5232/4398/5232 5249/4400/5249 5237/4401/5237
f 5238/4382/5238 5318/4403/5318 5297/4383/5297
f 5249/4400/5249 5236/4399/5236 5248/4405/5248
f 5234/4377/5234 5241/4412/5241 5257/4414/5257
f 5237/4401/5237 5272/4406/5272 5273/4402/5273
f 5234/4377/5234 5257/4414/5257 5235/4389/5235
f 5258/4429/5258 5245/4393/5245 5244/4732/5244 5267/4427/5267
f 5258/4429/5258 5268/4430/5268 5246/4394/5246 5245/4393/5245
f 5269/4408/5269 5247/4404/5247 5246/4394/5246 5268/4430/5268
f 5253/4395/5253 5239/4368/5239 5287/4407/5287
f 5270/4422/5270 5271/4734/5271 5249/4400/5249 5248/4405/5248
f 5248/4405/5248 5247/4404/5247 5259/4409/5259
f 5248/4405/5248 5259/4409/5259 5270/4422/5270
f 5264/4415/5264 5265/4735/5265 5242/4390/5242 5235/4389/5235
f 5272/4406/5272 5249/4400/5249 5271/4734/5271
f 5241/4412/5241 5263/4413/5263 5257/4414/5257
f 5266/4733/5266 5243/4731/5243 5242/4390/5242 5265/4735/5265
f 5261/4416/5261 5288/4438/5288 5254/4385/5254 5253/4395/5253
f 5274/4423/5274 5255/4396/5255 5254/4385/5254 5288/4438/5288
f 5307/4467/5307 5250/4364/5250 5260/4380/5260 5286/4419/5286
f 5256/4397/5256 5255/4396/5255 5274/4423/5274
f 5256/4397/5256 5274/4423/5274 5262/4410/5262
f 5257/4414/5257 5275/4418/5275 5264/4415/5264
f 5284/4421/5284 5277/4432/5277 5271/4734/5271 5270/4422/5270
f 5250/4364/5250 5307/4467/5307 5318/4403/5318
f 5251/4324/5251 5309/4420/5309 5252/4381/5252
f 5276/4417/5276 5269/4408/5269 5283/4431/5283
f 5278/4424/5278 5279/4434/5279 5263/4413/5263 5262/4410/5262
f 5295/4450/5295 5272/4406/5272 5271/4734/5271 5277/4432/5277
f 5296/4441/5296 5273/4402/5273 5272/4406/5272 5295/4450/5295
f 5263/4413/5263 5279/4434/5279 5275/4418/5275
f 5281/4436/5281 5266/4733/5266 5265/4735/5265 5280/4425/5280
f 5273/4402/5273 5296/4441/5296 5286/4419/5286
f 5265/4735/5265 5264/4415/5264 5280/4425/5280
f 5281/4436/5281 5282/4428/5282 5267/4427/5267 5266/4733/5266
f 5282/4428/5282 5283/4431/5283 5268/4430/5268 5258/4429/5258
f 5252/4381/5252 5319/4426/5319 5287/4407/5287
f 5304/4459/5304 5283/4431/5283 5282/4428/5282 5303/4443/5303
f 5274/4423/5274 5300/4439/5300 5278/4424/5278
f 5275/4418/5275 5290/4435/5290 5280/4425/5280
f 5280/4425/5280 5291/4452/5291 5281/4436/5281
f 5276/4417/5276 5283/4431/5283 5293/4445/5293
f 5284/4421/5284 5276/4417/5276 5293/4445/5293
f 5278/4424/5278 5301/4447/5301 5289/4448/5289
f 5279/4434/5279 5278/4424/5278 5289/4448/5289
f 5277/4432/5277 5285/4433/5285 5295/4450/5295
f 5279/4434/5279 5289/4448/5289 5290/4435/5290
f 5291/4452/5291 5280/4425/5280 5302/4440/5302
f 5286/4419/5286 5306/4442/5306 5307/4467/5307
f 5292/4437/5292 5281/4436/5281 5291/4452/5291
f 5314/4454/5314 5315/4468/5315 5292/4437/5292 5291/4452/5291
f 5283/4431/5283 5304/4459/5304 5293/4445/5293
f 5261/4416/5261 5310/4444/5310 5288/4438/5288
f 5285/4433/5285 5284/4421/5284 5294/4446/5294
f 5290/4435/5290 5312/4449/5312 5302/4440/5302
f 5296/4441/5296 5329/4451/5329 5306/4442/5306
f 5374/4455/5374 5429/4458/5429 5298/4350/5298 5297/4383/5297
f 5292/4437/5292 5315/4468/5315 5303/4443/5303
f 5325/4469/5325 5326/4476/5326 5304/4459/5304 5303/4443/5303
f 5310/4444/5310 5287/4407/5287 5320/4456/5320
f 5288/4438/5288 5321/4461/5321 5300/4439/5300
f 5294/4446/5294 5293/4445/5293 5305/4462/5305
f 5294/4446/5294 5305/4462/5305 5317/4473/5317
f 5300/4439/5300 5322/4471/5322 5301/4447/5301
f 5285/4433/5285 5294/4446/5294 5317/4473/5317
f 5313/4453/5313 5302/4440/5302 5324/4475/5324
f 5299/4392/5299 5430/4465/5430 5309/4420/5309
f 5318/4403/5318 5307/4467/5307 5354/4466/5354
f 5336/4487/5336 5317/4473/5317 5305/4462/5305 5335/4479/5335
f 5304/4459/5304 5326/4476/5326 5316/4460/5316
f 5301/4447/5301 5323/4472/5323 5311/4463/5311
f 5329/4451/5329 5285/4433/5285 5328/4474/5328
f 5315/4468/5315 5314/4454/5314 5332/4736/5332
f 5319/4426/5319 5309/4420/5309 5399/4481/5399
f 5318/4403/5318 5365/4482/5365 5374/4455/5374
f 5315/4468/5315 5332/4736/5332 5325/4469/5325
f 5310/4444/5310 5346/4478/5346 5321/4461/5321
f 5327/4470/5327 5316/4460/5316 5326/4476/5326
f 5323/4472/5323 5330/4489/5330 5312/4449/5312 5311/4463/5311
f 5322/4471/5322 5337/4485/5337 5323/4472/5323
f 5328/4474/5328 5317/4473/5317 5336/4487/5336
f 5332/4736/5332 5314/4454/5314 5313/4453/5313 5331/4480/5331
f 5312/4449/5312 5330/4489/5330 5324/4475/5324
f 5329/4451/5329 5345/4491/5345 5306/4442/5306
f 5334/4483/5334 5342/4737/5342 5327/4470/5327 5326/4476/5326
f 5333/4477/5333 5325/4469/5325 5341/4495/5341
f 5341/4495/5341 5325/4469/5325 5332/4736/5332 5340/4497/5340
f 5335/4479/5335 5327/4470/5327 5342/4737/5342
f 5322/4471/5322 5347/4484/5347 5337/4485/5337
f 5330/4489/5330 5323/4472/5323 5338/4486/5338
f 5345/4491/5345 5329/4451/5329 5344/4488/5344
f 5331/4480/5331 5324/4475/5324 5339/4490/5339
f 5306/4442/5306 5353/4492/5353 5354/4466/5354
f 5343/4738/5343 5336/4487/5336 5335/4479/5335 5342/4737/5342
f 5320/4456/5320 5319/4426/5319 5391/4493/5391
f 5349/4739/5349 5350/4740/5350 5331/4480/5331 5339/4490/5339
f 5344/4488/5344 5336/4487/5336 5343/4738/5343
f 5330/4489/5330 5348/4494/5348 5339/4490/5339
f 5351/4498/5351 5332/4736/5332 5331/4480/5331 5350/4740/5350
f 5363/4741/5363 5343/4738/5343 5342/4737/5342 5362/4517/5362
f 5340/4497/5340 5332/4736/5332 5351/4498/5351
f 5333/4477/5333 5352/4496/5352 5334/4483/5334
f 5356/4520/5356 5338/4486/5338 5337/4485/5337 5355/4503/5355
f 5363/4741/5363 5364/4742/5364 5344/4488/5344 5343/4738/5343
f 5356/4520/5356 5357/4504/5357 5348/4494/5348 5338/4486/5338
f 5372/4506/5372 5345/4491/5345 5344/4488/5344 5364/4742/5364
f 5360/4508/5360 5341/4495/5341 5340/4497/5340 5359/4499/5359
f 5339/4490/5339 5348/4494/5348 5349/4739/5349
f 5353/4492/5353 5345/4491/5345 5372/4506/5372
f 5361/4501/5361 5362/4517/5362 5342/4737/5342 5334/4483/5334
f 5352/4496/5352 5341/4495/5341 5360/4508/5360
f 5346/4478/5346 5320/4456/5320 5366/4500/5366
f 5368/4529/5368 5349/4739/5349 5348/4494/5348 5358/4505/5358
f 5373/4507/5373 5407/4511/5407 5354/4466/5354 5353/4492/5353
f 5350/4740/5350 5349/4739/5349 5368/4529/5368
f 5369/4513/5369 5351/4498/5351 5350/4740/5350 5368/4529/5368
f 5382/4743/5382 5363/4741/5363 5362/4517/5362 5381/4518/5381
f 5354/4466/5354 5407/4511/5407 5365/4482/5365
f 5359/4499/5359 5351/4498/5351 5369/4513/5369
f 5352/4496/5352 5370/4509/5370 5361/4501/5361
f 5367/4502/5367 5346/4478/5346 5385/4510/5385
f 5364/4742/5364 5383/4527/5383 5372/4506/5372
f 5365/4482/5365 5427/4512/5427 5374/4455/5374
f 5360/4508/5360 5379/4514/5379 5370/4509/5370
f 5362/4517/5362 5361/4501/5361 5371/4515/5371
f 5382/4743/5382 5390/4534/5390 5364/4742/5364 5363/4741/5363
f 5356/4520/5356 5375/4519/5375 5376/4525/5376
f 5388/4531/5388 5371/4515/5371 5370/4509/5370 5380/4523/5380
f 5357/4504/5357 5356/4520/5356 5376/4525/5376
f 5364/4742/5364 5390/4534/5390 5383/4527/5383
f 5357/4504/5357 5376/4525/5376 5358/4505/5358
f 5369/4513/5369 5368/4529/5368 5378/4530/5378
f 5369/4513/5369 5378/4530/5378 5379/4514/5379
f 5429/4458/5429 5374/4455/5374 5428/4521/5428
f 5385/4510/5385 5366/4500/5366 5384/4522/5384
f 5396/4744/5396 5397/4537/5397 5380/4523/5380 5379/4514/5379
f 5386/4516/5386 5367/4502/5367 5392/4524/5392
f 5372/4506/5372 5406/4528/5406 5373/4507/5373
f 5389/4541/5389 5382/4743/5382 5381/4518/5381 5398/4532/5398
f 5380/4523/5380 5397/4537/5397 5388/4531/5388
f 5393/4547/5393 5376/4525/5376 5375/4519/5375 5387/4533/5387
f 5394/4745/5394 5377/4526/5377 5376/4525/5376 5393/4547/5393
f 5390/4534/5390 5382/4743/5382 5389/4541/5389
f 5394/4745/5394 5395/4746/5395 5378/4530/5378 5377/4526/5377
f 5406/4528/5406 5383/4527/5383 5405/4535/5405
f 5396/4744/5396 5379/4514/5379 5378/4530/5378 5395/4746/5395
f 5409/4539/5409 5400/4545/5400 5387/4533/5387 5386/4516/5386
f 5385/4510/5385 5408/4536/5408 5392/4524/5392
f 5398/4532/5398 5388/4531/5388 5402/4538/5402
f 5401/4552/5401 5394/4745/5394 5393/4547/5393 5410/4546/5410
f 5387/4533/5387 5400/4545/5400 5393/4547/5393
f 5390/4534/5390 5404/4542/5404 5405/4535/5405
f 5373/4507/5373 5426/4543/5426 5407/4511/5407
f 5392/4524/5392 5408/4536/5408 5409/4539/5409
f 5398/4532/5398 5415/4549/5415 5403/4540/5403
f 5404/4542/5404 5389/4541/5389 5416/4544/5416
f 5401/4552/5401 5411/4559/5411 5395/4746/5395 5394/4745/5394
f 5412/4562/5412 5413/4564/5413 5396/4744/5396 5395/4746/5395
f 5395/4746/5395 5411/4559/5411 5412/4562/5412
f 5414/4555/5414 5397/4537/5397 5396/4744/5396 5413/4564/5413
f 5424/4550/5424 5425/4570/5425 5406/4528/5406 5405/4535/5405
f 5384/4522/5384 5391/4493/5391 5438/4548/5438
f 5402/4538/5402 5397/4537/5397 5414/4555/5414
f 5400/4545/5400 5417/4557/5417 5418/4579/5418
f 5416/4544/5416 5403/4540/5403 5423/4558/5423
f 5400/4545/5400 5418/4579/5418 5410/4546/5410
f 5431/4561/5431 5432/4563/5432 5412/4562/5412 5411/4559/5411
f 5401/4552/5401 5419/4551/5419 5420/4560/5420
f 5406/4528/5406 5425/4570/5425 5426/4543/5426
f 5411/4559/5411 5401/4552/5401 5420/4560/5420
f 5427/4512/5427 5407/4511/5407 5437/4553/5437
f 5399/4481/5399 5462/4554/5462 5438/4548/5438
f 5402/4538/5402 5421/4556/5421 5422/4566/5422
f 5415/4549/5415 5402/4538/5402 5422/4566/5422
f 5419/4551/5419 5410/4546/5410 5418/4579/5418
f 5432/4563/5432 5433/4573/5433 5414/4555/5414 5413/4564/5413
f 5439/4565/5439 5446/4747/5446 5408/4536/5408 5384/4522/5384
f 5414/4555/5414 5433/4573/5433 5421/4556/5421
f 5447/4577/5447 5409/4539/5409 5408/4536/5408 5440/4748/5440
f 5408/4536/5408 5446/4747/5446 5440/4748/5440
f 5493/4749/5493 5428/4521/5428 5427/4512/5427 5492/4572/5492
f 5417/4557/5417 5409/4539/5409 5447/4577/5447
f 5415/4549/5415 5435/4567/5435 5423/4558/5423
f 5424/4550/5424 5416/4544/5416 5436/4568/5436
f 5431/4561/5431 5420/4560/5420 5443/4569/5443
f 5426/4543/5426 5473/4571/5473 5437/4553/5437
f 5529/4576/5529 5429/4458/5429 5428/4521/5428 5493/4749/5493
f 5433/4573/5433 5432/4563/5432 5444/4581/5444
f 5451/4750/5451 5434/4574/5434 5433/4573/5433 5450/4582/5450
f 5435/4567/5435 5422/4566/5422 5434/4574/5434
f 5418/4579/5418 5441/4578/5441 5442/4751/5442
f 5424/4550/5424 5436/4568/5436 5445/4752/5445
f 5419/4551/5419 5418/4579/5418 5442/4751/5442
f 5424/4550/5424 5445/4752/5445 5454/4753/5454
f 5419/4551/5419 5442/4751/5442 5443/4569/5443
f 5424/4550/5424 5454/4753/5454 5425/4570/5425
f 5432/4563/5432 5449/4580/5449 5444/4581/5444
f 5456/4618/5456 5443/4754/5443 5442/4599/5442 5455/4598/5455
f 5434/4574/5434 5451/4750/5451 5452/4583/5452
f 5435/4567/5435 5434/4574/5434 5452/4583/5452
f 5445/4752/5445 5436/4568/5436 5453/4584/5453
f 5441/4578/5441 5448/4755/5448 5442/4751/5442
f 5450/4622/5450 5444/4756/5444 5458/4623/5458
f 5446/4588/5446 5439/4585/5439 5482/4587/5482
f 5440/4590/5440 5463/4589/5463 5447/4592/5447
f 5441/4591/5441 5464/4593/5464 5448/4597/5448
f 5445/4594/5445 5471/4600/5471 5454/4602/5454
f 5458/4623/5458 5444/4756/5444 5449/4617/5449 5457/4757/5457
f 5473/4607/5473 5425/4601/5425 5481/4603/5481
f 5449/4617/5449 5443/4754/5443 5456/4618/5456
f 5462/4620/5462 5430/4604/5430 5502/4606/5502
f 5437/4609/5437 5491/4608/5491 5492/4758/5492
f 5459/4611/5459 5451/4610/5451 5450/4622/5450 5468/4624/5468
f 5446/4588/5446 5494/4625/5494 5463/4589/5463
f 5453/4595/5453 5452/4612/5452 5460/4613/5460
f 5464/4593/5464 5447/4592/5447 5474/4614/5474
f 5453/4595/5453 5460/4613/5460 5470/4626/5470
f 5461/4596/5461 5453/4595/5453 5470/4626/5470
f 5448/4597/5448 5465/4615/5465 5455/4598/5455
f 5481/4603/5481 5454/4602/5454 5472/4616/5472
f 5449/4617/5449 5467/4619/5467 5457/4757/5457
f 5438/4586/5438 5513/4621/5513 5482/4587/5482
f 5475/4634/5475 5456/4618/5456 5455/4598/5455 5466/4628/5466
f 5471/4600/5471 5461/4596/5461 5480/4627/5480
f 5477/4759/5477 5457/4757/5457 5467/4619/5467 5476/4644/5476
f 5456/4618/5456 5475/4634/5475 5467/4619/5467
f 5478/4638/5478 5458/4623/5458 5457/4757/5457 5477/4759/5477
f 5488/4640/5488 5470/4626/5470 5460/4613/5460 5487/4631/5487
f 5468/4624/5468 5458/4623/5458 5478/4638/5478
f 5459/4611/5459 5479/4629/5479 5469/4630/5469
f 5460/4613/5460 5459/4611/5459 5469/4630/5469
f 5463/4589/5463 5495/4639/5495 5474/4614/5474
f 5484/4642/5484 5466/4628/5466 5465/4615/5465 5483/4632/5483
f 5480/4627/5480 5470/4626/5470 5488/4640/5488
f 5496/4645/5496 5497/4760/5497 5477/4759/5477 5476/4644/5476
f 5466/4628/5466 5484/4642/5484 5475/4634/5475
f 5481/4603/5481 5472/4616/5472 5490/4633/5490
f 5476/4644/5476 5467/4619/5467 5485/4635/5485
f 5473/4607/5473 5501/4636/5501 5491/4608/5491
f 5462/4620/5462 5512/4637/5512 5513/4621/5513
f 5479/4629/5479 5486/4646/5486 5469/4630/5469
f 5490/4633/5490 5480/4627/5480 5489/4641/5489
f 5501/4636/5501 5481/4603/5481 5511/4643/5511
f 5498/4761/5498 5478/4638/5478 5477/4759/5477 5497/4760/5497
f 5498/4761/5498 5499/4652/5499 5479/4629/5479 5478/4638/5478
f 5506/4657/5506 5485/4635/5485 5484/4642/5484 5505/4762/5505
f 5479/4629/5479 5499/4652/5499 5486/4646/5486
f 5483/4632/5483 5474/4614/5474 5503/4648/5503
f 5518/4650/5518 5519/4689/5519 5492/4758/5492 5491/4608/5491
f 5490/4633/5490 5510/4649/5510 5511/4643/5511
f 5496/4645/5496 5485/4635/5485 5506/4657/5506
f 5544/4763/5544 5493/4764/5493 5492/4758/5492 5519/4689/5519
f 5509/4765/5509 5488/4640/5488 5487/4631/5487 5508/4654/5508
f 5493/4764/5493 5544/4763/5544 5529/4163/5529
f 5494/4625/5494 5482/4587/5482 5545/4651/5545
f 5486/4646/5486 5507/4653/5507 5500/4647/5500
f 5505/4762/5505 5484/4642/5484 5483/4632/5483 5504/4655/5504
f 5489/4641/5489 5488/4640/5488 5509/4765/5509
f 5515/4766/5515 5497/4760/5497 5496/4645/5496 5514/4658/5514
f 5501/4636/5501 5543/4656/5543 5518/4650/5518
f 5516/4767/5516 5498/4761/5498 5497/4760/5497 5515/4766/5515
f 5516/4767/5516 5517/4660/5517 5499/4652/5499 5498/4761/5498
f 5530/4663/5530 5495/4639/5495 5494/4625/5494 5520/4659/5520
f 5499/4652/5499 5517/4660/5517 5507/4653/5507
f 5525/4662/5525 5526/4668/5526 5508/4654/5508 5507/4653/5507
f 5508/4654/5508 5500/4647/5500 5507/4653/5507
f 5503/4648/5503 5495/4639/5495 5530/4663/5530
f 5510/4649/5510 5489/4641/5489 5509/4765/5509
f 5531/4664/5531 5532/4672/5532 5504/4655/5504 5503/4648/5503
f 5527/4671/5527 5509/4765/5509 5508/4654/5508 5526/4668/5526
f 5522/4676/5522 5505/4762/5505 5504/4655/5504 5521/4674/5521
f 5504/4655/5504 5532/4672/5532 5521/4674/5521
f 5527/4671/5527 5528/4768/5528 5510/4649/5510 5509/4765/5509
f 5523/4665/5523 5506/4657/5506 5505/4762/5505 5522/4676/5522
f 5542/4687/5542 5511/4643/5511 5510/4649/5510 5528/4768/5528
f 5538/4769/5538 5539/4680/5539 5517/4660/5517 5516/4767/5516
f 5506/4657/5506 5523/4665/5523 5514/4658/5514
f 5543/4656/5543 5511/4643/5511 5542/4687/5542
f 5536/4770/5536 5537/4771/5537 5515/4766/5515 5514/4658/5514
f 5513/4621/5513 5549/4694/5549 5545/4651/5545
f 5517/4660/5517 5539/4680/5539 5524/4661/5524
f 5522/4676/5522 5534/4677/5534 5523/4665/5523
f 5514/4658/5514 5535/4666/5535 5536/4770/5536
f 5538/4769/5538 5516/4767/5516 5515/4766/5515 5537/4771/5537
f 5519/4689/5519 5518/4650/5518 5569/4667/5569
f 5549/4694/5549 5513/4621/5513 5512/4637/5512 5014/4190/5014
f 5547/4681/5547 5540/4669/5540 5526/4668/5526 5525/4662/5525
f 5525/4662/5525 5524/4661/5524 5547/4681/5547
f 5568/4686/5568 5587/4709/5587 5543/4656/5543 5542/4687/5542
f 5528/4768/5528 5527/4671/5527 5541/4675/5541
f 5534/4677/5534 5522/4676/5522 5533/4673/5533
f 5528/4768/5528 5541/4675/5541 5561/4685/5561
f 5528/4768/5528 5561/4685/5561 5542/4687/5542
f 5523/4665/5523 5546/4678/5546 5535/4666/5535
f 5502/4606/5502 5047/4188/5047 5014/4190/5014
f 5533/4673/5533 5551/4683/5551 5552/4692/5552
f 5534/4677/5534 5533/4673/5533 5552/4692/5552
f 5534/4677/5534 5552/4692/5552 5546/4678/5546
f 5554/4772/5554 5536/4770/5536 5535/4666/5535 5553/4688/5553
f 5554/4772/5554 5555/4773/5555 5537/4771/5537 5536/4770/5536
f 5543/4656/5543 5587/4709/5587 5569/4667/5569
f 5556/4774/5556 5538/4769/5538 5537/4771/5537 5555/4773/5555
f 5588/4175/5588 5544/4763/5544 5519/4689/5519 5577/4690/5577
f 5556/4774/5556 5557/4696/5557 5539/4680/5539 5538/4769/5538
f 5563/4699/5563 5564/4707/5564 5554/4772/5554 5553/4688/5553
f 5529/4163/5529 5544/4763/5544 5588/4175/5588
f 5539/4680/5539 5557/4696/5557 5547/4681/5547
f 5540/4669/5540 5547/4681/5547 5558/4702/5558
f 5531/4664/5531 5530/4663/5530 5550/4691/5550
f 5561/4685/5561 5576/4719/5576 5568/4686/5568
f 5546/4678/5546 5562/4693/5562 5553/4688/5553
f 5550/4691/5550 5545/4651/5545 5579/4695/5579
f 5547/4681/5547 5566/4697/5566 5558/4702/5558
f 5559/4682/5559 5540/4669/5540 5558/4702/5558
f 5551/4683/5551 5531/4664/5531 5570/4698/5570
f 5561/4685/5561 5567/4705/5567 5576/4719/5576
f 5565/4711/5565 5556/4774/5556 5555/4773/5555 5564/4707/5564
f 5555/4773/5555 5554/4772/5554 5564/4707/5564
f 5574/4701/5574 5575/4704/5575 5559/4682/5559 5558/4702/5558
f 5557/4696/5557 5556/4774/5556 5565/4711/5565
f 5549/4694/5549 5578/4700/5578 5579/4695/5579
f 5557/4696/5557 5565/4711/5565 5566/4697/5566
f 5550/4691/5550 5000/4155/5000 5589/4154/5589
f 5570/4698/5570 5550/4691/5550 5589/4154/5589
f 5582/4717/5582 5565/4711/5565 5564/4707/5564 5573/4710/5573
f 5551/4683/5551 5580/4703/5580 5571/4706/5571
f 5561/4685/5561 5560/4684/5560 5567/4705/5567
f 5562/4693/5562 5552/4692/5552 5571/4706/5571
f 5577/4690/5577 5569/4667/5569 5027/4187/5027
f 4996/4160/4996 5590/4148/5590 5572/4715/5572 5571/4706/5571
f 5566/4697/5566 5584/4712/5584 5574/4701/5574
f 5567/4705/5567 4998/4147/4998 5576/4719/5576
f 5562/4693/5562 5572/4715/5572 5563/4699/5563
f 5577/4690/5577 5028/4716/5028 5588/4175/5588
f 5565/4711/5565 5583/4153/5583 5584/4712/5584
f 5585/4713/5585 5574/4701/5574 4997/4159/4997
f 5580/4703/5580 5570/4698/5570 4995/4718/4995
f 4999/4289/4999 5008/4172/5008 5568/4686/5568 5576/4719/5576
f 5591/4720/5591 5563/4699/5563 5572/4715/5572 5590/4148/5590
f 5007/4145/5007 5586/4714/5586 5585/4713/5585 5006/4165/5006
f 5587/4709/5587 5568/4686/5568 5008/4172/5008
f 5581/4708/5581 5563/4699/5563 5591/4720/5591
f 5000/4155/5000 5579/4695/5579 5015/4176/5015
f 5002/4174/5002 5003/4151/5003 5573/4710/5573 5581/4708/5581
f 4996/4160/4996 5580/4703/5580 5001/4161/5001
f 5586/4714/5586 5007/4145/5007 4998/4147/4998
f 5587/4709/5587 5013/4181/5013 5027/4187/5027
f 5583/4153/5583 5582/4717/5582 5003/4151/5003
o King_cross_vertical
v -0.026244 2.715000 -0.008165
v -0.026244 2.715000 -0.008165
v -0.026244 2.715000 -0.008165
v -0.026244 2.715000 -0.008165
v 0.000000 2.498046 -0.000000
v -0.000000 2.498046 0.000000
v 0.000000 2.498046 -0.000000
v -0.000000 2.498046 0.000000
v 0.026244 2.715000 0.008165
v 0.026244 2.715000 0.008165
v 0.026244 2.715000 0.008165
v 0.026244 2.715000 0.008165
vn -0.0000 1.0000 -0.0000
vn -0.0000 -1.0000 -0.0000
vn 0.9923 0.1240 -0.0000
vn 0.2421 0.0605 0.9684
vn 0.4465 0.0558 0.8930
vn -0.9923 0.1240 -0.0000
vn -0.2421 0.0605 -0.9684
vn -0.4465 0.0558 -0.8930
vn -0.2971 -0.0000 0.9549
vn 0.2971 -0.0000 -0.9549
vt 0.606855 0.531366
vt 0.606855 0.356403
vt 0.605693 0.285736
vt 0.606855 0.531366
vt 0.625000 0.329185
vt 0.611368 0.709653
vt 0.607333 0.888710
vt 0.606855 0.888630
vt 0.606855 0.771988
vt 0.519373 0.815729
vt 0.519373 0.815729
vt 0.604574 0.982979
vt 0.518090 0.671901
vt 0.519373 0.575107
s 0
f 5600/4775/5592 5593/4776/5592 5595/4777/5592 5602/4778/5592
f 5602/4778/5593 5595/4777/5593 5594/4779/5593 5603/4780/5593
f 5603/4780/5592 5594/4781/5592 5592/4782/5592 5601/4783/5592
f 5596/4784/5594 5592/4782/5594 5594/4781/5594 5598/4785/5594
f 5598/4785/5595 5594/4781/5595 5595/4786/5595 5599/4787/5595
f 5599/4787/5596 5595/4777/5596 5593/4776/5596 5597/4788/5596
f 5597/4788/5597 5600/4775/5597 5602/4778/5597 5599/4787/5597
f 5599/4787/5598 5602/4778/5598 5603/4780/5598 5598/4785/5598
f 5598/4785/5599 5603/4780/5599 5601/4783/5599 5596/4784/5599
f 5601/4783/5600 5592/4782/5600 5596/4784/5600
f 5593/4776/5601 5600/4775/5601 5597/4788/5601
o King_cross_horizontal
v 0.043972 2.530000 0.005000
v 0.043972 2.530000 0.005000
v 0.043972 2.530000 0.005000
v 0.043972 2.530000 0.005000
v 0.235000 2.504416 -0.002959
v 0.235000 2.504416 -0.002959
v 0.235000 2.504416 -0.002959
v 0.235000 2.504416 -0.002959
v 0.235000 2.555584 0.012959
v 0.235000 2.555584 0.012959
v 0.235000 2.555584 0.012959
v 0.235000 2.555584 0.012959
vn 0.0303 0.2424 -0.9697
vn -0.0303 -0.2424 0.9697
vn 0.0155 -0.1240 0.9922
vn -0.0000 0.2468 -0.9691
vn 1.0000 -0.0000 -0.0000
vn -0.0000 -0.2468 0.9691
vn 0.0155 0.1240 -0.9922
vn -0.0303 0.2424 -0.9697
vn 0.0303 -0.2424 0.9697
vn -0.0000 0.2971 -0.9549
vn -0.0000 -0.2971 0.9549
vt 0.457360 0.640921
vt 0.500000 0.783054
vt 0.500000 0.783054
vt 0.474060 0.778593
vt 0.427998 0.571292
vt 0.489354 0.405132
vt 0.500000 0.414261
vt 0.457360 0.570608
vt 0.542640 0.599035
vt 0.564559 0.611615
vt 0.542640 0.669347
vt 0.542640 0.669347
s 0
f 5608/4789/5602 5605/4790/5602 5607/4791/5602 5610/4789/5602
f 5610/4789/5603 5607/4791/5603 5606/4792/5603 5611/4793/5603
f 5611/4793/5604 5606/4794/5604 5604/4795/5604 5609/4796/5604
f 5609/4796/5605 5613/4797/5605 5615/4798/5605 5611/4793/5605
f 5611/4793/5606 5615/4798/5606 5614/4799/5606 5610/4789/5606
f 5610/4789/5607 5614/4799/5607 5612/4800/5607 5608/4789/5607
f 5605/4790/5608 5612/4800/5608 5614/4799/5608 5607/4791/5608
f 5607/4791/5609 5614/4799/5609 5615/4798/5609 5606/4792/5609
f 5606/4794/5610 5615/4798/5610 5613/4797/5610 5604/4795/5610
f 5604/4795/5611 5613/4797/5611 5609/4796/5611
f 5612/4800/5612 5605/4790/5612 5608/4789/5612
o King_heart_jewel
v -0.003136 2.545035 -0.070792
v -0.004252 2.534662 -0.073511
v -0.002758 2.509704 -0.074362
v -0.002593 2.466714 -0.052775
v -0.004828 2.446400 -0.013999
v -0.003837 2.593587 -0.014356
v 0.004377 2.552389 -0.067657
v 0.010926 2.541548 -0.071070
v 0.003662 2.516298 -0.074999
v 0.003472 2.494679 -0.070659
v 0.003249 2.484595 -0.066140
v 0.003250 2.475034 -0.060104
v 0.008049 2.457580 -0.040927
v -0.000198 2.450664 -0.028692
v -0.000857 2.591847 -0.021819
v 0.003697 2.575944 -0.050066
v 0.009509 2.561542 -0.061775
v 0.010561 2.534374 -0.072949
v 0.010324 2.524519 -0.074291
v 0.010171 2.505337 -0.072928
v 0.013798 2.494694 -0.069366
v 0.004306 2.462080 -0.047587
v 0.005732 2.589366 -0.028220
v 0.008345 2.582321 -0.041034
v 0.010919 2.567475 -0.057191
v 0.016183 2.552397 -0.065846
v 0.017929 2.516634 -0.072916
v 0.014742 2.481614 -0.062878
v 0.011123 2.469385 -0.054471
v 0.005026 2.446424 -0.013854
v -0.003732 2.445305 -0.006727
v 0.015937 2.577922 -0.044970
v 0.014784 2.573140 -0.050990
v 0.020419 2.565074 -0.056526
v 0.024434 2.542087 -0.067484
v 0.024734 2.531348 -0.070062
v 0.028426 2.516585 -0.069430
v 0.024817 2.505336 -0.069360
v 0.024090 2.494391 -0.066422
v 0.021013 2.478286 -0.058728
v 0.019827 2.469191 -0.051686
v 0.016788 2.459580 -0.041440
v 0.008323 2.453865 -0.034579
v 0.028132 2.558631 -0.058004
v 0.029104 2.548749 -0.062944
v 0.035068 2.515934 -0.066252
v 0.028024 2.484381 -0.059856
v 0.000118 2.594658 -0.007678
v 0.013068 2.586290 -0.032917
v 0.020120 2.582408 -0.036553
v 0.025367 2.575654 -0.043631
v 0.030253 2.567618 -0.049494
v 0.037507 2.561542 -0.049999
v 0.037465 2.541813 -0.061293
v 0.037142 2.531539 -0.064336
v 0.038207 2.505623 -0.062998
v 0.035210 2.494361 -0.061223
v 0.030971 2.475239 -0.051812
v 0.025367 2.464346 -0.043631
v 0.005404 2.448074 -0.021095
v 0.039268 2.552713 -0.055105
v 0.046123 2.548749 -0.051786
v 0.046709 2.538247 -0.055888
v 0.044453 2.524012 -0.060475
v 0.044793 2.510151 -0.059569
v 0.043293 2.498187 -0.057326
v 0.038034 2.481221 -0.051952
v 0.032059 2.461922 -0.035074
v 0.012186 2.450571 -0.026060
v 0.019671 2.588105 -0.024971
v 0.032010 2.578006 -0.035229
v 0.037053 2.570630 -0.041323
v 0.045447 2.488133 -0.050660
v 0.037053 2.469370 -0.041323
v 0.022061 2.453710 -0.027706
v 0.008856 2.593620 -0.012029
v 0.012465 2.591850 -0.018041
v 0.044749 2.564977 -0.040221
v 0.050256 2.553007 -0.045054
v 0.053645 2.541813 -0.047778
v 0.054840 2.531348 -0.050130
v 0.055657 2.520000 -0.050445
v 0.054840 2.508652 -0.050130
v 0.053645 2.498187 -0.047778
v 0.048537 2.480882 -0.041945
v 0.028089 2.457399 -0.030590
v 0.023748 2.589405 -0.016077
v 0.031307 2.582483 -0.027590
v 0.042616 2.572958 -0.031812
v 0.050406 2.561542 -0.036958
v 0.063172 2.505330 -0.037842
v 0.055549 2.491488 -0.041659
v 0.044400 2.469379 -0.033371
v 0.039633 2.578201 -0.026125
v 0.049782 2.567762 -0.029525
v 0.058026 2.552377 -0.035157
v 0.061935 2.541813 -0.036395
v 0.063172 2.534670 -0.037842
v 0.064212 2.524012 -0.038861
v 0.063994 2.512935 -0.038666
v 0.061935 2.498187 -0.036395
v 0.062429 2.491251 -0.030193
v 0.055616 2.481369 -0.032600
v 0.039929 2.461949 -0.025974
v 0.023034 2.450718 -0.017426
v 0.030407 2.586300 -0.017907
v 0.048735 2.573323 -0.020544
v 0.056426 2.561727 -0.026634
v 0.058943 2.478459 -0.020875
v 0.052634 2.472520 -0.024689
v 0.036744 2.457680 -0.020023
v 0.031250 2.453825 -0.016703
v 0.017746 2.448206 -0.013041
v 0.044961 2.577997 -0.015648
v 0.057114 2.564656 -0.019677
v 0.063961 2.551867 -0.023255
v 0.067845 2.541813 -0.023612
v 0.069341 2.534670 -0.024791
v 0.070097 2.524310 -0.026752
v 0.069849 2.508652 -0.025327
v 0.067845 2.498187 -0.023612
v 0.063931 2.487235 -0.021935
v 0.049044 2.467044 -0.020765
v 0.020382 2.591771 -0.008192
v 0.039276 2.582466 -0.014053
v 0.072839 2.530753 -0.014801
v 0.073034 2.517059 -0.017344
v 0.056390 2.472382 -0.013605
v 0.042665 2.459496 -0.012881
v 0.012678 2.446411 -0.007737
v 0.028267 2.589275 -0.005735
v 0.054369 2.570645 -0.011252
v 0.061876 2.561542 -0.008833
v 0.066731 2.552713 -0.011199
v 0.071148 2.541813 -0.009923
v 0.073552 2.534670 -0.003595
v 0.072845 2.505330 -0.010787
v 0.070144 2.494965 -0.010060
v 0.063430 2.481121 -0.010481
v 0.050023 2.464507 -0.007820
v 0.027949 2.450672 -0.007001
v 0.021660 2.591820 0.003333
v 0.034931 2.586284 -0.004959
v 0.047458 2.578051 -0.004085
v 0.059880 2.565343 -0.001512
v 0.069232 2.548749 -0.004004
v 0.074822 2.524725 -0.004933
v 0.074957 2.520000 0.004336
v 0.074594 2.512632 -0.004315
v 0.067546 2.487235 -0.002432
v 0.059341 2.473858 0.000846
v 0.021670 2.448219 -0.002906
v 0.014614 2.593578 -0.002005
v 0.053018 2.573063 0.002143
v 0.066108 2.555417 0.003290
v 0.071717 2.541813 0.004148
v 0.073550 2.505330 0.003632
v 0.071717 2.498187 0.004148
v 0.050277 2.464198 0.002095
v 0.035081 2.453623 -0.003229
v 0.041703 2.582483 0.001466
v 0.059496 2.564966 0.009125
v 0.068683 2.548748 0.009579
v 0.072840 2.534670 0.010823
v 0.074003 2.527368 0.010321
v 0.074173 2.515734 0.011552
v 0.068736 2.491488 0.009821
v 0.063953 2.481588 0.009213
v 0.041870 2.457644 0.001678
v 0.028526 2.450668 0.002966
v 0.007382 2.594658 -0.002116
v 0.028456 2.589329 0.004328
v 0.049394 2.575715 0.010142
v 0.062249 2.558947 0.015924
v 0.069529 2.541813 0.018060
v 0.071428 2.505330 0.017911
v 0.069529 2.498187 0.018060
v 0.053910 2.469370 0.013198
v 0.046077 2.462003 0.011968
v 0.034579 2.586135 0.008323
v 0.039273 2.582374 0.014052
v 0.063991 2.552138 0.022845
v 0.069329 2.534670 0.024826
v 0.070486 2.527065 0.024939
v 0.070775 2.515988 0.024984
v 0.065494 2.491251 0.022794
v 0.060676 2.481363 0.021773
v 0.048145 2.467042 0.022588
v 0.033905 2.453821 0.010190
v 0.043780 2.578051 0.018769
v 0.053346 2.567716 0.022870
v 0.056647 2.561542 0.026414
v 0.064980 2.539033 0.032579
v 0.066561 2.505330 0.031502
v 0.063504 2.495236 0.031639
v 0.054424 2.475213 0.025942
v 0.037676 2.457371 0.017474
v 0.047126 2.573140 0.024448
v 0.056476 2.555403 0.034521
v 0.060212 2.545906 0.036807
v 0.064090 2.527372 0.038425
v 0.064733 2.520000 0.038039
v 0.064090 2.512628 0.038425
v 0.060197 2.501753 0.041006
v 0.056503 2.484384 0.034235
v 0.041730 2.461949 0.022970
v 0.026226 2.450718 0.012099
v 0.007243 2.445275 -0.002322
v 0.024691 2.589361 0.014601
v 0.037989 2.577997 0.028690
v 0.050140 2.561715 0.037187
v 0.059137 2.534670 0.043882
v 0.058373 2.523685 0.047087
v 0.055601 2.508061 0.049142
v 0.055723 2.491238 0.041283
v 0.049917 2.475108 0.033879
v 0.029461 2.453882 0.019860
v 0.020254 2.448184 0.008654
v 0.014281 2.446404 0.004387
v 0.027375 2.586317 0.022466
v 0.033506 2.582466 0.024849
v 0.044846 2.567702 0.036804
v 0.050660 2.551867 0.045447
v 0.052725 2.539033 0.050038
v 0.052806 2.498187 0.048703
v 0.049689 2.487309 0.045909
v 0.043933 2.475029 0.041153
v 0.040974 2.466839 0.033736
v 0.034994 2.462003 0.032275
v 0.016744 2.591820 0.014005
v 0.029881 2.578184 0.036867
v 0.037857 2.572959 0.037513
v 0.041501 2.561713 0.046597
v 0.050176 2.527372 0.055375
v 0.050904 2.520000 0.055192
v 0.050176 2.512628 0.055375
v 0.038449 2.481363 0.051743
v 0.034959 2.567618 0.046290
v 0.039447 2.555405 0.053188
v 0.041938 2.545035 0.057119
v 0.043852 2.534670 0.059159
v 0.042191 2.523685 0.062004
v 0.043588 2.508220 0.060086
v 0.042245 2.493737 0.056315
v 0.029522 2.464346 0.040934
v 0.028420 2.457644 0.030793
v 0.022128 2.453830 0.027650
v 0.011886 2.593612 0.009048
v 0.030702 2.564231 0.052365
v 0.035172 2.495414 0.061678
v 0.032838 2.472284 0.047860
v 0.018606 2.450642 0.022000
v 0.012840 2.448199 0.017628
v 0.016360 2.589358 0.023717
v 0.021950 2.582483 0.035490
v 0.023585 2.575823 0.044462
v 0.029094 2.552138 0.061402
v 0.030149 2.541813 0.065204
v 0.031468 2.534670 0.066577
v 0.031941 2.527372 0.067556
v 0.032690 2.520000 0.067592
v 0.031694 2.512326 0.067651
v 0.031782 2.505047 0.066343
v 0.027939 2.481611 0.058241
v 0.016657 2.455581 0.034854
v 0.018456 2.570260 0.052701
v 0.021257 2.561541 0.058806
v 0.017875 2.534670 0.071437
v 0.022375 2.523685 0.071581
v 0.023254 2.494678 0.066845
v 0.020016 2.472382 0.054445
v 0.019711 2.466860 0.049295
v 0.007148 2.450716 0.028008
v 0.007521 2.446424 0.012674
v 0.007189 2.591787 0.020801
v 0.013068 2.586290 0.032917
v 0.016874 2.551867 0.065933
v 0.016849 2.541813 0.069833
v 0.011662 2.520000 0.074171
v 0.017785 2.512932 0.072589
v 0.018159 2.505626 0.071438
v 0.016275 2.481369 0.062378
v 0.008743 2.469181 0.054664
v 0.015893 2.462001 0.045145
v 0.004464 2.594653 0.006215
v 0.005735 2.589275 0.028267
v 0.009595 2.580708 0.043235
v 0.008438 2.570630 0.054857
v 0.008896 2.561894 0.061654
v 0.006491 2.538247 0.072547
v 0.010955 2.527372 0.073919
v 0.003595 2.505330 0.073552
v 0.009767 2.494678 0.070097
v 0.006639 2.453883 0.034879
v -0.000587 2.578051 0.047630
v 0.004411 2.553060 0.067346
v 0.003657 2.512628 0.074637
v -0.003368 2.491238 0.069267
v 0.003488 2.481147 0.064252
v 0.006698 2.457517 0.041188
v 0.003955 2.448206 0.021542
v 0.000000 2.595000 0.000000
v -0.002657 2.564966 0.060134
v -0.004096 2.545322 0.070655
v -0.003632 2.534670 0.073550
v -0.002442 2.524296 0.075013
v -0.005232 2.500968 0.072501
v 0.000367 2.472044 0.057825
v -0.000587 2.461949 0.047630
v -0.005507 2.573347 0.052614
v -0.009671 2.555417 0.065480
v -0.010371 2.520000 0.074362
v -0.010974 2.512628 0.073916
v -0.009127 2.481610 0.063947
v -0.005854 2.466860 0.052766
v -0.005759 2.457626 0.041294
v -0.002805 2.450636 0.028475
v -0.004328 2.589329 0.028456
v -0.003833 2.586189 0.035383
v -0.005547 2.582483 0.041359
v -0.011968 2.577997 0.046077
v -0.013421 2.564140 0.059288
v -0.017802 2.545322 0.068499
v -0.017911 2.534670 0.071428
v -0.018166 2.527372 0.072485
v -0.017911 2.505330 0.071428
v -0.017802 2.494678 0.068499
v -0.005448 2.453700 0.034865
v -0.000174 2.593617 0.014818
v -0.019590 2.567631 0.054595
v -0.022259 2.555417 0.062335
v -0.027674 2.545299 0.065056
v -0.031958 2.527372 0.067548
v -0.023748 2.517101 0.071234
v -0.023618 2.487078 0.063286
v -0.016805 2.473841 0.056906
v -0.018309 2.466937 0.049802
v -0.012099 2.450718 0.026226
v -0.005513 2.591847 0.021128
v -0.019250 2.580329 0.040412
v -0.020765 2.572956 0.049044
v -0.026552 2.561541 0.056613
v -0.031502 2.534670 0.066561
v -0.031958 2.512628 0.067548
v -0.031502 2.505330 0.066561
v -0.031277 2.498187 0.064670
v -0.026414 2.478458 0.056647
v -0.016260 2.461655 0.044507
v -0.015491 2.457592 0.038742
v -0.006667 2.448206 0.020863
v -0.002966 2.446404 0.014642
v 0.001621 2.445327 0.007538
v -0.016852 2.586232 0.031032
v -0.031500 2.565374 0.050928
v -0.034690 2.551867 0.058553
v -0.037465 2.541813 0.061293
v -0.038039 2.520000 0.064733
v -0.035623 2.491239 0.059501
v -0.033459 2.482141 0.055607
v -0.029184 2.469552 0.047424
v -0.016819 2.453775 0.031035
v -0.014601 2.589361 0.024691
v -0.030670 2.578051 0.036447
v -0.042519 2.552108 0.052910
v -0.043527 2.534953 0.059303
v -0.044723 2.527673 0.059842
v -0.044222 2.515989 0.060627
v -0.042820 2.502445 0.059172
v -0.026551 2.459791 0.036259
v 0.000000 2.445000 0.000000
v -0.026071 2.582408 0.032577
v -0.033736 2.573161 0.040974
v -0.040590 2.564761 0.044678
v -0.048703 2.541813 0.052806
v -0.052814 2.523302 0.053248
v -0.050657 2.512632 0.054925
v -0.048703 2.498187 0.052806
v -0.045164 2.487868 0.050764
v -0.042016 2.478106 0.045989
v -0.041089 2.472259 0.040976
v -0.035918 2.467041 0.039186
v -0.014908 2.591781 0.015994
v -0.025348 2.586170 0.024732
v -0.049922 2.552132 0.046093
v -0.054127 2.534662 0.049921
v -0.057973 2.516315 0.047582
v -0.054127 2.505337 0.049921
v -0.055073 2.494701 0.044329
v -0.050839 2.480978 0.039218
v -0.036867 2.461816 0.029881
v -0.020317 2.450725 0.020473
v -0.014908 2.448219 0.015994
v -0.043705 2.570809 0.033977
v -0.058069 2.541813 0.042290
v -0.059663 2.531045 0.044300
v -0.062187 2.523301 0.041921
v -0.062120 2.501149 0.037922
v -0.042669 2.466825 0.031374
v -0.031925 2.457592 0.026865
v -0.027632 2.453791 0.022444
v -0.010474 2.593574 0.010474
v -0.034405 2.582408 0.023606
v -0.039929 2.578051 0.025974
v -0.050160 2.564864 0.033548
v -0.058026 2.552377 0.035157
v -0.065995 2.523955 0.035627
v -0.064420 2.512632 0.037855
v -0.058026 2.487623 0.035157
v -0.049778 2.472369 0.029775
v -0.020357 2.448206 0.008082
v -0.023717 2.589358 0.016360
v -0.031436 2.586170 0.016308
v -0.055014 2.564108 0.025963
v -0.065657 2.537555 0.032000
v -0.066288 2.505337 0.032060
v -0.056174 2.478287 0.027168
v -0.050525 2.469138 0.022391
v -0.040508 2.459791 0.019461
v -0.040333 2.582483 0.010703
v -0.046566 2.575839 0.019135
v -0.063961 2.551867 0.023255
v -0.067845 2.541813 0.023612
v -0.070567 2.527368 0.024560
v -0.070268 2.517350 0.026466
v -0.067845 2.498187 0.023612
v -0.063959 2.487862 0.022936
v -0.020357 2.591794 0.008082
v -0.054033 2.570454 0.013447
v -0.062114 2.559422 0.015234
v -0.069467 2.545299 0.013134
v -0.071269 2.534662 0.018511
v -0.073032 2.515275 0.016999
v -0.071269 2.505337 0.018511
v -0.058398 2.475245 0.015286
v -0.049116 2.464346 0.011610
v -0.026428 2.450595 0.011135
v -0.028267 2.589275 0.005735
v -0.073827 2.530008 0.009712
v -0.071148 2.498187 0.009923
v -0.067204 2.487862 0.010017
v -0.059713 2.474529 0.003875
v -0.040819 2.457592 0.008643
v -0.034579 2.453865 0.008323
v -0.005435 2.594692 0.005435
v -0.014478 2.593565 0.002880
v -0.035122 2.586212 0.004710
v -0.047255 2.578184 0.004363
v -0.055492 2.570621 0.002371
v -0.064354 2.558631 0.003793
v -0.070717 2.545322 0.002849
v -0.074957 2.520000 0.004336
v -0.073998 2.507952 0.004892
v -0.047630 2.461949 -0.000587
v -0.013550 2.446374 0.006145
v -0.073573 2.534662 -0.002974
v -0.074594 2.527368 -0.004315
v -0.074594 2.512632 -0.004315
v -0.070332 2.493737 -0.003070
v -0.064416 2.481369 -0.002533
v -0.053075 2.466839 -0.000085
v -0.031657 2.451882 -0.000973
v -0.021763 2.591794 -0.002469
v -0.047173 2.577922 -0.007143
v -0.057368 2.567631 -0.008563
v -0.063552 2.559303 -0.007762
v -0.069692 2.546263 -0.009949
v -0.074362 2.520000 -0.010371
v -0.072928 2.505337 -0.010171
v -0.070965 2.498187 -0.011158
v -0.007049 2.445342 0.003047
v -0.028456 2.589329 -0.004328
v -0.041359 2.582483 -0.005547
v -0.051938 2.573140 -0.010998
v -0.065296 2.552922 -0.017301
v -0.069529 2.541813 -0.018060
v -0.071579 2.534662 -0.017270
v -0.072319 2.527368 -0.018784
v -0.072319 2.512632 -0.018784
v -0.069707 2.501752 -0.021128
v -0.066457 2.488660 -0.015765
v -0.060658 2.478287 -0.014635
v -0.056783 2.472284 -0.012024
v -0.044611 2.461831 -0.016667
v -0.041126 2.457371 -0.005785
v -0.034420 2.586135 -0.008960
v -0.056883 2.565294 -0.018944
v -0.066600 2.537273 -0.030178
v -0.070556 2.523120 -0.025798
v -0.062335 2.484583 -0.022259
v -0.050529 2.466653 -0.015666
v -0.032517 2.453710 -0.014035
v -0.018595 2.591781 -0.011501
v -0.047925 2.572959 -0.022997
v -0.058543 2.558631 -0.026991
v -0.062706 2.548761 -0.029619
v -0.064733 2.520000 -0.038039
v -0.067265 2.512632 -0.032532
v -0.066835 2.505337 -0.030903
v -0.063709 2.494678 -0.030823
v -0.057743 2.480628 -0.027610
v -0.048860 2.469364 -0.026519
v -0.021437 2.448150 -0.004612
v -0.027036 2.586406 -0.022572
v -0.037037 2.582408 -0.019214
v -0.042763 2.578169 -0.020960
v -0.049724 2.567631 -0.029865
v -0.061293 2.541813 -0.037465
v -0.063752 2.527368 -0.038969
v -0.059522 2.505337 -0.043348
v -0.026779 2.450642 -0.010631
v -0.024691 2.589361 -0.014601
v -0.050345 2.561541 -0.037086
v -0.055169 2.552605 -0.039202
v -0.059522 2.534662 -0.043348
v -0.059626 2.512632 -0.045030
v -0.057326 2.498187 -0.043293
v -0.051408 2.491238 -0.046546
v -0.055169 2.487395 -0.039202
v -0.050345 2.478459 -0.037086
v -0.036135 2.457644 -0.021217
v -0.032238 2.580183 -0.031422
v -0.042187 2.571688 -0.034587
v -0.051408 2.548762 -0.046546
v -0.052967 2.539246 -0.049684
v -0.054925 2.527368 -0.050657
v -0.056068 2.520000 -0.049937
v -0.040365 2.475460 -0.045079
v -0.043222 2.469525 -0.035147
v -0.036447 2.461949 -0.030670
v -0.013396 2.446424 -0.006537
v -0.006675 2.594643 -0.003568
v -0.013116 2.593598 -0.007010
v -0.044016 2.559194 -0.046625
v -0.040978 2.552132 -0.054200
v -0.050725 2.507952 -0.054098
v -0.047778 2.498187 -0.053645
v -0.044875 2.484597 -0.048656
v -0.031374 2.466825 -0.042669
v -0.025213 2.455021 -0.028119
v -0.020473 2.450725 -0.020317
v -0.035378 2.570498 -0.043024
v -0.042290 2.541813 -0.058069
v -0.044376 2.534662 -0.058760
v -0.043987 2.527368 -0.060399
v -0.045249 2.520000 -0.059916
v -0.043987 2.512632 -0.060399
v -0.041000 2.494084 -0.057420
v -0.015257 2.448206 -0.015714
v -0.023606 2.582408 -0.034405
v -0.029775 2.567631 -0.049778
v -0.032585 2.559429 -0.055025
v -0.031358 2.527368 -0.067820
v -0.038402 2.505337 -0.062826
v -0.034317 2.480697 -0.054051
v -0.026567 2.469503 -0.048951
v -0.025974 2.461949 -0.039929
v -0.012010 2.591771 -0.018392
v -0.016360 2.589358 -0.023717
v -0.016308 2.586170 -0.031436
v -0.022352 2.577921 -0.042268
v -0.029694 2.545322 -0.064244
v -0.032059 2.534662 -0.066288
v -0.032690 2.520000 -0.067592
v -0.031358 2.512632 -0.067820
v -0.030149 2.498187 -0.065204
v -0.029412 2.488133 -0.061374
v -0.023089 2.475253 -0.055741
v -0.018234 2.455804 -0.034539
v -0.020902 2.571688 -0.050390
v -0.022311 2.558631 -0.060482
v -0.018767 2.515734 -0.072684
v -0.025408 2.505337 -0.069111
v -0.017016 2.480764 -0.061785
v -0.012603 2.582408 -0.039776
v -0.013808 2.567481 -0.056447
v -0.016590 2.545322 -0.068802
v -0.018511 2.534662 -0.071269
v -0.017525 2.527368 -0.072635
v -0.017478 2.493737 -0.068195
v -0.013447 2.469546 -0.054033
v -0.011135 2.450595 -0.026428
v -0.007078 2.448219 -0.020687
v -0.005735 2.589275 -0.028267
v -0.008495 2.576274 -0.049081
v -0.002101 2.565325 -0.059924
v -0.009769 2.558854 -0.063601
v -0.011662 2.520000 -0.074171
v -0.011437 2.505337 -0.072740
v -0.009923 2.498187 -0.071148
v -0.009646 2.487066 -0.066859
v -0.005914 2.475253 -0.060043
v -0.011207 2.461655 -0.046040
v -0.003471 2.586268 -0.035243
v -0.002222 2.582428 -0.041562
v -0.003018 2.527368 -0.074658
v -0.006402 2.457371 -0.041034
v -0.004959 2.453716 -0.034931
vn -0.0469 0.3311 -0.9424
vn -0.0577 0.2007 -0.9780
vn -0.0393 -0.1455 -0.9886
vn -0.0315 -0.7114 -0.7021
vn -0.0638 -0.9799 -0.1892
vn -0.0517 0.9805 -0.1897
vn 0.0519 0.4351 -0.8989
vn 0.1461 0.2896 -0.9459
vn 0.0472 -0.0485 -0.9977
vn 0.0388 -0.3345 -0.9416
vn 0.0422 -0.4700 -0.8817
vn 0.0426 -0.5946 -0.8029
vn 0.0946 -0.8302 -0.5494
vn -0.0022 -0.9239 -0.3825
vn -0.0100 0.9573 -0.2890
vn 0.0443 0.7410 -0.6700
vn 0.1262 0.5441 -0.8295
vn 0.1390 0.1928 -0.9713
vn 0.1400 0.0709 -0.9876
vn 0.1404 -0.1971 -0.9703
vn 0.1880 -0.3402 -0.9214
vn 0.0604 -0.7699 -0.6353
vn 0.0774 0.9224 -0.3784
vn 0.1070 0.8320 -0.5443
vn 0.1356 0.6336 -0.7617
vn 0.2210 0.4323 -0.8742
vn 0.2401 -0.0449 -0.9697
vn 0.1930 -0.5029 -0.8425
vn 0.1446 -0.6756 -0.7229
vn 0.0709 -0.9819 -0.1755
vn -0.0468 -0.9950 -0.0879
vn 0.2088 0.7758 -0.5954
vn 0.2062 0.7070 -0.6765
vn 0.2758 0.5984 -0.7523
vn 0.3225 0.2893 -0.9013
vn 0.3314 0.1470 -0.9320
vn 0.3803 -0.0368 -0.9241
vn 0.3319 -0.1967 -0.9226
vn 0.3197 -0.3369 -0.8856
vn 0.2809 -0.5604 -0.7791
vn 0.2625 -0.6791 -0.6855
vn 0.2261 -0.8045 -0.5493
vn 0.1109 -0.8809 -0.4601
vn 0.3715 0.5116 -0.7748
vn 0.3874 0.3847 -0.8378
vn 0.4678 -0.0470 -0.8826
vn 0.3742 -0.4700 -0.7994
vn -0.0008 0.9943 -0.1063
vn 0.1756 0.8813 -0.4387
vn 0.2795 0.8296 -0.4833
vn 0.3396 0.7396 -0.5811
vn 0.3945 0.6371 -0.6621
vn 0.5088 0.5512 -0.6612
vn 0.4949 0.2898 -0.8192
vn 0.4869 0.1495 -0.8606
vn 0.4892 -0.1963 -0.8498
vn 0.4655 -0.3438 -0.8155
vn 0.4092 -0.6019 -0.6858
vn 0.3436 -0.7397 -0.5786
vn 0.0686 -0.9578 -0.2790
vn 0.5249 0.4377 -0.7300
vn 0.6126 0.3791 -0.6936
vn 0.6187 0.2388 -0.7484
vn 0.6001 0.0476 -0.7985
vn 0.6077 -0.1265 -0.7840
vn 0.5882 -0.2908 -0.7546
vn 0.5095 -0.5145 -0.6897
vn 0.4328 -0.7693 -0.4699
vn 0.1676 -0.9230 -0.3464
vn 0.2647 0.9035 -0.3371
vn 0.4245 0.7716 -0.4737
vn 0.4903 0.6778 -0.5479
vn 0.6063 -0.4170 -0.6771
vn 0.4973 -0.6688 -0.5526
vn 0.2929 -0.8807 -0.3723
vn 0.1150 0.9805 -0.1597
vn 0.1640 0.9553 -0.2461
vn 0.5934 0.5910 -0.5464
vn 0.6700 0.4411 -0.5972
vn 0.7237 0.2932 -0.6247
vn 0.7326 0.1493 -0.6641
vn 0.7399 0.0007 -0.6727
vn 0.7302 -0.1446 -0.6678
vn 0.7122 -0.2846 -0.6417
vn 0.6409 -0.5283 -0.5570
vn 0.3773 -0.8313 -0.4081
vn 0.3185 0.9247 -0.2085
vn 0.4078 0.8338 -0.3721
vn 0.5674 0.7037 -0.4277
vn 0.6791 0.5473 -0.4891
vn 0.8404 -0.1972 -0.5048
vn 0.7397 -0.3843 -0.5523
vn 0.5944 -0.6685 -0.4470
vn 0.5281 0.7749 -0.3475
vn 0.6634 0.6374 -0.3919
vn 0.7755 0.4240 -0.4678
vn 0.8224 0.2962 -0.4858
vn 0.8419 0.1908 -0.5047
vn 0.8557 0.0451 -0.5156
vn 0.8536 -0.0872 -0.5136
vn 0.8261 -0.2846 -0.4864
vn 0.8286 -0.3839 -0.4075
vn 0.7386 -0.5151 -0.4349
vn 0.5314 -0.7699 -0.3535
vn 0.3073 -0.9215 -0.2375
vn 0.4143 0.8786 -0.2375
vn 0.6491 0.7102 -0.2725
vn 0.7538 0.5486 -0.3617
vn 0.7858 -0.5513 -0.2803
vn 0.7013 -0.6277 -0.3381
vn 0.4806 -0.8364 -0.2635
vn 0.4157 -0.8823 -0.2209
vn 0.2324 -0.9556 -0.1809
vn 0.6024 0.7725 -0.2012
vn 0.7669 0.5878 -0.2576
vn 0.8527 0.4235 -0.3057
vn 0.9017 0.2974 -0.3138
vn 0.9215 0.1935 -0.3367
vn 0.9301 0.0505 -0.3637
vn 0.9275 -0.1511 -0.3419
vn 0.9059 -0.2876 -0.3109
vn 0.8546 -0.4347 -0.2842
vn 0.6495 -0.7097 -0.2729
vn 0.2679 0.9573 -0.1089
vn 0.5209 0.8333 -0.1851
vn 0.9691 0.1433 -0.2009
vn 0.9733 -0.0384 -0.2264
vn 0.7512 -0.6375 -0.1712
vn 0.5657 -0.8075 -0.1674
vn 0.1696 -0.9796 -0.1075
vn 0.3725 0.9246 -0.0802
vn 0.7221 0.6766 -0.1441
vn 0.8291 0.5444 -0.1270
vn 0.8833 0.4420 -0.1566
vn 0.9458 0.2902 -0.1454
vn 0.9800 0.1951 -0.0382
vn 0.9691 -0.1974 -0.1479
vn 0.9345 -0.3276 -0.1392
vn 0.8455 -0.5160 -0.1372
vn 0.6706 -0.7344 -0.1044
vn 0.3711 -0.9231 -0.1009
vn 0.2856 0.9573 0.0450
vn 0.4668 0.8816 -0.0693
vn 0.6326 0.7720 -0.0622
vn 0.8002 0.5993 -0.0212
vn 0.9231 0.3821 -0.0427
vn 0.9959 0.0639 -0.0647
vn 0.9989 -0.0007 0.0479
vn 0.9937 -0.0966 -0.0576
vn 0.8987 -0.4378 -0.0281
vn 0.7894 -0.6139 0.0080
vn 0.2839 -0.9581 -0.0367
vn 0.1954 0.9804 -0.0267
vn 0.7084 0.7053 0.0257
vn 0.8789 0.4754 0.0406
vn 0.9556 0.2898 0.0533
vn 0.9797 -0.1946 0.0484
vn 0.9549 -0.2925 0.0506
vn 0.6733 -0.7388 0.0289
vn 0.4718 -0.8803 -0.0498
vn 0.5578 0.8296 0.0234
vn 0.7869 0.6041 0.1259
vn 0.9135 0.3845 0.1325
vn 0.9708 0.1914 0.1444
vn 0.9849 0.0964 0.1438
vn 0.9852 -0.0596 0.1608
vn 0.9130 -0.3845 0.1362
vn 0.8486 -0.5135 0.1272
vn 0.5581 -0.8294 0.0257
vn 0.3806 -0.9238 0.0408
vn 0.1005 0.9946 -0.0269
vn 0.3826 0.9222 0.0570
vn 0.6603 0.7383 0.1377
vn 0.8291 0.5184 0.2095
vn 0.9240 0.2940 0.2446
vn 0.9506 -0.1968 0.2401
vn 0.9257 -0.2906 0.2422
vn 0.7221 -0.6685 0.1780
vn 0.6099 -0.7762 0.1600
vn 0.4603 0.8798 0.1189
vn 0.5189 0.8344 0.1859
vn 0.8537 0.4181 0.3105
vn 0.9239 0.1949 0.3291
vn 0.9396 0.0889 0.3304
vn 0.9414 -0.0467 0.3341
vn 0.8703 -0.3891 0.3021
vn 0.8113 -0.5105 0.2849
vn 0.6458 -0.7014 0.3018
vn 0.4607 -0.8783 0.1282
vn 0.5817 0.7764 0.2425
vn 0.7101 0.6372 0.2995
vn 0.7523 0.5528 0.3583
vn 0.8688 0.2502 0.4273
vn 0.8916 -0.1931 0.4097
vn 0.8465 -0.3322 0.4161
vn 0.7271 -0.5983 0.3366
vn 0.5023 -0.8326 0.2334
vn 0.6269 0.7040 0.3338
vn 0.7557 0.4694 0.4568
vn 0.7980 0.3472 0.4925
vn 0.8609 0.1015 0.4985
vn 0.8642 -0.0087 0.5030
vn 0.8497 -0.0995 0.5177
vn 0.8030 -0.2421 0.5446
vn 0.7554 -0.4729 0.4536
vn 0.5557 -0.7715 0.3098
vn 0.3484 -0.9222 0.1680
vn 0.0942 -0.9951 -0.0303
vn 0.3346 0.9230 0.1899
vn 0.5131 0.7663 0.3866
vn 0.6700 0.5548 0.4933
vn 0.7851 0.1976 0.5869
vn 0.7741 0.0414 0.6318
vn 0.7391 -0.1545 0.6557
vn 0.7477 -0.3815 0.5436
vn 0.6653 -0.5936 0.4528
vn 0.3924 -0.8788 0.2717
vn 0.2667 -0.9563 0.1195
vn 0.1845 -0.9811 0.0584
vn 0.3616 0.8825 0.3008
vn 0.4458 0.8328 0.3282
vn 0.6020 0.6360 0.4829
vn 0.6729 0.4201 0.6089
vn 0.7011 0.2562 0.6655
vn 0.6922 -0.2886 0.6615
vn 0.6540 -0.4434 0.6130
vn 0.5790 -0.5959 0.5565
vn 0.5455 -0.7049 0.4534
vn 0.4673 -0.7773 0.4211
vn 0.2251 0.9557 0.1898
vn 0.4032 0.7739 0.4884
vn 0.5028 0.7045 0.5008
vn 0.5590 0.5539 0.6170
vn 0.6735 0.1092 0.7311
vn 0.6792 -0.0080 0.7339
vn 0.6690 -0.1007 0.7364
vn 0.5141 -0.5066 0.6921
vn 0.4616 0.6435 0.6107
vn 0.5246 0.4685 0.7109
vn 0.5566 0.3330 0.7611
vn 0.5753 0.1979 0.7937
vn 0.5564 0.0417 0.8299
vn 0.5786 -0.1582 0.8001
vn 0.5691 -0.3468 0.7455
vn 0.3917 -0.7406 0.5460
vn 0.3792 -0.8276 0.4139
vn 0.2905 -0.8832 0.3682
vn 0.1554 0.9805 0.1200
vn 0.4039 0.5872 0.7015
vn 0.4631 -0.3339 0.8210
vn 0.4350 -0.6370 0.6364
vn 0.2430 -0.9249 0.2923
vn 0.1718 -0.9573 0.2323
vn 0.2255 0.9197 0.3215
vn 0.2906 0.8364 0.4648
vn 0.3122 0.7384 0.5977
vn 0.3878 0.4259 0.8174
vn 0.3994 0.2957 0.8678
vn 0.4209 0.1981 0.8852
vn 0.4261 0.1075 0.8983
vn 0.4382 -0.0133 0.8988
vn 0.4197 -0.0971 0.9024
vn 0.4186 -0.2014 0.8855
vn 0.3760 -0.5044 0.7773
vn 0.2281 -0.8558 0.4643
vn 0.2446 0.6708 0.7001
vn 0.2794 0.5534 0.7847
vn 0.2507 0.1897 0.9493
vn 0.3016 0.0488 0.9522
vn 0.3082 -0.3430 0.8874
vn 0.2720 -0.6246 0.7320
vn 0.2736 -0.7017 0.6579
vn 0.1034 -0.9210 0.3757
vn 0.1049 -0.9807 0.1653
vn 0.0928 0.9574 0.2735
vn 0.1702 0.8807 0.4421
vn 0.2233 0.4193 0.8800
vn 0.2288 0.3023 0.9254
vn 0.1502 -0.0064 0.9886
vn 0.2433 -0.0963 0.9652
vn 0.2419 -0.1975 0.9500
vn 0.2110 -0.5111 0.8333
vn 0.1186 -0.6753 0.7279
vn 0.2105 -0.7762 0.5943
vn 0.0589 0.9945 0.0865
vn 0.0690 0.9207 0.3840
vn 0.1281 0.8068 0.5768
vn 0.1123 0.6770 0.7274
vn 0.1229 0.5580 0.8207
vn 0.0876 0.2484 0.9647
vn 0.1370 0.1052 0.9850
vn 0.0529 -0.1981 0.9787
vn 0.1299 -0.3417 0.9308
vn 0.0813 -0.8833 0.4617
vn 0.0038 0.7727 0.6348
vn 0.0581 0.4371 0.8975
vn 0.0455 -0.0947 0.9945
vn -0.0451 -0.3848 0.9219
vn 0.0532 -0.5138 0.8563
vn 0.0844 -0.8273 0.5554
vn 0.0562 -0.9563 0.2868
vn 0.0006 1.0000 -0.0001
vn -0.0304 0.5943 0.8036
vn -0.0590 0.3357 0.9401
vn -0.0586 0.1933 0.9794
vn -0.0309 0.0609 0.9977
vn -0.0710 -0.2515 0.9652
vn 0.0035 -0.6329 0.7742
vn -0.0031 -0.7715 0.6362
vn -0.0787 0.7049 0.7049
vn -0.1262 0.4706 0.8733
vn -0.1386 0.0047 0.9903
vn -0.1386 -0.1037 0.9849
vn -0.1279 -0.5109 0.8500
vn -0.0844 -0.7055 0.7037
vn -0.0752 -0.8261 0.5585
vn -0.0315 -0.9251 0.3784
vn -0.0584 0.9251 0.3752
vn -0.0480 0.8803 0.4720
vn -0.0762 0.8325 0.5488
vn -0.1616 0.7681 0.6196
vn -0.1813 0.5900 0.7867
vn -0.2325 0.3314 0.9144
vn -0.2353 0.1976 0.9516
vn -0.2411 0.0962 0.9657
vn -0.2477 -0.1961 0.9488
vn -0.2348 -0.3371 0.9117
vn -0.0689 -0.8831 0.4641
vn 0.0012 0.9807 0.1954
vn -0.2555 0.6368 0.7275
vn -0.2929 0.4710 0.8321
vn -0.3661 0.3326 0.8691
vn -0.4226 0.0943 0.9014
vn -0.3169 -0.0390 0.9477
vn -0.3097 -0.4411 0.8423
vn -0.2197 -0.6106 0.7609
vn -0.2479 -0.7021 0.6675
vn -0.1688 -0.9211 0.3508
vn -0.0717 0.9572 0.2804
vn -0.2564 0.8035 0.5372
vn -0.2794 0.7057 0.6511
vn -0.3546 0.5480 0.7576
vn -0.4143 0.1970 0.8886
vn -0.4286 -0.0969 0.8983
vn -0.4172 -0.1937 0.8879
vn -0.4094 -0.2937 0.8638
vn -0.3460 -0.5612 0.7519
vn -0.2171 -0.7723 0.5970
vn -0.2060 -0.8364 0.5079
vn -0.0902 -0.9564 0.2779
vn -0.0446 -0.9807 0.1902
vn 0.0247 -0.9949 0.0976
vn -0.2162 0.8797 0.4237
vn -0.4243 0.6011 0.6772
vn -0.4677 0.4302 0.7721
vn -0.5052 0.2904 0.8127
vn -0.4982 0.0034 0.8670
vn -0.4810 -0.3790 0.7906
vn -0.4525 -0.5106 0.7311
vn -0.3886 -0.6691 0.6335
vn -0.2362 -0.8794 0.4133
vn -0.1942 0.9233 0.3315
vn -0.4131 0.7709 0.4848
vn -0.5622 0.4342 0.7038
vn -0.5810 0.1964 0.7899
vn -0.5957 0.1034 0.7965
vn -0.5857 -0.0627 0.8081
vn -0.5662 -0.2320 0.7909
vn -0.3528 -0.7998 0.4858
vn -0.0003 -1.0000 0.0002
vn -0.3524 0.8309 0.4305
vn -0.4437 0.7097 0.5472
vn -0.5473 0.5826 0.6009
vn -0.6446 0.2951 0.7053
vn -0.7031 0.0533 0.7091
vn -0.6737 -0.1030 0.7318
vn -0.6434 -0.2927 0.7074
vn -0.6016 -0.4254 0.6761
vn -0.5506 -0.5534 0.6250
vn -0.5479 -0.6301 0.5503
vn -0.4677 -0.7138 0.5213
vn -0.1975 0.9560 0.2169
vn -0.3358 0.8821 0.3303
vn -0.6663 0.4348 0.6058
vn -0.7137 0.1942 0.6730
vn -0.7756 -0.0553 0.6288
vn -0.7283 -0.1935 0.6574
vn -0.7306 -0.3414 0.5914
vn -0.6752 -0.5191 0.5241
vn -0.4987 -0.7698 0.3984
vn -0.2658 -0.9244 0.2735
vn -0.1954 -0.9578 0.2107
vn -0.5782 0.6833 0.4457
vn -0.7750 0.2955 0.5586
vn -0.7983 0.1466 0.5842
vn -0.8257 0.0487 0.5620
vn -0.8234 -0.2559 0.5064
vn -0.5747 -0.7067 0.4126
vn -0.4229 -0.8316 0.3600
vn -0.3673 -0.8816 0.2966
vn -0.1392 0.9795 0.1455
vn -0.4591 0.8308 0.3147
vn -0.5284 0.7725 0.3522
vn -0.6681 0.5908 0.4523
vn -0.7745 0.4290 0.4650
vn -0.8825 0.0614 0.4664
vn -0.8541 -0.0988 0.5106
vn -0.7788 -0.4236 0.4628
vn -0.6606 -0.6295 0.4091
vn -0.2788 -0.9551 0.1004
vn -0.3190 0.9226 0.2170
vn -0.4262 0.8795 0.2119
vn -0.7349 0.5880 0.3379
vn -0.8706 0.2350 0.4323
vn -0.8924 -0.1918 0.4084
vn -0.7530 -0.5511 0.3596
vn -0.6684 -0.6835 0.2934
vn -0.5390 -0.8015 0.2589
vn -0.5400 0.8290 0.1458
vn -0.6210 0.7403 0.2575
vn -0.8493 0.4238 0.3148
vn -0.8995 0.2937 0.3236
vn -0.9414 0.1010 0.3217
vn -0.9367 -0.0377 0.3480
vn -0.8997 -0.2983 0.3186
vn -0.8528 -0.4238 0.3052
vn -0.2724 0.9563 0.1059
vn -0.7250 0.6652 0.1784
vn -0.8289 0.5248 0.1937
vn -0.9239 0.3416 0.1723
vn -0.9513 0.1952 0.2385
vn -0.9730 -0.0576 0.2234
vn -0.9487 -0.1942 0.2497
vn -0.7803 -0.5928 0.1992
vn -0.6594 -0.7357 0.1547
vn -0.3538 -0.9239 0.1459
vn -0.3722 0.9247 0.0803
vn -0.9822 0.1330 0.1324
vn -0.9465 -0.2939 0.1330
vn -0.8917 -0.4318 0.1359
vn -0.7942 -0.6052 0.0539
vn -0.5469 -0.8302 0.1079
vn -0.4613 -0.8797 0.1153
vn -0.0728 0.9949 0.0698
vn -0.1922 0.9807 0.0344
vn -0.4692 0.8812 0.0584
vn -0.6308 0.7739 0.0557
vn -0.7450 0.6664 0.0307
vn -0.8577 0.5118 0.0491
vn -0.9386 0.3422 0.0444
vn -0.9981 0.0009 0.0619
vn -0.9838 -0.1679 0.0630
vn -0.6285 -0.7776 -0.0149
vn -0.1777 -0.9808 0.0806
vn -0.9786 0.2013 -0.0437
vn -0.9937 0.0936 -0.0614
vn -0.9934 -0.0983 -0.0593
vn -0.9372 -0.3474 -0.0325
vn -0.8589 -0.5108 -0.0366
vn -0.7104 -0.7038 -0.0040
vn -0.4231 -0.9061 -0.0082
vn -0.2896 0.9566 -0.0327
vn -0.6308 0.7700 -0.0956
vn -0.7717 0.6276 -0.1030
vn -0.8487 0.5199 -0.0970
vn -0.9292 0.3503 -0.1176
vn -0.9898 -0.0000 -0.1422
vn -0.9737 -0.1904 -0.1255
vn -0.9465 -0.2899 -0.1419
vn -0.0942 -0.9947 0.0410
vn -0.3811 0.9227 -0.0582
vn -0.5502 0.8319 -0.0724
vn -0.6861 0.7126 -0.1462
vn -0.8675 0.4366 -0.2385
vn -0.9249 0.2901 -0.2459
vn -0.9553 0.1938 -0.2232
vn -0.9649 0.1000 -0.2429
vn -0.9624 -0.0949 -0.2544
vn -0.9266 -0.2442 -0.2861
vn -0.8869 -0.4127 -0.2074
vn -0.8059 -0.5571 -0.2004
vn -0.7554 -0.6354 -0.1599
vn -0.5903 -0.7770 -0.2185
vn -0.5477 -0.8331 -0.0770
vn -0.4573 0.8804 -0.1258
vn -0.7576 0.6020 -0.2522
vn -0.8902 0.2271 -0.3950
vn -0.9368 0.0431 -0.3473
vn -0.8324 -0.4652 -0.3012
vn -0.6825 -0.7035 -0.1981
vn -0.4379 -0.8781 -0.1931
vn -0.2508 0.9551 -0.1577
vn -0.6457 0.6998 -0.3055
vn -0.7781 0.5134 -0.3620
vn -0.8385 0.3816 -0.3890
vn -0.8593 0.0007 -0.5115
vn -0.8964 -0.0991 -0.4321
vn -0.8871 -0.1955 -0.4181
vn -0.8459 -0.3392 -0.4115
vn -0.7613 -0.5325 -0.3700
vn -0.6572 -0.6690 -0.3472
vn -0.2854 -0.9570 -0.0517
vn -0.3621 0.8823 -0.3007
vn -0.4869 0.8369 -0.2500
vn -0.5696 0.7735 -0.2780
vn -0.6678 0.6314 -0.3941
vn -0.8118 0.2915 -0.5060
vn -0.8489 0.1044 -0.5182
vn -0.7955 -0.2022 -0.5712
vn -0.3520 -0.9234 -0.1528
vn -0.3318 0.9237 -0.1916
vn -0.6649 0.5563 -0.4984
vn -0.7368 0.4293 -0.5224
vn -0.7946 0.1948 -0.5751
vn -0.7972 -0.0978 -0.5958
vn -0.7663 -0.2878 -0.5744
vn -0.6792 -0.3824 -0.6265
vn -0.7344 -0.4399 -0.5168
vn -0.6681 -0.5536 -0.4971
vn -0.4825 -0.8280 -0.2857
vn -0.4355 0.7949 -0.4225
vn -0.5606 0.6877 -0.4613
vn -0.6827 0.3785 -0.6250
vn -0.6998 0.2596 -0.6656
vn -0.7276 0.0987 -0.6789
vn -0.7430 -0.0022 -0.6692
vn -0.5394 -0.5906 -0.6002
vn -0.5720 -0.6732 -0.4687
vn -0.4830 -0.7734 -0.4106
vn -0.1764 -0.9807 -0.0844
vn -0.0902 0.9948 -0.0478
vn -0.1668 0.9817 -0.0916
vn -0.5828 0.5305 -0.6155
vn -0.5444 0.4184 -0.7270
vn -0.6767 -0.1610 -0.7185
vn -0.6424 -0.2841 -0.7118
vn -0.5993 -0.4690 -0.6488
vn -0.4390 -0.7030 -0.5595
vn -0.3404 -0.8652 -0.3682
vn -0.2799 -0.9206 -0.2724
vn -0.4723 0.6703 -0.5723
vn -0.5579 0.3003 -0.7737
vn -0.5893 0.1968 -0.7836
vn -0.5847 0.0997 -0.8051
vn -0.6047 -0.0007 -0.7964
vn -0.5854 -0.0987 -0.8047
vn -0.5449 -0.3451 -0.7642
vn -0.2049 -0.9568 -0.2063
vn -0.3140 0.8319 -0.4576
vn -0.3967 0.6309 -0.6667
vn -0.4297 0.5254 -0.7344
vn -0.4143 0.0944 -0.9052
vn -0.5132 -0.1971 -0.8353
vn -0.4575 -0.5224 -0.7195
vn -0.3500 -0.6740 -0.6505
vn -0.3448 -0.7736 -0.5316
vn -0.1578 0.9573 -0.2422
vn -0.2147 0.9228 -0.3199
vn -0.2142 0.8807 -0.4225
vn -0.3032 0.7674 -0.5649
vn -0.3961 0.3395 -0.8531
vn -0.4256 0.2009 -0.8823
vn -0.4386 0.0034 -0.8987
vn -0.4229 -0.0971 -0.9010
vn -0.4017 -0.2911 -0.8682
vn -0.3867 -0.4264 -0.8177
vn -0.3109 -0.5888 -0.7461
vn -0.2374 -0.8526 -0.4654
vn -0.2821 0.6838 -0.6729
vn -0.2983 0.5102 -0.8067
vn -0.2568 -0.0600 -0.9646
vn -0.3295 -0.1995 -0.9228
vn -0.2308 -0.5187 -0.8232
vn -0.1702 0.8289 -0.5329
vn -0.1829 0.6328 -0.7524
vn -0.2216 0.3396 -0.9141
vn -0.2468 0.2024 -0.9477
vn -0.2402 0.0989 -0.9657
vn -0.2463 -0.3460 -0.9053
vn -0.1827 -0.6731 -0.7166
vn -0.1494 -0.9237 -0.3529
vn -0.0860 -0.9573 -0.2760
vn -0.0862 0.9246 -0.3711
vn -0.1139 0.7448 -0.6574
vn -0.0242 0.6067 -0.7945
vn -0.1298 0.5048 -0.8534
vn -0.1384 -0.0032 -0.9904
vn -0.1541 -0.1925 -0.9691
vn -0.1232 -0.2886 -0.9495
vn -0.1152 -0.4423 -0.8894
vn -0.0826 -0.5897 -0.8034
vn -0.1599 -0.7725 -0.6146
vn -0.0432 0.8847 -0.4641
vn -0.0260 0.8269 -0.5618
vn -0.0399 0.0957 -0.9946
vn -0.0765 -0.8335 -0.5472
vn -0.0618 -0.8842 -0.4630
vt 0.758500 0.812500
vt 0.765609 0.843750
vt 0.718045 0.812500
vt 0.754563 0.705755
vt 0.738744 0.768180
vt 0.719964 0.718750
vt 0.725690 0.687500
vt 0.741823 0.296191
vt 0.718415 0.265722
vt 0.757812 0.250000
vt 0.735656 0.218750
vt 0.719085 0.187500
vt 0.774617 0.187500
vt 0.757476 0.608401
vt 0.739046 0.643685
vt 0.725721 0.593750
vt 0.756428 0.531250
vt 0.728590 0.521410
vt 0.742192 0.484385
vt 0.802977 0.062500
vt 0.710076 0.093750
vt 0.694620 0.062500
vt 0.712413 0.156250
vt 0.680299 0.125000
vt 0.751091 0.125000
vt 0.747347 0.968750
vt 0.649144 0.937500
vt 0.791586 0.937500
vt 0.718122 0.875000
vt 0.689842 0.843750
vt 0.727947 0.437500
vt 0.718750 0.390624
vt 0.742215 0.390768
vt 0.742187 0.343750
vt 0.714354 0.330084
vt 0.711257 0.641175
vt 0.756288 0.906250
vt 0.653783 0.906250
vt 0.711264 0.486535
vt 0.695313 0.437500
vt 0.695795 0.781250
vt 0.694549 0.704652
vt 0.694710 0.593750
vt 0.727119 0.562500
vt 0.695676 0.547524
vt 0.549582 0.031250
vt 0.830706 0.031250
vt 0.695312 0.000000
vt 0.669908 0.812500
vt 0.694978 0.390050
vt 0.680309 0.343750
vt 0.705080 0.750000
vt 0.695312 0.312500
vt 0.691968 0.263758
vt 0.678946 0.671841
vt 0.687500 0.485523
vt 0.664667 0.765399
vt 0.664073 0.296988
vt 0.664745 0.233903
vt 0.687883 0.202988
vt 0.681072 0.625000
vt 0.662678 0.593750
vt 0.642995 0.156250
vt 0.645467 0.860716
vt 0.662678 0.718750
vt 0.647565 0.687500
vt 0.651588 0.643409
vt 0.631799 0.187500
vt 0.667264 0.549602
vt 0.648815 0.516320
vt 0.671875 0.482750
vt 0.667779 0.387862
vt 0.663231 0.437500
vt 0.647053 0.406250
vt 0.648609 0.328468
vt 0.633182 0.264937
vt 0.632143 0.218750
vt 0.640625 0.578137
vt 0.648438 1.000000
vt 0.544337 0.968750
vt 0.600925 0.093750
vt 0.633158 0.361382
vt 0.634197 0.625000
vt 0.615803 0.593750
vt 0.603089 0.125000
vt 0.617551 0.547525
vt 0.594728 0.875000
vt 0.613124 0.325523
vt 0.633182 0.735063
vt 0.616505 0.704490
vt 0.584743 0.843750
vt 0.615803 0.406250
vt 0.602414 0.375000
vt 0.614949 0.812500
vt 0.592752 0.781250
vt 0.632615 0.781250
vt 0.602058 0.750000
vt 0.601971 0.265098
vt 0.560783 0.906250
vt 0.617551 0.452475
vt 0.586503 0.468750
vt 0.585897 0.437500
vt 0.585257 0.329197
vt 0.585200 0.718750
vt 0.600690 0.687500
vt 0.586292 0.641045
vt 0.614589 0.646128
vt 0.591794 0.218750
vt 0.579397 0.187500
vt 0.554688 0.812500
vt 0.584553 0.406250
vt 0.571697 0.375000
vt 0.563506 0.750000
vt 0.569805 0.281250
vt 0.570191 0.687500
vt 0.553303 0.781250
vt 0.551715 0.355640
vt 0.553855 0.701460
vt 0.555020 0.639637
vt 0.563762 0.250000
vt 0.546204 0.202381
vt 0.578125 0.156250
vt 0.539067 0.125000
vt 0.521710 0.937500
vt 0.531621 0.734266
vt 0.554169 0.312500
vt 0.537678 0.281250
vt 0.521213 0.093750
vt 0.531843 0.875000
vt 0.553303 0.406250
vt 0.554648 0.562500
vt 0.531250 0.545731
vt 0.558483 0.517905
vt 0.555051 0.452475
vt 0.535904 0.489523
vt 0.523397 0.437500
vt 0.523101 0.391601
vt 0.513655 0.781250
vt 0.522565 0.687500
vt 0.523744 0.235311
vt 0.522053 0.593750
vt 0.507773 0.562500
vt 0.511182 0.519805
vt 0.475679 0.906250
vt 0.452613 0.062500
vt 0.587216 0.062500
vt 0.522429 0.843750
vt 0.494426 0.812500
vt 0.526353 0.326130
vt 0.504840 0.355641
vt 0.498882 0.290188
vt 0.493632 0.187500
vt 0.475982 0.875000
vt 0.509197 0.468750
vt 0.492148 0.437500
vt 0.493572 0.750000
vt 0.492515 0.233915
vt 0.509197 0.625000
vt 0.490803 0.593750
vt 0.514538 0.156250
vt 0.483507 0.125000
vt 0.490803 0.500000
vt 0.474412 0.480762
vt 0.462413 0.843750
vt 0.490803 0.406250
vt 0.477415 0.375000
vt 0.468638 0.765352
vt 0.504441 0.706497
vt 0.476198 0.703809
vt 0.492087 0.656250
vt 0.477947 0.625000
vt 0.476523 0.562500
vt 0.435704 0.093750
vt 0.476899 0.329725
vt 0.461307 0.264937
vt 0.460094 0.673563
vt 0.459553 0.218750
vt 0.459553 0.593750
vt 0.453524 0.156250
vt 0.396329 0.937500
vt 0.477947 0.531250
vt 0.460898 0.437500
vt 0.435545 0.718750
vt 0.445322 0.640513
vt 0.430897 0.187500
vt 0.445273 0.562500
vt 0.431211 0.125000
vt 0.445312 0.812500
vt 0.459553 0.406250
vt 0.446697 0.375000
vt 0.445302 0.328240
vt 0.429630 0.296990
vt 0.430560 0.687500
vt 0.425815 0.581653
vt 0.445312 1.000000
vt 0.348862 0.968750
vt 0.415013 0.875000
vt 0.445634 0.482256
vt 0.429647 0.437500
vt 0.435530 0.781250
vt 0.423826 0.750000
vt 0.405616 0.156250
vt 0.389119 0.906250
vt 0.415447 0.500000
vt 0.414043 0.468750
vt 0.390642 0.843750
vt 0.412678 0.656250
vt 0.406250 0.421864
vt 0.398455 0.812500
vt 0.397053 0.781250
vt 0.413303 0.343750
vt 0.405697 0.297393
vt 0.390631 0.718750
vt 0.430183 0.250000
vt 0.390382 0.250000
vt 0.414042 0.531250
vt 0.390625 0.515626
vt 0.283664 0.031250
vt 0.398438 0.000000
vt 0.385544 0.448530
vt 0.381428 0.406250
vt 0.398518 0.375000
vt 0.380460 0.355331
vt 0.375708 0.750000
vt 0.398438 0.687500
vt 0.383157 0.638618
vt 0.419918 0.218750
vt 0.381428 0.218750
vt 0.411865 0.612830
vt 0.378940 0.581653
vt 0.361712 0.125000
vt 0.398398 0.562500
vt 0.346116 0.875000
vt 0.358393 0.781250
vt 0.379851 0.295068
vt 0.365803 0.687500
vt 0.368628 0.187500
vt 0.357411 0.156250
vt 0.350191 0.093750
vt 0.338160 0.812500
vt 0.354101 0.384937
vt 0.352947 0.718750
vt 0.351562 0.656250
vt 0.351226 0.608399
vt 0.367168 0.468750
vt 0.348711 0.448803
vt 0.327232 0.766282
vt 0.332946 0.699466
vt 0.351523 0.562500
vt 0.343750 0.515626
vt 0.367168 0.531250
vt 0.368572 0.500000
vt 0.302966 0.906250
vt 0.310113 0.843750
vt 0.332080 0.394227
vt 0.350881 0.235038
vt 0.345719 0.281250
vt 0.310528 0.250000
vt 0.320290 0.639440
vt 0.318928 0.593750
vt 0.319729 0.468750
vt 0.321104 0.437500
vt 0.320317 0.171927
vt 0.289770 0.125000
vt 0.248189 0.937500
vt 0.304024 0.390865
vt 0.304188 0.733540
vt 0.320778 0.328991
vt 0.306072 0.281250
vt 0.275660 0.187500
vt 0.279915 0.156250
vt 0.320293 0.531250
vt 0.296875 0.515626
vt 0.321697 0.500000
vt 0.281843 0.875000
vt 0.285069 0.799528
vt 0.289804 0.328159
vt 0.305206 0.687500
vt 0.289512 0.639760
vt 0.303871 0.218750
vt 0.289023 0.562500
vt 0.273417 0.531250
vt 0.278913 0.093750
vt 0.218147 0.062500
vt 0.335279 0.062500
vt 0.289619 0.437500
vt 0.272774 0.390864
vt 0.273706 0.734918
vt 0.275908 0.263099
vt 0.288241 0.468750
vt 0.274823 0.500000
vt 0.257792 0.468750
vt 0.232796 0.843750
vt 0.258187 0.327627
vt 0.272806 0.687500
vt 0.261066 0.644811
vt 0.248049 0.218750
vt 0.287678 0.593750
vt 0.265625 0.578136
vt 0.257773 0.437500
vt 0.238314 0.418348
vt 0.228785 0.812500
vt 0.248049 0.781250
vt 0.233409 0.750000
vt 0.251028 0.281250
vt 0.232403 0.250000
vt 0.225341 0.156250
vt 0.257812 1.000000
vt 0.125109 0.968750
vt 0.244598 0.521028
vt 0.209388 0.906250
vt 0.242267 0.375000
vt 0.227028 0.328990
vt 0.242552 0.703809
vt 0.226663 0.656250
vt 0.227947 0.187500
vt 0.234375 0.125000
vt 0.200795 0.093750
vt 0.203869 0.290285
vt 0.194229 0.218750
vt 0.241524 0.609136
vt 0.210274 0.609136
vt 0.226542 0.468750
vt 0.210897 0.437500
vt 0.210274 0.390864
vt 0.209553 0.781250
vt 0.214664 0.700351
vt 0.189469 0.187500
vt 0.181211 0.125000
vt 0.210917 0.531250
vt 0.199160 0.488028
vt 0.227947 0.500000
vt 0.192521 0.355170
vt 0.186268 0.750000
vt 0.193928 0.250000
vt 0.195413 0.656250
vt 0.170955 0.156250
vt 0.165013 0.875000
vt 0.225982 0.875000
vt 0.180560 0.312500
vt 0.195168 0.718750
vt 0.180206 0.687500
vt 0.187500 0.609393
vt 0.124956 0.937500
vt 0.179667 0.531250
vt 0.165447 0.500000
vt 0.178303 0.406250
vt 0.164143 0.375000
vt 0.161383 0.706261
vt 0.163299 0.265642
vt 0.164512 0.639760
vt 0.162678 0.593750
vt 0.067974 0.031250
vt 0.164062 0.000000
vt 0.170817 0.843750
vt 0.142594 0.812500
vt 0.179681 0.796805
vt 0.138668 0.781250
vt 0.148853 0.203725
vt 0.149229 0.562500
vt 0.179647 0.562500
vt 0.130588 0.093750
vt 0.130584 0.906250
vt 0.179667 0.468750
vt 0.149420 0.482410
vt 0.133544 0.359403
vt 0.161883 0.332794
vt 0.132181 0.312500
vt 0.140375 0.750000
vt 0.132802 0.703011
vt 0.124793 0.281250
vt 0.131918 0.250000
vt 0.108534 0.156250
vt 0.147854 0.531250
vt 0.067798 0.062500
vt 0.123036 0.843750
vt 0.117919 0.640597
vt 0.140625 0.640647
vt 0.108393 0.218750
vt 0.131428 0.593750
vt 0.118572 0.562500
vt 0.125000 0.514001
vt 0.096116 0.875000
vt 0.131428 0.468750
vt 0.118572 0.437500
vt 0.151602 0.426935
vt 0.104907 0.736243
vt 0.093598 0.703283
vt 0.100908 0.250000
vt 0.100178 0.593750
vt 0.101568 0.546863
vt 0.131428 0.406250
vt 0.109375 0.390607
vt 0.095719 0.812500
vt 0.125632 0.125000
vt 0.063485 0.125000
vt 0.093750 0.514001
vt 0.109375 0.484374
vt 0.060124 0.906250
vt 0.084553 0.468750
vt 0.076161 0.843750
vt 0.086297 0.358879
vt 0.104924 0.325945
vt 0.085793 0.281250
vt 0.086297 0.641121
vt 0.073477 0.573065
vt 0.071697 0.437500
vt 0.088115 0.418355
vt 0.091793 0.781250
vt 0.061467 0.766101
vt 0.071697 0.312500
vt 0.066564 0.262891
vt 0.070728 0.203725
vt 0.111342 0.187500
vt 0.053303 0.406250
vt 0.041285 0.812500
vt 0.068483 0.698419
vt 0.055137 0.639760
vt 0.037588 0.156250
vt 0.078125 0.516774
vt 0.053303 0.531250
vt 0.031228 0.937500
vt 0.054778 0.359511
vt 0.039695 0.297135
vt 0.038906 0.734260
vt 0.038286 0.234374
vt 0.053303 0.593750
vt 0.040447 0.562500
vt 0.031843 0.875000
vt 0.014643 0.781250
vt 0.037276 0.676726
vt 0.031250 0.609392
vt 0.019891 0.541758
vt 0.040447 0.437500
vt 0.022053 0.406250
vt 0.023528 0.359512
vt 0.010478 0.293477
vt 0.005434 0.250000
vt 0.007102 0.218750
vt 0.003462 0.138959
vt 0.009197 0.500000
vt 0.035516 0.479260
vt 0.006790 0.906250
vt 0.011371 0.448068
vt 0.007404 0.734902
vt 0.000000 0.187500
vt 0.033207 0.187500
vt 0.007149 0.609136
vt 0.000000 0.562500
vt 0.000000 0.531250
vt 0.000000 0.468750
vt 0.000000 0.875000
vt 0.000000 0.384936
vt 0.021214 0.843750
vt 0.000000 0.812500
vt 0.000000 0.328158
vt 1.000000 0.968750
vt 0.992188 1.000000
vt 0.921991 0.968750
vt 0.990803 0.531250
vt 0.977947 0.500000
vt 1.000000 0.500000
vt 1.000000 0.062500
vt 0.964499 0.093750
vt 0.927872 0.062500
vt 0.990803 0.468750
vt 0.977947 0.437500
vt 1.000000 0.437500
vt 1.000000 0.843750
vt 0.975982 0.875000
vt 0.959460 0.843750
vt 1.000000 0.781250
vt 0.978785 0.812500
vt 0.976080 0.781250
vt 1.000000 0.281250
vt 0.992929 0.328158
vt 0.966777 0.281250
vt 0.959553 0.468750
vt 0.975178 0.406250
vt 0.963783 0.363823
vt 0.994726 0.384936
vt 0.991293 0.250000
vt 0.952180 0.250000
vt 0.992221 0.138959
vt 0.977741 0.187500
vt 0.935158 0.156250
vt 0.986214 0.031250
vt 0.953125 0.421864
vt 0.960938 0.000000
vt 0.927466 0.781250
vt 0.966778 0.750000
vt 0.948487 0.705717
vt 0.976418 0.718750
vt 0.980262 0.674448
vt 0.959553 0.531250
vt 0.943170 0.511985
vt 0.943117 0.218750
vt 0.915503 0.187500
vt 0.959553 0.593750
vt 0.933245 0.573066
vt 0.962322 0.562500
vt 0.979622 0.906250
vt 0.921846 0.937500
vt 0.911838 0.906250
vt 0.928303 0.468750
vt 0.931072 0.437500
vt 0.929024 0.390864
vt 0.923832 0.812500
vt 0.928793 0.750000
vt 0.945413 0.343750
vt 0.927856 0.323428
vt 0.962322 0.312500
vt 0.958146 0.644830
vt 0.930429 0.671842
vt 0.929768 0.625000
vt 0.912678 0.531250
vt 0.915013 0.875000
vt 0.889309 0.843750
vt 0.913918 0.718750
vt 0.912678 0.593750
vt 0.915447 0.500000
vt 0.897053 0.468750
vt 0.902076 0.356234
vt 0.890262 0.741368
vt 0.898956 0.687500
vt 0.902076 0.643766
vt 0.920352 0.264871
vt 0.888674 0.218750
vt 0.899822 0.562500
vt 0.939849 0.125000
vt 0.872643 0.093750
vt 0.878334 0.794500
vt 0.897053 0.406250
vt 0.882893 0.375000
vt 0.867067 0.167848
vt 0.881428 0.531250
vt 0.868572 0.343750
vt 0.870349 0.674568
vt 0.842085 0.906250
vt 0.884197 0.500000
vt 0.870746 0.448068
vt 0.899822 0.437500
vt 0.890410 0.266715
vt 0.866706 0.297732
vt 0.850908 0.250000
vt 0.845706 0.812500
vt 0.865803 0.406250
vt 0.848421 0.387757
vt 0.858901 0.734266
vt 0.841799 0.218750
vt 0.825752 0.174234
vt 0.851562 1.000000
vt 0.875632 0.125000
vt 0.813485 0.125000
vt 0.850178 0.468750
vt 0.837322 0.437500
vt 0.846116 0.875000
vt 0.826161 0.843750
vt 0.827396 0.781250
vt 0.839637 0.325552
vt 0.828381 0.266287
vt 0.802463 0.093750
vt 0.818928 0.406250
vt 0.820762 0.360240
vt 0.812137 0.741368
vt 0.852294 0.640597
vt 0.833649 0.676412
vt 0.819649 0.609136
vt 0.818928 0.468750
vt 0.806072 0.437500
vt 0.798832 0.812500
vt 0.812500 0.296875
vt 0.787979 0.218750
vt 0.791601 0.384936
vt 0.777422 0.768227
vt 0.792786 0.325661
vt 0.788897 0.264993
vt 0.805369 0.672682
vt 0.788399 0.609136
vt 0.772429 0.156250
vt 0.771658 0.354499
vt 0.788179 0.718750
vt 0.773758 0.671390
vt 0.787678 0.531250
vt 0.774823 0.500000
vt 0.791213 0.480763
vt 0.774823 0.437500
vt 0.765625 0.296875
vt 0.754655 0.458251
vt 0.772053 0.406250
vt 0.781882 0.875000
vt 0.759197 0.562500
vt 0.646249 0.458476
vt 0.617188 0.500000
vt 0.586259 0.517744
vt 0.584553 0.593750
vt 0.585897 0.562500
vt 0.553303 0.593750
vt 0.526588 0.643409
vt 0.445878 0.531250
vt 0.425715 0.393669
vt 0.351546 0.329205
vt 0.320273 0.562500
vt 0.242147 0.562500
vt 0.210897 0.562500
vt 0.179647 0.437500
vt 0.060125 0.093750
vt 0.058229 0.489513
vt 0.008494 0.672682
vt 0.006790 0.093750
vt 1.000000 0.937500
vt 1.000000 0.609136
vt 0.979101 0.615064
vt 0.993572 0.562500
vt 1.000000 0.734902
vt 1.000000 0.672682
vt 0.993776 0.218750
vt 0.898956 0.312500
vt 0.882893 0.625000
vt 0.879234 0.583084
vt 0.850178 0.593750
vt 0.852947 0.562500
vt 0.850178 0.531250
vt 0.852947 0.500000
vt 0.835793 0.718750
vt 0.821697 0.562500
vt 0.818928 0.531250
vt 0.821697 0.500000
vt 0.790447 0.562500
s 1
f 6209/4801/6206 6208/4802/6205 5639/4803/5636
f 6200/4804/6197 5631/4805/5628 5640/4806/5637
f 6200/4804/6197 5640/4806/5637 5632/4807/5629
f 5627/4808/5624 5644/4809/5641 5619/4810/5616
f 5637/4811/5634 5628/4812/5625 6211/4813/6208
f 5616/4814/5613 5622/4815/5619 5623/4816/5620
f 6210/4817/6207 5634/4818/5631 5624/4819/5621
f 5620/4820/5617 5675/4821/5672 5645/4822/5642
f 5658/4823/5655 5684/4824/5681 5629/4825/5626
f 5663/4826/5660 5691/4827/5688 5621/4828/5618
f 5638/4829/5635 5664/4830/5661 6208/4802/6205
f 5635/4831/5632 5636/4832/5633 5625/4833/5622
f 5626/4834/5623 5643/4835/5640 5627/4808/5624
f 5627/4808/5624 5643/4835/5640 5644/4809/5641
f 5632/4807/5629 5641/4836/5638 5622/4815/5619
f 5630/4837/5627 5691/4827/5688 5692/4838/5689
f 5642/4839/5639 5653/4840/5650 5635/4831/5632
f 5639/4803/5636 5647/4841/5644 5631/4805/5628
f 5640/4806/5637 5649/4842/5646 5632/4807/5629
f 5641/4836/5638 5650/4843/5647 5623/4816/5620
f 5633/4844/5630 5651/4845/5648 5634/4818/5631
f 5645/4822/5642 5823/4846/5820 5646/4847/5643
f 5985/4848/5982 5646/4847/5643 5823/4846/5820
f 5639/4803/5636 5664/4830/5661 5665/4849/5662
f 5654/4850/5651 5662/4851/5659 5643/4835/5640
f 5648/4852/5645 5649/4842/5646 5640/4806/5637
f 5655/4853/5652 5656/4854/5653 5644/4809/5641
f 5649/4842/5646 5659/4855/5656 5641/4836/5638
f 5651/4845/5648 5652/4856/5649 5642/4839/5639
f 5665/4849/5662 5666/4857/5663 5647/4841/5644
f 5647/4841/5644 5666/4857/5663 5648/4852/5645
f 5662/4851/5659 5673/4858/5670 5655/4853/5652
f 5656/4854/5653 5674/4859/5671 5657/4860/5654
f 5650/4843/5647 5660/4861/5657 5669/4862/5666
f 5657/4860/5654 5690/4863/5687 5658/4823/5655
f 5692/4838/5689 5685/4864/5682 5638/4829/5635
f 5659/4855/5656 5667/4865/5664 5668/4866/5665
f 5659/4855/5656 5676/4867/5673 5660/4861/5657
f 5657/4860/5654 5674/4859/5671 5701/4868/5698
f 5670/4869/5667 5679/4870/5676 5661/4871/5658
f 5672/4872/5669 5671/4873/5668 5681/4874/5678
f 5672/4872/5669 5682/4875/5679 5662/4851/5659
f 5673/4858/5670 5689/4876/5686 5674/4859/5671
f 5674/4859/5671 5689/4876/5686 5683/4877/5680
f 5669/4862/5666 5678/4878/5675 5670/4869/5667
f 5663/4826/5660 5917/4879/5914 5786/4880/5783
f 5684/4824/5681 5728/4881/5725 5675/4821/5672
f 5681/4874/5678 5688/4882/5685 5672/4872/5669
f 5673/4858/5670 5682/4875/5679 5689/4876/5686
f 5678/4878/5675 5677/4883/5674 5695/4884/5692
f 5690/4863/5687 5720/4885/5717 5684/4824/5681
f 5678/4878/5675 5696/4886/5693 5679/4870/5676
f 5692/4838/5689 5702/4887/5699 5685/4864/5682
f 5682/4875/5679 5688/4882/5685 5700/4888/5697
f 5687/4889/5684 5693/4890/5690 5668/4866/5665
f 5702/4887/5699 5721/4891/5718 5685/4864/5682
f 5699/4892/5696 5707/4893/5704 5688/4882/5685
f 5703/4894/5700 5709/4895/5706 5686/4896/5683
f 5687/4889/5684 5704/4897/5701 5693/4890/5690
f 5700/4888/5697 5708/4898/5705 5689/4876/5686
f 5692/4838/5689 5691/4827/5688 5739/4899/5736
f 5698/4900/5695 5715/4901/5712 5706/4902/5703
f 5700/4888/5697 5707/4893/5704 5718/4903/5715
f 5693/4890/5690 5704/4897/5701 5710/4904/5707
f 5705/4905/5702 5711/4906/5708 5694/4907/5691
f 5719/4908/5716 5726/4909/5723 5701/4868/5698
f 5703/4894/5700 5721/4891/5718 5740/4910/5737
f 5716/4911/5713 5717/4912/5714 5707/4893/5704
f 5709/4895/5706 5722/4913/5719 5704/4897/5701
f 5718/4903/5715 5725/4914/5722 5708/4898/5705
f 5710/4904/5707 5723/4915/5720 5705/4905/5702
f 5709/4895/5706 5740/4910/5737 5729/4916/5726
f 5718/4903/5715 5717/4912/5714 5737/4917/5734
f 5710/4904/5707 5722/4913/5719 5730/4918/5727
f 5711/4906/5708 5723/4915/5720 5731/4919/5728
f 5719/4908/5716 5738/4920/5735 5744/4921/5741
f 5727/4922/5724 5756/4923/5753 5720/4885/5717
f 5786/4880/5783 5768/4924/5765 5691/4827/5688
f 5730/4918/5727 5722/4913/5719 5747/4925/5744
f 5725/4914/5722 5724/4926/5721 5743/4927/5740
f 5728/4881/5725 5756/4923/5753 5767/4928/5764
f 5739/4899/5736 5746/4929/5743 5702/4887/5699
f 5736/4930/5733 5737/4917/5734 5717/4912/5714
f 5733/4931/5730 5741/4932/5738 5734/4933/5731
f 5735/4934/5732 5742/4935/5739 5752/4936/5749
f 5736/4930/5733 5753/4937/5750 5737/4917/5734
f 5729/4916/5726 5740/4910/5737 5759/4938/5756
f 5730/4918/5727 5747/4925/5744 5748/4939/5745
f 5743/4927/5740 5755/4940/5752 5738/4920/5735
f 5750/4941/5747 5751/4942/5748 5741/4932/5738
f 5741/4932/5738 5762/4943/5759 5742/4935/5739
f 5768/4924/5765 5757/4944/5754 5739/4899/5736
f 5767/4928/5764 5834/4945/5831 5745/4946/5742
f 5758/4947/5755 5776/4948/5773 5740/4910/5737
f 5754/4949/5751 5753/4937/5750 5765/4950/5762
f 5743/4927/5740 5754/4949/5751 5766/4951/5763
f 5755/4940/5752 5784/4952/5781 5744/4921/5741
f 5757/4944/5754 5787/4953/5784 5746/4929/5743
f 5752/4936/5749 5764/4954/5761 5772/4955/5769
f 5759/4938/5756 5769/4956/5766 5747/4925/5744
f 5754/4949/5751 5765/4950/5762 5766/4951/5763
f 5766/4951/5763 5774/4957/5771 5755/4940/5752
f 5750/4941/5747 5761/4958/5758 5771/4959/5768
f 5756/4923/5753 5775/4960/5772 5785/4961/5782
f 5763/4962/5760 5781/4963/5778 5764/4954/5761
f 5758/4947/5755 5787/4953/5784 5795/4964/5792
f 5773/4965/5770 5782/4966/5779 5765/4950/5762
f 5759/4938/5756 5776/4948/5773 5788/4967/5785
f 5760/4968/5757 5769/4956/5766 5777/4969/5774
f 5770/4970/5767 5778/4971/5775 5761/4958/5758
f 5771/4959/5768 5779/4972/5776 5751/4942/5748
f 5767/4928/5764 5785/4961/5782 5833/4973/5830
f 5766/4951/5763 5783/4974/5780 5793/4975/5790
f 5766/4951/5763 5793/4975/5790 5774/4957/5771
f 5777/4969/5774 5789/4976/5786 5770/4970/5767
f 5774/4957/5771 5793/4975/5790 5794/4977/5791
f 5771/4959/5768 5778/4971/5775 5790/4978/5787
f 5784/4952/5781 5804/4979/5801 5775/4960/5772
f 5768/4924/5765 5786/4880/5783 5863/4980/5860
f 5763/4962/5760 5780/4981/5777 5781/4963/5778
f 5772/4955/5769 5781/4963/5778 5791/4982/5788
f 5777/4969/5774 5788/4967/5785 5806/4983/5803
f 5789/4976/5786 5797/4984/5794 5778/4971/5775
f 5794/4977/5791 5812/4985/5809 5784/4952/5781
f 5790/4978/5787 5798/4986/5795 5779/4972/5776
f 5804/4979/5801 5822/4987/5819 5785/4961/5782
f 5795/4964/5792 5796/4988/5793 5776/4948/5773
f 5792/4989/5789 5801/4990/5798 5782/4966/5779
f 5802/4991/5799 5811/4992/5808 5793/4975/5790
f 5789/4976/5786 5806/4983/5803 5807/4993/5804
f 5790/4978/5787 5797/4984/5794 5808/4994/5805
f 5786/4880/5783 5917/4995/5914 5900/4996/5897
f 5757/4944/5754 5824/4997/5821 5787/4953/5784
f 5791/4982/5788 5800/4998/5797 5809/4999/5806
f 5805/5000/5802 5813/5001/5810 5788/4967/5785
f 5812/4985/5809 5832/5002/5829 5804/4979/5801
f 5863/4980/5860 5845/5003/5842 5757/4944/5754
f 5800/4998/5797 5817/5004/5814 5818/5005/5815
f 5824/4997/5821 5835/5006/5832 5795/4964/5792
f 5797/4984/5794 5807/4993/5804 5814/5007/5811
f 5809/4999/5806 5818/5005/5815 5819/5008/5816
f 5805/5000/5802 5836/5009/5833 5825/5010/5822
f 5820/5011/5817 5831/5012/5828 5811/4992/5808
f 5806/4983/5803 5813/5001/5810 5837/5013/5834
f 5803/5014/5800 5831/5012/5828 5843/5015/5840
f 5816/5016/5813 5828/5017/5825 5817/5004/5814
f 5834/4945/5831 5967/5018/5964 5823/4846/5820
f 5985/5019/5982 5823/4846/5820 5967/5018/5964
f 5819/5008/5816 5829/5020/5826 5840/5021/5837
f 5830/5022/5827 5841/5023/5838 5820/5011/5817
f 5825/5010/5822 5847/5024/5844 5813/5001/5810
f 5814/5007/5811 5826/5025/5823 5838/5026/5835
f 5821/5027/5818 5843/5015/5840 5844/5028/5841
f 5814/5007/5811 5838/5026/5835 5815/5029/5812
f 5815/5029/5812 5838/5026/5835 5839/5030/5836
f 5832/5002/5829 5867/5031/5864 5822/4987/5819
f 5827/5032/5824 5828/5017/5825 5816/5016/5813
f 5845/5003/5842 5869/5033/5866 5824/4997/5821
f 5840/5021/5837 5841/5023/5838 5830/5022/5827
f 5825/5010/5822 5836/5009/5833 5846/5034/5843
f 5841/5023/5838 5842/5035/5839 5831/5012/5828
f 5826/5025/5823 5837/5013/5834 5848/5036/5845
f 5832/5002/5829 5861/5037/5858 5862/5038/5859
f 5833/4973/5830 5867/5031/5864 5868/5039/5865
f 5835/5006/5832 5870/5040/5867 5836/5009/5833
f 5840/5021/5837 5859/5041/5856 5841/5023/5838
f 5847/5024/5844 5853/5042/5850 5837/5013/5834
f 5848/5036/5845 5854/5043/5851 5838/5026/5835
f 5838/5026/5835 5854/5043/5851 5855/5044/5852
f 5829/5020/5826 5851/5045/5848 5858/5046/5855
f 5846/5034/5843 5871/5047/5868 5847/5024/5844
f 5848/5036/5845 5853/5042/5850 5864/5048/5861
f 5856/5049/5853 5857/5050/5854 5849/5051/5846
f 5849/5051/5846 5857/5050/5854 5850/5052/5847
f 5845/5003/5842 5863/4980/5860 5890/5053/5887
f 5835/5006/5832 5869/5033/5866 5891/5054/5888
f 5859/5041/5856 5858/5046/5855 5865/5055/5862
f 5871/5047/5868 5864/5048/5861 5853/5042/5850
f 5860/5056/5857 5866/5057/5863 5887/5058/5884
f 5854/5043/5851 5864/5048/5861 5872/5059/5869
f 5854/5043/5851 5872/5059/5869 5855/5044/5852
f 5855/5044/5852 5872/5059/5869 5873/5060/5870
f 5858/5046/5855 5877/5061/5874 5878/5062/5875
f 5846/5034/5843 5870/5040/5867 5871/5047/5868
f 5880/5063/5877 5888/5064/5885 5867/5031/5864
f 5900/4996/5897 5944/5065/5941 5863/4980/5860
f 5865/5055/5862 5878/5062/5875 5885/5066/5882
f 5871/5047/5868 5881/5067/5878 5864/5048/5861
f 5879/5068/5876 5886/5069/5883 5866/5057/5863
f 5880/5063/5877 5915/5070/5912 5909/5071/5906
f 5875/5072/5872 5884/5073/5881 5876/5074/5873
f 5890/5053/5887 5901/5075/5898 5869/5033/5866
f 5891/5054/5888 5902/5076/5899 5870/5040/5867
f 5885/5066/5882 5897/5077/5894 5879/5068/5876
f 5872/5059/5869 5882/5078/5879 5892/5079/5889
f 5899/5080/5896 5915/5070/5912 5880/5063/5877
f 5883/5081/5880 5906/5082/5903 5884/5073/5881
f 5916/5083/5913 5966/5084/5963 5889/5085/5886
f 5885/5066/5882 5896/5086/5893 5908/5087/5905
f 5902/5076/5899 5903/5088/5900 5881/5067/5878
f 5897/5077/5894 5898/5089/5895 5886/5069/5883
f 5895/5090/5892 5894/5091/5891 5912/5092/5909
f 5891/5054/5888 5901/5075/5898 5934/5093/5931
f 5908/5087/5905 5914/5094/5911 5897/5077/5894
f 5904/5095/5901 5911/5096/5908 5892/5079/5889
f 5899/5080/5896 5898/5089/5895 5924/5097/5921
f 5893/5098/5890 5905/5099/5902 5883/5081/5880
f 5908/5087/5905 5907/5100/5904 5922/5101/5919
f 5934/5093/5931 5935/5102/5932 5902/5076/5899
f 5910/5103/5907 5925/5104/5922 5903/5088/5900
f 5898/5089/5895 5923/5105/5920 5930/5106/5927
f 5909/5071/5906 5915/5070/5912 5943/5107/5940
f 5900/4996/5897 5917/5108/5914 6059/5109/6056
f 5906/5082/5903 5921/5110/5918 5894/5091/5891
f 5944/5065/5941 5954/5111/5951 5890/5053/5887
f 5913/5112/5910 5929/5113/5926 5914/5094/5911
f 5911/5096/5908 5918/5114/5915 5926/5115/5923
f 5924/5097/5921 5931/5116/5928 5915/5070/5912
f 5916/5083/5913 5932/5117/5929 5965/5118/5962
f 5929/5113/5926 5951/5119/5948 5923/5105/5920
f 5924/5097/5921 5930/5106/5927 5963/5120/5960
f 5919/5121/5916 5926/5115/5923 5938/5122/5935
f 5922/5101/5919 5928/5123/5925 5941/5124/5938
f 5922/5101/5919 5941/5124/5938 5942/5125/5939
f 5922/5101/5919 5942/5125/5939 5913/5112/5910
f 5910/5103/5907 5935/5102/5932 5936/5126/5933
f 5925/5104/5922 5937/5127/5934 5918/5114/5915
f 5963/5120/5960 5964/5128/5961 5931/5116/5928
f 5943/5107/5940 5953/5129/5950 5932/5117/5929
f 5940/5130/5937 5949/5131/5946 5927/5132/5924
f 5942/5125/5939 5950/5133/5947 5929/5113/5926
f 5925/5104/5922 5936/5126/5933 5956/5134/5953
f 5930/5106/5927 5951/5119/5948 5952/5135/5949
f 5926/5115/5923 5937/5127/5934 5946/5136/5943
f 5943/5107/5940 5964/5128/5961 5976/5137/5973
f 5954/5111/5951 5977/5138/5974 5933/5139/5930
f 5950/5133/5947 5962/5140/5959 5951/5119/5948
f 5945/5141/5942 5957/5142/5954 5937/5127/5934
f 5938/5122/5935 5946/5136/5943 5947/5143/5944
f 5944/5065/5941 6059/5109/6056 6016/5144/6013
f 5948/5145/5945 5972/5146/5969 5949/5131/5946
f 5961/5147/5958 5973/5148/5970 5950/5133/5947
f 5956/5134/5953 5969/5149/5966 5945/5141/5942
f 5951/5119/5948 5962/5140/5959 5975/5150/5972
f 5946/5136/5943 5957/5142/5954 5970/5151/5967
f 5947/5143/5944 5970/5151/5967 5971/5152/5968
f 5966/5084/5963 6085/5153/6082 5967/5018/5964
f 5985/5154/5982 5967/5018/5964 6085/5153/6082
f 5968/5155/5965 5986/5156/5983 5955/5157/5952
f 5955/5157/5952 5986/5156/5983 5978/5158/5975
f 5975/5150/5972 5984/5159/5981 5963/5120/5960
f 5963/5120/5960 5984/5159/5981 5964/5128/5961
f 5971/5152/5968 5980/5160/5977 5958/5161/5955
f 5965/5118/5962 5953/5129/5950 6007/5162/6004
f 5954/5111/5951 6016/5144/6013 5997/5163/5994
f 5959/5164/5956 5972/5146/5969 5982/5165/5979
f 5973/5148/5970 5993/5166/5990 5974/5167/5971
f 5974/5167/5971 5993/5166/5990 5994/5168/5991
f 5987/5169/5984 5988/5170/5985 5969/5149/5966
f 5975/5150/5972 5995/5171/5992 5996/5172/5993
f 5984/5159/5981 6015/5173/6012 5976/5137/5973
f 5981/5174/5978 5982/5165/5979 5972/5146/5969
f 5966/5084/5963 6007/5162/6004 6069/5175/6066
f 5968/5155/5965 5977/5138/5974 5998/5176/5995
f 5988/5170/5985 5999/5177/5996 5979/5178/5976
f 5984/5159/5981 5996/5172/5993 6005/5179/6002
f 5989/5180/5986 6000/5181/5997 5980/5160/5977
f 5981/5174/5978 5990/5182/5987 5982/5165/5979
f 5997/5163/5994 6026/5183/6023 5977/5138/5974
f 5991/5184/5988 6002/5185/5999 5983/5186/5980
f 5988/5170/5985 6008/5187/6005 6019/5188/6016
f 5996/5172/5993 5995/5171/5992 6013/5189/6010
f 5989/5180/5986 5999/5177/5996 6009/5190/6006
f 6000/5181/5997 6010/5191/6007 5990/5182/5987
f 5992/5192/5989 6002/5185/5999 6003/5193/6000
f 5998/5176/5995 6017/5194/6014 5986/5156/5983
f 5992/5192/5989 6003/5193/6000 5993/5166/5990
f 5987/5169/5984 6008/5187/6005 5988/5170/5985
f 6009/5190/6006 6010/5191/6007 6000/5181/5997
f 6006/5195/6003 6015/5173/6012 6051/5196/6048
f 6010/5191/6007 6011/5197/6008 6001/5198/5998
f 5997/5163/5994 6016/5144/6013 6042/5199/6039
f 6001/5198/5998 6011/5197/6008 6022/5200/6019
f 5998/5176/5995 6026/5183/6023 6027/5201/6024
f 6003/5193/6000 6023/5202/6020 6004/5203/6001
f 5995/5171/5992 6004/5203/6001 6024/5204/6021
f 6019/5188/6016 6020/5205/6017 5999/5177/5996
f 6009/5190/6006 6029/5206/6026 6010/5191/6007
f 6022/5200/6019 6030/5207/6027 6012/5208/6009
f 6018/5209/6015 6035/5210/6032 6008/5187/6005
f 6023/5202/6020 6031/5211/6028 6004/5203/6001
f 6013/5189/6010 6024/5204/6021 6032/5212/6029
f 6005/5179/6002 6033/5213/6030 6014/5214/6011
f 6009/5190/6006 6020/5205/6017 6029/5206/6026
f 6012/5208/6009 6030/5207/6027 6040/5215/6037
f 6027/5201/6024 6034/5216/6031 6017/5194/6014
f 6035/5210/6032 6028/5217/6025 6019/5188/6016
f 6024/5204/6021 6031/5211/6028 6032/5212/6029
f 6020/5205/6017 6028/5217/6025 6036/5218/6033
f 6015/5173/6012 6033/5213/6030 6058/5219/6055
f 6021/5220/6018 6029/5206/6026 6038/5221/6035
f 6059/5109/6056 6060/5222/6057 6016/5144/6013
f 6041/5223/6038 6049/5224/6046 6031/5211/6028
f 6035/5210/6032 6043/5225/6040 6028/5217/6025
f 6032/5212/6029 6049/5224/6046 6050/5226/6047
f 6037/5227/6034 6046/5228/6043 6029/5206/6026
f 6042/5199/6039 6052/5229/6049 6026/5183/6023
f 6035/5210/6032 6034/5216/6031 6062/5230/6059
f 6036/5218/6033 6044/5231/6041 6045/5232/6042
f 6038/5221/6035 6046/5228/6043 6053/5233/6050
f 6040/5215/6037 6048/5234/6045 6054/5235/6051
f 6055/5236/6052 6056/5237/6053 6049/5224/6046
f 6050/5226/6047 6075/5238/6072 6068/5239/6065
f 6058/5219/6055 6076/5240/6073 6051/5196/6048
f 6053/5233/6050 6066/5241/6063 6047/5242/6044
f 6042/5199/6039 6060/5222/6057 6077/5243/6074
f 6047/5242/6044 6066/5241/6063 6067/5244/6064
f 6047/5242/6044 6067/5244/6064 6048/5234/6045
f 6062/5230/6059 6063/5245/6060 6043/5225/6040
f 6068/5239/6065 6099/5246/6096 6057/5247/6054
f 6065/5248/6062 6070/5249/6067 6053/5233/6050
f 6053/5233/6050 6070/5249/6067 6071/5250/6068
f 6067/5244/6064 6066/5241/6063 6072/5251/6069
f 6077/5243/6074 6086/5252/6083 6052/5229/6049
f 6054/5235/6051 6067/5244/6064 6073/5253/6070
f 6061/5254/6058 6087/5255/6084 6034/5216/6031
f 6054/5235/6051 6073/5253/6070 6055/5236/6052
f 6055/5236/6052 6074/5256/6071 6056/5237/6053
f 6059/5257/6056 5917/5258/5914 6146/5259/6143
f 6071/5260/6068 6082/5261/6079 6066/5262/6063
f 6069/5263/6066 6117/5264/6114 6145/5265/6142
f 6072/5266/6069 6083/5267/6080 6067/5268/6064
f 6061/5269/6058 6086/5270/6083 6100/5271/6097
f 6062/5272/6059 6087/5273/6084 6078/5274/6075
f 6056/5275/6053 6074/5276/6071 6097/5277/6094
f 6072/5266/6069 6082/5261/6079 6093/5278/6090
f 6084/5279/6081 6095/5280/6092 6073/5281/6070
f 6073/5281/6070 6095/5280/6092 6074/5276/6071
f 6075/5282/6072 6097/5277/6094 6105/5283/6102
f 6076/5284/6073 6099/5285/6096 6106/5286/6103
f 6145/5265/6142 5646/4847/5643 6085/5287/6082
f 6093/5278/6090 6094/5288/6091 6083/5267/6080
f 5985/5289/5982 6085/5287/6082 5646/4847/5643
f 6078/5274/6075 6087/5273/6084 6120/5290/6117
f 6088/5291/6085 6101/5292/6098 6079/5293/6076
f 6079/5293/6076 6101/5292/6098 6080/5294/6077
f 6092/5295/6089 6103/5296/6100 6082/5261/6079
f 6098/5297/6095 6135/5298/6132 6099/5285/6096
f 6090/5299/6087 6102/5300/6099 6091/5301/6088
f 6077/5302/6074 6147/5303/6144 6107/5304/6104
f 6093/5278/6090 6103/5296/6100 6112/5305/6109
f 6094/5288/6091 6113/5306/6110 6114/5307/6111
f 6100/5271/6097 6119/5308/6116 6087/5273/6084
f 6094/5288/6091 6114/5307/6111 6095/5280/6092
f 6088/5291/6085 6120/5290/6117 6108/5309/6105
f 6104/5310/6101 6115/5311/6112 6096/5312/6093
f 6089/5313/6086 6109/5314/6106 6110/5315/6107
f 6103/5296/6100 6102/5300/6099 6123/5316/6120
f 6126/5317/6123 6118/5318/6115 6100/5271/6097
f 6114/5307/6111 6115/5311/6112 6104/5310/6101
f 6108/5309/6105 6121/5319/6118 6101/5292/6098
f 6102/5300/6099 6110/5315/6107 6122/5320/6119
f 6112/5305/6109 6111/5321/6108 6130/5322/6127
f 6114/5307/6111 6133/5323/6130 6115/5311/6112
f 6120/5290/6117 6137/5324/6134 6108/5309/6105
f 6121/5319/6118 6127/5325/6124 6109/5314/6106
f 6109/5314/6106 6127/5325/6124 6128/5326/6125
f 6098/5297/6095 6116/5327/6113 6144/5328/6141
f 6122/5320/6119 6129/5329/6126 6102/5300/6099
f 6117/5264/6114 6125/5330/6122 6163/5331/6160
f 6118/5318/6115 6136/5332/6133 6119/5308/6116
f 6131/5333/6128 6132/5334/6129 6133/5323/6130
f 6106/5286/6103 6135/5298/6132 6154/5335/6151
f 6123/5316/6120 6129/5329/6126 6140/5336/6137
f 6132/5334/6129 6152/5337/6149 6133/5323/6130
f 6127/5325/6124 6148/5338/6145 6128/5326/6125
f 6144/5328/6141 6154/5335/6151 6135/5298/6132
f 6107/5304/6104 6147/5303/6144 6172/5339/6169
f 6130/5322/6127 6141/5340/6138 6150/5341/6147
f 6130/5322/6127 6150/5341/6147 6124/5342/6121
f 6143/5343/6140 6142/5344/6139 6153/5345/6150
f 6145/5265/6142 6163/5331/6160 5620/4820/5617
f 6118/5318/6115 6164/5346/6161 6136/5332/6133
f 6151/5347/6148 6162/5348/6159 6132/5334/6129
f 6136/5332/6133 6156/5349/6153 6137/5324/6134
f 6171/5350/6168 6183/5351/6180 6154/5335/6151
f 6146/5259/6143 5917/5352/5914 5663/4826/5660
f 6155/5353/6152 6154/5335/6151 6196/5354/6193
f 6161/5355/6158 6168/5356/6165 6150/5341/6147
f 6118/5318/6115 6173/5357/6170 6174/5358/6171
f 6136/5332/6133 6164/5346/6161 6175/5359/6172
f 6162/5348/6159 6169/5360/6166 6152/5337/6149
f 6142/5344/6139 6169/5360/6166 6170/5361/6167
f 6163/5331/6160 6196/5354/6193 6197/5362/6194
f 6162/5348/6159 6168/5356/6165 6180/5363/6177
f 6162/5348/6159 6181/5364/6178 6169/5360/6166
f 6175/5359/6172 6184/5365/6181 6156/5349/6153
f 6149/5366/6146 6166/5367/6163 6176/5368/6173
f 6179/5369/6176 6187/5370/6184 6168/5356/6165
f 6174/5358/6171 6189/5371/6186 6164/5346/6161
f 6181/5364/6178 6182/5372/6179 6169/5360/6166
f 6171/5350/6168 6170/5361/6167 6207/5373/6204
f 6180/5363/6177 6187/5370/6184 6194/5374/6191
f 6180/5363/6177 6194/5374/6191 6181/5364/6178
f 6175/5359/6172 6189/5371/6186 6199/5375/6196
f 6182/5372/6179 6188/5376/6185 6195/5377/6192
f 6182/5372/6179 6195/5377/6192 6170/5361/6167
f 6176/5368/6173 6185/5378/6182 6191/5379/6188
f 6207/5373/6204 6211/4813/6208 6183/5351/6180
f 6183/5351/6180 6211/4813/6208 6212/5380/6209
f 5621/4828/5618 5630/4837/5627 6172/5339/6169
f 6194/5374/6191 6205/5381/6202 6188/5376/6185
f 6190/5382/6187 6201/5383/6198 6185/5378/6182
f 6193/5384/6190 6202/5385/6199 6186/5386/6183
f 6186/5386/6183 6203/5387/6200 6187/5370/6184
f 6205/5381/6202 6206/5388/6203 6188/5376/6185
f 6199/5375/6196 6200/4804/6197 6190/5382/6187
f 6195/5377/6192 6206/5388/6203 5619/4810/5616
f 6191/5379/6188 6201/5383/6198 5616/4814/5613
f 6212/5380/6209 5629/4825/5626 6196/5354/6193
f 6186/5386/6183 6202/5385/6199 5618/5389/5615
f 6208/4802/6205 6209/4801/6206 6189/5371/6186
f 6204/5390/6201 6205/5381/6202 6194/5374/6191
f 6201/5383/6198 6200/4804/6197 5622/4815/5619
f 5619/4810/5616 5637/4811/5634 6207/5373/6204
f 6210/4817/6207 5624/4819/5621 6202/5385/6199
f 5630/4837/5627 5638/4829/5635 6198/5391/6195
f 6204/5390/6201 5625/4833/5622 6205/5381/6202
f 6199/5375/6196 6209/4801/6206 5631/4805/5628
f 5625/4833/5622 5618/5389/5615 5635/4831/5632
f 5631/4805/5628 6209/4801/6206 5639/4803/5636
f 6200/4804/6197 5632/4807/5629 5622/4815/5619
f 5619/4810/5616 5644/4809/5641 5637/4811/5634
f 5633/4844/5630 5617/5392/5614 5616/4814/5613 5623/4816/5620
f 5633/4844/5630 5634/4818/5631 6210/4817/6207 5617/5392/5614
f 6212/5380/6209 5658/4823/5655 5629/4825/5626
f 5636/4832/5633 5643/4835/5640 5626/4834/5623 5625/4833/5622
f 5620/4820/5617 5645/4822/5642 5646/4847/5643
f 5618/5389/5615 5624/4819/5621 5635/4831/5632
f 5629/4825/5626 5684/4824/5681 5675/4821/5672
f 5630/4837/5627 5621/4828/5618 5691/4827/5688
f 5624/4819/5621 5634/4818/5631 5642/4839/5639
f 5624/4819/5621 5642/4839/5639 5635/4831/5632
f 5639/4803/5636 6208/4802/6205 5664/4830/5661
f 5653/4840/5650 5654/4850/5651 5636/4832/5633 5635/4831/5632
f 5640/4806/5637 5631/4805/5628 5648/4852/5645
f 5622/4815/5619 5641/4836/5638 5623/4816/5620
f 5634/4818/5631 5651/4845/5648 5642/4839/5639
f 5630/4837/5627 5692/4838/5689 5638/4829/5635
f 5657/4860/5654 5637/4811/5634 5644/4809/5641 5656/4854/5653
f 5636/4832/5633 5654/4850/5651 5643/4835/5640
f 5648/4852/5645 5631/4805/5628 5647/4841/5644
f 5643/4835/5640 5655/4853/5652 5644/4809/5641
f 5632/4807/5629 5649/4842/5646 5641/4836/5638
f 5651/4845/5648 5633/4844/5630 5623/4816/5620 5650/4843/5647
f 5628/4812/5625 5637/4811/5634 5657/4860/5654
f 5666/4857/5663 5667/4865/5664 5649/4842/5646 5648/4852/5645
f 5653/4840/5650 5642/4839/5639 5652/4856/5649
f 5639/4803/5636 5665/4849/5662 5647/4841/5644
f 5655/4853/5652 5643/4835/5640 5662/4851/5659
f 5641/4836/5638 5659/4855/5656 5660/4861/5657
f 5650/4843/5647 5641/4836/5638 5660/4861/5657
f 5628/4812/5625 5657/4860/5654 5658/4823/5655
f 5654/4850/5651 5672/4872/5669 5662/4851/5659
f 5670/4869/5667 5651/4845/5648 5650/4843/5647 5669/4862/5666
f 5656/4854/5653 5655/4853/5652 5673/4858/5670
f 5649/4842/5646 5667/4865/5664 5659/4855/5656
f 5656/4854/5653 5673/4858/5670 5674/4859/5671
f 5670/4869/5667 5661/4871/5658 5652/4856/5649 5651/4845/5648
f 5684/4824/5681 5658/4823/5655 5690/4863/5687
f 5661/4871/5658 5671/4873/5668 5653/4840/5650 5652/4856/5649
f 5672/4872/5669 5654/4850/5651 5653/4840/5650 5671/4873/5668
f 5638/4829/5635 5685/4864/5682 5664/4830/5661
f 5677/4883/5674 5678/4878/5675 5669/4862/5666 5676/4867/5673
f 5662/4851/5659 5682/4875/5679 5673/4858/5670
f 5659/4855/5656 5668/4866/5665 5676/4867/5673
f 5669/4862/5666 5660/4861/5657 5676/4867/5673
f 5657/4860/5654 5701/4868/5698 5690/4863/5687
f 5661/4871/5658 5679/4870/5676 5680/5393/5677
f 5671/4873/5668 5661/4871/5658 5680/5393/5677
f 5701/4868/5698 5674/4859/5671 5683/4877/5680
f 5745/4946/5742 5645/4822/5642 5675/4821/5672 5728/4881/5725
f 5670/4869/5667 5678/4878/5675 5679/4870/5676
f 5663/4826/5660 5786/4880/5783 5691/4827/5688
f 5685/4864/5682 5703/4894/5700 5665/4849/5662 5664/4830/5661
f 5645/4822/5642 5745/4946/5742 5823/4846/5820
f 5681/4874/5678 5671/4873/5668 5680/5393/5677
f 5686/4896/5683 5666/4857/5663 5665/4849/5662 5703/4894/5700
f 5697/5394/5694 5698/4900/5695 5680/5393/5677 5679/4870/5676
f 5682/4875/5679 5672/4872/5669 5688/4882/5685
f 5666/4857/5663 5686/4896/5683 5687/4889/5684
f 5667/4865/5664 5666/4857/5663 5687/4889/5684
f 5667/4865/5664 5687/4889/5684 5668/4866/5665
f 5678/4878/5675 5695/4884/5692 5696/4886/5693
f 5684/4824/5681 5720/4885/5717 5728/4881/5725
f 5679/4870/5676 5696/4886/5693 5697/5394/5694
f 5698/4900/5695 5699/4892/5696 5681/4874/5678 5680/5393/5677
f 5694/4907/5691 5676/4867/5673 5668/4866/5665 5693/4890/5690
f 5681/4874/5678 5699/4892/5696 5688/4882/5685
f 5682/4875/5679 5700/4888/5697 5689/4876/5686
f 5704/4897/5701 5687/4889/5684 5686/4896/5683 5709/4895/5706
f 5676/4867/5673 5694/4907/5691 5677/4883/5674
f 5685/4864/5682 5721/4891/5718 5703/4894/5700
f 5688/4882/5685 5707/4893/5704 5700/4888/5697
f 5708/4898/5705 5719/4908/5716 5683/4877/5680 5689/4876/5686
f 5693/4890/5690 5705/4905/5702 5694/4907/5691
f 5715/4901/5712 5698/4900/5695 5697/5394/5694 5714/5395/5711
f 5683/4877/5680 5719/4908/5716 5701/4868/5698
f 5695/4884/5692 5677/4883/5674 5694/4907/5691
f 5706/4902/5703 5716/4911/5713 5699/4892/5696 5698/4900/5695
f 5692/4838/5689 5739/4899/5736 5702/4887/5699
f 5711/4906/5708 5712/5396/5709 5695/4884/5692 5694/4907/5691
f 5699/4892/5696 5716/4911/5713 5707/4893/5704
f 5700/4888/5697 5718/4903/5715 5708/4898/5705
f 5693/4890/5690 5710/4904/5707 5705/4905/5702
f 5727/4922/5724 5690/4863/5687 5701/4868/5698 5726/4909/5723
f 5713/5397/5710 5696/4886/5693 5695/4884/5692 5712/5396/5709
f 5731/4919/5728 5732/5398/5729 5712/5396/5709 5711/4906/5708
f 5720/4885/5717 5690/4863/5687 5727/4922/5724
f 5696/4886/5693 5713/5397/5710 5714/5395/5711
f 5697/5394/5694 5696/4886/5693 5714/5395/5711
f 5703/4894/5700 5740/4910/5737 5709/4895/5706
f 5718/4903/5715 5707/4893/5704 5717/4912/5714
f 5704/4897/5701 5722/4913/5719 5710/4904/5707
f 5708/4898/5705 5725/4914/5722 5738/4920/5735
f 5705/4905/5702 5723/4915/5720 5711/4906/5708
f 5708/4898/5705 5738/4920/5735 5719/4908/5716
f 5709/4895/5706 5729/4916/5726 5722/4913/5719
f 5718/4903/5715 5737/4917/5734 5724/4926/5721
f 5718/4903/5715 5724/4926/5721 5725/4914/5722
f 5723/4915/5720 5710/4904/5707 5730/4918/5727
f 5719/4908/5716 5744/4921/5741 5726/4909/5723
f 5733/4931/5730 5713/5397/5710 5712/5396/5709 5732/5398/5729
f 5734/4933/5731 5714/5395/5711 5713/5397/5710 5733/4931/5730
f 5734/4933/5731 5735/4934/5732 5715/4901/5712 5714/5395/5711
f 5728/4881/5725 5720/4885/5717 5756/4923/5753
f 5691/4827/5688 5768/4924/5765 5739/4899/5736
f 5735/4934/5732 5736/4930/5733 5716/4911/5713 5706/4902/5703
f 5706/4902/5703 5715/4901/5712 5735/4934/5732
f 5744/4921/5741 5775/4960/5772 5727/4922/5724 5726/4909/5723
f 5716/4911/5713 5736/4930/5733 5717/4912/5714
f 5725/4914/5722 5743/4927/5740 5738/4920/5735
f 5723/4915/5720 5730/4918/5727 5731/4919/5728
f 5746/4929/5743 5758/4947/5755 5721/4891/5718 5702/4887/5699
f 5727/4922/5724 5775/4960/5772 5756/4923/5753
f 5728/4881/5725 5767/4928/5764 5745/4946/5742
f 5734/4933/5731 5742/4935/5739 5735/4934/5732
f 5749/5399/5746 5731/4919/5728 5730/4918/5727 5748/4939/5745
f 5721/4891/5718 5758/4947/5755 5740/4910/5737
f 5749/5399/5746 5750/4941/5747 5732/5398/5729 5731/4919/5728
f 5744/4921/5741 5738/4920/5735 5755/4940/5752
f 5741/4932/5738 5733/4931/5730 5732/5398/5729 5750/4941/5747
f 5752/4936/5749 5753/4937/5750 5736/4930/5733 5735/4934/5732
f 5742/4935/5739 5734/4933/5731 5741/4932/5738
f 5747/4925/5744 5722/4913/5719 5729/4916/5726 5759/4938/5756
f 5737/4917/5734 5753/4937/5750 5754/4949/5751
f 5772/4955/5769 5773/4965/5770 5753/4937/5750 5752/4936/5749
f 5724/4926/5721 5737/4917/5734 5754/4949/5751
f 5724/4926/5721 5754/4949/5751 5743/4927/5740
f 5750/4941/5747 5749/5399/5746 5761/4958/5758
f 5744/4921/5741 5784/4952/5781 5775/4960/5772
f 5741/4932/5738 5751/4942/5748 5762/4943/5759
f 5742/4935/5739 5762/4943/5759 5764/4954/5761
f 5739/4899/5736 5757/4944/5754 5746/4929/5743
f 5745/4946/5742 5834/4945/5831 5823/4846/5820
f 5752/4936/5749 5742/4935/5739 5764/4954/5761
f 5759/4938/5756 5740/4910/5737 5776/4948/5773
f 5748/4939/5745 5747/4925/5744 5760/4968/5757
f 5743/4927/5740 5766/4951/5763 5755/4940/5752
f 5756/4923/5753 5785/4961/5782 5767/4928/5764
f 5762/4943/5759 5763/4962/5760 5764/4954/5761
f 5746/4929/5743 5787/4953/5784 5758/4947/5755
f 5770/4970/5767 5749/5399/5746 5748/4939/5745 5760/4968/5757
f 5753/4937/5750 5773/4965/5770 5765/4950/5762
f 5760/4968/5757 5747/4925/5744 5769/4956/5766
f 5780/4981/5777 5762/4943/5759 5751/4942/5748 5779/4972/5776
f 5749/5399/5746 5770/4970/5767 5761/4958/5758
f 5784/4952/5781 5755/4940/5752 5774/4957/5771
f 5750/4941/5747 5771/4959/5768 5751/4942/5748
f 5772/4955/5769 5764/4954/5761 5781/4963/5778
f 5776/4948/5773 5758/4947/5755 5795/4964/5792
f 5765/4950/5762 5782/4966/5779 5783/4974/5780
f 5759/4938/5756 5788/4967/5785 5769/4956/5766
f 5766/4951/5763 5765/4950/5762 5783/4974/5780
f 5760/4968/5757 5777/4969/5774 5770/4970/5767
f 5771/4959/5768 5761/4958/5758 5778/4971/5775
f 5791/4982/5788 5792/4989/5789 5773/4965/5770 5772/4955/5769
f 5763/4962/5760 5762/4943/5759 5780/4981/5777
f 5767/4928/5764 5833/4973/5830 5834/4945/5831
f 5801/4990/5798 5802/4991/5799 5783/4974/5780 5782/4966/5779
f 5773/4965/5770 5792/4989/5789 5782/4966/5779
f 5777/4969/5774 5769/4956/5766 5788/4967/5785
f 5770/4970/5767 5789/4976/5786 5778/4971/5775
f 5774/4957/5771 5794/4977/5791 5784/4952/5781
f 5771/4959/5768 5790/4978/5787 5779/4972/5776
f 5775/4960/5772 5804/4979/5801 5785/4961/5782
f 5768/4924/5765 5863/4980/5860 5757/4944/5754
f 5799/5400/5796 5780/4981/5777 5779/4972/5776 5798/4986/5795
f 5793/4975/5790 5783/4974/5780 5802/4991/5799
f 5777/4969/5774 5806/4983/5803 5789/4976/5786
f 5790/4978/5787 5778/4971/5775 5797/4984/5794
f 5804/4979/5801 5784/4952/5781 5812/4985/5809
f 5799/5400/5796 5800/4998/5797 5781/4963/5778 5780/4981/5777
f 5785/4961/5782 5822/4987/5819 5833/4973/5830
f 5796/4988/5793 5805/5000/5802 5788/4967/5785 5776/4948/5773
f 5791/4982/5788 5781/4963/5778 5800/4998/5797
f 5803/5014/5800 5821/5027/5818 5794/4977/5791 5793/4975/5790
f 5793/4975/5790 5811/4992/5808 5803/5014/5800
f 5797/4984/5794 5789/4976/5786 5807/4993/5804
f 5809/4999/5806 5810/5401/5807 5792/4989/5789 5791/4982/5788
f 5794/4977/5791 5821/5027/5818 5812/4985/5809
f 5790/4978/5787 5808/4994/5805 5798/4986/5795
f 5786/4880/5783 5900/4996/5897 5863/4980/5860
f 5787/4953/5784 5824/4997/5821 5795/4964/5792
f 5816/5016/5813 5799/5400/5796 5798/4986/5795 5808/4994/5805
f 5792/4989/5789 5810/5401/5807 5801/4990/5798
f 5806/4983/5803 5788/4967/5785 5813/5001/5810
f 5797/4984/5794 5814/5007/5811 5815/5029/5812
f 5808/4994/5805 5797/4984/5794 5815/5029/5812
f 5804/4979/5801 5832/5002/5829 5822/4987/5819
f 5817/5004/5814 5800/4998/5797 5799/5400/5796 5816/5016/5813
f 5835/5006/5832 5836/5009/5833 5796/4988/5793 5795/4964/5792
f 5757/4944/5754 5845/5003/5842 5824/4997/5821
f 5809/4999/5806 5800/4998/5797 5818/5005/5815
f 5810/5401/5807 5820/5011/5817 5802/4991/5799 5801/4990/5798
f 5796/4988/5793 5836/5009/5833 5805/5000/5802
f 5826/5025/5823 5807/4993/5804 5806/4983/5803 5837/5013/5834
f 5802/4991/5799 5820/5011/5817 5811/4992/5808
f 5811/4992/5808 5831/5012/5828 5803/5014/5800
f 5808/4994/5805 5815/5029/5812 5827/5032/5824
f 5808/4994/5805 5827/5032/5824 5816/5016/5813
f 5810/5401/5807 5809/4999/5806 5819/5008/5816
f 5810/5401/5807 5819/5008/5816 5830/5022/5827
f 5810/5401/5807 5830/5022/5827 5820/5011/5817
f 5805/5000/5802 5825/5010/5822 5813/5001/5810
f 5828/5017/5825 5829/5020/5826 5818/5005/5815 5817/5004/5814
f 5814/5007/5811 5807/4993/5804 5826/5025/5823
f 5821/5027/5818 5803/5014/5800 5843/5015/5840
f 5833/4973/5830 5822/4987/5819 5867/5031/5864
f 5861/5037/5858 5812/4985/5809 5821/5027/5818 5844/5028/5841
f 5819/5008/5816 5818/5005/5815 5829/5020/5826
f 5819/5008/5816 5840/5021/5837 5830/5022/5827
f 5820/5011/5817 5841/5023/5838 5831/5012/5828
f 5837/5013/5834 5813/5001/5810 5847/5024/5844
f 5831/5012/5828 5842/5035/5839 5843/5015/5840
f 5849/5051/5846 5828/5017/5825 5827/5032/5824 5839/5030/5836
f 5812/4985/5809 5861/5037/5858 5832/5002/5829
f 5815/5029/5812 5839/5030/5836 5827/5032/5824
f 5834/4945/5831 5889/5085/5886 5967/5018/5964
f 5835/5006/5832 5824/4997/5821 5869/5033/5866
f 5825/5010/5822 5846/5034/5843 5847/5024/5844
f 5826/5025/5823 5848/5036/5845 5838/5026/5835
f 5832/5002/5829 5862/5038/5859 5867/5031/5864
f 5868/5039/5865 5889/5085/5886 5834/4945/5831 5833/4973/5830
f 5828/5017/5825 5849/5051/5846 5850/5052/5847
f 5850/5052/5847 5851/5045/5848 5829/5020/5826 5828/5017/5825
f 5866/5057/5863 5860/5056/5857 5843/5015/5840 5842/5035/5839
f 5846/5034/5843 5836/5009/5833 5870/5040/5867
f 5841/5023/5838 5859/5041/5856 5852/5402/5849
f 5842/5035/5839 5841/5023/5838 5852/5402/5849
f 5842/5035/5839 5852/5402/5849 5866/5057/5863
f 5848/5036/5845 5837/5013/5834 5853/5042/5850
f 5858/5046/5855 5859/5041/5856 5840/5021/5837 5829/5020/5826
f 5844/5028/5841 5843/5015/5840 5860/5056/5857
f 5844/5028/5841 5860/5056/5857 5861/5037/5858
f 5839/5030/5836 5838/5026/5835 5855/5044/5852
f 5839/5030/5836 5855/5044/5852 5856/5049/5853
f 5839/5030/5836 5856/5049/5853 5849/5051/5846
f 5857/5050/5854 5858/5046/5855 5851/5045/5848 5850/5052/5847
f 5847/5024/5844 5871/5047/5868 5853/5042/5850
f 5848/5036/5845 5864/5048/5861 5854/5043/5851
f 5880/5063/5877 5861/5037/5858 5860/5056/5857 5899/5080/5896
f 5845/5003/5842 5890/5053/5887 5869/5033/5866
f 5835/5006/5832 5891/5054/5888 5870/5040/5867
f 5852/5402/5849 5879/5068/5876 5866/5057/5863
f 5860/5056/5857 5887/5058/5884 5899/5080/5896
f 5874/5403/5871 5856/5049/5853 5855/5044/5852 5873/5060/5870
f 5862/5038/5859 5861/5037/5858 5880/5063/5877
f 5875/5072/5872 5857/5050/5854 5856/5049/5853 5874/5403/5871
f 5862/5038/5859 5880/5063/5877 5867/5031/5864
f 5876/5074/5873 5877/5061/5874 5858/5046/5855 5857/5050/5854
f 5857/5050/5854 5875/5072/5872 5876/5074/5873
f 5879/5068/5876 5852/5402/5849 5859/5041/5856 5865/5055/5862
f 5865/5055/5862 5858/5046/5855 5878/5062/5875
f 5888/5064/5885 5916/5083/5913 5868/5039/5865 5867/5031/5864
f 5872/5059/5869 5864/5048/5861 5882/5078/5879
f 5892/5079/5889 5893/5098/5890 5873/5060/5870 5872/5059/5869
f 5863/4980/5860 5944/5065/5941 5890/5053/5887
f 5868/5039/5865 5916/5083/5913 5889/5085/5886
f 5865/5055/5862 5885/5066/5882 5879/5068/5876
f 5864/5048/5861 5881/5067/5878 5882/5078/5879
f 5887/5058/5884 5866/5057/5863 5886/5069/5883
f 5883/5081/5880 5874/5403/5871 5873/5060/5870 5893/5098/5890
f 5884/5073/5881 5875/5072/5872 5874/5403/5871 5883/5081/5880
f 5880/5063/5877 5909/5071/5906 5888/5064/5885
f 5884/5073/5881 5895/5090/5892 5877/5061/5874 5876/5074/5873
f 5896/5086/5893 5878/5062/5875 5877/5061/5874 5895/5090/5892
f 5904/5095/5901 5882/5078/5879 5881/5067/5878 5903/5088/5900
f 5891/5054/5888 5869/5033/5866 5901/5075/5898
f 5885/5066/5882 5878/5062/5875 5896/5086/5893
f 5871/5047/5868 5870/5040/5867 5902/5076/5899
f 5871/5047/5868 5902/5076/5899 5881/5067/5878
f 5886/5069/5883 5879/5068/5876 5897/5077/5894
f 5884/5073/5881 5906/5082/5903 5894/5091/5891
f 5895/5090/5892 5884/5073/5881 5894/5091/5891
f 5889/5085/5886 5966/5084/5963 5967/5018/5964
f 5885/5066/5882 5908/5087/5905 5897/5077/5894
f 5912/5092/5909 5907/5100/5904 5896/5086/5893 5895/5090/5892
f 5887/5058/5884 5886/5069/5883 5898/5089/5895
f 5882/5078/5879 5904/5095/5901 5892/5079/5889
f 5887/5058/5884 5898/5089/5895 5899/5080/5896
f 5914/5094/5911 5923/5105/5920 5898/5089/5895 5897/5077/5894
f 5908/5087/5905 5896/5086/5893 5907/5100/5904
f 5891/5054/5888 5934/5093/5931 5902/5076/5899
f 5902/5076/5899 5910/5103/5907 5903/5088/5900
f 5911/5096/5908 5905/5099/5902 5893/5098/5890 5892/5079/5889
f 5899/5080/5896 5924/5097/5921 5915/5070/5912
f 5943/5107/5940 5932/5117/5929 5888/5064/5885 5909/5071/5906
f 5883/5081/5880 5905/5099/5902 5906/5082/5903
f 5908/5087/5905 5922/5101/5919 5913/5112/5910
f 5910/5103/5907 5902/5076/5899 5935/5102/5932
f 5908/5087/5905 5913/5112/5910 5914/5094/5911
f 5903/5088/5900 5925/5104/5922 5918/5114/5915
f 5904/5095/5901 5903/5088/5900 5918/5114/5915
f 5904/5095/5901 5918/5114/5915 5911/5096/5908
f 5898/5089/5895 5930/5106/5927 5924/5097/5921
f 5905/5099/5902 5911/5096/5908 5919/5121/5916
f 5905/5099/5902 5919/5121/5916 5920/5404/5917
f 5921/5110/5918 5906/5082/5903 5905/5099/5902 5920/5404/5917
f 5933/5139/5930 5901/5075/5898 5890/5053/5887 5954/5111/5951
f 5900/4996/5897 6059/5109/6056 5944/5065/5941
f 5916/5083/5913 5888/5064/5885 5932/5117/5929
f 5912/5092/5909 5894/5091/5891 5921/5110/5918
f 5927/5132/5924 5928/5123/5925 5912/5092/5909 5921/5110/5918
f 5901/5075/5898 5933/5139/5930 5934/5093/5931
f 5914/5094/5911 5929/5113/5926 5923/5105/5920
f 5919/5121/5916 5911/5096/5908 5926/5115/5923
f 5943/5107/5940 5915/5070/5912 5931/5116/5928
f 5916/5083/5913 5965/5118/5962 5966/5084/5963
f 5928/5123/5925 5922/5101/5919 5907/5100/5904 5912/5092/5909
f 5939/5405/5936 5920/5404/5917 5919/5121/5916 5938/5122/5935
f 5930/5106/5927 5923/5105/5920 5951/5119/5948
f 5926/5115/5923 5918/5114/5915 5937/5127/5934
f 5924/5097/5921 5963/5120/5960 5931/5116/5928
f 5940/5130/5937 5921/5110/5918 5920/5404/5917 5939/5405/5936
f 5945/5141/5942 5937/5127/5934 5925/5104/5922 5956/5134/5953
f 5921/5110/5918 5940/5130/5937 5927/5132/5924
f 5913/5112/5910 5942/5125/5939 5929/5113/5926
f 5910/5103/5907 5936/5126/5933 5925/5104/5922
f 5930/5106/5927 5952/5135/5949 5963/5120/5960
f 5938/5122/5935 5926/5115/5923 5946/5136/5943
f 5943/5107/5940 5931/5116/5928 5964/5128/5961
f 5932/5117/5929 5953/5129/5950 5965/5118/5962
f 5928/5123/5925 5927/5132/5924 5949/5131/5946
f 5941/5124/5938 5928/5123/5925 5949/5131/5946
f 5929/5113/5926 5950/5133/5947 5951/5119/5948
f 5958/5161/5955 5939/5405/5936 5938/5122/5935 5947/5143/5944
f 5948/5145/5945 5940/5130/5937 5939/5405/5936 5958/5161/5955
f 5943/5107/5940 5976/5137/5973 5953/5129/5950
f 5959/5164/5956 5960/5406/5957 5941/5124/5938 5949/5131/5946
f 5940/5130/5937 5948/5145/5945 5949/5131/5946
f 5968/5155/5965 5934/5093/5931 5933/5139/5930 5977/5138/5974
f 5960/5406/5957 5961/5147/5958 5942/5125/5939 5941/5124/5938
f 5955/5157/5952 5935/5102/5932 5934/5093/5931 5968/5155/5965
f 5982/5165/5979 5983/5186/5980 5960/5406/5957 5959/5164/5956
f 5942/5125/5939 5961/5147/5958 5950/5133/5947
f 5936/5126/5933 5935/5102/5932 5955/5157/5952
f 5936/5126/5933 5955/5157/5952 5956/5134/5953
f 5658/4823/5655 6212/5380/6209 6211/4813/6208 5628/4812/5625
f 5946/5136/5943 5937/5127/5934 5957/5142/5954
f 5944/5065/5941 6016/5144/6013 5954/5111/5951
f 5959/5164/5956 5949/5131/5946 5972/5146/5969
f 5950/5133/5947 5973/5148/5970 5974/5167/5971
f 5950/5133/5947 5974/5167/5971 5962/5140/5959
f 5945/5141/5942 5969/5149/5966 5957/5142/5954
f 5952/5135/5949 5951/5119/5948 5975/5150/5972
f 5952/5135/5949 5975/5150/5972 5963/5120/5960
f 5947/5143/5944 5946/5136/5943 5970/5151/5967
f 5947/5143/5944 5971/5152/5968 5958/5161/5955
f 5954/5111/5951 5997/5163/5994 5977/5138/5974
f 5987/5169/5984 5956/5134/5953 5955/5157/5952 5978/5158/5975
f 5961/5147/5958 5960/5406/5957 5983/5186/5980
f 5961/5147/5958 5983/5186/5980 5973/5148/5970
f 5981/5174/5978 5948/5145/5945 5958/5161/5955 5980/5160/5977
f 5956/5134/5953 5987/5169/5984 5969/5149/5966
f 5975/5150/5972 5962/5140/5959 5974/5167/5971
f 5957/5142/5954 5969/5149/5966 5970/5151/5967
f 5976/5137/5973 5964/5128/5961 5984/5159/5981
f 5993/5166/5990 5973/5148/5970 5983/5186/5980 5992/5192/5989
f 5948/5145/5945 5981/5174/5978 5972/5146/5969
f 5965/5118/5962 6007/5162/6004 5966/5084/5963
f 5968/5155/5965 5998/5176/5995 5986/5156/5983
f 5994/5168/5991 5995/5171/5992 5975/5150/5972 5974/5167/5971
f 5979/5178/5976 5970/5151/5967 5969/5149/5966 5988/5170/5985
f 5979/5178/5976 5989/5180/5986 5971/5152/5968 5970/5151/5967
f 5975/5150/5972 5996/5172/5993 5984/5159/5981
f 6006/5195/6003 5953/5129/5950 5976/5137/5973 6015/5173/6012
f 5971/5152/5968 5989/5180/5986 5980/5160/5977
f 6000/5181/5997 5990/5182/5987 5981/5174/5978 5980/5160/5977
f 6007/5162/6004 5953/5129/5950 6006/5195/6003
f 5966/5084/5963 6069/5175/6066 6085/5153/6082
f 5982/5165/5979 5991/5184/5988 5983/5186/5980
f 5984/5159/5981 6005/5179/6002 6014/5214/6011
f 5989/5180/5986 5979/5178/5976 5999/5177/5996
f 6015/5173/6012 5984/5159/5981 6014/5214/6011
f 6017/5194/6014 6018/5209/6015 5978/5158/5975 5986/5156/5983
f 5991/5184/5988 5982/5165/5979 5990/5182/5987
f 5998/5176/5995 5977/5138/5974 6026/5183/6023
f 5992/5192/5989 5983/5186/5980 6002/5185/5999
f 5988/5170/5985 6019/5188/6016 5999/5177/5996
f 6005/5179/6002 5996/5172/5993 6013/5189/6010
f 5989/5180/5986 6009/5190/6006 6000/5181/5997
f 5990/5182/5987 6010/5191/6007 6001/5198/5998
f 5991/5184/5988 5990/5182/5987 6001/5198/5998
f 5991/5184/5988 6001/5198/5998 6002/5185/5999
f 6008/5187/6005 5987/5169/5984 5978/5158/5975 6018/5209/6015
f 5993/5166/5990 6003/5193/6000 6004/5203/6001
f 6051/5196/6048 6025/5407/6022 6007/5162/6004 6006/5195/6003
f 5994/5168/5991 5993/5166/5990 6004/5203/6001
f 5994/5168/5991 6004/5203/6001 5995/5171/5992
f 6009/5190/6006 5999/5177/5996 6020/5205/6017
f 6012/5208/6009 6002/5185/5999 6001/5198/5998 6022/5200/6019
f 6007/5162/6004 6025/5407/6022 6069/5175/6066
f 5997/5163/5994 6042/5199/6039 6026/5183/6023
f 6021/5220/6018 6011/5197/6008 6010/5191/6007 6029/5206/6026
f 6003/5193/6000 6002/5185/5999 6012/5208/6009
f 5998/5176/5995 6027/5201/6024 6017/5194/6014
f 6003/5193/6000 6012/5208/6009 6023/5202/6020
f 6013/5189/6010 5995/5171/5992 6024/5204/6021
f 6033/5213/6030 6005/5179/6002 6013/5189/6010 6032/5212/6029
f 6022/5200/6019 6011/5197/6008 6021/5220/6018
f 6008/5187/6005 6035/5210/6032 6019/5188/6016
f 6024/5204/6021 6004/5203/6001 6031/5211/6028
f 6020/5205/6017 6019/5188/6016 6028/5217/6025
f 6041/5223/6038 6023/5202/6020 6012/5208/6009 6040/5215/6037
f 6015/5173/6012 6014/5214/6011 6033/5213/6030
f 6021/5220/6018 6038/5221/6035 6039/5408/6036
f 6042/5199/6039 6016/5144/6013 6060/5222/6057
f 6022/5200/6019 6021/5220/6018 6039/5408/6036
f 6022/5200/6019 6039/5408/6036 6030/5207/6027
f 6034/5216/6031 6035/5210/6032 6018/5209/6015 6017/5194/6014
f 6036/5218/6033 6037/5227/6034 6029/5206/6026 6020/5205/6017
f 6023/5202/6020 6041/5223/6038 6031/5211/6028
f 6048/5234/6045 6030/5207/6027 6039/5408/6036 6047/5242/6044
f 6015/5173/6012 6058/5219/6055 6051/5196/6048
f 6052/5229/6049 6061/5254/6058 6027/5201/6024 6026/5183/6023
f 6055/5236/6052 6041/5223/6038 6040/5215/6037 6054/5235/6051
f 6040/5215/6037 6030/5207/6027 6048/5234/6045
f 6027/5201/6024 6061/5254/6058 6034/5216/6031
f 6032/5212/6029 6031/5211/6028 6049/5224/6046
f 6028/5217/6025 6043/5225/6040 6044/5231/6041
f 6036/5218/6033 6028/5217/6025 6044/5231/6041
f 6033/5213/6030 6032/5212/6029 6050/5226/6047
f 6033/5213/6030 6050/5226/6047 6057/5247/6054
f 6058/5219/6055 6033/5213/6030 6057/5247/6054
f 6038/5221/6035 6029/5206/6026 6046/5228/6043
f 6047/5242/6044 6039/5408/6036 6038/5221/6035 6053/5233/6050
f 6035/5210/6032 6062/5230/6059 6043/5225/6040
f 6041/5223/6038 6055/5236/6052 6049/5224/6046
f 6037/5227/6034 6036/5218/6033 6045/5232/6042
f 6037/5227/6034 6045/5232/6042 6046/5228/6043
f 6064/5409/6061 6044/5231/6041 6043/5225/6040 6063/5245/6060
f 6056/5237/6053 6075/5238/6072 6050/5226/6047 6049/5224/6046
f 6064/5409/6061 6065/5248/6062 6045/5232/6042 6044/5231/6041
f 6053/5233/6050 6046/5228/6043 6045/5232/6042 6065/5248/6062
f 6050/5226/6047 6068/5239/6065 6057/5247/6054
f 6076/5240/6073 6117/5410/6114 6025/5407/6022 6051/5196/6048
f 6099/5246/6096 6076/5240/6073 6058/5219/6055 6057/5247/6054
f 6025/5407/6022 6117/5410/6114 6069/5175/6066
f 6042/5199/6039 6077/5243/6074 6052/5229/6049
f 6054/5235/6051 6048/5234/6045 6067/5244/6064
f 6146/5259/6143 6147/5303/6144 6060/5411/6057 6059/5257/6056
f 6053/5233/6050 6071/5250/6068 6066/5241/6063
f 6052/5229/6049 6086/5252/6083 6061/5254/6058
f 6062/5230/6059 6034/5216/6031 6087/5255/6084
f 6055/5236/6052 6073/5253/6070 6074/5256/6071
f 6065/5412/6062 6081/5413/6078 6070/5414/6067
f 6083/5267/6080 6084/5279/6081 6073/5281/6070 6067/5268/6064
f 6060/5411/6057 6147/5303/6144 6077/5302/6074
f 6072/5266/6069 6066/5262/6063 6082/5261/6079
f 6069/5263/6066 6145/5265/6142 6085/5287/6082
f 6078/5274/6075 6088/5291/6085 6063/5415/6060 6062/5272/6059
f 6061/5269/6058 6100/5271/6097 6087/5273/6084
f 6080/5294/6077 6064/5416/6061 6063/5415/6060 6079/5293/6076
f 6063/5415/6060 6088/5291/6085 6079/5293/6076
f 6080/5294/6077 6081/5413/6078 6065/5412/6062 6064/5416/6061
f 6056/5275/6053 6097/5277/6094 6075/5282/6072
f 6091/5301/6088 6092/5295/6089 6071/5260/6068 6070/5414/6067
f 6076/5284/6073 6106/5286/6103 6125/5330/6122
f 6105/5283/6102 6098/5297/6095 6068/5417/6065 6075/5282/6072
f 6117/5264/6114 6076/5284/6073 6125/5330/6122
f 6071/5260/6068 6092/5295/6089 6082/5261/6079
f 6072/5266/6069 6093/5278/6090 6083/5267/6080
f 6074/5276/6071 6095/5280/6092 6096/5312/6093
f 6097/5277/6094 6074/5276/6071 6096/5312/6093
f 6091/5301/6088 6070/5414/6067 6081/5413/6078 6090/5299/6087
f 6081/5413/6078 6080/5294/6077 6089/5313/6086
f 6068/5417/6065 6098/5297/6095 6099/5285/6096
f 6110/5315/6107 6102/5300/6099 6090/5299/6087 6089/5313/6086
f 6093/5278/6090 6082/5261/6079 6103/5296/6100
f 6084/5279/6081 6083/5267/6080 6094/5288/6091
f 6084/5279/6081 6094/5288/6091 6095/5280/6092
f 6078/5274/6075 6120/5290/6117 6088/5291/6085
f 6095/5280/6092 6104/5310/6101 6096/5312/6093
f 6089/5313/6086 6080/5294/6077 6101/5292/6098
f 6090/5299/6087 6081/5413/6078 6089/5313/6086
f 6102/5300/6099 6103/5296/6100 6092/5295/6089 6091/5301/6088
f 6099/5285/6096 6135/5298/6132 6106/5286/6103
f 6126/5317/6123 6086/5270/6083 6077/5302/6074 6107/5304/6104
f 6113/5306/6110 6094/5288/6091 6093/5278/6090 6112/5305/6109
f 6115/5311/6112 6116/5327/6113 6097/5277/6094 6096/5312/6093
f 6086/5270/6083 6126/5317/6123 6100/5271/6097
f 6120/5290/6117 6087/5273/6084 6119/5308/6116
f 6095/5280/6092 6114/5307/6111 6104/5310/6101
f 6088/5291/6085 6108/5309/6105 6101/5292/6098
f 6124/5342/6121 6113/5306/6110 6112/5305/6109 6130/5322/6127
f 6097/5277/6094 6116/5327/6113 6105/5283/6102
f 6089/5313/6086 6101/5292/6098 6109/5314/6106
f 6103/5296/6100 6123/5316/6120 6111/5321/6108
f 6112/5305/6109 6103/5296/6100 6111/5321/6108
f 6100/5271/6097 6118/5318/6115 6119/5308/6116
f 6101/5292/6098 6121/5319/6118 6109/5314/6106
f 6105/5283/6102 6116/5327/6113 6098/5297/6095
f 6117/5264/6114 6163/5331/6160 6145/5265/6142
f 6124/5342/6121 6131/5333/6128 6114/5307/6111 6113/5306/6110
f 6134/5418/6131 6143/5343/6140 6116/5327/6113 6115/5311/6112
f 6114/5307/6111 6131/5333/6128 6133/5323/6130
f 6115/5311/6112 6133/5323/6130 6134/5418/6131
f 6108/5309/6105 6137/5324/6134 6121/5319/6118
f 6138/5419/6135 6139/5420/6136 6122/5320/6119 6128/5326/6125
f 6110/5315/6107 6109/5314/6106 6128/5326/6125
f 6098/5297/6095 6144/5328/6141 6135/5298/6132
f 6122/5320/6119 6110/5315/6107 6128/5326/6125
f 6123/5316/6120 6102/5300/6099 6129/5329/6126
f 6120/5290/6117 6119/5308/6116 6136/5332/6133
f 6120/5290/6117 6136/5332/6133 6137/5324/6134
f 6121/5319/6118 6137/5324/6134 6127/5325/6124
f 6116/5327/6113 6143/5343/6140 6144/5328/6141
f 6155/5353/6152 6125/5330/6122 6106/5286/6103 6154/5335/6151
f 6122/5320/6119 6139/5420/6136 6129/5329/6126
f 6141/5340/6138 6111/5321/6108 6123/5316/6120 6140/5336/6137
f 6163/5331/6160 6125/5330/6122 6155/5353/6152
f 6152/5337/6149 6142/5344/6139 6134/5418/6131 6133/5323/6130
f 6130/5322/6127 6111/5321/6108 6141/5340/6138
f 6148/5338/6145 6127/5325/6124 6137/5324/6134 6156/5349/6153
f 6143/5343/6140 6134/5418/6131 6142/5344/6139
f 6173/5357/6170 6126/5317/6123 6107/5304/6104 6172/5339/6169
f 6138/5419/6135 6128/5326/6125 6148/5338/6145
f 6140/5336/6137 6129/5329/6126 6139/5420/6136
f 6150/5341/6147 6151/5347/6148 6131/5333/6128 6124/5342/6121
f 6118/5318/6115 6126/5317/6123 6173/5357/6170
f 6153/5345/6150 6171/5350/6168 6144/5328/6141 6143/5343/6140
f 6131/5333/6128 6151/5347/6148 6132/5334/6129
f 6149/5366/6146 6157/5421/6154 6139/5420/6136 6138/5419/6135
f 6138/5419/6135 6148/5338/6145 6149/5366/6146
f 6144/5328/6141 6171/5350/6168 6154/5335/6151
f 6158/5422/6155 6159/5423/6156 6140/5336/6137 6139/5420/6136
f 6139/5420/6136 6157/5421/6154 6158/5422/6155
f 6160/5424/6157 6141/5340/6138 6140/5336/6137 6159/5423/6156
f 6160/5424/6157 6161/5355/6158 6150/5341/6147 6141/5340/6138
f 5621/4828/5618 6147/5303/6144 6146/5259/6143 5663/4826/5660
f 5646/4847/5643 6145/5265/6142 5620/4820/5617
f 6132/5334/6129 6162/5348/6159 6152/5337/6149
f 6168/5356/6165 6162/5348/6159 6151/5347/6148 6150/5341/6147
f 6163/5331/6160 6155/5353/6152 6196/5354/6193
f 6172/5339/6169 6147/5303/6144 5621/4828/5618
f 6166/5367/6163 6148/5338/6145 6156/5349/6153 6165/5425/6162
f 6118/5318/6115 6174/5358/6171 6164/5346/6161
f 6156/5349/6153 6136/5332/6133 6175/5359/6172
f 6142/5344/6139 6152/5337/6149 6169/5360/6166
f 6177/5426/6174 6158/5422/6155 6157/5421/6154 6176/5368/6173
f 6153/5345/6150 6142/5344/6139 6170/5361/6167
f 6148/5338/6145 6166/5367/6163 6149/5366/6146
f 6177/5426/6174 6167/5427/6164 6159/5423/6156 6158/5422/6155
f 6154/5335/6151 6183/5351/6180 6196/5354/6193
f 6178/5428/6175 6160/5424/6157 6159/5423/6156 6167/5427/6164
f 6178/5428/6175 6179/5369/6176 6161/5355/6158 6160/5424/6157
f 6163/5331/6160 6197/5362/6194 5620/4820/5617
f 6185/5378/6182 6166/5367/6163 6165/5425/6162 6184/5365/6181
f 6161/5355/6158 6179/5369/6176 6168/5356/6165
f 6162/5348/6159 6180/5363/6177 6181/5364/6178
f 6156/5349/6153 6184/5365/6181 6165/5425/6162
f 6153/5345/6150 6170/5361/6167 6171/5350/6168
f 6157/5421/6154 6149/5366/6146 6176/5368/6173
f 6180/5363/6177 6168/5356/6165 6187/5370/6184
f 6175/5359/6172 6164/5346/6161 6189/5371/6186
f 6170/5361/6167 6169/5360/6166 6182/5372/6179
f 6198/5391/6195 6173/5357/6170 6172/5339/6169 5630/4837/5627
f 6176/5368/6173 6166/5367/6163 6185/5378/6182
f 6171/5350/6168 6207/5373/6204 6183/5351/6180
f 6198/5391/6195 6208/4802/6205 6174/5358/6171 6173/5357/6170
f 6179/5369/6176 6186/5386/6183 6187/5370/6184
f 6192/5429/6189 6177/5426/6174 6176/5368/6173 6191/5379/6188
f 6174/5358/6171 6208/4802/6205 6189/5371/6186
f 6181/5364/6178 6194/5374/6191 6188/5376/6185
f 6175/5359/6172 6199/5375/6196 6184/5365/6181
f 6182/5372/6179 6181/5364/6178 6188/5376/6185
f 6184/5365/6181 6190/5382/6187 6185/5378/6182
f 6207/5373/6204 6170/5361/6167 6195/5377/6192
f 6192/5429/6189 6193/5384/6190 6167/5427/6164 6177/5426/6174
f 6183/5351/6180 6212/5380/6209 6196/5354/6193
f 6186/5386/6183 6178/5428/6175 6167/5427/6164 6193/5384/6190
f 6203/5387/6200 6204/5390/6201 6194/5374/6191 6187/5370/6184
f 6179/5369/6176 6178/5428/6175 6186/5386/6183
f 6184/5365/6181 6199/5375/6196 6190/5382/6187
f 6191/5379/6188 6185/5378/6182 6201/5383/6198
f 5617/5392/5614 6192/5429/6189 6191/5379/6188 5616/4814/5613
f 6195/5377/6192 6188/5376/6185 6206/5388/6203
f 6190/5382/6187 6200/4804/6197 6201/5383/6198
f 6207/5373/6204 6195/5377/6192 5619/4810/5616
f 5617/5392/5614 6210/4817/6207 6193/5384/6190 6192/5429/6189
f 5629/4825/5626 5675/4821/5672 6197/5362/6194 6196/5354/6193
f 5618/5389/5615 5625/4833/5622 6204/5390/6201 6203/5387/6200
f 6193/5384/6190 6210/4817/6207 6202/5385/6199
f 6197/5362/6194 5675/4821/5672 5620/4820/5617
f 6186/5386/6183 5618/5389/5615 6203/5387/6200
f 6199/5375/6196 6189/5371/6186 6209/4801/6206
f 6206/5388/6203 5627/4808/5624 5619/4810/5616
f 5616/4814/5613 6201/5383/6198 5622/4815/5619
f 6207/5373/6204 5637/4811/5634 6211/4813/6208
f 5618/5389/5615 6202/5385/6199 5624/4819/5621
f 6198/5391/6195 5638/4829/5635 6208/4802/6205
f 5626/4834/5623 5627/4808/5624 6206/5388/6203 6205/5381/6202
f 6205/5381/6202 5625/4833/5622 5626/4834/5623
f 6200/4804/6197 6199/5375/6196 5631/4805/5628
